title,department,center,teacher,start_date,end_date,min_cost,max_cost,days,course_link
دوره جامع نرم افزار Arc GIS,علوم مهندسی,بلوار کاوه(قیطریه),مشخص نشده,جمعه ۱ اسفند ۱۴۰۴,جمعه ۱ خرداد ۱۴۰۵,"۹۹,۰۰۰,۰۰۰","۹۹,۰۰۰,۰۰۰",جمعه ساعت ۰۹:۰۰ تا ۱۴:۰۰,https://mftplus.com/lesson/5348/دوره-جامع-نرم-افزار-Arc-GIS
آئین نگارش مکاتبات اداری,مدیریت و کسب و کار,بلوار کاوه(قیطریه),محمدرضا ایزدی,جمعه ۱ اسفند ۱۴۰۴,جمعه ۲۲ اسفند ۱۴۰۴,"۲۰,۹۰۰,۰۰۰","۲۶,۴۰۰,۰۰۰",جمعه ساعت ۱۵:۰۰ تا ۱۹:۰۰,https://mftplus.com/lesson/4386/آئین-نگارش-مکاتبات-اداری
CCNA 200-301,فناوری اطلاعات و ارتباطات,بلوار کاوه(قیطریه),مشخص نشده,جمعه ۱ اسفند ۱۴۰۴,جمعه ۵ تیر ۱۴۰۵,"۶۴,۰۰۰,۰۰۰","۷۸,۰۰۰,۰۰۰",جمعه ساعت ۱۴:۰۰ تا ۱۹:۰۰,https://mftplus.com/lesson/3742/CCNA-200-301
شینیون و استایل مو,دانش سلامت,آیت الله کاشانی (غرب),مشخص نشده,جمعه ۱ اسفند ۱۴۰۴,جمعه ۱۴ فروردین ۱۴۰۵,"۱۰۴,۰۰۰,۰۰۰","۱۰۴,۰۰۰,۰۰۰",جمعه ساعت ۱۰:۰۰ تا ۱۷:۰۰,https://mftplus.com/lesson/5706/شینیون-و-استایل-مو
مقدمه ای بر الگوریتم و برنامه نویسی,فناوری اطلاعات و ارتباطات,زعفرانیه,پدرام راستگو,جمعه ۱ اسفند ۱۴۰۴,جمعه ۲۹ خرداد ۱۴۰۵,"۲۸,۰۰۰,۰۰۰","۳۳,۰۰۰,۰۰۰",جمعه ساعت ۱۷:۰۰ تا ۲۰:۰۰,https://mftplus.com/lesson/132017130/مقدمه-ای-بر-الگوریتم-و-برنامه-نویسی
دوره مبانی و مقدمات رمزارزها (ارز دیجیتال),علوم مالی و حسابداری,آیت الله کاشانی (غرب),مشخص نشده,جمعه ۱ اسفند ۱۴۰۴,جمعه ۲۸ فروردین ۱۴۰۵,"۷۳,۰۰۰,۰۰۰","۷۳,۰۰۰,۰۰۰",جمعه ساعت ۱۰:۰۰ تا ۱۴:۰۰,https://mftplus.com/lesson/4996/دوره-مبانی-و-مقدمات-رمزارزها-(ارز-دیجیتال)
آئین نگارش مکاتبات اداری,مدیریت و کسب و کار,آیت الله کاشانی (غرب),مشخص نشده,جمعه ۱ اسفند ۱۴۰۴,جمعه ۲۲ اسفند ۱۴۰۴,"۲۶,۴۰۰,۰۰۰","۲۶,۴۰۰,۰۰۰",جمعه ساعت ۰۹:۰۰ تا ۱۴:۰۰,https://mftplus.com/lesson/4386/آئین-نگارش-مکاتبات-اداری
رفتار سازمانی,مدیریت و کسب و کار,آیت الله کاشانی (غرب),مشخص نشده,جمعه ۱ اسفند ۱۴۰۴,جمعه ۲۲ اسفند ۱۴۰۴,"۴۳,۰۰۰,۰۰۰","۴۳,۰۰۰,۰۰۰",جمعه ساعت ۱۰:۰۰ تا ۱۴:۰۰,https://mftplus.com/lesson/4945/رفتار-سازمانی
مدیریت تبلیغات,مدیریت و کسب و کار,آیت الله کاشانی (غرب),مشخص نشده,جمعه ۱ اسفند ۱۴۰۴,جمعه ۲۲ اسفند ۱۴۰۴,"۴۰,۸۰۰,۰۰۰","۴۶,۹۰۰,۰۰۰",جمعه ساعت ۱۴:۳۰ تا ۱۸:۳۰,https://mftplus.com/lesson/4929/مدیریت-تبلیغات
مدیریت برند,مدیریت و کسب و کار,آیت الله کاشانی (غرب),مشخص نشده,جمعه ۱ اسفند ۱۴۰۴,جمعه ۱۴ فروردین ۱۴۰۵,"۴۴,۰۰۰,۰۰۰","۵۲,۹۰۰,۰۰۰",جمعه ساعت ۱۴:۳۰ تا ۱۸:۳۰,https://mftplus.com/lesson/4928/مدیریت-برند
بینایی ماشین و پردازش تصویر,فناوری اطلاعات و ارتباطات,سعادت آباد (مرکزی),فاطمه رفیع پور,جمعه ۱ اسفند ۱۴۰۴,جمعه ۸ خرداد ۱۴۰۵,"۹۱,۰۰۰,۰۰۰","۱۱۴,۰۰۰,۰۰۰",جمعه ساعت ۰۸:۰۰ تا ۱۴:۰۰,https://mftplus.com/lesson/5275/بینایی-ماشین-و-پردازش-تصویر
مراقبت و زیبایی دست و ناخن,دانش سلامت,بلوار کاوه(قیطریه),مشخص نشده,جمعه ۱ اسفند ۱۴۰۴,جمعه ۴ اردیبهشت ۱۴۰۵,"۷۲,۸۰۰,۰۰۰","۷۲,۸۰۰,۰۰۰",جمعه ساعت ۰۹:۰۰ تا ۱۴:۰۰,https://mftplus.com/lesson/4960/مراقبت-و-زیبایی-دست-و-ناخن
نقشه برداری زمینی با دوربین توتال استیشن,علوم مهندسی,سعادت آباد (مرکزی),حامد صابری,جمعه ۱ اسفند ۱۴۰۴,جمعه ۲۲ اسفند ۱۴۰۴,"۸۹,۰۰۰,۰۰۰","۸۹,۰۰۰,۰۰۰",جمعه ساعت ۰۸:۰۰ تا ۱۷:۰۰,https://mftplus.com/lesson/153412126/نقشه-برداری-زمینی-با-دوربین-توتال-استیشن
طراحی مکانیکی به کمک SOLIDWORKS I  به همراه کار عملی با دستگاه پرینتر سه بعدی,علوم مهندسی,سعادت آباد (مرکزی),علی نوری اسفندیاری,جمعه ۱ اسفند ۱۴۰۴,جمعه ۱۸ اردیبهشت ۱۴۰۵,"۷۹,۰۰۰,۰۰۰","۷۹,۰۰۰,۰۰۰",جمعه ساعت ۱۴:۳۰ تا ۲۰:۳۰,https://mftplus.com/lesson/153718135/طراحی-مکانیکی-به-کمک-SOLIDWORKS-I-به-همراه-کار-عملی-با-دستگاه-پرینتر-سه-بعدی
دوره طراحی رابط و تجربه کاربری (UI/UX),فناوری اطلاعات و ارتباطات,پارک ساعی,آیدین مدرس اول,جمعه ۱ اسفند ۱۴۰۴,جمعه ۱۱ اردیبهشت ۱۴۰۵,"۵۵,۰۰۰,۰۰۰","۶۸,۰۰۰,۰۰۰",جمعه ساعت ۰۹:۰۰ تا ۱۴:۰۰,https://mftplus.com/lesson/5605/دوره-طراحی-رابط-و-تجربه-کاربری-(UI/UX)
CEH v.12 (Certified Ethical Hacker),فناوری اطلاعات و ارتباطات,پارک ساعی,امیر حسین مرادخانی,جمعه ۱ اسفند ۱۴۰۴,جمعه ۲۵ اردیبهشت ۱۴۰۵,"۵۴,۰۰۰,۰۰۰","۶۸,۰۰۰,۰۰۰",جمعه ساعت ۱۴:۰۰ تا ۱۸:۰۰,https://mftplus.com/lesson/5173/CEH-v.12-(Certified-Ethical-Hacker)
طراحی وب سایت (Web Design Pack),فناوری اطلاعات و ارتباطات,آیت الله کاشانی (غرب),مشخص نشده,جمعه ۱ اسفند ۱۴۰۴,جمعه ۲۹ آبان ۱۴۰۵,"۱۸۷,۰۰۰,۰۰۰","۱۸۷,۰۰۰,۰۰۰",جمعه ساعت ۱۴:۳۰ تا ۱۹:۳۰,https://mftplus.com/lesson/6459/طراحی-وب-سایت-(Web-Design-Pack)
(HTML & CSS (Web Design I,فناوری اطلاعات و ارتباطات,آیت الله کاشانی (غرب),مشخص نشده,جمعه ۱ اسفند ۱۴۰۴,جمعه ۸ خرداد ۱۴۰۵,"۵۶,۰۰۰,۰۰۰","۵۶,۰۰۰,۰۰۰",جمعه ساعت ۱۴:۳۰ تا ۱۹:۳۰,https://mftplus.com/lesson/6456/(HTML-&-CSS-(Web-Design-I
اصول علمی و عملی  فروش تلفنی,مدیریت و کسب و کار,بلوار کاوه(قیطریه),مشخص نشده,جمعه ۱ اسفند ۱۴۰۴,جمعه ۱ اسفند ۱۴۰۴,"۱۹,۰۰۰,۰۰۰","۲۰,۰۰۰,۰۰۰",جمعه ساعت ۰۸:۰۰ تا ۱۶:۰۰,https://mftplus.com/lesson/6267/اصول-علمی-و-عملی-فروش-تلفنی
Programming with Python,فناوری اطلاعات و ارتباطات,زعفرانیه,مشخص نشده,جمعه ۱ اسفند ۱۴۰۴,جمعه ۵ تیر ۱۴۰۵,"۷۰,۰۰۰,۰۰۰","۸۸,۰۰۰,۰۰۰",جمعه ساعت ۱۳:۰۰ تا ۱۷:۰۰,https://mftplus.com/lesson/5679/Programming-with-Python
کمک های اولیه و فوریت های پزشکی,دانش سلامت,سعادت آباد (مرکزی),دکترسمیرا آبادی,جمعه ۱ اسفند ۱۴۰۴,جمعه ۱۸ اردیبهشت ۱۴۰۵,"۴۵,۵۰۰,۰۰۰","۴۵,۵۰۰,۰۰۰",جمعه ساعت ۰۹:۰۰ تا ۱۴:۰۰,https://mftplus.com/lesson/341612128/کمک-های-اولیه-و-فوریت-های-پزشکی
مدیریت راهبردی کسب و کار (DBA),مدیریت و کسب و کار,البرز,مشخص نشده,جمعه ۱ اسفند ۱۴۰۴,جمعه ۲۹ آبان ۱۴۰۵,"۵۹۲,۹۰۰,۰۰۰","۵۹۲,۹۰۰,۰۰۰",جمعه ساعت ۰۹:۰۰ تا ۱۳:۰۰ | پنجشنبه ساعت ۱۵:۰۰ تا ۱۹:۰۰,https://mftplus.com/lesson/4911/مدیریت-راهبردی-کسب-و-کار-(DBA)
دوره جامع نقشه خوانی ساختمان,علوم مهندسی,بلوار کاوه(قیطریه),مشخص نشده,جمعه ۱ اسفند ۱۴۰۴,جمعه ۱۸ اردیبهشت ۱۴۰۵,"۷۹,۰۰۰,۰۰۰","۷۹,۰۰۰,۰۰۰",جمعه ساعت ۰۹:۰۰ تا ۱۴:۰۰,https://mftplus.com/lesson/5613/دوره-جامع-نقشه-خوانی-ساختمان
اصول سرپرستی,مدیریت و کسب و کار,اسلامشهر,مشخص نشده,جمعه ۱ اسفند ۱۴۰۴,جمعه ۲۱ فروردین ۱۴۰۵,"۲۶,۴۰۰,۰۰۰","۳۳,۰۰۰,۰۰۰",جمعه ساعت ۱۷:۰۰ تا ۲۰:۰۰,https://mftplus.com/lesson/4385/اصول-سرپرستی
برق صنعتی : تئوری و آزمایشگاه,برق و الکترونیک,اسلامشهر,مشخص نشده,جمعه ۱ اسفند ۱۴۰۴,جمعه ۱۸ اردیبهشت ۱۴۰۵,"۱۲۰,۰۰۰,۰۰۰","۱۲۴,۰۰۰,۰۰۰",جمعه ساعت ۰۹:۰۰ تا ۱۵:۰۰,https://mftplus.com/lesson/4552/برق-صنعتی-:-تئوری-و-آزمایشگاه
کارگاه جامع حسابداری مالی,علوم مالی و حسابداری,سعادت آباد (مرکزی),مهدی اتحادفر,جمعه ۱ اسفند ۱۴۰۴,جمعه ۲۷ آذر ۱۴۰۵,"۲۲۵,۷۰۰,۰۰۰","۲۲۵,۷۰۰,۰۰۰",جمعه ساعت ۱۴:۳۰ تا ۲۰:۳۰,https://mftplus.com/lesson/3863/کارگاه-جامع-حسابداری-مالی
حسابداری برای غیر حسابداران,علوم مالی و حسابداری,سعادت آباد (مرکزی),مشخص نشده,جمعه ۱ اسفند ۱۴۰۴,جمعه ۱۸ اردیبهشت ۱۴۰۵,"۶۷,۰۰۰,۰۰۰","۶۷,۰۰۰,۰۰۰",جمعه ساعت ۱۴:۳۰ تا ۲۰:۳۰,https://mftplus.com/lesson/3857/حسابداری-برای-غیر-حسابداران
بازرسی چشمی جوش (VT) مطابق استاندارد AWS و مبحث دهم مقررات ملی ساختمان ایران,علوم مهندسی,پارک ساعی,مشخص نشده,جمعه ۱ اسفند ۱۴۰۴,جمعه ۲۱ فروردین ۱۴۰۵,"۴۸,۰۰۰,۰۰۰","۴۸,۰۰۰,۰۰۰",جمعه ساعت ۱۴:۰۰ تا ۱۷:۰۰,https://mftplus.com/lesson/6416/بازرسی-چشمی-جوش-(VT)-مطابق-استاندارد-AWS-و-مبحث-دهم-مقررات-ملی-ساختمان-ایران
ایلاستریتور,هنر و سینما,نارمک,مشخص نشده,جمعه ۱ اسفند ۱۴۰۴,جمعه ۲۵ اردیبهشت ۱۴۰۵,"۵۴,۰۰۰,۰۰۰","۵۴,۰۰۰,۰۰۰",جمعه ساعت ۰۹:۰۰ تا ۱۳:۰۰,https://mftplus.com/lesson/431314131/ایلاستریتور
فروشندگی حرفه ای طلا و جواهر,علوم مهندسی,سعادت آباد (مرکزی),علیرضا واحدی,جمعه ۱ اسفند ۱۴۰۴,جمعه ۲۲ اسفند ۱۴۰۴,"۶۹,۰۰۰,۰۰۰","۶۹,۰۰۰,۰۰۰",جمعه ساعت ۰۹:۰۰ تا ۱۴:۰۰,https://mftplus.com/lesson/154414126/فروشندگی-حرفه-ای-طلا-و-جواهر
جامع بازرگانی بین الملل (ITP),مدیریت و کسب و کار,میرداماد,مشخص نشده,جمعه ۱ اسفند ۱۴۰۴,جمعه ۲۶ تیر ۱۴۰۵,"۱۴۷,۰۰۰,۰۰۰","۱۶۷,۰۰۰,۰۰۰",جمعه ساعت ۰۹:۰۰ تا ۱۴:۰۰,https://mftplus.com/lesson/4923/جامع-بازرگانی-بین-الملل-(ITP)
برنامه ریزی و کنترل پروژه با نرم افزار MS Project,علوم مهندسی,بلوار کاوه(قیطریه),مشخص نشده,جمعه ۱ اسفند ۱۴۰۴,جمعه ۴ اردیبهشت ۱۴۰۵,"۶۵,۰۰۰,۰۰۰","۶۵,۰۰۰,۰۰۰",جمعه ساعت ۰۸:۰۰ تا ۱۴:۰۰,https://mftplus.com/lesson/154012124/برنامه-ریزی-و-کنترل-پروژه-با-نرم-افزار-MS-Project
"مدیریت پروژه حرفه ای – مبانی و نرم افزارهای کاربردی (PMBOK, MSP & Primavera P6)",علوم مهندسی,بلوار کاوه(قیطریه),مشخص نشده,جمعه ۱ اسفند ۱۴۰۴,جمعه ۲ مرداد ۱۴۰۵,"۱۶۹,۰۰۰,۰۰۰","۱۶۹,۰۰۰,۰۰۰",جمعه ساعت ۰۸:۰۰ تا ۱۴:۰۰,"https://mftplus.com/lesson/154012130/مدیریت-پروژه-حرفه-ای-–-مبانی-و-نرم-افزارهای-کاربردی-(PMBOK,-MSP-&-Primavera-P6)"
طراحی مکانیکی به کمک SOLIDWORKS I,علوم مهندسی,اسلامشهر,مشخص نشده,جمعه ۱ اسفند ۱۴۰۴,جمعه ۲۲ خرداد ۱۴۰۵,"۷۹,۰۰۰,۰۰۰","۷۹,۰۰۰,۰۰۰",جمعه ساعت ۱۳:۰۰ تا ۱۷:۰۰,https://mftplus.com/lesson/153718144/طراحی-مکانیکی-به-کمک-SOLIDWORKS-I
طراحی دستی جواهرات,علوم مهندسی,انقلاب,مشخص نشده,جمعه ۱ اسفند ۱۴۰۴,جمعه ۸ خرداد ۱۴۰۵,"۹۹,۰۰۰,۰۰۰","۹۹,۰۰۰,۰۰۰",جمعه ساعت ۱۴:۳۰ تا ۱۹:۳۰,https://mftplus.com/lesson/154412123/طراحی-دستی-جواهرات
ICDL سطح یک و دو نوجوانان,کودک و نوجوان,سعادت آباد (مرکزی),مشخص نشده,جمعه ۱ اسفند ۱۴۰۴,جمعه ۱۲ تیر ۱۴۰۵,"۸۵,۱۰۰,۰۰۰","۹۷,۴۰۰,۰۰۰",جمعه ساعت ۱۴:۰۰ تا ۱۹:۰۰,https://mftplus.com/lesson/191412126/ICDL-سطح-یک-و-دو-نوجوانان
تربیت مدرس,کودک و نوجوان,سعادت آباد (مرکزی),مشخص نشده,جمعه ۱ اسفند ۱۴۰۴,جمعه ۴ اردیبهشت ۱۴۰۵,"۱۷۲,۵۰۰,۰۰۰","۱۷۲,۵۰۰,۰۰۰",جمعه ساعت ۰۸:۰۰ تا ۱۲:۰۰,https://mftplus.com/lesson/3589/تربیت-مدرس
ICDL سطح یک نوجوانان,کودک و نوجوان,سعادت آباد (مرکزی),مشخص نشده,جمعه ۱ اسفند ۱۴۰۴,جمعه ۱۱ اردیبهشت ۱۴۰۵,"۴۸,۳۰۰,۰۰۰","۴۸,۳۰۰,۰۰۰",جمعه ساعت ۱۴:۰۰ تا ۱۹:۰۰,https://mftplus.com/lesson/3587/ICDL-سطح-یک-نوجوانان
ادمین تخصصی اینستاگرام,تولید محتوا,آیت الله کاشانی (غرب),مشخص نشده,جمعه ۱ اسفند ۱۴۰۴,جمعه ۲۸ فروردین ۱۴۰۵,"۶۰,۰۰۰,۰۰۰","۶۰,۰۰۰,۰۰۰",جمعه ساعت ۰۹:۰۰ تا ۱۴:۰۰,https://mftplus.com/lesson/5741/ادمین-تخصصی-اینستاگرام
زبان انگلیسی B1.1,زبانهای خارجی,بلوار کاوه(قیطریه),مشخص نشده,جمعه ۱ اسفند ۱۴۰۴,جمعه ۱۱ اردیبهشت ۱۴۰۵,"۲۸,۱۰۰,۰۰۰","۲۸,۱۰۰,۰۰۰",جمعه ساعت ۱۴:۰۰ تا ۱۹:۰۰,https://mftplus.com/lesson/231215286/زبان-انگلیسی-B1.1
جامع اصول انبارداری، برنامه‌ریزی و کنترل موجودی,علوم مهندسی,اسلامشهر,مشخص نشده,جمعه ۱ اسفند ۱۴۰۴,جمعه ۱۱ اردیبهشت ۱۴۰۵,"۸۹,۰۰۰,۰۰۰","۸۹,۰۰۰,۰۰۰",جمعه ساعت ۱۵:۰۰ تا ۲۰:۰۰,https://mftplus.com/lesson/6177/جامع-اصول-انبارداری،-برنامه‌ریزی-و-کنترل-موجودی
تلورانس های ابعادی و هندسی (GD&T),علوم مهندسی,اسلامشهر,مشخص نشده,جمعه ۱ اسفند ۱۴۰۴,جمعه ۲۵ اردیبهشت ۱۴۰۵,"۶۵,۰۰۰,۰۰۰","۶۵,۰۰۰,۰۰۰",جمعه ساعت ۱۵:۰۰ تا ۱۸:۰۰,https://mftplus.com/lesson/5333/تلورانس-های-ابعادی-و-هندسی-(GD&T)
نقشه خوانی مکانیک و استانداردهای نقشه,علوم مهندسی,اسلامشهر,مشخص نشده,جمعه ۱ اسفند ۱۴۰۴,جمعه ۱۱ اردیبهشت ۱۴۰۵,"۶۵,۰۰۰,۰۰۰","۶۵,۰۰۰,۰۰۰",جمعه ساعت ۱۳:۰۰ تا ۱۷:۰۰,https://mftplus.com/lesson/153718139/نقشه-خوانی-مکانیک-و-استانداردهای-نقشه
دوره جامع محاسبات ساختمان : ETABS/SAFE سطح یک,علوم مهندسی,بلوار کاوه(قیطریه),مشخص نشده,جمعه ۱ اسفند ۱۴۰۴,جمعه ۱۳ شهریور ۱۴۰۵,"۱۶۹,۰۰۰,۰۰۰","۱۶۹,۰۰۰,۰۰۰",جمعه ساعت ۱۴:۰۰ تا ۱۹:۰۰,https://mftplus.com/lesson/153812123/دوره-جامع-محاسبات-ساختمان-:-ETABS/SAFE-سطح-یک
نرم افزار Arc GIS (سطح یک),علوم مهندسی,بلوار کاوه(قیطریه),مشخص نشده,جمعه ۱ اسفند ۱۴۰۴,جمعه ۲۸ فروردین ۱۴۰۵,"۵۹,۰۰۰,۰۰۰","۵۹,۰۰۰,۰۰۰",جمعه ساعت ۰۹:۰۰ تا ۱۴:۰۰,https://mftplus.com/lesson/153412124/نرم-افزار-Arc-GIS-(سطح-یک)
فتوشاپ و ایلاستریتور,هنر و سینما,آیت الله کاشانی (غرب),مشخص نشده,جمعه ۱ اسفند ۱۴۰۴,جمعه ۱۲ تیر ۱۴۰۵,"۹۴,۰۰۰,۰۰۰","۹۴,۰۰۰,۰۰۰",جمعه ساعت ۰۹:۰۰ تا ۱۴:۰۰,https://mftplus.com/lesson/431312124/فتوشاپ-و-ایلاستریتور
"دوربین های آنالوگ ip , hd",برق و الکترونیک,پارک ساعی,رضا ربیعی کیا,جمعه ۱ اسفند ۱۴۰۴,جمعه ۲۸ فروردین ۱۴۰۵,"۱۰۰,۰۰۰,۰۰۰","۱۰۰,۰۰۰,۰۰۰",جمعه ساعت ۰۹:۰۰ تا ۱۴:۰۰,"https://mftplus.com/lesson/5685/دوربین-های-آنالوگ-ip-,-hd"
Programming with Python,فناوری اطلاعات و ارتباطات,اکباتان,مشخص نشده,جمعه ۱ اسفند ۱۴۰۴,جمعه ۸ خرداد ۱۴۰۵,"۷۰,۰۰۰,۰۰۰","۸۸,۰۰۰,۰۰۰",جمعه ساعت ۰۹:۰۰ تا ۱۴:۰۰,https://mftplus.com/lesson/5679/Programming-with-Python
اتوکد دوبعدی معماری,معماری,بلوار کاوه(قیطریه),مشخص نشده,جمعه ۱ اسفند ۱۴۰۴,جمعه ۱۸ اردیبهشت ۱۴۰۵,"۷۵,۰۰۰,۰۰۰","۷۵,۰۰۰,۰۰۰",جمعه ساعت ۰۹:۰۰ تا ۱۴:۰۰,https://mftplus.com/lesson/391412131/اتوکد-دوبعدی-معماری
Installing and Configuring Windows 11,فناوری اطلاعات و ارتباطات,سعادت آباد (مرکزی),پدرام حسین نخعی,جمعه ۱ اسفند ۱۴۰۴,جمعه ۱۱ اردیبهشت ۱۴۰۵,"۳۵,۰۰۰,۰۰۰","۴۴,۰۰۰,۰۰۰",جمعه ساعت ۱۴:۰۰ تا ۱۹:۰۰,https://mftplus.com/lesson/5953/Installing-and-Configuring-Windows-11
زبان انگلیسی A2.1,زبانهای خارجی,اکباتان,ساره قنبری,جمعه ۱ اسفند ۱۴۰۴,جمعه ۸ خرداد ۱۴۰۵,"۲۷,۳۰۰,۰۰۰","۲۷,۳۰۰,۰۰۰",جمعه ساعت ۱۴:۰۰ تا ۱۷:۰۰,https://mftplus.com/lesson/231215282/زبان-انگلیسی-A2.1
CCNA 200-301,فناوری اطلاعات و ارتباطات,اسلامشهر,مشخص نشده,جمعه ۱ اسفند ۱۴۰۴,جمعه ۲۲ خرداد ۱۴۰۵,"۶۴,۰۰۰,۰۰۰","۷۸,۰۰۰,۰۰۰",جمعه ساعت ۱۵:۰۰ تا ۲۰:۰۰,https://mftplus.com/lesson/3742/CCNA-200-301
فتوشاپ مقدماتی نوجوان,کودک و نوجوان,سعادت آباد (مرکزی),مشخص نشده,جمعه ۱ اسفند ۱۴۰۴,جمعه ۲۱ فروردین ۱۴۰۵,"۴۷,۲۰۰,۰۰۰","۴۷,۲۰۰,۰۰۰",جمعه ساعت ۱۶:۳۰ تا ۲۰:۳۰,https://mftplus.com/lesson/4520/فتوشاپ-مقدماتی-نوجوان
تکنسین داروخانه (نسخه خوانی),دانش سلامت,نارمک,مشخص نشده,جمعه ۱ اسفند ۱۴۰۴,جمعه ۱ خرداد ۱۴۰۵,"۷۱,۵۰۰,۰۰۰","۷۱,۵۰۰,۰۰۰",جمعه ساعت ۰۸:۰۰ تا ۱۳:۰۰,https://mftplus.com/lesson/341615130/تکنسین-داروخانه-(نسخه-خوانی)
متره، برآورد و صورت وضعیت نویسی عمران,علوم مهندسی,بلوار کاوه(قیطریه),مشخص نشده,جمعه ۱ اسفند ۱۴۰۴,جمعه ۲۵ اردیبهشت ۱۴۰۵,"۷۵,۰۰۰,۰۰۰","۷۵,۰۰۰,۰۰۰",جمعه ساعت ۱۴:۰۰ تا ۱۹:۰۰,https://mftplus.com/lesson/153813123/متره،-برآورد-و-صورت-وضعیت-نویسی-عمران
استایلینگ,فناوری مد و پوشاک,نیاوران,مشخص نشده,جمعه ۱ اسفند ۱۴۰۴,جمعه ۲۱ فروردین ۱۴۰۵,"۶۰,۰۰۰,۰۰۰","۶۰,۰۰۰,۰۰۰",جمعه ساعت ۰۹:۰۰ تا ۱۴:۰۰,https://mftplus.com/lesson/6316/استایلینگ
ICDL Pack 2021,فناوری اطلاعات و ارتباطات,آیت الله کاشانی (غرب),مشخص نشده,جمعه ۱ اسفند ۱۴۰۴,جمعه ۱۳ شهریور ۱۴۰۵,"۸۱,۰۰۰,۰۰۰","۸۱,۰۰۰,۰۰۰",جمعه ساعت ۱۴:۳۰ تا ۱۹:۳۰,https://mftplus.com/lesson/5575/ICDL-Pack-2021
نرم افزار Revit معماری,معماری,باملند(شمال غرب),مشخص نشده,جمعه ۱ اسفند ۱۴۰۴,جمعه ۱۱ اردیبهشت ۱۴۰۵,"۸۹,۰۰۰,۰۰۰","۸۹,۰۰۰,۰۰۰",جمعه ساعت ۰۸:۰۰ تا ۱۴:۰۰,https://mftplus.com/lesson/391412129/نرم-افزار-Revit-معماری
Next Js,کودک و نوجوان,سعادت آباد (مرکزی),مهیار محمدی فر,جمعه ۱ اسفند ۱۴۰۴,جمعه ۸ خرداد ۱۴۰۵,"۱۲۴,۳۰۰,۰۰۰","۱۲۴,۳۰۰,۰۰۰",جمعه ساعت ۰۹:۰۰ تا ۱۴:۰۰,https://mftplus.com/lesson/6235/Next-Js
Programming with Python,فناوری اطلاعات و ارتباطات,بلوار کاوه(قیطریه),مشخص نشده,جمعه ۱ اسفند ۱۴۰۴,جمعه ۲۲ خرداد ۱۴۰۵,"۷۰,۰۰۰,۰۰۰","۸۸,۰۰۰,۰۰۰",جمعه ساعت ۰۹:۰۰ تا ۱۳:۰۰,https://mftplus.com/lesson/5679/Programming-with-Python
برنامه نویسی مقدماتی #C برای نوجوانان,کودک و نوجوان,سعادت آباد (مرکزی),مشخص نشده,جمعه ۱ اسفند ۱۴۰۴,جمعه ۱۸ اردیبهشت ۱۴۰۵,"۶۸,۲۰۰,۰۰۰","۶۸,۲۰۰,۰۰۰",جمعه ساعت ۰۹:۰۰ تا ۱۴:۰۰,https://mftplus.com/lesson/191415129/برنامه-نویسی-مقدماتی-#C-برای-نوجوانان
HTML & CSS I,کودک و نوجوان,سعادت آباد (مرکزی),مشخص نشده,جمعه ۱ اسفند ۱۴۰۴,جمعه ۱۱ اردیبهشت ۱۴۰۵,"۶۰,۵۰۰,۰۰۰","۶۰,۵۰۰,۰۰۰",جمعه ساعت ۰۹:۰۰ تا ۱۴:۰۰,https://mftplus.com/lesson/4635/HTML-&-CSS-I
طراحی مکانیکی به کمک SOLIDWORKS II,علوم مهندسی,اسلامشهر,مشخص نشده,جمعه ۱ اسفند ۱۴۰۴,جمعه ۸ خرداد ۱۴۰۵,"۸۵,۰۰۰,۰۰۰","۸۵,۰۰۰,۰۰۰",جمعه ساعت ۱۴:۰۰ تا ۱۸:۰۰,https://mftplus.com/lesson/153718136/طراحی-مکانیکی-به-کمک-SOLIDWORKS-II
طراحی مکانیکی به کمک SOLIDWORKS I,علوم مهندسی,شهرقدس,مشخص نشده,جمعه ۱ اسفند ۱۴۰۴,جمعه ۲۵ اردیبهشت ۱۴۰۵,"۶۳,۲۰۰,۰۰۰","۶۳,۲۰۰,۰۰۰",جمعه ساعت ۱۴:۰۰ تا ۱۸:۰۰,https://mftplus.com/lesson/153718144/طراحی-مکانیکی-به-کمک-SOLIDWORKS-I
حسابداری ویژه بازار کار,علوم مالی و حسابداری,شهرقدس,مشخص نشده,جمعه ۱ اسفند ۱۴۰۴,جمعه ۱ آبان ۱۴۰۵,"۱۴۲,۰۸۰,۰۰۰","۱۴۲,۰۸۰,۰۰۰",جمعه ساعت ۰۹:۰۰ تا ۱۴:۰۰,https://mftplus.com/lesson/3869/حسابداری-ویژه-بازار-کار
Network+,فناوری اطلاعات و ارتباطات,اسلامشهر,مشخص نشده,جمعه ۱ اسفند ۱۴۰۴,جمعه ۲۱ فروردین ۱۴۰۵,"۱۵,۰۰۰,۰۰۰","۲۰,۰۰۰,۰۰۰",جمعه ساعت ۱۵:۰۰ تا ۲۰:۰۰,https://mftplus.com/lesson/131612129/Network+
نصب، راه اندازی، تعمیر و نگهداری پکیج,علوم مهندسی,اسلامشهر,حسین تقی زاده,جمعه ۱ اسفند ۱۴۰۴,جمعه ۴ اردیبهشت ۱۴۰۵,"۱۰۹,۰۰۰,۰۰۰","۱۰۹,۰۰۰,۰۰۰",جمعه ساعت ۰۹:۰۰ تا ۱۵:۰۰,https://mftplus.com/lesson/4287/نصب،-راه-اندازی،-تعمیر-و-نگهداری-پکیج
دوره جامع محاسبات ساختمان : ETABS/SAFE سطح یک,علوم مهندسی,پارک ساعی,مشخص نشده,جمعه ۱ اسفند ۱۴۰۴,پنجشنبه ۱۱ تیر ۱۴۰۵,"۱۶۹,۰۰۰,۰۰۰","۱۶۹,۰۰۰,۰۰۰",جمعه ساعت ۱۳:۰۰ تا ۱۷:۰۰ | پنجشنبه ساعت ۱۳:۰۰ تا ۱۷:۰۰,https://mftplus.com/lesson/153812123/دوره-جامع-محاسبات-ساختمان-:-ETABS/SAFE-سطح-یک
کارگاه بستن حسابها,علوم مالی و حسابداری,بلوار کاوه(قیطریه),مشخص نشده,جمعه ۱ اسفند ۱۴۰۴,جمعه ۱ اسفند ۱۴۰۴,"۱۰,۵۰۰,۰۰۰","۱۰,۵۰۰,۰۰۰",جمعه ساعت ۰۸:۰۰ تا ۱۴:۰۰,https://mftplus.com/lesson/4273/کارگاه-بستن-حسابها
C# Programming,فناوری اطلاعات و ارتباطات,انقلاب,مشخص نشده,جمعه ۱ اسفند ۱۴۰۴,جمعه ۸ خرداد ۱۴۰۵,"۶۷,۰۰۰,۰۰۰","۸۳,۰۰۰,۰۰۰",جمعه ساعت ۰۹:۰۰ تا ۱۴:۰۰,https://mftplus.com/lesson/132027124/C#-Programming
کفپوش های مدرن سه بعدی با پوشش اپوکسی,معماری,نیاوران,مشخص نشده,جمعه ۱ اسفند ۱۴۰۴,جمعه ۱ اسفند ۱۴۰۴,"۱۰۰,۰۰۰,۰۰۰","۱۰۰,۰۰۰,۰۰۰",جمعه ساعت ۰۸:۰۰ تا ۲۰:۰۰,https://mftplus.com/lesson/6528/کفپوش-های-مدرن-سه-بعدی-با-پوشش-اپوکسی
Wordpress & WooCommerce Essential Training,فناوری اطلاعات و ارتباطات,میرداماد,مشخص نشده,جمعه ۱ اسفند ۱۴۰۴,جمعه ۱۸ اردیبهشت ۱۴۰۵,"۴۱,۰۰۰,۰۰۰","۵۳,۰۰۰,۰۰۰",جمعه ساعت ۰۹:۰۰ تا ۱۳:۰۰,https://mftplus.com/lesson/5202/Wordpress-&-WooCommerce-Essential-Training
گریم متعادل سازی,دانش سلامت,نیاوران,مشخص نشده,جمعه ۱ اسفند ۱۴۰۴,جمعه ۲۹ خرداد ۱۴۰۵,"۹۲,۷۰۰,۰۰۰","۹۲,۷۰۰,۰۰۰",جمعه ساعت ۱۴:۰۰ تا ۱۸:۰۰,https://mftplus.com/lesson/341514125/گریم-متعادل-سازی
بازرسی جوش (CWI) مطابق با AWS QC-1,علوم مهندسی,پارک ساعی,مشخص نشده,جمعه ۱ اسفند ۱۴۰۴,جمعه ۲۵ اردیبهشت ۱۴۰۵,"۷۵,۰۰۰,۰۰۰","۷۵,۰۰۰,۰۰۰",جمعه ساعت ۰۹:۰۰ تا ۱۴:۰۰,https://mftplus.com/lesson/153612123/بازرسی-جوش-(CWI)-مطابق-با-AWS-QC-1
برق ساختمان,برق و الکترونیک,اسلامشهر,مشخص نشده,جمعه ۱ اسفند ۱۴۰۴,جمعه ۱۸ اردیبهشت ۱۴۰۵,"۱۰۲,۰۰۰,۰۰۰","۱۰۲,۰۰۰,۰۰۰",جمعه ساعت ۰۹:۰۰ تا ۱۵:۰۰,https://mftplus.com/lesson/4551/برق-ساختمان
اصول تهیه و تدوین قراردادها و مبانی حقوقی کسب و کار,مدیریت و کسب و کار,آیت الله کاشانی (غرب),مشخص نشده,جمعه ۱ اسفند ۱۴۰۴,جمعه ۸ اسفند ۱۴۰۴,"۳۳,۰۰۰,۰۰۰","۳۳,۰۰۰,۰۰۰",جمعه ساعت ۱۰:۰۰ تا ۱۸:۰۰,https://mftplus.com/lesson/4397/اصول-تهیه-و-تدوین-قراردادها-و-مبانی-حقوقی-کسب-و-کار
مقدمه ای بر الگوریتم و برنامه نویسی,فناوری اطلاعات و ارتباطات,ونک,مشخص نشده,جمعه ۱ اسفند ۱۴۰۴,جمعه ۲۵ اردیبهشت ۱۴۰۵,"۲۸,۰۰۰,۰۰۰","۳۳,۰۰۰,۰۰۰",جمعه ساعت ۱۳:۰۰ تا ۱۷:۰۰,https://mftplus.com/lesson/132017130/مقدمه-ای-بر-الگوریتم-و-برنامه-نویسی
Microsoft Office Word 2021,فناوری اطلاعات و ارتباطات,سیدخندان,مشخص نشده,جمعه ۱ اسفند ۱۴۰۴,جمعه ۲۱ فروردین ۱۴۰۵,"۲۰,۰۰۰,۰۰۰","۲۰,۰۰۰,۰۰۰",جمعه ساعت ۱۳:۰۰ تا ۱۸:۰۰,https://mftplus.com/lesson/5714/Microsoft-Office-Word-2021
بازرگانی بین الملل,مدیریت و کسب و کار,نیاوران,آریا آتش رزم,جمعه ۱ اسفند ۱۴۰۴,جمعه ۲۲ اسفند ۱۴۰۴,"۳۶,۸۰۰,۰۰۰","۳۶,۸۰۰,۰۰۰",جمعه ساعت ۱۵:۰۰ تا ۲۱:۰۰,https://mftplus.com/lesson/4937/بازرگانی-بین-الملل
تربیت کارشناس منابع انسانی,مدیریت و کسب و کار,البرز,مشخص نشده,جمعه ۱ اسفند ۱۴۰۴,جمعه ۵ تیر ۱۴۰۵,"۱۴۹,۰۰۰,۰۰۰","۱۴۹,۰۰۰,۰۰۰",جمعه ساعت ۱۳:۰۰ تا ۱۷:۰۰,https://mftplus.com/lesson/6639/تربیت-کارشناس-منابع-انسانی
کارگاه حقوق و دستمزد,علوم مالی و حسابداری,پارک ساعی,مشخص نشده,جمعه ۱ اسفند ۱۴۰۴,جمعه ۸ اسفند ۱۴۰۴,"۲۱,۹۰۰,۰۰۰","۲۱,۹۰۰,۰۰۰",جمعه ساعت ۰۸:۰۰ تا ۱۴:۰۰,https://mftplus.com/lesson/4274/کارگاه-حقوق-و-دستمزد
مدیریت زنجیره تامین در عصر دیجیتال,مدیریت و کسب و کار,نیاوران,آریا آتش رزم,جمعه ۱ اسفند ۱۴۰۴,جمعه ۱ اسفند ۱۴۰۴,"۲۰,۹۰۰,۰۰۰","۲۰,۹۰۰,۰۰۰",جمعه ساعت ۰۹:۰۰ تا ۱۷:۰۰,https://mftplus.com/lesson/5096/مدیریت-زنجیره-تامین-در-عصر-دیجیتال
Programming with Python,فناوری اطلاعات و ارتباطات,انقلاب,مشخص نشده,جمعه ۱ اسفند ۱۴۰۴,جمعه ۸ خرداد ۱۴۰۵,"۷۰,۰۰۰,۰۰۰","۸۸,۰۰۰,۰۰۰",جمعه ساعت ۰۹:۰۰ تا ۱۴:۰۰,https://mftplus.com/lesson/5679/Programming-with-Python
کارگاه عکاسی پرتره,هنر و سینما,بلوار کاوه(قیطریه),مشخص نشده,شنبه ۲ اسفند ۱۴۰۴,شنبه ۱۹ اردیبهشت ۱۴۰۵,"۸۷,۸۰۰,۰۰۰","۸۷,۸۰۰,۰۰۰",شنبه ساعت ۱۶:۰۰ تا ۲۰:۰۰,https://mftplus.com/lesson/431213158/کارگاه-عکاسی-پرتره
Network+,فناوری اطلاعات و ارتباطات,بلوار کاوه(قیطریه),مشخص نشده,شنبه ۲ اسفند ۱۴۰۴,شنبه ۱۹ اردیبهشت ۱۴۰۵,"۱۵,۰۰۰,۰۰۰","۲۰,۰۰۰,۰۰۰",شنبه ساعت ۱۷:۳۰ تا ۲۰:۳۰,https://mftplus.com/lesson/131612129/Network+
برنامه نویسی پایتون مقدماتی 2,کودک و نوجوان,بلوار کاوه(قیطریه),مشخص نشده,شنبه ۲ اسفند ۱۴۰۴,چهارشنبه ۹ اردیبهشت ۱۴۰۵,"۶۸,۴۰۰,۰۰۰","۶۸,۴۰۰,۰۰۰",شنبه ساعت ۱۶:۰۰ تا ۱۸:۰۰ | چهارشنبه ساعت ۱۶:۰۰ تا ۱۸:۰۰,https://mftplus.com/lesson/3971/برنامه-نویسی-پایتون-مقدماتی-2
3Ds Max Beginners to Advanced & V-Ray,معماری,بلوار کاوه(قیطریه),مشخص نشده,شنبه ۲ اسفند ۱۴۰۴,شنبه ۱۲ اردیبهشت ۱۴۰۵,"۱۴۴,۰۰۰,۰۰۰","۱۴۴,۰۰۰,۰۰۰",شنبه ساعت ۱۴:۰۰ تا ۱۹:۰۰ | دوشنبه ساعت ۱۴:۰۰ تا ۱۹:۰۰,https://mftplus.com/lesson/4542/3Ds-Max-Beginners-to-Advanced-&-V-Ray
تعمیرات لباس,فناوری مد و پوشاک,بلوار کاوه(قیطریه),مشخص نشده,شنبه ۲ اسفند ۱۴۰۴,شنبه ۶ تیر ۱۴۰۵,"۵۵,۰۰۰,۰۰۰","۵۵,۰۰۰,۰۰۰",شنبه ساعت ۰۹:۰۰ تا ۱۲:۰۰,https://mftplus.com/lesson/5925/تعمیرات-لباس
نقاشی خط 1 (کالیگرافی مدرن),هنر و سینما,بلوار کاوه(قیطریه),مشخص نشده,شنبه ۲ اسفند ۱۴۰۴,شنبه ۲۲ فروردین ۱۴۰۵,"۴۶,۸۰۰,۰۰۰","۴۶,۸۰۰,۰۰۰",شنبه ساعت ۱۶:۰۰ تا ۱۹:۰۰,https://mftplus.com/lesson/4456/نقاشی-خط-1-(کالیگرافی-مدرن)
دوره جامع مدیریت سرمایه گذاری در بازارهای پولی و مالی بین الملل (FX & CFD),علوم مالی و حسابداری,بلوار کاوه(قیطریه),مشخص نشده,شنبه ۲ اسفند ۱۴۰۴,دوشنبه ۴ خرداد ۱۴۰۵,"۱۸۲,۴۰۰,۰۰۰","۱۸۲,۴۰۰,۰۰۰",شنبه ساعت ۱۷:۰۰ تا ۲۰:۰۰ | دوشنبه ساعت ۱۷:۰۰ تا ۲۰:۰۰,https://mftplus.com/lesson/4254/دوره-جامع-مدیریت-سرمایه-گذاری-در-بازارهای-پولی-و-مالی-بین-الملل-(FX-&-CFD)
نقاشی دیجیتال,هنر و سینما,زعفرانیه,مشخص نشده,شنبه ۲ اسفند ۱۴۰۴,شنبه ۲۲ فروردین ۱۴۰۵,"۵۵,۰۰۰,۰۰۰","۵۵,۰۰۰,۰۰۰",شنبه ساعت ۱۶:۰۰ تا ۱۹:۰۰ | چهارشنبه ساعت ۱۶:۰۰ تا ۱۹:۰۰,https://mftplus.com/lesson/3799/نقاشی-دیجیتال
زبان انگلیسی A1.1,زبانهای خارجی,بلوار کاوه(قیطریه),مشخص نشده,شنبه ۲ اسفند ۱۴۰۴,دوشنبه ۱۴ اردیبهشت ۱۴۰۵,"۲۶,۶۰۰,۰۰۰","۲۶,۶۰۰,۰۰۰",شنبه ساعت ۱۶:۰۰ تا ۱۸:۰۰ | دوشنبه ساعت ۱۶:۰۰ تا ۱۸:۰۰,https://mftplus.com/lesson/231215275/زبان-انگلیسی-A1.1
KETS 7,زبانهای خارجی,بلوار کاوه(قیطریه),مشخص نشده,شنبه ۲ اسفند ۱۴۰۴,شنبه ۲ خرداد ۱۴۰۵,"۲۱,۶۰۰,۰۰۰","۲۱,۶۰۰,۰۰۰",شنبه ساعت ۱۶:۳۰ تا ۱۸:۰۰ | چهارشنبه ساعت ۱۶:۳۰ تا ۱۸:۰۰,https://mftplus.com/lesson/231717129/KETS-7
KETS 6,زبانهای خارجی,بلوار کاوه(قیطریه),مشخص نشده,شنبه ۲ اسفند ۱۴۰۴,دوشنبه ۲۸ اردیبهشت ۱۴۰۵,"۲۱,۶۰۰,۰۰۰","۲۱,۶۰۰,۰۰۰",شنبه ساعت ۱۳:۳۰ تا ۱۵:۰۰ | دوشنبه ساعت ۱۳:۳۰ تا ۱۵:۰۰,https://mftplus.com/lesson/231717128/KETS-6
دوره جامع طراحی طلا و جواهرات به کمک نرم افزار MATRIX,علوم مهندسی,بلوار کاوه(قیطریه),مشخص نشده,شنبه ۲ اسفند ۱۴۰۴,شنبه ۳۰ آبان ۱۴۰۵,"۱۹۹,۰۰۰,۰۰۰","۱۹۹,۰۰۰,۰۰۰",شنبه ساعت ۱۵:۰۰ تا ۱۹:۰۰,https://mftplus.com/lesson/4502/دوره-جامع-طراحی-طلا-و-جواهرات-به-کمک-نرم-افزار-MATRIX
طراحی و اجرای تاسیسات الکتریکی (1) – تاسیسات برق ساختمانی,برق و الکترونیک,بلوار کاوه(قیطریه),مشخص نشده,شنبه ۲ اسفند ۱۴۰۴,شنبه ۲۲ فروردین ۱۴۰۵,"۵۶,۰۰۰,۰۰۰","۵۶,۰۰۰,۰۰۰",شنبه ساعت ۱۴:۰۰ تا ۱۷:۰۰ | دوشنبه ساعت ۱۴:۰۰ تا ۱۷:۰۰,https://mftplus.com/lesson/4559/طراحی-و-اجرای-تاسیسات-الکتریکی-(1)-–-تاسیسات-برق-ساختمانی
پکیج غواصی صنعتی,صنایع دریایی,زعفرانیه,مشخص نشده,شنبه ۲ اسفند ۱۴۰۴,پنجشنبه ۲۰ فروردین ۱۴۰۵,"۱,۱۵۵,۰۰۰,۰۰۰","۱,۱۵۵,۰۰۰,۰۰۰",شنبه ساعت ۰۹:۰۰ تا ۱۷:۰۰ | یکشنبه ساعت ۰۹:۰۰ تا ۱۷:۰۰ | دوشنبه ساعت ۰۹:۰۰ تا ۱۷:۰۰ | سه شنبه ساعت ۰۹:۰۰ تا ۱۷:۰۰ | چهارشنبه ساعت ۰۹:۰۰ تا ۱۷:۰۰ | پنجشنبه ساعت ۰۹:۰۰ تا ۱۷:۰۰,https://mftplus.com/lesson/4157/پکیج-غواصی-صنعتی
غواصی صنعتی مقدماتی,صنایع دریایی,زعفرانیه,مشخص نشده,شنبه ۲ اسفند ۱۴۰۴,چهارشنبه ۱۳ اسفند ۱۴۰۴,"۳۰۰,۰۰۰,۰۰۰","۳۰۰,۰۰۰,۰۰۰",شنبه ساعت ۰۹:۰۰ تا ۱۷:۰۰ | یکشنبه ساعت ۰۹:۰۰ تا ۱۷:۰۰ | دوشنبه ساعت ۰۹:۰۰ تا ۱۷:۰۰ | سه شنبه ساعت ۰۹:۰۰ تا ۱۷:۰۰ | چهارشنبه ساعت ۰۹:۰۰ تا ۱۷:۰۰ | پنجشنبه ساعت ۰۹:۰۰ تا ۱۷:۰۰,https://mftplus.com/lesson/4140/غواصی-صنعتی-مقدماتی
یک ستاره,صنایع دریایی,زعفرانیه,مشخص نشده,شنبه ۲ اسفند ۱۴۰۴,دوشنبه ۴ اسفند ۱۴۰۴,"۲۰۰,۰۰۰,۰۰۰","۲۰۰,۰۰۰,۰۰۰",شنبه ساعت ۰۹:۰۰ تا ۱۷:۰۰ | یکشنبه ساعت ۰۹:۰۰ تا ۱۷:۰۰ | دوشنبه ساعت ۰۹:۰۰ تا ۱۷:۰۰ | سه شنبه ساعت ۰۹:۰۰ تا ۱۷:۰۰ | چهارشنبه ساعت ۰۹:۰۰ تا ۱۷:۰۰ | پنجشنبه ساعت ۰۹:۰۰ تا ۱۷:۰۰,https://mftplus.com/lesson/5597/یک-ستاره
یک ستاره,صنایع دریایی,اکباتان,مشخص نشده,شنبه ۲ اسفند ۱۴۰۴,دوشنبه ۴ اسفند ۱۴۰۴,"۲۰۰,۰۰۰,۰۰۰","۲۰۰,۰۰۰,۰۰۰",شنبه ساعت ۰۹:۰۰ تا ۱۷:۰۰ | یکشنبه ساعت ۰۹:۰۰ تا ۱۷:۰۰ | دوشنبه ساعت ۰۹:۰۰ تا ۱۷:۰۰ | سه شنبه ساعت ۰۹:۰۰ تا ۱۷:۰۰ | چهارشنبه ساعت ۰۹:۰۰ تا ۱۷:۰۰ | پنجشنبه ساعت ۰۹:۰۰ تا ۱۷:۰۰,https://mftplus.com/lesson/5597/یک-ستاره
غواصی صنعتی مقدماتی,صنایع دریایی,اکباتان,مشخص نشده,شنبه ۲ اسفند ۱۴۰۴,چهارشنبه ۱۳ اسفند ۱۴۰۴,"۳۰۰,۰۰۰,۰۰۰","۳۰۰,۰۰۰,۰۰۰",شنبه ساعت ۰۹:۰۰ تا ۱۷:۰۰ | یکشنبه ساعت ۰۹:۰۰ تا ۱۷:۰۰ | دوشنبه ساعت ۰۹:۰۰ تا ۱۷:۰۰ | سه شنبه ساعت ۰۹:۰۰ تا ۱۷:۰۰ | چهارشنبه ساعت ۰۹:۰۰ تا ۱۷:۰۰ | پنجشنبه ساعت ۰۹:۰۰ تا ۱۷:۰۰,https://mftplus.com/lesson/4140/غواصی-صنعتی-مقدماتی
پکیج غواصی صنعتی,صنایع دریایی,اکباتان,مشخص نشده,شنبه ۲ اسفند ۱۴۰۴,پنجشنبه ۲۰ فروردین ۱۴۰۵,"۱,۱۵۵,۰۰۰,۰۰۰","۱,۱۵۵,۰۰۰,۰۰۰",شنبه ساعت ۰۹:۰۰ تا ۱۷:۰۰ | یکشنبه ساعت ۰۹:۰۰ تا ۱۷:۰۰ | دوشنبه ساعت ۰۹:۰۰ تا ۱۷:۰۰ | سه شنبه ساعت ۰۹:۰۰ تا ۱۷:۰۰ | چهارشنبه ساعت ۰۹:۰۰ تا ۱۷:۰۰ | پنجشنبه ساعت ۰۹:۰۰ تا ۱۷:۰۰,https://mftplus.com/lesson/4157/پکیج-غواصی-صنعتی
طراحی فضای سبز و محوطه سازی  (basic),معماری,بلوار کاوه(قیطریه),مشخص نشده,شنبه ۲ اسفند ۱۴۰۴,شنبه ۱۷ مرداد ۱۴۰۵,"۲۲۷,۰۰۰,۰۰۰","۲۲۷,۰۰۰,۰۰۰",شنبه ساعت ۱۴:۰۰ تا ۲۰:۰۰,https://mftplus.com/lesson/3914/طراحی-فضای-سبز-و-محوطه-سازی-(basic)
طراحی صنعتی به کمک Rhino,علوم مهندسی,سعادت آباد (مرکزی),مشخص نشده,شنبه ۲ اسفند ۱۴۰۴,شنبه ۵ اردیبهشت ۱۴۰۵,"۷۹,۰۰۰,۰۰۰","۷۹,۰۰۰,۰۰۰",شنبه ساعت ۱۷:۳۰ تا ۲۰:۳۰ | دوشنبه ساعت ۱۷:۳۰ تا ۲۰:۳۰,https://mftplus.com/lesson/153717123/طراحی-صنعتی-به-کمک-Rhino
نقشه کشی معماری,معماری,بلوار کاوه(قیطریه),مشخص نشده,شنبه ۲ اسفند ۱۴۰۴,شنبه ۵ اردیبهشت ۱۴۰۵,"۶۲,۰۰۰,۰۰۰","۶۲,۰۰۰,۰۰۰",شنبه ساعت ۰۹:۰۰ تا ۱۴:۰۰,https://mftplus.com/lesson/391212129/نقشه-کشی-معماری
پتینه مقدماتی تا پیشرفته,هنر و سینما,بلوار کاوه(قیطریه),مشخص نشده,شنبه ۲ اسفند ۱۴۰۴,دوشنبه ۱۷ فروردین ۱۴۰۵,"۱۱۴,۰۰۰,۰۰۰","۱۱۴,۰۰۰,۰۰۰",شنبه ساعت ۱۰:۰۰ تا ۱۵:۰۰ | دوشنبه ساعت ۱۰:۰۰ تا ۱۵:۰۰,https://mftplus.com/lesson/4885/پتینه-مقدماتی-تا-پیشرفته
پتینه مقدماتی,هنر و سینما,بلوار کاوه(قیطریه),مشخص نشده,شنبه ۲ اسفند ۱۴۰۴,دوشنبه ۱۸ اسفند ۱۴۰۴,"۵۸,۶۰۰,۰۰۰","۵۸,۶۰۰,۰۰۰",شنبه ساعت ۱۰:۰۰ تا ۱۵:۰۰ | دوشنبه ساعت ۱۰:۰۰ تا ۱۵:۰۰,https://mftplus.com/lesson/4538/پتینه-مقدماتی
پتینه دکوراتیو ساختمانی و مبلمان,هنر و سینما,بلوار کاوه(قیطریه),مشخص نشده,شنبه ۲ اسفند ۱۴۰۴,دوشنبه ۴ خرداد ۱۴۰۵,"۱۵۶,۰۰۰,۰۰۰","۱۵۶,۰۰۰,۰۰۰",شنبه ساعت ۱۵:۰۰ تا ۲۰:۰۰ | دوشنبه ساعت ۱۵:۰۰ تا ۲۰:۰۰,https://mftplus.com/lesson/431512151/پتینه-دکوراتیو-ساختمانی-و-مبلمان
نرم افزار Lumion,معماری,بلوار کاوه(قیطریه),مشخص نشده,شنبه ۲ اسفند ۱۴۰۴,شنبه ۲۲ فروردین ۱۴۰۵,"۶۶,۰۰۰,۰۰۰","۶۶,۰۰۰,۰۰۰",شنبه ساعت ۱۴:۰۰ تا ۱۹:۰۰,https://mftplus.com/lesson/391412154/نرم-افزار-Lumion
زبان اسپانیایی A1.1,زبانهای خارجی,سعادت آباد (مرکزی),مشخص نشده,شنبه ۲ اسفند ۱۴۰۴,شنبه ۲۲ فروردین ۱۴۰۵,"۳۲,۶۰۰,۰۰۰","۳۲,۶۰۰,۰۰۰",شنبه ساعت ۱۴:۳۰ تا ۱۷:۳۰ | چهارشنبه ساعت ۱۴:۳۰ تا ۱۷:۳۰,https://mftplus.com/lesson/231612153/زبان-اسپانیایی-A1.1
تهیه نقشه های سازه با نرم افزار Revit structure,علوم مهندسی,بلوار کاوه(قیطریه),مشخص نشده,شنبه ۲ اسفند ۱۴۰۴,شنبه ۲۹ فروردین ۱۴۰۵,"۷۲,۵۰۰,۰۰۰","۷۲,۵۰۰,۰۰۰",شنبه ساعت ۱۷:۰۰ تا ۲۰:۳۰ | دوشنبه ساعت ۱۷:۰۰ تا ۲۰:۳۰,https://mftplus.com/lesson/4617/تهیه-نقشه-های-سازه-با-نرم-افزار-Revit-structure
مقدمه ای بر الگوریتم و برنامه نویسی,فناوری اطلاعات و ارتباطات,پارک ساعی,مشخص نشده,شنبه ۲ اسفند ۱۴۰۴,دوشنبه ۳۱ فروردین ۱۴۰۵,"۲۸,۰۰۰,۰۰۰","۳۳,۰۰۰,۰۰۰",شنبه ساعت ۱۷:۳۰ تا ۲۰:۳۰ | دوشنبه ساعت ۱۷:۳۰ تا ۲۰:۳۰,https://mftplus.com/lesson/132017130/مقدمه-ای-بر-الگوریتم-و-برنامه-نویسی
Microsoft Office Excel 2021,فناوری اطلاعات و ارتباطات,سیدخندان,مشخص نشده,شنبه ۲ اسفند ۱۴۰۴,دوشنبه ۱۸ اسفند ۱۴۰۴,"۲۸,۰۰۰,۰۰۰","۲۸,۰۰۰,۰۰۰",شنبه ساعت ۱۷:۳۰ تا ۲۰:۳۰ | دوشنبه ساعت ۱۷:۳۰ تا ۲۰:۳۰ | چهارشنبه ساعت ۱۷:۳۰ تا ۲۰:۳۰,https://mftplus.com/lesson/5578/Microsoft-Office-Excel-2021
ICDL 2021 Level 2,فناوری اطلاعات و ارتباطات,سیدخندان,مشخص نشده,شنبه ۲ اسفند ۱۴۰۴,شنبه ۵ اردیبهشت ۱۴۰۵,"۴۴,۰۰۰,۰۰۰","۴۴,۰۰۰,۰۰۰",شنبه ساعت ۱۷:۳۰ تا ۲۰:۳۰ | دوشنبه ساعت ۱۷:۳۰ تا ۲۰:۳۰ | چهارشنبه ساعت ۱۷:۳۰ تا ۲۰:۳۰,https://mftplus.com/lesson/5573/ICDL-2021-Level-2
دوره ی جامع بازسازی و اجرای پروژه های طراحی داخلی,معماری,بلوار کاوه(قیطریه),مشخص نشده,شنبه ۲ اسفند ۱۴۰۴,شنبه ۵ اردیبهشت ۱۴۰۵,"۱۴۸,۰۰۰,۰۰۰","۱۴۸,۰۰۰,۰۰۰",شنبه ساعت ۱۴:۰۰ تا ۱۹:۰۰,https://mftplus.com/lesson/391612165/دوره-ی-جامع-بازسازی-و-اجرای-پروژه-های-طراحی-داخلی
برنامه نویسی به زبان ++C,فناوری اطلاعات و ارتباطات,بلوار کاوه(قیطریه),مشخص نشده,شنبه ۲ اسفند ۱۴۰۴,شنبه ۲۶ اردیبهشت ۱۴۰۵,"۶۵,۰۰۰,۰۰۰","۸۰,۰۰۰,۰۰۰",شنبه ساعت ۱۷:۰۰ تا ۲۰:۰۰ | چهارشنبه ساعت ۱۷:۰۰ تا ۲۰:۰۰,https://mftplus.com/lesson/132017134/برنامه-نویسی-به-زبان-++C
نازکدوزی زنانه,فناوری مد و پوشاک,بلوار کاوه(قیطریه),مشخص نشده,شنبه ۲ اسفند ۱۴۰۴,شنبه ۲۷ تیر ۱۴۰۵,"۱۳۱,۰۰۰,۰۰۰","۱۳۱,۰۰۰,۰۰۰",شنبه ساعت ۰۸:۰۰ تا ۱۴:۰۰,https://mftplus.com/lesson/411414164/نازکدوزی-زنانه
دوخت تخصصی شلوار,فناوری مد و پوشاک,بلوار کاوه(قیطریه),مشخص نشده,شنبه ۲ اسفند ۱۴۰۴,شنبه ۲۶ اردیبهشت ۱۴۰۵,"۵۷,۰۰۰,۰۰۰","۵۷,۰۰۰,۰۰۰",شنبه ساعت ۱۱:۰۰ تا ۱۵:۰۰,https://mftplus.com/lesson/4440/دوخت-تخصصی-شلوار
کارگاه حقوق و دستمزد,علوم مالی و حسابداری,اکباتان,مشخص نشده,شنبه ۲ اسفند ۱۴۰۴,دوشنبه ۱۱ اسفند ۱۴۰۴,"۲۱,۹۰۰,۰۰۰","۲۱,۹۰۰,۰۰۰",شنبه ساعت ۱۷:۳۰ تا ۲۰:۳۰ | دوشنبه ساعت ۱۷:۳۰ تا ۲۰:۳۰,https://mftplus.com/lesson/4274/کارگاه-حقوق-و-دستمزد
نازکدوزی زنانه,فناوری مد و پوشاک,پارک ساعی,مشخص نشده,شنبه ۲ اسفند ۱۴۰۴,شنبه ۶ تیر ۱۴۰۵,"۱۳۱,۰۰۰,۰۰۰","۱۳۱,۰۰۰,۰۰۰",شنبه ساعت ۱۳:۰۰ تا ۱۷:۰۰ | چهارشنبه ساعت ۱۳:۰۰ تا ۱۷:۰۰,https://mftplus.com/lesson/411414164/نازکدوزی-زنانه
طراحی نقاشی متوسط,هنر و سینما,بلوار کاوه(قیطریه),مشخص نشده,شنبه ۲ اسفند ۱۴۰۴,شنبه ۱۹ اردیبهشت ۱۴۰۵,"۴۶,۰۰۰,۰۰۰","۴۶,۰۰۰,۰۰۰",شنبه ساعت ۱۶:۰۰ تا ۲۰:۰۰,https://mftplus.com/lesson/431512124/طراحی-نقاشی-متوسط
پاکسازی و رفع مشکلات پوستی,دانش سلامت,بلوار کاوه(قیطریه),مشخص نشده,شنبه ۲ اسفند ۱۴۰۴,شنبه ۵ اردیبهشت ۱۴۰۵,"۵۹,۸۰۰,۰۰۰","۵۹,۸۰۰,۰۰۰",شنبه ساعت ۱۶:۰۰ تا ۲۰:۰۰,https://mftplus.com/lesson/5222/پاکسازی-و-رفع-مشکلات-پوستی
جامع اصول انبارداری، برنامه‌ریزی و کنترل موجودی,علوم مهندسی,اکباتان,مشخص نشده,شنبه ۲ اسفند ۱۴۰۴,دوشنبه ۱۷ فروردین ۱۴۰۵,"۸۹,۰۰۰,۰۰۰","۸۹,۰۰۰,۰۰۰",شنبه ساعت ۱۷:۰۰ تا ۲۱:۰۰ | دوشنبه ساعت ۱۷:۰۰ تا ۲۱:۰۰,https://mftplus.com/lesson/6177/جامع-اصول-انبارداری،-برنامه‌ریزی-و-کنترل-موجودی
(HTML & CSS (Web Design I,فناوری اطلاعات و ارتباطات,بلوار کاوه(قیطریه),مشخص نشده,شنبه ۲ اسفند ۱۴۰۴,دوشنبه ۲۱ اردیبهشت ۱۴۰۵,"۴۵,۰۰۰,۰۰۰","۵۶,۰۰۰,۰۰۰",شنبه ساعت ۱۷:۰۰ تا ۲۰:۰۰ | دوشنبه ساعت ۱۷:۰۰ تا ۲۰:۰۰,https://mftplus.com/lesson/6456/(HTML-&-CSS-(Web-Design-I
تولید محتوا با موبایل (موبایل گرافی),تولید محتوا,بلوار کاوه(قیطریه),مشخص نشده,شنبه ۲ اسفند ۱۴۰۴,چهارشنبه ۲۷ اسفند ۱۴۰۴,"۵۵,۰۰۰,۰۰۰","۵۵,۰۰۰,۰۰۰",شنبه ساعت ۰۹:۰۰ تا ۱۴:۰۰ | چهارشنبه ساعت ۰۹:۰۰ تا ۱۴:۰۰,https://mftplus.com/lesson/6217/تولید-محتوا-با-موبایل-(موبایل-گرافی)
زبان انگلیسی A1.5,زبانهای خارجی,سعادت آباد (مرکزی),مشخص نشده,شنبه ۲ اسفند ۱۴۰۴,دوشنبه ۲۴ فروردین ۱۴۰۵,"۲۶,۶۰۰,۰۰۰","۲۶,۶۰۰,۰۰۰",شنبه ساعت ۱۴:۳۰ تا ۱۷:۳۰ | دوشنبه ساعت ۱۴:۳۰ تا ۱۷:۳۰,https://mftplus.com/lesson/231215279/زبان-انگلیسی-A1.5
زبان انگلیسی B1.3,زبانهای خارجی,سعادت آباد (مرکزی),مشخص نشده,شنبه ۲ اسفند ۱۴۰۴,دوشنبه ۲۴ فروردین ۱۴۰۵,"۲۸,۱۰۰,۰۰۰","۲۸,۱۰۰,۰۰۰",شنبه ساعت ۱۷:۳۰ تا ۲۰:۳۰ | دوشنبه ساعت ۱۷:۳۰ تا ۲۰:۳۰,https://mftplus.com/lesson/231215288/زبان-انگلیسی-B1.3
طراحی وب با وردپرس,کودک و نوجوان,بلوار کاوه(قیطریه),مشخص نشده,شنبه ۲ اسفند ۱۴۰۴,شنبه ۲۶ اردیبهشت ۱۴۰۵,"۷۸,۱۰۰,۰۰۰","۷۸,۱۰۰,۰۰۰",شنبه ساعت ۱۶:۰۰ تا ۲۰:۰۰,https://mftplus.com/lesson/191414130/طراحی-وب-با-وردپرس
مدیریت کافی شاپ,تشریفات و گردشگری,نیاوران,مشخص نشده,شنبه ۲ اسفند ۱۴۰۴,شنبه ۹ اسفند ۱۴۰۴,"۱۳۰,۰۰۰,۰۰۰","۱۳۰,۰۰۰,۰۰۰",جمعه ساعت ۱۰:۳۰ تا ۱۴:۳۰ | شنبه ساعت ۱۰:۳۰ تا ۱۴:۳۰ | یکشنبه ساعت ۱۰:۳۰ تا ۱۴:۳۰ | دوشنبه ساعت ۱۰:۳۰ تا ۱۴:۳۰ | سه شنبه ساعت ۱۰:۳۰ تا ۱۴:۳۰ | چهارشنبه ساعت ۱۰:۳۰ تا ۱۴:۳۰ | پنجشنبه ساعت ۱۰:۳۰ تا ۱۴:۳۰,https://mftplus.com/lesson/3810/مدیریت-کافی-شاپ
ادمین تخصصی اینستاگرام,تولید محتوا,سعادت آباد (مرکزی),مشخص نشده,شنبه ۲ اسفند ۱۴۰۴,دوشنبه ۱۷ فروردین ۱۴۰۵,"۶۰,۰۰۰,۰۰۰","۶۰,۰۰۰,۰۰۰",شنبه ساعت ۱۷:۳۰ تا ۲۰:۳۰ | دوشنبه ساعت ۱۷:۳۰ تا ۲۰:۳۰,https://mftplus.com/lesson/5741/ادمین-تخصصی-اینستاگرام
تدوین و ساخت تیزرهای تبلیغاتی,هنر و سینما,بلوار کاوه(قیطریه),مشخص نشده,شنبه ۲ اسفند ۱۴۰۴,چهارشنبه ۱۸ شهریور ۱۴۰۵,"۲۷۸,۰۰۰,۰۰۰","۲۷۸,۰۰۰,۰۰۰",شنبه ساعت ۰۹:۰۰ تا ۱۴:۰۰ | چهارشنبه ساعت ۰۹:۰۰ تا ۱۴:۰۰,https://mftplus.com/lesson/431213124/تدوین-و-ساخت-تیزرهای-تبلیغاتی
کارگاه جامع مدیریت سرمایه گذاری در بازار رمز ارزها (ارز دیجیتال),علوم مالی و حسابداری,پارک ساعی,مشخص نشده,شنبه ۲ اسفند ۱۴۰۴,شنبه ۲ خرداد ۱۴۰۵,"۱۷۲,۹۰۰,۰۰۰","۱۷۲,۹۰۰,۰۰۰",شنبه ساعت ۱۴:۰۰ تا ۱۷:۰۰ | دوشنبه ساعت ۱۴:۰۰ تا ۱۷:۰۰,https://mftplus.com/lesson/4446/کارگاه-جامع-مدیریت-سرمایه-گذاری-در-بازار-رمز-ارزها-(ارز-دیجیتال)
مدیریت کافی شاپ,تشریفات و گردشگری,زعفرانیه,مشخص نشده,شنبه ۲ اسفند ۱۴۰۴,شنبه ۹ اسفند ۱۴۰۴,"۱۳۰,۰۰۰,۰۰۰","۱۳۰,۰۰۰,۰۰۰",جمعه ساعت ۱۰:۳۰ تا ۱۴:۳۰ | شنبه ساعت ۱۰:۳۰ تا ۱۴:۳۰ | یکشنبه ساعت ۱۰:۳۰ تا ۱۴:۳۰ | دوشنبه ساعت ۱۰:۳۰ تا ۱۴:۳۰ | سه شنبه ساعت ۱۰:۳۰ تا ۱۴:۳۰ | چهارشنبه ساعت ۱۰:۳۰ تا ۱۴:۳۰ | پنجشنبه ساعت ۱۰:۳۰ تا ۱۴:۳۰,https://mftplus.com/lesson/3810/مدیریت-کافی-شاپ
برنامه نویسی پایتون مقدماتی 1,کودک و نوجوان,بلوار کاوه(قیطریه),مشخص نشده,شنبه ۲ اسفند ۱۴۰۴,چهارشنبه ۹ اردیبهشت ۱۴۰۵,"۵۵,۷۰۰,۰۰۰","۶۰,۳۰۰,۰۰۰",شنبه ساعت ۱۸:۰۰ تا ۲۰:۰۰ | چهارشنبه ساعت ۱۸:۰۰ تا ۲۰:۰۰,https://mftplus.com/lesson/3931/برنامه-نویسی-پایتون-مقدماتی-1
عکاسی دیجیتال نوجوان,کودک و نوجوان,بلوار کاوه(قیطریه),مشخص نشده,شنبه ۲ اسفند ۱۴۰۴,شنبه ۲۶ اردیبهشت ۱۴۰۵,"۹۱,۳۰۰,۰۰۰","۹۱,۳۰۰,۰۰۰",شنبه ساعت ۰۹:۰۰ تا ۱۱:۰۰ | چهارشنبه ساعت ۰۹:۰۰ تا ۱۱:۰۰,https://mftplus.com/lesson/4614/عکاسی-دیجیتال-نوجوان
طراحی لباس تخصصی پیشرفته,فناوری مد و پوشاک,اکباتان,مشخص نشده,شنبه ۲ اسفند ۱۴۰۴,شنبه ۳۰ آبان ۱۴۰۵,"۱۳۵,۰۰۰,۰۰۰","۱۳۵,۰۰۰,۰۰۰",شنبه ساعت ۱۶:۰۰ تا ۲۰:۰۰,https://mftplus.com/lesson/6319/طراحی-لباس-تخصصی-پیشرفته
تعمیرات لباس,فناوری مد و پوشاک,اکباتان,مشخص نشده,شنبه ۲ اسفند ۱۴۰۴,دوشنبه ۱۷ فروردین ۱۴۰۵,"۵۵,۰۰۰,۰۰۰","۵۵,۰۰۰,۰۰۰",شنبه ساعت ۰۹:۰۰ تا ۱۴:۰۰ | دوشنبه ساعت ۰۹:۰۰ تا ۱۴:۰۰,https://mftplus.com/lesson/5925/تعمیرات-لباس
گلدوزی مدرن پیشرفته,فناوری مد و پوشاک,اکباتان,مشخص نشده,شنبه ۲ اسفند ۱۴۰۴,شنبه ۲۳ اسفند ۱۴۰۴,"۱۹,۰۰۰,۰۰۰","۱۹,۰۰۰,۰۰۰",شنبه ساعت ۱۰:۰۰ تا ۱۳:۰۰,https://mftplus.com/lesson/4442/گلدوزی-مدرن-پیشرفته
برنامه نویسی مقدماتی با اسکرچ,کودک و نوجوان,سعادت آباد (مرکزی),مشخص نشده,شنبه ۲ اسفند ۱۴۰۴,شنبه ۱۹ اردیبهشت ۱۴۰۵,"۴۶,۲۰۰,۰۰۰","۴۶,۲۰۰,۰۰۰",شنبه ساعت ۱۵:۳۰ تا ۱۷:۳۰,https://mftplus.com/lesson/3370/برنامه-نویسی-مقدماتی-با-اسکرچ
Programming with Python,فناوری اطلاعات و ارتباطات,اکباتان,مشخص نشده,شنبه ۲ اسفند ۱۴۰۴,شنبه ۲۶ اردیبهشت ۱۴۰۵,"۷۰,۰۰۰,۰۰۰","۸۸,۰۰۰,۰۰۰",شنبه ساعت ۱۷:۳۰ تا ۲۰:۳۰ | چهارشنبه ساعت ۱۷:۳۰ تا ۲۰:۳۰,https://mftplus.com/lesson/5679/Programming-with-Python
مدیریت کافی شاپ,تشریفات و گردشگری,تهرانپارس,مشخص نشده,شنبه ۲ اسفند ۱۴۰۴,شنبه ۹ اسفند ۱۴۰۴,"۱۳۰,۰۰۰,۰۰۰","۱۳۰,۰۰۰,۰۰۰",جمعه ساعت ۱۰:۳۰ تا ۱۴:۳۰ | شنبه ساعت ۱۰:۳۰ تا ۱۴:۳۰ | یکشنبه ساعت ۱۰:۳۰ تا ۱۴:۳۰ | دوشنبه ساعت ۱۰:۳۰ تا ۱۴:۳۰ | سه شنبه ساعت ۱۰:۳۰ تا ۱۴:۳۰ | چهارشنبه ساعت ۱۰:۳۰ تا ۱۴:۳۰ | پنجشنبه ساعت ۱۰:۳۰ تا ۱۴:۳۰,https://mftplus.com/lesson/3810/مدیریت-کافی-شاپ
مدیریت کافی شاپ,تشریفات و گردشگری,بلوار کاوه(قیطریه),مشخص نشده,شنبه ۲ اسفند ۱۴۰۴,شنبه ۹ اسفند ۱۴۰۴,"۱۳۰,۰۰۰,۰۰۰","۱۳۰,۰۰۰,۰۰۰",جمعه ساعت ۱۰:۳۰ تا ۱۴:۳۰ | شنبه ساعت ۱۰:۳۰ تا ۱۴:۳۰ | یکشنبه ساعت ۱۰:۳۰ تا ۱۴:۳۰ | دوشنبه ساعت ۱۰:۳۰ تا ۱۴:۳۰ | سه شنبه ساعت ۱۰:۳۰ تا ۱۴:۳۰ | چهارشنبه ساعت ۱۰:۳۰ تا ۱۴:۳۰ | پنجشنبه ساعت ۱۰:۳۰ تا ۱۴:۳۰,https://mftplus.com/lesson/3810/مدیریت-کافی-شاپ
مدیریت کافی شاپ,تشریفات و گردشگری,میرداماد,مشخص نشده,شنبه ۲ اسفند ۱۴۰۴,شنبه ۹ اسفند ۱۴۰۴,"۱۳۰,۰۰۰,۰۰۰","۱۳۰,۰۰۰,۰۰۰",جمعه ساعت ۱۰:۳۰ تا ۱۴:۳۰ | شنبه ساعت ۱۰:۳۰ تا ۱۴:۳۰ | یکشنبه ساعت ۱۰:۳۰ تا ۱۴:۳۰ | دوشنبه ساعت ۱۰:۳۰ تا ۱۴:۳۰ | سه شنبه ساعت ۱۰:۳۰ تا ۱۴:۳۰ | چهارشنبه ساعت ۱۰:۳۰ تا ۱۴:۳۰ | پنجشنبه ساعت ۱۰:۳۰ تا ۱۴:۳۰,https://mftplus.com/lesson/3810/مدیریت-کافی-شاپ
مدیریت کافی شاپ,تشریفات و گردشگری,نارمک,مشخص نشده,شنبه ۲ اسفند ۱۴۰۴,شنبه ۹ اسفند ۱۴۰۴,"۱۳۰,۰۰۰,۰۰۰","۱۳۰,۰۰۰,۰۰۰",جمعه ساعت ۱۰:۳۰ تا ۱۴:۳۰ | شنبه ساعت ۱۰:۳۰ تا ۱۴:۳۰ | یکشنبه ساعت ۱۰:۳۰ تا ۱۴:۳۰ | دوشنبه ساعت ۱۰:۳۰ تا ۱۴:۳۰ | سه شنبه ساعت ۱۰:۳۰ تا ۱۴:۳۰ | چهارشنبه ساعت ۱۰:۳۰ تا ۱۴:۳۰ | پنجشنبه ساعت ۱۰:۳۰ تا ۱۴:۳۰,https://mftplus.com/lesson/3810/مدیریت-کافی-شاپ
مدیریت کافی شاپ,تشریفات و گردشگری,اکباتان,مشخص نشده,شنبه ۲ اسفند ۱۴۰۴,شنبه ۹ اسفند ۱۴۰۴,"۱۳۰,۰۰۰,۰۰۰","۱۳۰,۰۰۰,۰۰۰",جمعه ساعت ۱۰:۳۰ تا ۱۴:۳۰ | شنبه ساعت ۱۰:۳۰ تا ۱۴:۳۰ | یکشنبه ساعت ۱۰:۳۰ تا ۱۴:۳۰ | دوشنبه ساعت ۱۰:۳۰ تا ۱۴:۳۰ | سه شنبه ساعت ۱۰:۳۰ تا ۱۴:۳۰ | چهارشنبه ساعت ۱۰:۳۰ تا ۱۴:۳۰ | پنجشنبه ساعت ۱۰:۳۰ تا ۱۴:۳۰,https://mftplus.com/lesson/3810/مدیریت-کافی-شاپ
مدیریت کافی شاپ,تشریفات و گردشگری,ونک,مشخص نشده,شنبه ۲ اسفند ۱۴۰۴,شنبه ۹ اسفند ۱۴۰۴,"۱۳۰,۰۰۰,۰۰۰","۱۳۰,۰۰۰,۰۰۰",جمعه ساعت ۱۰:۳۰ تا ۱۴:۳۰ | شنبه ساعت ۱۰:۳۰ تا ۱۴:۳۰ | یکشنبه ساعت ۱۰:۳۰ تا ۱۴:۳۰ | دوشنبه ساعت ۱۰:۳۰ تا ۱۴:۳۰ | سه شنبه ساعت ۱۰:۳۰ تا ۱۴:۳۰ | چهارشنبه ساعت ۱۰:۳۰ تا ۱۴:۳۰ | پنجشنبه ساعت ۱۰:۳۰ تا ۱۴:۳۰,https://mftplus.com/lesson/3810/مدیریت-کافی-شاپ
زبان انگلیسی A2.1,زبانهای خارجی,بلوار کاوه(قیطریه),مشخص نشده,شنبه ۲ اسفند ۱۴۰۴,شنبه ۲۹ فروردین ۱۴۰۵,"۲۷,۳۰۰,۰۰۰","۲۷,۳۰۰,۰۰۰",شنبه ساعت ۱۱:۰۰ تا ۱۴:۰۰ | چهارشنبه ساعت ۱۱:۰۰ تا ۱۴:۰۰,https://mftplus.com/lesson/231215282/زبان-انگلیسی-A2.1
طراحی وب سایت (Web Design Pack),فناوری اطلاعات و ارتباطات,بلوار کاوه(قیطریه),مشخص نشده,شنبه ۲ اسفند ۱۴۰۴,شنبه ۲۸ شهریور ۱۴۰۵,"۱۸۷,۰۰۰,۰۰۰","۱۸۷,۰۰۰,۰۰۰",شنبه ساعت ۱۷:۰۰ تا ۲۰:۰۰ | دوشنبه ساعت ۱۷:۰۰ تا ۲۰:۰۰,https://mftplus.com/lesson/6459/طراحی-وب-سایت-(Web-Design-Pack)
طراحی طلا و جواهرات به کمک نرم افزار MATRIX - سطح یک,علوم مهندسی,بلوار کاوه(قیطریه),مشخص نشده,شنبه ۲ اسفند ۱۴۰۴,شنبه ۱۷ مرداد ۱۴۰۵,"۱۵۵,۰۰۰,۰۰۰","۱۵۵,۰۰۰,۰۰۰",شنبه ساعت ۱۵:۰۰ تا ۱۹:۰۰,https://mftplus.com/lesson/6277/طراحی-طلا-و-جواهرات-به-کمک-نرم-افزار-MATRIX-سطح-یک
ReactJS,فناوری اطلاعات و ارتباطات,بلوار کاوه(قیطریه),مشخص نشده,شنبه ۲ اسفند ۱۴۰۴,شنبه ۱۹ اردیبهشت ۱۴۰۵,"۶۱,۰۰۰,۰۰۰","۷۷,۰۰۰,۰۰۰",شنبه ساعت ۱۶:۰۰ تا ۲۰:۰۰,https://mftplus.com/lesson/4040/ReactJS
برنامه نویسی مقدماتی #C برای نوجوانان,کودک و نوجوان,سعادت آباد (مرکزی),مشخص نشده,شنبه ۲ اسفند ۱۴۰۴,شنبه ۲۳ خرداد ۱۴۰۵,"۶۸,۲۰۰,۰۰۰","۶۸,۲۰۰,۰۰۰",شنبه ساعت ۱۷:۳۰ تا ۲۰:۳۰,https://mftplus.com/lesson/191415129/برنامه-نویسی-مقدماتی-#C-برای-نوجوانان
زبان ایتالیایی B1,زبانهای خارجی,بلوار کاوه(قیطریه),مشخص نشده,شنبه ۲ اسفند ۱۴۰۴,چهارشنبه ۲ اردیبهشت ۱۴۰۵,"۶۷,۳۰۰,۰۰۰","۶۷,۳۰۰,۰۰۰",شنبه ساعت ۱۷:۰۰ تا ۲۰:۰۰ | دوشنبه ساعت ۱۷:۰۰ تا ۲۰:۰۰ | چهارشنبه ساعت ۱۷:۰۰ تا ۲۰:۰۰,https://mftplus.com/lesson/5911/زبان-ایتالیایی-B1
کارگاه جامع حسابداری مالی,علوم مالی و حسابداری,سعادت آباد (مرکزی),مشخص نشده,شنبه ۲ اسفند ۱۴۰۴,دوشنبه ۱۶ شهریور ۱۴۰۵,"۲۲۵,۷۰۰,۰۰۰","۲۲۵,۷۰۰,۰۰۰",شنبه ساعت ۱۷:۳۰ تا ۲۰:۳۰ | دوشنبه ساعت ۱۷:۳۰ تا ۲۰:۳۰ | چهارشنبه ساعت ۱۷:۳۰ تا ۲۰:۳۰,https://mftplus.com/lesson/3863/کارگاه-جامع-حسابداری-مالی
حسابداری برای غیر حسابداران,علوم مالی و حسابداری,سعادت آباد (مرکزی),مشخص نشده,شنبه ۲ اسفند ۱۴۰۴,چهارشنبه ۲۶ فروردین ۱۴۰۵,"۶۷,۰۰۰,۰۰۰","۶۷,۰۰۰,۰۰۰",شنبه ساعت ۱۷:۳۰ تا ۲۰:۳۰ | دوشنبه ساعت ۱۷:۳۰ تا ۲۰:۳۰ | چهارشنبه ساعت ۱۷:۳۰ تا ۲۰:۳۰,https://mftplus.com/lesson/3857/حسابداری-برای-غیر-حسابداران
قانون کار,علوم مالی و حسابداری,زعفرانیه,مشخص نشده,شنبه ۲ اسفند ۱۴۰۴,دوشنبه ۴ اسفند ۱۴۰۴,"۱۳,۷۰۰,۰۰۰","۱۳,۷۰۰,۰۰۰",شنبه ساعت ۱۷:۳۰ تا ۲۱:۰۰ | دوشنبه ساعت ۱۷:۳۰ تا ۲۱:۰۰,https://mftplus.com/lesson/5783/قانون-کار
برنامه نویسی مقدماتی با اسکرچ,کودک و نوجوان,نارمک,مشخص نشده,شنبه ۲ اسفند ۱۴۰۴,شنبه ۲۳ اسفند ۱۴۰۴,"۴۶,۲۰۰,۰۰۰","۴۶,۲۰۰,۰۰۰",شنبه ساعت ۱۷:۰۰ تا ۲۰:۰۰ | دوشنبه ساعت ۱۷:۰۰ تا ۲۰:۰۰,https://mftplus.com/lesson/3370/برنامه-نویسی-مقدماتی-با-اسکرچ
نرم افزار مارولس در طراحی لباس,فناوری مد و پوشاک,اکباتان,مشخص نشده,شنبه ۲ اسفند ۱۴۰۴,شنبه ۲۲ فروردین ۱۴۰۵,"۴۱,۰۰۰,۰۰۰","۴۲,۰۰۰,۰۰۰",شنبه ساعت ۰۹:۰۰ تا ۱۴:۰۰,https://mftplus.com/lesson/411412128/نرم-افزار-مارولس-در-طراحی-لباس
استایلینگ,فناوری مد و پوشاک,اکباتان,مشخص نشده,شنبه ۲ اسفند ۱۴۰۴,شنبه ۵ اردیبهشت ۱۴۰۵,"۶۰,۰۰۰,۰۰۰","۶۰,۰۰۰,۰۰۰",شنبه ساعت ۱۶:۰۰ تا ۲۰:۰۰,https://mftplus.com/lesson/6316/استایلینگ
ICDL سطح یک و دو نوجوانان,کودک و نوجوان,اکباتان,مشخص نشده,شنبه ۲ اسفند ۱۴۰۴,دوشنبه ۲۹ تیر ۱۴۰۵,"۸۵,۱۰۰,۰۰۰","۹۰,۷۰۰,۰۰۰",شنبه ساعت ۱۶:۰۰ تا ۱۸:۰۰ | دوشنبه ساعت ۱۶:۰۰ تا ۱۸:۰۰,https://mftplus.com/lesson/191412126/ICDL-سطح-یک-و-دو-نوجوانان
نرم افزار Revit معماری,معماری,زعفرانیه,مشخص نشده,شنبه ۲ اسفند ۱۴۰۴,شنبه ۲۳ خرداد ۱۴۰۵,"۸۹,۰۰۰,۰۰۰","۸۹,۰۰۰,۰۰۰",شنبه ساعت ۱۷:۳۰ تا ۲۱:۰۰,https://mftplus.com/lesson/391412129/نرم-افزار-Revit-معماری
نرم افزار جمینی,فناوری مد و پوشاک,اکباتان,مشخص نشده,شنبه ۲ اسفند ۱۴۰۴,شنبه ۲۲ فروردین ۱۴۰۵,"۶۱,۰۰۰,۰۰۰","۶۱,۰۰۰,۰۰۰",شنبه ساعت ۰۹:۰۰ تا ۱۲:۰۰ | چهارشنبه ساعت ۰۹:۰۰ تا ۱۲:۰۰,https://mftplus.com/lesson/411412171/نرم-افزار-جمینی
عکاسی دیجیتال (آنلاین),هنر و سینما,نیاوران,مشخص نشده,شنبه ۲ اسفند ۱۴۰۴,شنبه ۲۴ مرداد ۱۴۰۵,"۶۶,۲۰۰,۰۰۰","۶۶,۲۰۰,۰۰۰",شنبه ساعت ۱۷:۰۰ تا ۲۰:۰۰,https://mftplus.com/lesson/3710/عکاسی-دیجیتال-(آنلاین)
MCSA PACK 2025,فناوری اطلاعات و ارتباطات,بلوار کاوه(قیطریه),مشخص نشده,شنبه ۲ اسفند ۱۴۰۴,چهارشنبه ۱۵ مهر ۱۴۰۵,"۱۷۳,۰۰۰,۰۰۰","۲۱۸,۰۰۰,۰۰۰",شنبه ساعت ۱۶:۰۰ تا ۲۰:۰۰ | چهارشنبه ساعت ۱۶:۰۰ تا ۲۰:۰۰,https://mftplus.com/lesson/6364/MCSA-PACK-2025
زبان ایتالیایی B1,زبانهای خارجی,بلوار کاوه(قیطریه),مشخص نشده,شنبه ۲ اسفند ۱۴۰۴,چهارشنبه ۲ اردیبهشت ۱۴۰۵,"۶۷,۳۰۰,۰۰۰","۶۷,۳۰۰,۰۰۰",شنبه ساعت ۱۷:۰۰ تا ۲۰:۰۰ | دوشنبه ساعت ۱۷:۰۰ تا ۲۰:۰۰ | چهارشنبه ساعت ۱۷:۰۰ تا ۲۰:۰۰,https://mftplus.com/lesson/5911/زبان-ایتالیایی-B1
اسکیس و راندو,معماری,بلوار کاوه(قیطریه),مشخص نشده,شنبه ۲ اسفند ۱۴۰۴,شنبه ۲۲ فروردین ۱۴۰۵,"۵۹,۰۰۰,۰۰۰","۵۹,۰۰۰,۰۰۰",شنبه ساعت ۱۵:۰۰ تا ۲۰:۰۰,https://mftplus.com/lesson/5233/اسکیس-و-راندو
جامع حقوق پیمان,علوم مهندسی,بلوار کاوه(قیطریه),مشخص نشده,شنبه ۲ اسفند ۱۴۰۴,شنبه ۱۹ اردیبهشت ۱۴۰۵,"۷۵,۰۰۰,۰۰۰","۷۵,۰۰۰,۰۰۰",شنبه ساعت ۱۵:۰۰ تا ۲۰:۰۰,https://mftplus.com/lesson/4519/جامع-حقوق-پیمان
Sketchup & Vray,معماری,نیاوران,مشخص نشده,شنبه ۲ اسفند ۱۴۰۴,شنبه ۲۲ فروردین ۱۴۰۵,"۶۹,۰۰۰,۰۰۰","۶۹,۰۰۰,۰۰۰",شنبه ساعت ۱۷:۰۰ تا ۲۱:۰۰ | دوشنبه ساعت ۱۷:۰۰ تا ۲۱:۰۰,https://mftplus.com/lesson/391412133/Sketchup-&-Vray
مقدمه ای بر الگوریتم و برنامه نویسی,فناوری اطلاعات و ارتباطات,اکباتان,مشخص نشده,شنبه ۲ اسفند ۱۴۰۴,چهارشنبه ۱۹ فروردین ۱۴۰۵,"۲۸,۰۰۰,۰۰۰","۳۳,۰۰۰,۰۰۰",شنبه ساعت ۱۸:۰۰ تا ۲۱:۰۰ | دوشنبه ساعت ۱۸:۰۰ تا ۲۱:۰۰ | چهارشنبه ساعت ۱۸:۰۰ تا ۲۱:۰۰,https://mftplus.com/lesson/132017130/مقدمه-ای-بر-الگوریتم-و-برنامه-نویسی
اتوکد دوبعدی معماری,معماری,زعفرانیه,مشخص نشده,شنبه ۲ اسفند ۱۴۰۴,چهارشنبه ۲۶ فروردین ۱۴۰۵,"۷۵,۰۰۰,۰۰۰","۷۵,۰۰۰,۰۰۰",شنبه ساعت ۱۰:۰۰ تا ۱۴:۰۰ | چهارشنبه ساعت ۱۰:۰۰ تا ۱۴:۰۰,https://mftplus.com/lesson/391412131/اتوکد-دوبعدی-معماری
طراحی لباس تخصصی پیشرفته,فناوری مد و پوشاک,میرداماد,مشخص نشده,شنبه ۲ اسفند ۱۴۰۴,شنبه ۲۴ بهمن ۱۴۰۵,"۱۳۵,۰۰۰,۰۰۰","۱۳۵,۰۰۰,۰۰۰",شنبه ساعت ۱۷:۳۰ تا ۲۰:۳۰,https://mftplus.com/lesson/6319/طراحی-لباس-تخصصی-پیشرفته
پکیج طراحی دکوراسیون داخلی از مقدماتی تا پیشرفته,معماری,میرداماد,مشخص نشده,شنبه ۲ اسفند ۱۴۰۴,شنبه ۲۶ تیر ۱۴۰۶,"۵۲۹,۰۰۰,۰۰۰","۵۲۹,۰۰۰,۰۰۰",شنبه ساعت ۱۷:۳۰ تا ۲۰:۳۰ | چهارشنبه ساعت ۱۷:۳۰ تا ۲۰:۳۰,https://mftplus.com/lesson/5999/پکیج-طراحی-دکوراسیون-داخلی-از-مقدماتی-تا-پیشرفته
طراحی معماری و دکوراسیون داخلی مقدماتی,معماری,میرداماد,مشخص نشده,شنبه ۲ اسفند ۱۴۰۴,چهارشنبه ۲۸ مرداد ۱۴۰۵,"۱۷۱,۰۰۰,۰۰۰","۱۷۱,۰۰۰,۰۰۰",شنبه ساعت ۱۷:۳۰ تا ۲۰:۳۰ | چهارشنبه ساعت ۱۷:۳۰ تا ۲۰:۳۰,https://mftplus.com/lesson/391212125/طراحی-معماری-و-دکوراسیون-داخلی-مقدماتی
طراحی معماری و دکوراسیون داخلی پیشرفته,معماری,میرداماد,مشخص نشده,شنبه ۲ اسفند ۱۴۰۴,شنبه ۲۷ تیر ۱۴۰۵,"۲۱۹,۰۰۰,۰۰۰","۲۱۹,۰۰۰,۰۰۰",شنبه ساعت ۱۶:۳۰ تا ۲۰:۳۰ | چهارشنبه ساعت ۱۶:۳۰ تا ۲۰:۳۰,https://mftplus.com/lesson/5998/طراحی-معماری-و-دکوراسیون-داخلی-پیشرفته
طراحی فضای سبز و محوطه سازی  (basic),معماری,میرداماد,مشخص نشده,شنبه ۲ اسفند ۱۴۰۴,شنبه ۳۱ مرداد ۱۴۰۵,"۲۲۷,۰۰۰,۰۰۰","۲۲۷,۰۰۰,۰۰۰",شنبه ساعت ۱۷:۳۰ تا ۲۰:۳۰ | چهارشنبه ساعت ۱۷:۳۰ تا ۲۰:۳۰,https://mftplus.com/lesson/3914/طراحی-فضای-سبز-و-محوطه-سازی-(basic)
مدیریت کافی شاپ,تشریفات و گردشگری,باملند(شمال غرب),مشخص نشده,شنبه ۲ اسفند ۱۴۰۴,شنبه ۹ اسفند ۱۴۰۴,"۱۳۰,۰۰۰,۰۰۰","۱۳۰,۰۰۰,۰۰۰",جمعه ساعت ۱۰:۳۰ تا ۱۴:۳۰ | شنبه ساعت ۱۰:۳۰ تا ۱۴:۳۰ | یکشنبه ساعت ۱۰:۳۰ تا ۱۴:۳۰ | دوشنبه ساعت ۱۰:۳۰ تا ۱۴:۳۰ | سه شنبه ساعت ۱۰:۳۰ تا ۱۴:۳۰ | چهارشنبه ساعت ۱۰:۳۰ تا ۱۴:۳۰ | پنجشنبه ساعت ۱۰:۳۰ تا ۱۴:۳۰,https://mftplus.com/lesson/3810/مدیریت-کافی-شاپ
فتوشاپ نسخه مقدماتی تا پیشرفته,هنر و سینما,اکباتان,علی صفائی اصلی,شنبه ۲ اسفند ۱۴۰۴,شنبه ۲ خرداد ۱۴۰۵,"۵۱,۰۰۰,۰۰۰","۵۶,۰۰۰,۰۰۰",شنبه ساعت ۱۴:۰۰ تا ۱۹:۰۰,https://mftplus.com/lesson/431314130/فتوشاپ-نسخه-مقدماتی-تا-پیشرفته
Microsoft Office Word 2021,فناوری اطلاعات و ارتباطات,میرداماد,مشخص نشده,شنبه ۲ اسفند ۱۴۰۴,شنبه ۲۲ فروردین ۱۴۰۵,"۱۷,۰۰۰,۰۰۰","۲۰,۰۰۰,۰۰۰",شنبه ساعت ۱۸:۳۰ تا ۲۱:۰۰ | چهارشنبه ساعت ۱۸:۳۰ تا ۲۱:۰۰,https://mftplus.com/lesson/5714/Microsoft-Office-Word-2021
تلفیقی Word+Excel 2021,فناوری اطلاعات و ارتباطات,میرداماد,مشخص نشده,شنبه ۲ اسفند ۱۴۰۴,شنبه ۲۶ اردیبهشت ۱۴۰۵,"۳۸,۰۰۰,۰۰۰","۴۵,۰۰۰,۰۰۰",شنبه ساعت ۱۸:۳۰ تا ۲۱:۰۰ | چهارشنبه ساعت ۱۸:۳۰ تا ۲۱:۰۰,https://mftplus.com/lesson/5976/تلفیقی-Word+Excel-2021
سرویس و تعمیر جعبه دنده و سیستم انتقال قدرت,علوم مهندسی,اسلامشهر,مشخص نشده,یکشنبه ۳ اسفند ۱۴۰۴,یکشنبه ۳۰ فروردین ۱۴۰۵,"۱۲۰,۰۰۰,۰۰۰","۱۲۰,۰۰۰,۰۰۰",یکشنبه ساعت ۱۵:۰۰ تا ۱۸:۰۰ | سه شنبه ساعت ۱۵:۰۰ تا ۱۸:۰۰,https://mftplus.com/lesson/6452/سرویس-و-تعمیر-جعبه-دنده-و-سیستم-انتقال-قدرت
(202-201) LPIC 2,فناوری اطلاعات و ارتباطات,بلوار کاوه(قیطریه),مشخص نشده,یکشنبه ۳ اسفند ۱۴۰۴,سه شنبه ۲۲ اردیبهشت ۱۴۰۵,"۶۶,۰۰۰,۰۰۰","۸۸,۰۰۰,۰۰۰",یکشنبه ساعت ۱۷:۰۰ تا ۲۰:۰۰ | سه شنبه ساعت ۱۷:۰۰ تا ۲۰:۰۰,https://mftplus.com/lesson/4596/(202-201)-LPIC-2
طراحی مکانیکی به کمک SOLIDWORKS I,علوم مهندسی,بلوار کاوه(قیطریه),مشخص نشده,یکشنبه ۳ اسفند ۱۴۰۴,یکشنبه ۱۳ اردیبهشت ۱۴۰۵,"۷۹,۰۰۰,۰۰۰","۷۹,۰۰۰,۰۰۰",یکشنبه ساعت ۰۹:۰۰ تا ۱۲:۰۰ | سه شنبه ساعت ۰۹:۰۰ تا ۱۲:۰۰,https://mftplus.com/lesson/153718144/طراحی-مکانیکی-به-کمک-SOLIDWORKS-I
دوخت تخصصی شلوار,فناوری مد و پوشاک,سعادت آباد (مرکزی),مشخص نشده,یکشنبه ۳ اسفند ۱۴۰۴,یکشنبه ۳۰ فروردین ۱۴۰۵,"۵۷,۰۰۰,۰۰۰","۵۷,۰۰۰,۰۰۰",یکشنبه ساعت ۰۸:۰۰ تا ۱۴:۰۰,https://mftplus.com/lesson/4440/دوخت-تخصصی-شلوار
طراحی معماری و دکوراسیون داخلی متوسط,معماری,بلوار کاوه(قیطریه),مشخص نشده,یکشنبه ۳ اسفند ۱۴۰۴,سه شنبه ۱۵ اردیبهشت ۱۴۰۵,"۲۰۶,۰۰۰,۰۰۰","۲۰۶,۰۰۰,۰۰۰",یکشنبه ساعت ۰۹:۰۰ تا ۱۷:۰۰ | سه شنبه ساعت ۰۹:۰۰ تا ۱۷:۰۰,https://mftplus.com/lesson/391212126/طراحی-معماری-و-دکوراسیون-داخلی-متوسط
HTML & CSS II,کودک و نوجوان,سعادت آباد (مرکزی),مشخص نشده,یکشنبه ۳ اسفند ۱۴۰۴,یکشنبه ۳۰ فروردین ۱۴۰۵,"۵۷,۶۰۰,۰۰۰","۵۷,۶۰۰,۰۰۰",یکشنبه ساعت ۱۷:۳۰ تا ۲۰:۳۰,https://mftplus.com/lesson/4636/HTML-&-CSS-II
انیمیشن سازی  با  Moho1 (Cut-Out),هنر و سینما,سعادت آباد (مرکزی),مشخص نشده,یکشنبه ۳ اسفند ۱۴۰۴,یکشنبه ۲۰ اردیبهشت ۱۴۰۵,"۵۲,۸۰۰,۰۰۰","۵۲,۸۰۰,۰۰۰",یکشنبه ساعت ۱۴:۳۰ تا ۱۷:۳۰,https://mftplus.com/lesson/6551/انیمیشن-سازی-با-Moho1-(Cut-Out)
KETS 4,زبانهای خارجی,بلوار کاوه(قیطریه),مشخص نشده,یکشنبه ۳ اسفند ۱۴۰۴,یکشنبه ۳ خرداد ۱۴۰۵,"۲۱,۶۰۰,۰۰۰","۲۱,۶۰۰,۰۰۰",یکشنبه ساعت ۱۷:۰۰ تا ۱۸:۳۰ | سه شنبه ساعت ۱۷:۰۰ تا ۱۸:۳۰,https://mftplus.com/lesson/231717126/KETS-4
Move 15,زبانهای خارجی,بلوار کاوه(قیطریه),مشخص نشده,یکشنبه ۳ اسفند ۱۴۰۴,یکشنبه ۳ خرداد ۱۴۰۵,"۱۹,۳۰۰,۰۰۰","۱۹,۳۰۰,۰۰۰",یکشنبه ساعت ۱۵:۰۰ تا ۱۶:۳۰ | سه شنبه ساعت ۱۵:۰۰ تا ۱۶:۳۰,https://mftplus.com/lesson/231712143/Move-15
بلندر-مقدماتی,هنر و سینما,پارک ساعی,مشخص نشده,یکشنبه ۳ اسفند ۱۴۰۴,سه شنبه ۱۸ فروردین ۱۴۰۵,"۵۷,۳۰۰,۰۰۰","۵۷,۳۰۰,۰۰۰",یکشنبه ساعت ۱۷:۳۰ تا ۲۰:۳۰ | سه شنبه ساعت ۱۷:۳۰ تا ۲۰:۳۰,https://mftplus.com/lesson/6017/بلندر-مقدماتی
ضخیم دوزی زنانه,فناوری مد و پوشاک,ونک,مشخص نشده,یکشنبه ۳ اسفند ۱۴۰۴,یکشنبه ۴ مرداد ۱۴۰۵,"۱۴۴,۰۰۰,۰۰۰","۱۴۴,۰۰۰,۰۰۰",یکشنبه ساعت ۱۰:۰۰ تا ۱۵:۰۰,https://mftplus.com/lesson/411414165/ضخیم-دوزی-زنانه
برنامه نویسی ویژه میکروکنترلرها,برق و الکترونیک,بلوار کاوه(قیطریه),مشخص نشده,یکشنبه ۳ اسفند ۱۴۰۴,یکشنبه ۲۴ اسفند ۱۴۰۴,"۴۷,۰۰۰,۰۰۰","۴۷,۰۰۰,۰۰۰",یکشنبه ساعت ۱۷:۰۰ تا ۲۱:۰۰ | سه شنبه ساعت ۱۷:۰۰ تا ۲۱:۰۰,https://mftplus.com/lesson/181214199/برنامه-نویسی-ویژه-میکروکنترلرها
برنامه نویسی مقدماتی با اسکرچ,کودک و نوجوان,بلوار کاوه(قیطریه),مشخص نشده,یکشنبه ۳ اسفند ۱۴۰۴,یکشنبه ۳۰ فروردین ۱۴۰۵,"۴۶,۲۰۰,۰۰۰","۴۶,۲۰۰,۰۰۰",یکشنبه ساعت ۱۴:۰۰ تا ۱۷:۰۰,https://mftplus.com/lesson/3370/برنامه-نویسی-مقدماتی-با-اسکرچ
زبان آلمانی B1.1,زبانهای خارجی,بلوار کاوه(قیطریه),مشخص نشده,یکشنبه ۳ اسفند ۱۴۰۴,سه شنبه ۱۵ اردیبهشت ۱۴۰۵,"۶۱,۰۰۰,۰۰۰","۶۱,۰۰۰,۰۰۰",یکشنبه ساعت ۱۷:۳۰ تا ۲۰:۳۰ | سه شنبه ساعت ۱۷:۳۰ تا ۲۰:۳۰,https://mftplus.com/lesson/231412147/زبان-آلمانی-B1.1
حسابداری مکانیزه با نرم افزار ها(هلو ،سپیدار سیستم و اکسل),علوم مالی و حسابداری,بلوار کاوه(قیطریه),مشخص نشده,یکشنبه ۳ اسفند ۱۴۰۴,یکشنبه ۱۰ خرداد ۱۴۰۵,"۸۵,۷۰۰,۰۰۰","۸۵,۷۰۰,۰۰۰",یکشنبه ساعت ۱۷:۰۰ تا ۲۰:۰۰ | سه شنبه ساعت ۱۷:۰۰ تا ۲۰:۰۰,https://mftplus.com/lesson/3909/حسابداری-مکانیزه-با-نرم-افزار-ها(هلو-،سپیدار-سیستم-و-اکسل)
Programming with Python,فناوری اطلاعات و ارتباطات,سعادت آباد (مرکزی),آرشام حاجب,یکشنبه ۳ اسفند ۱۴۰۴,یکشنبه ۱۰ خرداد ۱۴۰۵,"۷۰,۰۰۰,۰۰۰","۸۸,۰۰۰,۰۰۰",یکشنبه ساعت ۲۰:۰۰ تا ۲۲:۳۰ | سه شنبه ساعت ۲۰:۰۰ تا ۲۲:۳۰,https://mftplus.com/lesson/5679/Programming-with-Python
برنامه نویسی پیشرفته # C برای نوجوانان,کودک و نوجوان,سعادت آباد (مرکزی),مشخص نشده,یکشنبه ۳ اسفند ۱۴۰۴,یکشنبه ۱۸ مرداد ۱۴۰۵,"۷۷,۰۰۰,۰۰۰","۷۷,۰۰۰,۰۰۰",یکشنبه ساعت ۱۵:۳۰ تا ۱۷:۳۰,https://mftplus.com/lesson/191415130/برنامه-نویسی-پیشرفته-#-C-برای-نوجوانان
ایلاستریتور,هنر و سینما,پارک ساعی,مشخص نشده,یکشنبه ۳ اسفند ۱۴۰۴,سه شنبه ۱۸ فروردین ۱۴۰۵,"۴۴,۰۰۰,۰۰۰","۵۴,۰۰۰,۰۰۰",یکشنبه ساعت ۱۷:۰۰ تا ۲۱:۰۰ | سه شنبه ساعت ۱۷:۰۰ تا ۲۱:۰۰,https://mftplus.com/lesson/431314131/ایلاستریتور
باکس دوزی و دکلته,فناوری مد و پوشاک,سعادت آباد (مرکزی),مشخص نشده,یکشنبه ۳ اسفند ۱۴۰۴,یکشنبه ۲۳ فروردین ۱۴۰۵,"۷۲,۰۰۰,۰۰۰","۷۲,۰۰۰,۰۰۰",یکشنبه ساعت ۰۸:۰۰ تا ۱۴:۰۰,https://mftplus.com/lesson/6479/باکس-دوزی-و-دکلته
نرم افزار Corel Draw,هنر و سینما,سیدخندان,مشخص نشده,یکشنبه ۳ اسفند ۱۴۰۴,سه شنبه ۱۸ فروردین ۱۴۰۵,"۴۷,۰۰۰,۰۰۰","۴۷,۰۰۰,۰۰۰",یکشنبه ساعت ۱۷:۳۰ تا ۲۰:۳۰ | سه شنبه ساعت ۱۷:۳۰ تا ۲۰:۳۰,https://mftplus.com/lesson/431314123/نرم-افزار-Corel-Draw
IELTS 7+,زبانهای خارجی,بلوار کاوه(قیطریه),مشخص نشده,یکشنبه ۳ اسفند ۱۴۰۴,سه شنبه ۱۵ اردیبهشت ۱۴۰۵,"۶۹,۵۰۰,۰۰۰","۶۹,۵۰۰,۰۰۰",یکشنبه ساعت ۱۷:۳۰ تا ۲۰:۳۰ | سه شنبه ساعت ۱۷:۳۰ تا ۲۰:۳۰,https://mftplus.com/lesson/4530/IELTS-7+
ICDL Pack 2021,فناوری اطلاعات و ارتباطات,پارک ساعی,مشخص نشده,یکشنبه ۳ اسفند ۱۴۰۴,سه شنبه ۱۳ مرداد ۱۴۰۵,"۶۳,۰۰۰,۰۰۰","۸۱,۰۰۰,۰۰۰",یکشنبه ساعت ۱۷:۳۰ تا ۲۰:۳۰ | سه شنبه ساعت ۱۷:۳۰ تا ۲۰:۳۰,https://mftplus.com/lesson/5575/ICDL-Pack-2021
Java SE 8 Programming,فناوری اطلاعات و ارتباطات,سعادت آباد (مرکزی),سید احمد مصباح,یکشنبه ۳ اسفند ۱۴۰۴,یکشنبه ۳۰ فروردین ۱۴۰۵,"۵۵,۰۰۰,۰۰۰","۶۸,۰۰۰,۰۰۰",یکشنبه ساعت ۱۷:۳۰ تا ۲۰:۳۰ | سه شنبه ساعت ۱۷:۳۰ تا ۲۰:۳۰,https://mftplus.com/lesson/132018136/Java-SE-8-Programming
دوره طراحی رابط و تجربه کاربری (UI/UX),فناوری اطلاعات و ارتباطات,سعادت آباد (مرکزی),آیدین مدرس اول,یکشنبه ۳ اسفند ۱۴۰۴,سه شنبه ۱۸ فروردین ۱۴۰۵,"۵۵,۰۰۰,۰۰۰","۶۸,۰۰۰,۰۰۰",یکشنبه ساعت ۱۸:۰۰ تا ۲۲:۰۰ | سه شنبه ساعت ۱۸:۰۰ تا ۲۲:۰۰,https://mftplus.com/lesson/5605/دوره-طراحی-رابط-و-تجربه-کاربری-(UI/UX)
ضخیم دوزی زنانه,فناوری مد و پوشاک,بلوار کاوه(قیطریه),مشخص نشده,یکشنبه ۳ اسفند ۱۴۰۴,یکشنبه ۱۵ شهریور ۱۴۰۵,"۱۴۴,۰۰۰,۰۰۰","۱۴۴,۰۰۰,۰۰۰",یکشنبه ساعت ۱۲:۰۰ تا ۱۶:۰۰,https://mftplus.com/lesson/411414165/ضخیم-دوزی-زنانه
ضخیم دوزی زنانه,فناوری مد و پوشاک,بلوار کاوه(قیطریه),مشخص نشده,یکشنبه ۳ اسفند ۱۴۰۴,یکشنبه ۲۵ مرداد ۱۴۰۵,"۱۴۴,۰۰۰,۰۰۰","۱۴۴,۰۰۰,۰۰۰",یکشنبه ساعت ۱۲:۰۰ تا ۱۶:۰۰,https://mftplus.com/lesson/411414165/ضخیم-دوزی-زنانه
مدیریت و راه اندازی کافه و رستوران,تشریفات و گردشگری,پارک ساعی,مشخص نشده,یکشنبه ۳ اسفند ۱۴۰۴,یکشنبه ۳۰ فروردین ۱۴۰۵,"۱۱۹,۰۰۰,۰۰۰","۱۱۹,۰۰۰,۰۰۰",یکشنبه ساعت ۱۷:۰۰ تا ۲۰:۰۰ | سه شنبه ساعت ۱۷:۰۰ تا ۲۰:۰۰,https://mftplus.com/lesson/3815/مدیریت-و-راه-اندازی-کافه-و-رستوران
زبان ایتالیایی A1,زبانهای خارجی,سعادت آباد (مرکزی),مشخص نشده,یکشنبه ۳ اسفند ۱۴۰۴,سه شنبه ۲۲ اردیبهشت ۱۴۰۵,"۶۲,۴۰۰,۰۰۰","۶۲,۴۰۰,۰۰۰",یکشنبه ساعت ۱۷:۳۰ تا ۲۰:۳۰ | سه شنبه ساعت ۱۷:۳۰ تا ۲۰:۳۰,https://mftplus.com/lesson/5909/زبان-ایتالیایی-A1
زبان فرانسه A2.3,زبانهای خارجی,سعادت آباد (مرکزی),میلاد هیدی,یکشنبه ۳ اسفند ۱۴۰۴,یکشنبه ۳۰ فروردین ۱۴۰۵,"۳۷,۰۰۰,۰۰۰","۳۷,۰۰۰,۰۰۰",یکشنبه ساعت ۱۷:۳۰ تا ۲۰:۳۰ | سه شنبه ساعت ۱۷:۳۰ تا ۲۰:۳۰,https://mftplus.com/lesson/231312183/زبان-فرانسه-A2.3
نقشه کشی صنعتی,علوم مهندسی,پارک ساعی,مشخص نشده,یکشنبه ۳ اسفند ۱۴۰۴,سه شنبه ۱ اردیبهشت ۱۴۰۵,"۶۷,۵۰۰,۰۰۰","۶۷,۵۰۰,۰۰۰",یکشنبه ساعت ۱۷:۳۰ تا ۲۰:۳۰ | سه شنبه ساعت ۱۷:۳۰ تا ۲۰:۳۰,https://mftplus.com/lesson/153718140/نقشه-کشی-صنعتی
نقشه کشی معماری,معماری,بلوار کاوه(قیطریه),مشخص نشده,یکشنبه ۳ اسفند ۱۴۰۴,یکشنبه ۳۰ فروردین ۱۴۰۵,"۶۲,۰۰۰,۰۰۰","۶۲,۰۰۰,۰۰۰",یکشنبه ساعت ۱۷:۰۰ تا ۲۰:۰۰ | سه شنبه ساعت ۱۷:۰۰ تا ۲۰:۰۰,https://mftplus.com/lesson/391212129/نقشه-کشی-معماری
برنامه نویسی پایتون مقدماتی 1,کودک و نوجوان,سعادت آباد (مرکزی),مشخص نشده,یکشنبه ۳ اسفند ۱۴۰۴,سه شنبه ۸ اردیبهشت ۱۴۰۵,"۵۵,۷۰۰,۰۰۰","۶۰,۳۰۰,۰۰۰",یکشنبه ساعت ۱۵:۳۰ تا ۱۷:۳۰ | سه شنبه ساعت ۱۵:۳۰ تا ۱۷:۳۰,https://mftplus.com/lesson/3931/برنامه-نویسی-پایتون-مقدماتی-1
فتوشاپ نسخه مقدماتی تا پیشرفته,هنر و سینما,پرند,جمال ریحانی,یکشنبه ۳ اسفند ۱۴۰۴,یکشنبه ۱۳ اردیبهشت ۱۴۰۵,"۵۶,۰۰۰,۰۰۰","۵۶,۰۰۰,۰۰۰",یکشنبه ساعت ۱۸:۳۰ تا ۲۱:۰۰ | سه شنبه ساعت ۱۸:۳۰ تا ۲۱:۰۰ | پنجشنبه ساعت ۱۸:۳۰ تا ۲۱:۰۰,https://mftplus.com/lesson/431314130/فتوشاپ-نسخه-مقدماتی-تا-پیشرفته
تخته کاری در آشپزی,تشریفات و گردشگری,پارک ساعی,مشخص نشده,یکشنبه ۳ اسفند ۱۴۰۴,یکشنبه ۱۰ اسفند ۱۴۰۴,"۷۸,۰۰۰,۰۰۰","۷۸,۰۰۰,۰۰۰",یکشنبه ساعت ۰۹:۰۰ تا ۱۵:۰۰,https://mftplus.com/lesson/6626/تخته-کاری-در-آشپزی
تولید محتوای تصویری,کودک و نوجوان,سعادت آباد (مرکزی),مشخص نشده,یکشنبه ۳ اسفند ۱۴۰۴,یکشنبه ۳۰ فروردین ۱۴۰۵,"۴۱,۸۰۰,۰۰۰","۴۱,۸۰۰,۰۰۰",یکشنبه ساعت ۱۷:۳۰ تا ۲۰:۳۰,https://mftplus.com/lesson/5795/تولید-محتوای-تصویری
دوره مقدماتی تعمیرات بردهای الکترونیکی,برق و الکترونیک,بلوار کاوه(قیطریه),مشخص نشده,یکشنبه ۳ اسفند ۱۴۰۴,یکشنبه ۲۴ اسفند ۱۴۰۴,"۵۳,۰۰۰,۰۰۰","۵۳,۰۰۰,۰۰۰",یکشنبه ساعت ۱۴:۳۰ تا ۲۰:۳۰,https://mftplus.com/lesson/4690/دوره-مقدماتی-تعمیرات-بردهای-الکترونیکی
طراحی معماری و دکوراسیون داخلی پیشرفته,معماری,پارک ساعی,مشخص نشده,یکشنبه ۳ اسفند ۱۴۰۴,یکشنبه ۱ شهریور ۱۴۰۵,"۲۱۹,۰۰۰,۰۰۰","۲۱۹,۰۰۰,۰۰۰",یکشنبه ساعت ۱۷:۰۰ تا ۲۰:۰۰ | سه شنبه ساعت ۱۷:۰۰ تا ۲۰:۰۰,https://mftplus.com/lesson/5998/طراحی-معماری-و-دکوراسیون-داخلی-پیشرفته
اتوکد دوبعدی معماری,معماری,اسلامشهر,مشخص نشده,یکشنبه ۳ اسفند ۱۴۰۴,سه شنبه ۱ اردیبهشت ۱۴۰۵,"۷۵,۰۰۰,۰۰۰","۷۵,۰۰۰,۰۰۰",یکشنبه ساعت ۱۵:۰۰ تا ۱۸:۰۰ | سه شنبه ساعت ۱۵:۰۰ تا ۱۸:۰۰,https://mftplus.com/lesson/391412131/اتوکد-دوبعدی-معماری
حسابداری مالی بازرگانی,علوم مالی و حسابداری,اکباتان,مشخص نشده,یکشنبه ۳ اسفند ۱۴۰۴,سه شنبه ۱ اردیبهشت ۱۴۰۵,"۴۳,۸۰۰,۰۰۰","۴۳,۸۰۰,۰۰۰",یکشنبه ساعت ۱۷:۰۰ تا ۲۰:۰۰ | سه شنبه ساعت ۱۷:۰۰ تا ۲۰:۰۰,https://mftplus.com/lesson/3866/حسابداری-مالی-بازرگانی
کارگاه جامع حسابداری مالی,علوم مالی و حسابداری,سعادت آباد (مرکزی),مشخص نشده,یکشنبه ۳ اسفند ۱۴۰۴,یکشنبه ۱۵ آذر ۱۴۰۵,"۲۲۵,۷۰۰,۰۰۰","۲۲۵,۷۰۰,۰۰۰",یکشنبه ساعت ۱۷:۳۰ تا ۲۰:۳۰ | سه شنبه ساعت ۱۷:۳۰ تا ۲۰:۳۰,https://mftplus.com/lesson/3863/کارگاه-جامع-حسابداری-مالی
حسابداری برای غیر حسابداران,علوم مالی و حسابداری,سعادت آباد (مرکزی),مشخص نشده,یکشنبه ۳ اسفند ۱۴۰۴,سه شنبه ۱۵ اردیبهشت ۱۴۰۵,"۶۷,۰۰۰,۰۰۰","۶۷,۰۰۰,۰۰۰",یکشنبه ساعت ۱۷:۳۰ تا ۲۰:۳۰ | سه شنبه ساعت ۱۷:۳۰ تا ۲۰:۳۰,https://mftplus.com/lesson/3857/حسابداری-برای-غیر-حسابداران
کارگاه جامع حسابداری مالی,علوم مالی و حسابداری,سعادت آباد (مرکزی),مشخص نشده,یکشنبه ۳ اسفند ۱۴۰۴,یکشنبه ۲۸ تیر ۱۴۰۵,"۲۲۵,۷۰۰,۰۰۰","۲۲۵,۷۰۰,۰۰۰",یکشنبه ساعت ۰۸:۰۰ تا ۱۴:۰۰ | سه شنبه ساعت ۰۸:۰۰ تا ۱۴:۰۰,https://mftplus.com/lesson/3863/کارگاه-جامع-حسابداری-مالی
حسابداری برای غیر حسابداران,علوم مالی و حسابداری,سعادت آباد (مرکزی),مشخص نشده,یکشنبه ۳ اسفند ۱۴۰۴,یکشنبه ۱۶ فروردین ۱۴۰۵,"۶۷,۰۰۰,۰۰۰","۶۷,۰۰۰,۰۰۰",یکشنبه ساعت ۰۸:۰۰ تا ۱۴:۰۰ | سه شنبه ساعت ۰۸:۰۰ تا ۱۴:۰۰,https://mftplus.com/lesson/3857/حسابداری-برای-غیر-حسابداران
گلدوزی مدرن مقدماتی,فناوری مد و پوشاک,اکباتان,مشخص نشده,یکشنبه ۳ اسفند ۱۴۰۴,یکشنبه ۲۴ اسفند ۱۴۰۴,"۱۲,۰۰۰,۰۰۰","۱۲,۰۰۰,۰۰۰",یکشنبه ساعت ۱۷:۰۰ تا ۱۹:۳۰,https://mftplus.com/lesson/4441/گلدوزی-مدرن-مقدماتی
طراحی لباس مقدماتی,فناوری مد و پوشاک,اکباتان,مشخص نشده,یکشنبه ۳ اسفند ۱۴۰۴,یکشنبه ۳۱ خرداد ۱۴۰۵,"۱۳۵,۰۰۰,۰۰۰","۱۳۵,۰۰۰,۰۰۰",یکشنبه ساعت ۰۹:۰۰ تا ۱۴:۰۰ | سه شنبه ساعت ۰۹:۰۰ تا ۱۴:۰۰,https://mftplus.com/lesson/6311/طراحی-لباس-مقدماتی
دوره جامع طراحی لباس,فناوری مد و پوشاک,اکباتان,مشخص نشده,یکشنبه ۳ اسفند ۱۴۰۴,یکشنبه ۱۹ مهر ۱۴۰۵,"۲۶۱,۰۰۰,۰۰۰","۲۶۱,۰۰۰,۰۰۰",یکشنبه ساعت ۰۹:۰۰ تا ۱۴:۰۰ | سه شنبه ساعت ۰۹:۰۰ تا ۱۴:۰۰,https://mftplus.com/lesson/6321/دوره-جامع-طراحی-لباس
طراحی وب با وردپرس,کودک و نوجوان,سعادت آباد (مرکزی),مشخص نشده,یکشنبه ۳ اسفند ۱۴۰۴,یکشنبه ۱۷ خرداد ۱۴۰۵,"۷۸,۱۰۰,۰۰۰","۷۸,۱۰۰,۰۰۰",یکشنبه ساعت ۱۷:۳۰ تا ۲۰:۳۰,https://mftplus.com/lesson/191414130/طراحی-وب-با-وردپرس
پیش تولید انیمیشن نوجوان,کودک و نوجوان,سعادت آباد (مرکزی),مشخص نشده,یکشنبه ۳ اسفند ۱۴۰۴,یکشنبه ۲۴ خرداد ۱۴۰۵,"۶۷,۱۰۰,۰۰۰","۶۷,۱۰۰,۰۰۰",یکشنبه ساعت ۱۸:۰۰ تا ۲۰:۰۰,https://mftplus.com/lesson/4534/پیش-تولید-انیمیشن-نوجوان
پریمیر پیشرفته,کودک و نوجوان,سعادت آباد (مرکزی),مشخص نشده,یکشنبه ۳ اسفند ۱۴۰۴,یکشنبه ۳۰ فروردین ۱۴۰۵,"۶۱,۰۰۰,۰۰۰","۶۱,۰۰۰,۰۰۰",یکشنبه ساعت ۱۷:۳۰ تا ۲۰:۳۰,https://mftplus.com/lesson/4541/پریمیر-پیشرفته
Pre-Move1,زبانهای خارجی,اکباتان,ساره قنبری,یکشنبه ۳ اسفند ۱۴۰۴,یکشنبه ۳ خرداد ۱۴۰۵,"۱۹,۳۰۰,۰۰۰","۱۹,۳۰۰,۰۰۰",یکشنبه ساعت ۱۸:۱۵ تا ۱۹:۴۵ | سه شنبه ساعت ۱۸:۱۵ تا ۱۹:۴۵,https://mftplus.com/lesson/231712153/Pre-Move1
فروشندگی حرفه ای طلا و جواهر,علوم مهندسی,اکباتان,مبینا منتظری,یکشنبه ۳ اسفند ۱۴۰۴,سه شنبه ۱۹ اسفند ۱۴۰۴,"۶۹,۰۰۰,۰۰۰","۶۹,۰۰۰,۰۰۰",یکشنبه ساعت ۱۰:۰۰ تا ۱۳:۰۰ | سه شنبه ساعت ۱۰:۰۰ تا ۱۳:۰۰,https://mftplus.com/lesson/154414126/فروشندگی-حرفه-ای-طلا-و-جواهر
طراحی معماری و دکوراسیون داخلی مقدماتی,معماری,انقلاب,مشخص نشده,یکشنبه ۳ اسفند ۱۴۰۴,سه شنبه ۲۰ مرداد ۱۴۰۵,"۱۷۱,۰۰۰,۰۰۰","۱۷۱,۰۰۰,۰۰۰",یکشنبه ساعت ۱۷:۳۰ تا ۲۰:۳۰ | سه شنبه ساعت ۱۷:۳۰ تا ۲۰:۳۰,https://mftplus.com/lesson/391212125/طراحی-معماری-و-دکوراسیون-داخلی-مقدماتی
طراحی مکانیکی به کمک SOLIDWORKS I,علوم مهندسی,اکباتان,مشخص نشده,یکشنبه ۳ اسفند ۱۴۰۴,یکشنبه ۱۳ اردیبهشت ۱۴۰۵,"۷۹,۰۰۰,۰۰۰","۷۹,۰۰۰,۰۰۰",یکشنبه ساعت ۱۷:۳۰ تا ۲۰:۳۰ | سه شنبه ساعت ۱۷:۳۰ تا ۲۰:۳۰,https://mftplus.com/lesson/153718144/طراحی-مکانیکی-به-کمک-SOLIDWORKS-I
طراحی معماری و دکوراسیون داخلی مقدماتی,معماری,اسلامشهر,مشخص نشده,یکشنبه ۳ اسفند ۱۴۰۴,یکشنبه ۳ آبان ۱۴۰۵,"۱۷۱,۰۰۰,۰۰۰","۱۷۱,۰۰۰,۰۰۰",یکشنبه ساعت ۱۷:۰۰ تا ۲۱:۰۰,https://mftplus.com/lesson/391212125/طراحی-معماری-و-دکوراسیون-داخلی-مقدماتی
تبدیل نقشه های فاز یک به فاز دو,معماری,بلوار کاوه(قیطریه),مشخص نشده,یکشنبه ۳ اسفند ۱۴۰۴,یکشنبه ۱۷ اسفند ۱۴۰۴,"۵۹,۰۰۰,۰۰۰","۵۹,۰۰۰,۰۰۰",یکشنبه ساعت ۰۹:۰۰ تا ۱۴:۰۰ | سه شنبه ساعت ۰۹:۰۰ تا ۱۴:۰۰,https://mftplus.com/lesson/391412142/تبدیل-نقشه-های-فاز-یک-به-فاز-دو
مدیریت هتلداری,تشریفات و گردشگری,اکباتان,مشخص نشده,یکشنبه ۳ اسفند ۱۴۰۴,یکشنبه ۶ اردیبهشت ۱۴۰۵,"۱۴۳,۰۰۰,۰۰۰","۱۴۳,۰۰۰,۰۰۰",یکشنبه ساعت ۱۰:۳۰ تا ۱۵:۳۰,https://mftplus.com/lesson/3829/مدیریت-هتلداری
مدیریت هتلداری,تشریفات و گردشگری,زعفرانیه,مشخص نشده,یکشنبه ۳ اسفند ۱۴۰۴,یکشنبه ۶ اردیبهشت ۱۴۰۵,"۱۴۳,۰۰۰,۰۰۰","۱۴۳,۰۰۰,۰۰۰",یکشنبه ساعت ۱۰:۳۰ تا ۱۵:۳۰,https://mftplus.com/lesson/3829/مدیریت-هتلداری
مدیریت هتلداری,تشریفات و گردشگری,نیاوران,مشخص نشده,یکشنبه ۳ اسفند ۱۴۰۴,یکشنبه ۶ اردیبهشت ۱۴۰۵,"۱۴۳,۰۰۰,۰۰۰","۱۴۳,۰۰۰,۰۰۰",یکشنبه ساعت ۱۰:۳۰ تا ۱۵:۳۰,https://mftplus.com/lesson/3829/مدیریت-هتلداری
پریمیر,هنر و سینما,نارمک,مشخص نشده,یکشنبه ۳ اسفند ۱۴۰۴,یکشنبه ۳ خرداد ۱۴۰۵,"۶۶,۰۰۰,۰۰۰","۶۶,۰۰۰,۰۰۰",یکشنبه ساعت ۱۶:۰۰ تا ۲۰:۰۰,https://mftplus.com/lesson/431213156/پریمیر
حسابداری ویژه بازار کار,علوم مالی و حسابداری,شهرقدس,مشخص نشده,یکشنبه ۳ اسفند ۱۴۰۴,سه شنبه ۸ دی ۱۴۰۵,"۱۴۲,۰۸۰,۰۰۰","۱۴۲,۰۸۰,۰۰۰",یکشنبه ساعت ۱۷:۰۰ تا ۱۹:۰۰ | سه شنبه ساعت ۱۷:۰۰ تا ۱۹:۰۰,https://mftplus.com/lesson/3869/حسابداری-ویژه-بازار-کار
ادمین تخصصی اینستاگرام,تولید محتوا,میرداماد,مشخص نشده,یکشنبه ۳ اسفند ۱۴۰۴,یکشنبه ۶ اردیبهشت ۱۴۰۵,"۶۰,۰۰۰,۰۰۰","۶۰,۰۰۰,۰۰۰",یکشنبه ساعت ۱۷:۰۰ تا ۲۱:۰۰,https://mftplus.com/lesson/5741/ادمین-تخصصی-اینستاگرام
ICDL Pack 2021,فناوری اطلاعات و ارتباطات,انقلاب,مشخص نشده,یکشنبه ۳ اسفند ۱۴۰۴,سه شنبه ۲۹ اردیبهشت ۱۴۰۵,"۶۳,۰۰۰,۰۰۰","۸۱,۰۰۰,۰۰۰",یکشنبه ساعت ۰۸:۳۰ تا ۱۴:۳۰ | سه شنبه ساعت ۰۸:۳۰ تا ۱۴:۳۰,https://mftplus.com/lesson/5575/ICDL-Pack-2021
وکیل مالیاتی,علوم مالی و حسابداری,سعادت آباد (مرکزی),مشخص نشده,یکشنبه ۳ اسفند ۱۴۰۴,یکشنبه ۲۷ اردیبهشت ۱۴۰۵,"۸۵,۵۰۰,۰۰۰","۸۵,۵۰۰,۰۰۰",یکشنبه ساعت ۱۷:۳۰ تا ۲۰:۳۰ | سه شنبه ساعت ۱۷:۳۰ تا ۲۰:۳۰,https://mftplus.com/lesson/6395/وکیل-مالیاتی
زبان ایتالیایی B1,زبانهای خارجی,بلوار کاوه(قیطریه),مشخص نشده,یکشنبه ۳ اسفند ۱۴۰۴,سه شنبه ۲۲ اردیبهشت ۱۴۰۵,"۶۷,۳۰۰,۰۰۰","۶۷,۳۰۰,۰۰۰",یکشنبه ساعت ۱۳:۳۰ تا ۱۶:۳۰ | سه شنبه ساعت ۱۳:۳۰ تا ۱۶:۳۰,https://mftplus.com/lesson/5911/زبان-ایتالیایی-B1
ایلاستریتور,هنر و سینما,بلوار کاوه(قیطریه),مشخص نشده,یکشنبه ۳ اسفند ۱۴۰۴,سه شنبه ۲۶ اسفند ۱۴۰۴,"۴۴,۰۰۰,۰۰۰","۵۴,۰۰۰,۰۰۰",یکشنبه ساعت ۰۹:۰۰ تا ۱۴:۰۰ | سه شنبه ساعت ۰۹:۰۰ تا ۱۴:۰۰,https://mftplus.com/lesson/431314131/ایلاستریتور
اسکیس و راندو,معماری,بلوار کاوه(قیطریه),مشخص نشده,یکشنبه ۳ اسفند ۱۴۰۴,یکشنبه ۲۳ فروردین ۱۴۰۵,"۵۹,۰۰۰,۰۰۰","۵۹,۰۰۰,۰۰۰",یکشنبه ساعت ۰۹:۰۰ تا ۱۴:۰۰,https://mftplus.com/lesson/5233/اسکیس-و-راندو
کارگاه حقوق و دستمزد,علوم مالی و حسابداری,بلوار کاوه(قیطریه),مشخص نشده,یکشنبه ۳ اسفند ۱۴۰۴,سه شنبه ۱۲ اسفند ۱۴۰۴,"۲۱,۹۰۰,۰۰۰","۲۱,۹۰۰,۰۰۰",یکشنبه ساعت ۱۷:۰۰ تا ۲۰:۰۰ | سه شنبه ساعت ۱۷:۰۰ تا ۲۰:۰۰,https://mftplus.com/lesson/4274/کارگاه-حقوق-و-دستمزد
برنامه نویسی پایتون پیشرفته وب 3,کودک و نوجوان,سعادت آباد (مرکزی),سید جواد عظیمی,یکشنبه ۳ اسفند ۱۴۰۴,یکشنبه ۲۴ خرداد ۱۴۰۵,"۱۳۱,۱۰۰,۰۰۰","۱۳۱,۱۰۰,۰۰۰",یکشنبه ساعت ۱۷:۳۰ تا ۲۰:۳۰,https://mftplus.com/lesson/5122/برنامه-نویسی-پایتون-پیشرفته-وب-3
برنامه نویسی پایتون متوسطه 2,کودک و نوجوان,سعادت آباد (مرکزی),مشخص نشده,یکشنبه ۳ اسفند ۱۴۰۴,یکشنبه ۲۴ خرداد ۱۴۰۵,"۸۶,۹۰۰,۰۰۰","۸۶,۹۰۰,۰۰۰",یکشنبه ساعت ۱۷:۳۰ تا ۲۰:۳۰,https://mftplus.com/lesson/4845/برنامه-نویسی-پایتون-متوسطه-2
دوره جامع محاسبات ساختمان : ETABS/SAFE سطح یک,علوم مهندسی,ونک,مشخص نشده,یکشنبه ۳ اسفند ۱۴۰۴,سه شنبه ۳۰ تیر ۱۴۰۵,"۱۶۹,۰۰۰,۰۰۰","۱۶۹,۰۰۰,۰۰۰",یکشنبه ساعت ۱۷:۰۰ تا ۲۰:۰۰ | سه شنبه ساعت ۱۷:۰۰ تا ۲۰:۰۰,https://mftplus.com/lesson/153812123/دوره-جامع-محاسبات-ساختمان-:-ETABS/SAFE-سطح-یک
برنامه ریزی و کنترل پروژه با نرم افزار MS Project,علوم مهندسی,ونک,مشخص نشده,یکشنبه ۳ اسفند ۱۴۰۴,سه شنبه ۱ اردیبهشت ۱۴۰۵,"۶۵,۰۰۰,۰۰۰","۶۵,۰۰۰,۰۰۰",یکشنبه ساعت ۱۷:۰۰ تا ۲۰:۰۰ | سه شنبه ساعت ۱۷:۰۰ تا ۲۰:۰۰,https://mftplus.com/lesson/154012124/برنامه-ریزی-و-کنترل-پروژه-با-نرم-افزار-MS-Project
برنامه ریزی و کنترل پروژه با نرم افزار MS Project,علوم مهندسی,ونک,مشخص نشده,یکشنبه ۳ اسفند ۱۴۰۴,سه شنبه ۱ اردیبهشت ۱۴۰۵,"۶۵,۰۰۰,۰۰۰","۶۵,۰۰۰,۰۰۰",یکشنبه ساعت ۱۷:۰۰ تا ۲۰:۰۰ | سه شنبه ساعت ۱۷:۰۰ تا ۲۰:۰۰,https://mftplus.com/lesson/154012124/برنامه-ریزی-و-کنترل-پروژه-با-نرم-افزار-MS-Project
"مدیریت پروژه حرفه ای – مبانی و نرم افزارهای کاربردی (PMBOK, MSP & Primavera P6)",علوم مهندسی,ونک,مشخص نشده,یکشنبه ۳ اسفند ۱۴۰۴,یکشنبه ۲۱ تیر ۱۴۰۵,"۱۶۹,۰۰۰,۰۰۰","۱۶۹,۰۰۰,۰۰۰",یکشنبه ساعت ۱۷:۰۰ تا ۲۰:۰۰ | سه شنبه ساعت ۱۷:۰۰ تا ۲۰:۰۰,"https://mftplus.com/lesson/154012130/مدیریت-پروژه-حرفه-ای-–-مبانی-و-نرم-افزارهای-کاربردی-(PMBOK,-MSP-&-Primavera-P6)"
زبان انگلیسی B2.4,زبانهای خارجی,نیاوران,مشخص نشده,یکشنبه ۳ اسفند ۱۴۰۴,سه شنبه ۲۵ فروردین ۱۴۰۵,"۲۸,۹۰۰,۰۰۰","۲۸,۹۰۰,۰۰۰",یکشنبه ساعت ۱۷:۰۰ تا ۲۰:۰۰ | سه شنبه ساعت ۱۷:۰۰ تا ۲۰:۰۰,https://mftplus.com/lesson/231215294/زبان-انگلیسی-B2.4
اتوکد دوبعدی معماری,معماری,شهرقدس,مشخص نشده,یکشنبه ۳ اسفند ۱۴۰۴,یکشنبه ۱۳ اردیبهشت ۱۴۰۵,"۶۰,۰۰۰,۰۰۰","۶۰,۰۰۰,۰۰۰",یکشنبه ساعت ۱۹:۰۰ تا ۲۱:۰۰ | سه شنبه ساعت ۱۹:۰۰ تا ۲۱:۰۰,https://mftplus.com/lesson/391412131/اتوکد-دوبعدی-معماری
دست دوخته های چرمی,فناوری مد و پوشاک,اکباتان,مشخص نشده,یکشنبه ۳ اسفند ۱۴۰۴,یکشنبه ۳۰ فروردین ۱۴۰۵,"۷۵,۰۰۰,۰۰۰","۷۵,۰۰۰,۰۰۰",یکشنبه ساعت ۰۹:۰۰ تا ۱۴:۰۰ | سه شنبه ساعت ۰۹:۰۰ تا ۱۴:۰۰,https://mftplus.com/lesson/3258/دست-دوخته-های-چرمی
کودکان الکترونیکی 2,کودک و نوجوان,سعادت آباد (مرکزی),مشخص نشده,یکشنبه ۳ اسفند ۱۴۰۴,یکشنبه ۲۸ تیر ۱۴۰۵,"۷۸,۰۰۰,۰۰۰","۷۸,۰۰۰,۰۰۰",یکشنبه ساعت ۱۵:۳۰ تا ۱۷:۳۰,https://mftplus.com/lesson/4020/کودکان-الکترونیکی-2
تلفیقی Word+Excel 2021,فناوری اطلاعات و ارتباطات,اسلامشهر,مشخص نشده,یکشنبه ۳ اسفند ۱۴۰۴,یکشنبه ۲۳ فروردین ۱۴۰۵,"۳۸,۰۰۰,۰۰۰","۴۵,۰۰۰,۰۰۰",یکشنبه ساعت ۱۸:۰۰ تا ۲۱:۰۰ | سه شنبه ساعت ۱۸:۰۰ تا ۲۱:۰۰ | پنجشنبه ساعت ۱۸:۰۰ تا ۲۱:۰۰,https://mftplus.com/lesson/5976/تلفیقی-Word+Excel-2021
عیب یابی و تعمیر بردهای مدار چاپی (پیشرفته),برق و الکترونیک,سعادت آباد (مرکزی),پژمان شاه حسینی مهدوی,یکشنبه ۳ اسفند ۱۴۰۴,یکشنبه ۱۳ اردیبهشت ۱۴۰۵,"۱۲۴,۰۰۰,۰۰۰","۱۲۴,۰۰۰,۰۰۰",یکشنبه ساعت ۱۴:۳۰ تا ۲۰:۳۰,https://mftplus.com/lesson/5589/عیب-یابی-و-تعمیر-بردهای-مدار-چاپی-(پیشرفته)
زبان اسپانیایی A1.1,زبانهای خارجی,اکباتان,مشخص نشده,یکشنبه ۳ اسفند ۱۴۰۴,سه شنبه ۱۸ فروردین ۱۴۰۵,"۳۲,۶۰۰,۰۰۰","۳۲,۶۰۰,۰۰۰",یکشنبه ساعت ۱۸:۰۰ تا ۲۱:۰۰ | سه شنبه ساعت ۱۸:۰۰ تا ۲۱:۰۰,https://mftplus.com/lesson/231612153/زبان-اسپانیایی-A1.1
شمع سازی,هنر و سینما,پارک ساعی,مشخص نشده,یکشنبه ۳ اسفند ۱۴۰۴,دوشنبه ۴ اسفند ۱۴۰۴,"۲۸,۰۰۰,۰۰۰","۲۸,۰۰۰,۰۰۰",یکشنبه ساعت ۱۰:۰۰ تا ۱۶:۰۰ | دوشنبه ساعت ۱۰:۰۰ تا ۱۶:۰۰,https://mftplus.com/lesson/4861/شمع-سازی
زبان اسپانیایی A1.1,زبانهای خارجی,اکباتان,مشخص نشده,یکشنبه ۳ اسفند ۱۴۰۴,یکشنبه ۲۴ خرداد ۱۴۰۵,"۳۲,۶۰۰,۰۰۰","۳۲,۶۰۰,۰۰۰",یکشنبه ساعت ۱۷:۰۰ تا ۱۹:۰۰,https://mftplus.com/lesson/231612153/زبان-اسپانیایی-A1.1
مبانی کامپیوتر و ویندوز,فناوری اطلاعات و ارتباطات,انقلاب,مشخص نشده,یکشنبه ۳ اسفند ۱۴۰۴,سه شنبه ۱۹ اسفند ۱۴۰۴,"۲۰,۰۰۰,۰۰۰","۲۵,۰۰۰,۰۰۰",یکشنبه ساعت ۰۸:۳۰ تا ۱۴:۳۰ | سه شنبه ساعت ۰۸:۳۰ تا ۱۴:۳۰,https://mftplus.com/lesson/5711/مبانی-کامپیوتر-و-ویندوز
اصول مدیریت پروژه,مدیریت و کسب و کار,بلوار کاوه(قیطریه),مشخص نشده,یکشنبه ۳ اسفند ۱۴۰۴,سه شنبه ۱۲ اسفند ۱۴۰۴,"۴۴,۹۰۰,۰۰۰","۴۴,۹۰۰,۰۰۰",یکشنبه ساعت ۰۹:۰۰ تا ۱۳:۰۰ | سه شنبه ساعت ۰۹:۰۰ تا ۱۳:۰۰,https://mftplus.com/lesson/4675/اصول-مدیریت-پروژه
ICDL 2021 Level 1,فناوری اطلاعات و ارتباطات,اکباتان,مشخص نشده,یکشنبه ۳ اسفند ۱۴۰۴,سه شنبه ۱۵ اردیبهشت ۱۴۰۵,"۳۸,۰۰۰,۰۰۰","۴۹,۰۰۰,۰۰۰",یکشنبه ساعت ۱۷:۳۰ تا ۲۱:۳۰ | سه شنبه ساعت ۱۷:۳۰ تا ۲۱:۳۰,https://mftplus.com/lesson/5571/ICDL-2021-Level-1
ICDL Pack 2021,فناوری اطلاعات و ارتباطات,اکباتان,مشخص نشده,یکشنبه ۳ اسفند ۱۴۰۴,سه شنبه ۹ تیر ۱۴۰۵,"۶۳,۰۰۰,۰۰۰","۸۱,۰۰۰,۰۰۰",یکشنبه ساعت ۱۷:۳۰ تا ۲۱:۳۰ | سه شنبه ساعت ۱۷:۳۰ تا ۲۱:۳۰,https://mftplus.com/lesson/5575/ICDL-Pack-2021
ICDL 2021 Level 1,فناوری اطلاعات و ارتباطات,بلوار کاوه(قیطریه),مشخص نشده,یکشنبه ۳ اسفند ۱۴۰۴,یکشنبه ۳۰ فروردین ۱۴۰۵,"۳۸,۰۰۰,۰۰۰","۴۹,۰۰۰,۰۰۰",یکشنبه ساعت ۰۸:۰۰ تا ۱۴:۰۰ | سه شنبه ساعت ۰۸:۰۰ تا ۱۴:۰۰,https://mftplus.com/lesson/5571/ICDL-2021-Level-1
ICDL Pack 2021,فناوری اطلاعات و ارتباطات,بلوار کاوه(قیطریه),مشخص نشده,یکشنبه ۳ اسفند ۱۴۰۴,یکشنبه ۳ خرداد ۱۴۰۵,"۶۳,۰۰۰,۰۰۰","۸۱,۰۰۰,۰۰۰",یکشنبه ساعت ۰۸:۰۰ تا ۱۴:۰۰ | سه شنبه ساعت ۰۸:۰۰ تا ۱۴:۰۰,https://mftplus.com/lesson/5575/ICDL-Pack-2021
دوره جامع اجرای ساختمانهای بتنی و فولادی,علوم مهندسی,پارک ساعی,مشخص نشده,یکشنبه ۳ اسفند ۱۴۰۴,یکشنبه ۴ مرداد ۱۴۰۵,"۱۷۹,۰۰۰,۰۰۰","۱۷۹,۰۰۰,۰۰۰",یکشنبه ساعت ۱۷:۰۰ تا ۲۰:۰۰ | سه شنبه ساعت ۱۷:۰۰ تا ۲۰:۰۰,https://mftplus.com/lesson/3966/دوره-جامع-اجرای-ساختمانهای-بتنی-و-فولادی
حسابداری ویژه بازار کار,علوم مالی و حسابداری,اکباتان,مشخص نشده,یکشنبه ۳ اسفند ۱۴۰۴,یکشنبه ۱۹ مهر ۱۴۰۵,"۱۷۷,۶۰۰,۰۰۰","۱۷۷,۶۰۰,۰۰۰",یکشنبه ساعت ۱۷:۰۰ تا ۲۰:۰۰ | سه شنبه ساعت ۱۷:۰۰ تا ۲۰:۰۰,https://mftplus.com/lesson/3869/حسابداری-ویژه-بازار-کار
حسابداری مالی خدماتی,علوم مالی و حسابداری,اکباتان,مشخص نشده,یکشنبه ۳ اسفند ۱۴۰۴,سه شنبه ۱۵ اردیبهشت ۱۴۰۵,"۵۳,۹۰۰,۰۰۰","۵۳,۹۰۰,۰۰۰",یکشنبه ساعت ۱۷:۰۰ تا ۲۰:۰۰ | سه شنبه ساعت ۱۷:۰۰ تا ۲۰:۰۰,https://mftplus.com/lesson/3865/حسابداری-مالی-خدماتی
3Ds Max Beginners to Advanced & V-Ray,معماری,شهریار,مشخص نشده,یکشنبه ۳ اسفند ۱۴۰۴,سه شنبه ۱۹ خرداد ۱۴۰۵,"۱۱۵,۲۰۰,۰۰۰","۱۱۵,۲۰۰,۰۰۰",یکشنبه ساعت ۱۴:۰۰ تا ۱۷:۰۰ | سه شنبه ساعت ۱۴:۰۰ تا ۱۷:۰۰,https://mftplus.com/lesson/4542/3Ds-Max-Beginners-to-Advanced-&-V-Ray
طراحی داشبوردهای هوش تجاری با PowerBI,فناوری اطلاعات و ارتباطات,پارک ساعی,مشخص نشده,یکشنبه ۳ اسفند ۱۴۰۴,سه شنبه ۱۸ فروردین ۱۴۰۵,"۴۰,۰۰۰,۰۰۰","۵۰,۰۰۰,۰۰۰",یکشنبه ساعت ۱۷:۳۰ تا ۲۰:۳۰ | سه شنبه ساعت ۱۷:۳۰ تا ۲۰:۳۰,https://mftplus.com/lesson/6057/طراحی-داشبوردهای-هوش-تجاری-با-PowerBI
فتوشاپ نسخه مقدماتی تا پیشرفته,هنر و سینما,انقلاب,مشخص نشده,یکشنبه ۳ اسفند ۱۴۰۴,یکشنبه ۳۰ فروردین ۱۴۰۵,"۵۱,۰۰۰,۰۰۰","۵۶,۰۰۰,۰۰۰",یکشنبه ساعت ۰۹:۰۰ تا ۱۴:۰۰ | سه شنبه ساعت ۰۹:۰۰ تا ۱۴:۰۰,https://mftplus.com/lesson/431314130/فتوشاپ-نسخه-مقدماتی-تا-پیشرفته
مخراج کاری,علوم مهندسی,میرداماد,مشخص نشده,یکشنبه ۳ اسفند ۱۴۰۴,یکشنبه ۲۵ مرداد ۱۴۰۵,"۱۹۰,۰۰۰,۰۰۰","۱۹۰,۰۰۰,۰۰۰",یکشنبه ساعت ۱۴:۳۰ تا ۱۹:۳۰,https://mftplus.com/lesson/4332/مخراج-کاری
تکنیکهای ساخت و تولید طلا و جواهر,علوم مهندسی,میرداماد,مشخص نشده,یکشنبه ۳ اسفند ۱۴۰۴,یکشنبه ۱ شهریور ۱۴۰۵,"۱۹۹,۰۰۰,۰۰۰","۱۹۹,۰۰۰,۰۰۰",یکشنبه ساعت ۱۰:۳۰ تا ۱۴:۳۰,https://mftplus.com/lesson/154413123/تکنیکهای-ساخت-و-تولید-طلا-و-جواهر
دوره تحلیل تکنیکال کاربردی,علوم مالی و حسابداری,میرداماد,مشخص نشده,یکشنبه ۳ اسفند ۱۴۰۴,یکشنبه ۶ اردیبهشت ۱۴۰۵,"۵۸,۵۰۰,۰۰۰","۵۸,۵۰۰,۰۰۰",یکشنبه ساعت ۱۷:۳۰ تا ۲۰:۳۰,https://mftplus.com/lesson/3872/دوره-تحلیل-تکنیکال-کاربردی
کارگاه جامع مدیریت سرمایه گذاری در بازار رمز ارزها (ارز دیجیتال),علوم مالی و حسابداری,میرداماد,مشخص نشده,یکشنبه ۳ اسفند ۱۴۰۴,یکشنبه ۱۸ مرداد ۱۴۰۵,"۱۷۲,۹۰۰,۰۰۰","۱۷۲,۹۰۰,۰۰۰",یکشنبه ساعت ۱۷:۳۰ تا ۲۰:۳۰,https://mftplus.com/lesson/4446/کارگاه-جامع-مدیریت-سرمایه-گذاری-در-بازار-رمز-ارزها-(ارز-دیجیتال)
طراحی معماری و دکوراسیون داخلی متوسط,معماری,میرداماد,مشخص نشده,یکشنبه ۳ اسفند ۱۴۰۴,یکشنبه ۳ آبان ۱۴۰۵,"۲۰۶,۰۰۰,۰۰۰","۲۰۶,۰۰۰,۰۰۰",یکشنبه ساعت ۰۹:۳۰ تا ۱۳:۳۰,https://mftplus.com/lesson/391212126/طراحی-معماری-و-دکوراسیون-داخلی-متوسط
ICDL 2021 Level 1,فناوری اطلاعات و ارتباطات,انقلاب,مشخص نشده,یکشنبه ۳ اسفند ۱۴۰۴,یکشنبه ۳۰ فروردین ۱۴۰۵,"۳۸,۰۰۰,۰۰۰","۴۹,۰۰۰,۰۰۰",یکشنبه ساعت ۰۸:۳۰ تا ۱۴:۳۰ | سه شنبه ساعت ۰۸:۳۰ تا ۱۴:۳۰,https://mftplus.com/lesson/5571/ICDL-2021-Level-1
CCNA 200-301,فناوری اطلاعات و ارتباطات,ونک,مشخص نشده,یکشنبه ۳ اسفند ۱۴۰۴,یکشنبه ۲۱ تیر ۱۴۰۵,"۶۴,۰۰۰,۰۰۰","۷۸,۰۰۰,۰۰۰",یکشنبه ساعت ۱۷:۰۰ تا ۲۱:۰۰,https://mftplus.com/lesson/3742/CCNA-200-301
مدیریت هتلداری,تشریفات و گردشگری,نارمک,مشخص نشده,یکشنبه ۳ اسفند ۱۴۰۴,یکشنبه ۶ اردیبهشت ۱۴۰۵,"۱۴۳,۰۰۰,۰۰۰","۱۴۳,۰۰۰,۰۰۰",یکشنبه ساعت ۱۰:۳۰ تا ۱۵:۳۰,https://mftplus.com/lesson/3829/مدیریت-هتلداری
مدیریت هتلداری,تشریفات و گردشگری,ونک,مشخص نشده,یکشنبه ۳ اسفند ۱۴۰۴,یکشنبه ۶ اردیبهشت ۱۴۰۵,"۱۴۳,۰۰۰,۰۰۰","۱۴۳,۰۰۰,۰۰۰",یکشنبه ساعت ۱۰:۳۰ تا ۱۵:۳۰,https://mftplus.com/lesson/3829/مدیریت-هتلداری
C# Programming,فناوری اطلاعات و ارتباطات,سعادت آباد (مرکزی),علی محمد بهمن یار,دوشنبه ۴ اسفند ۱۴۰۴,دوشنبه ۲۵ خرداد ۱۴۰۵,"۶۷,۰۰۰,۰۰۰","۸۳,۰۰۰,۰۰۰",دوشنبه ساعت ۱۷:۳۰ تا ۲۱:۳۰,https://mftplus.com/lesson/132027124/C#-Programming
Network+,فناوری اطلاعات و ارتباطات,سعادت آباد (مرکزی),پدرام حسین نخعی,دوشنبه ۴ اسفند ۱۴۰۴,شنبه ۲۲ فروردین ۱۴۰۵,"۱۵,۰۰۰,۰۰۰","۲۰,۰۰۰,۰۰۰",شنبه ساعت ۱۷:۳۰ تا ۲۰:۳۰ | دوشنبه ساعت ۱۷:۳۰ تا ۲۰:۳۰,https://mftplus.com/lesson/131612129/Network+
MCSA PACK 2025,فناوری اطلاعات و ارتباطات,سعادت آباد (مرکزی),پدرام حسین نخعی,دوشنبه ۴ اسفند ۱۴۰۴,دوشنبه ۹ آذر ۱۴۰۵,"۱۷۳,۰۰۰,۰۰۰","۲۱۸,۰۰۰,۰۰۰",شنبه ساعت ۱۷:۳۰ تا ۲۰:۳۰ | دوشنبه ساعت ۱۷:۳۰ تا ۲۰:۳۰,https://mftplus.com/lesson/6364/MCSA-PACK-2025
تهیه نقشه های سازه با نرم افزار Revit structure,علوم مهندسی,اکباتان,مشخص نشده,دوشنبه ۴ اسفند ۱۴۰۴,چهارشنبه ۹ اردیبهشت ۱۴۰۵,"۷۲,۵۰۰,۰۰۰","۷۲,۵۰۰,۰۰۰",دوشنبه ساعت ۱۸:۰۰ تا ۲۱:۰۰ | چهارشنبه ساعت ۱۸:۰۰ تا ۲۱:۰۰,https://mftplus.com/lesson/4617/تهیه-نقشه-های-سازه-با-نرم-افزار-Revit-structure
نقاشی خط 1 (کالیگرافی مدرن),هنر و سینما,سعادت آباد (مرکزی),مشخص نشده,دوشنبه ۴ اسفند ۱۴۰۴,دوشنبه ۲۴ فروردین ۱۴۰۵,"۴۶,۸۰۰,۰۰۰","۴۶,۸۰۰,۰۰۰",دوشنبه ساعت ۱۴:۳۰ تا ۱۷:۳۰,https://mftplus.com/lesson/4456/نقاشی-خط-1-(کالیگرافی-مدرن)
کوتاه کردن مو (کوپ),دانش سلامت,آیت الله کاشانی (غرب),مشخص نشده,دوشنبه ۴ اسفند ۱۴۰۴,شنبه ۲۳ اسفند ۱۴۰۴,"۵۷,۲۰۰,۰۰۰","۵۷,۲۰۰,۰۰۰",شنبه ساعت ۱۰:۰۰ تا ۱۵:۰۰ | دوشنبه ساعت ۱۰:۰۰ تا ۱۵:۰۰,https://mftplus.com/lesson/5336/کوتاه-کردن-مو-(کوپ)
نقاشی خط 2 (کالیگرافی مدرن),هنر و سینما,بلوار کاوه(قیطریه),مشخص نشده,دوشنبه ۴ اسفند ۱۴۰۴,دوشنبه ۲۵ اسفند ۱۴۰۴,"۴۲,۰۰۰,۰۰۰","۴۲,۰۰۰,۰۰۰",دوشنبه ساعت ۱۶:۰۰ تا ۱۹:۰۰,https://mftplus.com/lesson/4517/نقاشی-خط-2-(کالیگرافی-مدرن)
سیستم های کنترلی الکتروهیدرولیک,برق و الکترونیک,سعادت آباد (مرکزی),مشخص نشده,دوشنبه ۴ اسفند ۱۴۰۴,پنجشنبه ۲۸ اسفند ۱۴۰۴,"۱۰۶,۰۰۰,۰۰۰","۱۰۶,۰۰۰,۰۰۰",دوشنبه ساعت ۱۶:۰۰ تا ۲۰:۰۰ | پنجشنبه ساعت ۰۸:۰۰ تا ۱۲:۰۰,https://mftplus.com/lesson/6330/سیستم-های-کنترلی-الکتروهیدرولیک
دوره جامع نرم افزار Arc GIS,علوم مهندسی,سیدخندان,مشخص نشده,دوشنبه ۴ اسفند ۱۴۰۴,دوشنبه ۱۸ خرداد ۱۴۰۵,"۹۹,۰۰۰,۰۰۰","۹۹,۰۰۰,۰۰۰",دوشنبه ساعت ۱۶:۰۰ تا ۲۰:۰۰,https://mftplus.com/lesson/5348/دوره-جامع-نرم-افزار-Arc-GIS
مدیریت بازاریابی,مدیریت و کسب و کار,آیت الله کاشانی (غرب),مشخص نشده,دوشنبه ۴ اسفند ۱۴۰۴,دوشنبه ۲۵ اسفند ۱۴۰۴,"۴۶,۲۰۰,۰۰۰","۵۹,۴۰۰,۰۰۰",شنبه ساعت ۱۷:۳۰ تا ۲۰:۳۰ | دوشنبه ساعت ۱۷:۳۰ تا ۲۰:۳۰,https://mftplus.com/lesson/4930/مدیریت-بازاریابی
طراحی معماری و دکوراسیون داخلی مقدماتی,معماری,سعادت آباد (مرکزی),مشخص نشده,دوشنبه ۴ اسفند ۱۴۰۴,دوشنبه ۱ تیر ۱۴۰۵,"۱۷۱,۰۰۰,۰۰۰","۱۷۱,۰۰۰,۰۰۰",شنبه ساعت ۱۷:۳۰ تا ۲۰:۳۰ | دوشنبه ساعت ۱۷:۳۰ تا ۲۰:۳۰ | چهارشنبه ساعت ۱۷:۳۰ تا ۲۰:۳۰,https://mftplus.com/lesson/391212125/طراحی-معماری-و-دکوراسیون-داخلی-مقدماتی
زبان ایتالیایی A2,زبانهای خارجی,بلوار کاوه(قیطریه),مشخص نشده,دوشنبه ۴ اسفند ۱۴۰۴,شنبه ۵ اردیبهشت ۱۴۰۵,"۶۴,۰۰۰,۰۰۰","۶۴,۰۰۰,۰۰۰",شنبه ساعت ۱۷:۰۰ تا ۲۰:۰۰ | دوشنبه ساعت ۱۷:۰۰ تا ۲۰:۰۰ | چهارشنبه ساعت ۱۷:۰۰ تا ۲۰:۰۰,https://mftplus.com/lesson/5910/زبان-ایتالیایی-A2
دوره طراحی رابط و تجربه کاربری (UI/UX),فناوری اطلاعات و ارتباطات,نیاوران,مشخص نشده,دوشنبه ۴ اسفند ۱۴۰۴,دوشنبه ۱۸ خرداد ۱۴۰۵,"۵۵,۰۰۰,۰۰۰","۶۸,۰۰۰,۰۰۰",دوشنبه ساعت ۱۴:۰۰ تا ۱۷:۰۰,https://mftplus.com/lesson/5605/دوره-طراحی-رابط-و-تجربه-کاربری-(UI/UX)
کمک های اولیه و فوریت های پزشکی,دانش سلامت,زعفرانیه,مشخص نشده,دوشنبه ۴ اسفند ۱۴۰۴,شنبه ۲۹ فروردین ۱۴۰۵,"۴۵,۵۰۰,۰۰۰","۴۵,۵۰۰,۰۰۰",شنبه ساعت ۱۴:۰۰ تا ۱۸:۰۰ | دوشنبه ساعت ۱۴:۰۰ تا ۱۸:۰۰,https://mftplus.com/lesson/341612128/کمک-های-اولیه-و-فوریت-های-پزشکی
طراحی طلا و جواهرات به کمک نرم افزار MATRIX - سطح یک,علوم مهندسی,سعادت آباد (مرکزی),مشخص نشده,دوشنبه ۴ اسفند ۱۴۰۴,چهارشنبه ۹ اردیبهشت ۱۴۰۵,"۱۵۵,۰۰۰,۰۰۰","۱۵۵,۰۰۰,۰۰۰",دوشنبه ساعت ۰۸:۰۰ تا ۱۴:۰۰ | چهارشنبه ساعت ۰۸:۰۰ تا ۱۴:۰۰,https://mftplus.com/lesson/6277/طراحی-طلا-و-جواهرات-به-کمک-نرم-افزار-MATRIX-سطح-یک
کارگاه پتینه ورق طلا,هنر و سینما,بلوار کاوه(قیطریه),مشخص نشده,دوشنبه ۴ اسفند ۱۴۰۴,دوشنبه ۴ اسفند ۱۴۰۴,"۲۱,۱۰۰,۰۰۰","۲۱,۱۰۰,۰۰۰",دوشنبه ساعت ۰۹:۰۰ تا ۱۴:۰۰,https://mftplus.com/lesson/431512147/کارگاه-پتینه-ورق-طلا
طراحی روشنایی با نرم‌افزارهای Dialux و Dialux evo,برق و الکترونیک,بلوار کاوه(قیطریه),مشخص نشده,دوشنبه ۴ اسفند ۱۴۰۴,دوشنبه ۲۱ اردیبهشت ۱۴۰۵,"۸۷,۰۰۰,۰۰۰","۸۷,۰۰۰,۰۰۰",دوشنبه ساعت ۰۹:۰۰ تا ۱۴:۰۰,https://mftplus.com/lesson/4674/طراحی-روشنایی-با-نرم‌افزارهای-Dialux-و-Dialux-evo
شمع سازی,هنر و سینما,بلوار کاوه(قیطریه),مشخص نشده,دوشنبه ۴ اسفند ۱۴۰۴,سه شنبه ۵ اسفند ۱۴۰۴,"۲۸,۰۰۰,۰۰۰","۲۸,۰۰۰,۰۰۰",دوشنبه ساعت ۰۹:۰۰ تا ۱۵:۰۰ | سه شنبه ساعت ۰۹:۰۰ تا ۱۵:۰۰,https://mftplus.com/lesson/4861/شمع-سازی
دوره جامع طراحی طلا و جواهرات به کمک نرم افزار MATRIX,علوم مهندسی,سعادت آباد (مرکزی),مشخص نشده,دوشنبه ۴ اسفند ۱۴۰۴,دوشنبه ۱۸ خرداد ۱۴۰۵,"۱۹۹,۰۰۰,۰۰۰","۱۹۹,۰۰۰,۰۰۰",دوشنبه ساعت ۰۸:۰۰ تا ۱۴:۰۰ | چهارشنبه ساعت ۰۸:۰۰ تا ۱۴:۰۰,https://mftplus.com/lesson/4502/دوره-جامع-طراحی-طلا-و-جواهرات-به-کمک-نرم-افزار-MATRIX
حسابداری ویژه بازار کار,علوم مالی و حسابداری,پارک ساعی,عباس دین محمدی,دوشنبه ۴ اسفند ۱۴۰۴,شنبه ۱۱ مهر ۱۴۰۵,"۱۷۷,۶۰۰,۰۰۰","۱۷۷,۶۰۰,۰۰۰",شنبه ساعت ۱۴:۰۰ تا ۱۷:۰۰ | دوشنبه ساعت ۱۴:۰۰ تا ۱۷:۰۰,https://mftplus.com/lesson/3869/حسابداری-ویژه-بازار-کار
حسابداری برای غیر حسابداران,علوم مالی و حسابداری,پارک ساعی,عباس دین محمدی,دوشنبه ۴ اسفند ۱۴۰۴,دوشنبه ۱۴ اردیبهشت ۱۴۰۵,"۶۷,۰۰۰,۰۰۰","۶۷,۰۰۰,۰۰۰",شنبه ساعت ۱۴:۰۰ تا ۱۷:۰۰ | دوشنبه ساعت ۱۴:۰۰ تا ۱۷:۰۰,https://mftplus.com/lesson/3857/حسابداری-برای-غیر-حسابداران
حسابداری مالی خدماتی,علوم مالی و حسابداری,پارک ساعی,عباس دین محمدی,دوشنبه ۴ اسفند ۱۴۰۴,دوشنبه ۱۴ اردیبهشت ۱۴۰۵,"۵۳,۹۰۰,۰۰۰","۵۳,۹۰۰,۰۰۰",شنبه ساعت ۱۴:۰۰ تا ۱۷:۰۰ | دوشنبه ساعت ۱۴:۰۰ تا ۱۷:۰۰,https://mftplus.com/lesson/3865/حسابداری-مالی-خدماتی
PHP & MYSQL Web Development,فناوری اطلاعات و ارتباطات,سیدخندان,مشخص نشده,دوشنبه ۴ اسفند ۱۴۰۴,دوشنبه ۱۸ خرداد ۱۴۰۵,"۹۹,۰۰۰,۰۰۰","۹۹,۰۰۰,۰۰۰",شنبه ساعت ۱۷:۳۰ تا ۲۰:۳۰ | دوشنبه ساعت ۱۷:۳۰ تا ۲۰:۳۰,https://mftplus.com/lesson/5352/PHP-&-MYSQL-Web-Development
Wordpress & SEO PACK,فناوری اطلاعات و ارتباطات,بلوار کاوه(قیطریه),مشخص نشده,دوشنبه ۴ اسفند ۱۴۰۴,دوشنبه ۱۱ خرداد ۱۴۰۵,"۱۰۰,۰۰۰,۰۰۰","۱۲۴,۰۰۰,۰۰۰",دوشنبه ساعت ۱۰:۰۰ تا ۱۶:۰۰,https://mftplus.com/lesson/4669/Wordpress-&-SEO-PACK
خوشنویسی تحریری(با خودکار),هنر و سینما,بلوار کاوه(قیطریه),مشخص نشده,دوشنبه ۴ اسفند ۱۴۰۴,دوشنبه ۳۱ فروردین ۱۴۰۵,"۱۶,۱۰۰,۰۰۰","۱۶,۱۰۰,۰۰۰",دوشنبه ساعت ۱۷:۰۰ تا ۲۰:۰۰,https://mftplus.com/lesson/431512131/خوشنویسی-تحریری(با-خودکار)
زبان آلمانی A1.1,زبانهای خارجی,بلوار کاوه(قیطریه),مشخص نشده,دوشنبه ۴ اسفند ۱۴۰۴,دوشنبه ۱۴ اردیبهشت ۱۴۰۵,"۵۵,۱۰۰,۰۰۰","۵۵,۱۰۰,۰۰۰",شنبه ساعت ۰۹:۰۰ تا ۱۲:۰۰ | دوشنبه ساعت ۰۹:۰۰ تا ۱۲:۰۰,https://mftplus.com/lesson/231412143/زبان-آلمانی-A1.1
ورکشاپ تخصصی شکلات دست ساز,تشریفات و گردشگری,پارک ساعی,مشخص نشده,دوشنبه ۴ اسفند ۱۴۰۴,دوشنبه ۱۱ اسفند ۱۴۰۴,"۸۸,۰۰۰,۰۰۰","۸۸,۰۰۰,۰۰۰",دوشنبه ساعت ۱۲:۰۰ تا ۱۶:۰۰ | سه شنبه ساعت ۱۲:۰۰ تا ۱۶:۰۰,https://mftplus.com/lesson/3814/ورکشاپ-تخصصی-شکلات-دست-ساز
نرم افزار InDesign,هنر و سینما,سعادت آباد (مرکزی),مشخص نشده,دوشنبه ۴ اسفند ۱۴۰۴,دوشنبه ۷ اردیبهشت ۱۴۰۵,"۴۷,۰۰۰,۰۰۰","۴۷,۰۰۰,۰۰۰",دوشنبه ساعت ۱۷:۳۰ تا ۲۰:۳۰,https://mftplus.com/lesson/5931/نرم-افزار-InDesign
کاربرد هوش مصنوعی در تولید محتوا و بازاریابی محتوایی,تولید محتوا,میرداماد,مشخص نشده,دوشنبه ۴ اسفند ۱۴۰۴,دوشنبه ۷ اردیبهشت ۱۴۰۵,"۵۲,۰۰۰,۰۰۰","۵۲,۰۰۰,۰۰۰",دوشنبه ساعت ۱۷:۰۰ تا ۲۱:۰۰,https://mftplus.com/lesson/6025/کاربرد-هوش-مصنوعی-در-تولید-محتوا-و-بازاریابی-محتوایی
مقدمه ای بر الگوریتم و برنامه نویسی,فناوری اطلاعات و ارتباطات,سعادت آباد (مرکزی),سید احمد مصباح,دوشنبه ۴ اسفند ۱۴۰۴,شنبه ۵ اردیبهشت ۱۴۰۵,"۲۸,۰۰۰,۰۰۰","۳۳,۰۰۰,۰۰۰",شنبه ساعت ۱۴:۳۰ تا ۱۷:۳۰ | دوشنبه ساعت ۱۴:۳۰ تا ۱۷:۳۰,https://mftplus.com/lesson/132017130/مقدمه-ای-بر-الگوریتم-و-برنامه-نویسی
دوره جامع طراحی لباس,فناوری مد و پوشاک,بلوار کاوه(قیطریه),مشخص نشده,دوشنبه ۴ اسفند ۱۴۰۴,چهارشنبه ۲۲ مهر ۱۴۰۵,"۲۶۱,۰۰۰,۰۰۰","۲۶۱,۰۰۰,۰۰۰",دوشنبه ساعت ۰۹:۰۰ تا ۱۴:۰۰ | چهارشنبه ساعت ۰۹:۰۰ تا ۱۴:۰۰,https://mftplus.com/lesson/6321/دوره-جامع-طراحی-لباس
طراحی لباس مقدماتی,فناوری مد و پوشاک,بلوار کاوه(قیطریه),مشخص نشده,دوشنبه ۴ اسفند ۱۴۰۴,دوشنبه ۸ تیر ۱۴۰۵,"۱۳۵,۰۰۰,۰۰۰","۱۳۵,۰۰۰,۰۰۰",دوشنبه ساعت ۰۹:۰۰ تا ۱۴:۰۰ | چهارشنبه ساعت ۰۹:۰۰ تا ۱۴:۰۰,https://mftplus.com/lesson/6311/طراحی-لباس-مقدماتی
دکوراتور داخلی,معماری,سعادت آباد (مرکزی),مشخص نشده,دوشنبه ۴ اسفند ۱۴۰۴,دوشنبه ۲۵ خرداد ۱۴۰۵,"۱۸۸,۰۰۰,۰۰۰","۱۸۸,۰۰۰,۰۰۰",شنبه ساعت ۱۱:۰۰ تا ۱۴:۰۰ | دوشنبه ساعت ۱۱:۰۰ تا ۱۴:۰۰ | چهارشنبه ساعت ۱۱:۰۰ تا ۱۴:۰۰,https://mftplus.com/lesson/391212131/دکوراتور-داخلی
برندینگ و مارکتینگ طلا و جواهر (دوره جامع فروش),علوم مهندسی,سعادت آباد (مرکزی),مشخص نشده,دوشنبه ۴ اسفند ۱۴۰۴,پنجشنبه ۷ خرداد ۱۴۰۵,"۱۵۰,۰۰۰,۰۰۰","۱۵۰,۰۰۰,۰۰۰",دوشنبه ساعت ۱۷:۳۰ تا ۲۰:۳۰ | پنجشنبه ساعت ۱۷:۳۰ تا ۲۰:۳۰,https://mftplus.com/lesson/4871/برندینگ-و-مارکتینگ-طلا-و-جواهر-(دوره-جامع-فروش)
3Ds Max Beginners to Advanced & V-Ray,معماری,نیاوران,مشخص نشده,دوشنبه ۴ اسفند ۱۴۰۴,دوشنبه ۲۸ اردیبهشت ۱۴۰۵,"۱۴۴,۰۰۰,۰۰۰","۱۴۴,۰۰۰,۰۰۰",شنبه ساعت ۰۹:۰۰ تا ۱۳:۰۰ | دوشنبه ساعت ۰۹:۰۰ تا ۱۳:۰۰,https://mftplus.com/lesson/4542/3Ds-Max-Beginners-to-Advanced-&-V-Ray
طراحی نما با اصول ضوابط شهرداری,معماری,نیاوران,مشخص نشده,دوشنبه ۴ اسفند ۱۴۰۴,شنبه ۲۱ شهریور ۱۴۰۵,"۳۶۴,۰۰۰,۰۰۰","۳۶۴,۰۰۰,۰۰۰",شنبه ساعت ۱۷:۰۰ تا ۲۱:۰۰ | دوشنبه ساعت ۱۷:۰۰ تا ۲۱:۰۰,https://mftplus.com/lesson/3785/طراحی-نما-با-اصول-ضوابط-شهرداری
دکوراتور داخلی,معماری,نیاوران,مشخص نشده,دوشنبه ۴ اسفند ۱۴۰۴,دوشنبه ۱ تیر ۱۴۰۵,"۱۸۸,۰۰۰,۰۰۰","۱۸۸,۰۰۰,۰۰۰",شنبه ساعت ۱۷:۰۰ تا ۲۱:۰۰ | دوشنبه ساعت ۱۷:۰۰ تا ۲۱:۰۰,https://mftplus.com/lesson/391212131/دکوراتور-داخلی
زبان فرانسه A1.1,زبانهای خارجی,سعادت آباد (مرکزی),مشخص نشده,دوشنبه ۴ اسفند ۱۴۰۴,شنبه ۲۹ فروردین ۱۴۰۵,"۳۶,۳۰۰,۰۰۰","۳۶,۳۰۰,۰۰۰",شنبه ساعت ۱۴:۳۰ تا ۱۷:۳۰ | دوشنبه ساعت ۱۴:۳۰ تا ۱۷:۳۰,https://mftplus.com/lesson/231312176/زبان-فرانسه-A1.1
طراحی دستی جواهرات,علوم مهندسی,اکباتان,مشخص نشده,دوشنبه ۴ اسفند ۱۴۰۴,دوشنبه ۱ تیر ۱۴۰۵,"۹۹,۰۰۰,۰۰۰","۹۹,۰۰۰,۰۰۰",دوشنبه ساعت ۱۰:۰۰ تا ۱۴:۰۰,https://mftplus.com/lesson/154412123/طراحی-دستی-جواهرات
نرم افزار EPLAN,برق و الکترونیک,سعادت آباد (مرکزی),مشخص نشده,دوشنبه ۴ اسفند ۱۴۰۴,دوشنبه ۱۷ فروردین ۱۴۰۵,"۷۸,۸۰۰,۰۰۰","۷۸,۸۰۰,۰۰۰",دوشنبه ساعت ۱۴:۳۰ تا ۲۰:۳۰,https://mftplus.com/lesson/181222127/نرم-افزار-EPLAN
طراحی نقاشی پیشرفته,هنر و سینما,بلوار کاوه(قیطریه),مشخص نشده,دوشنبه ۴ اسفند ۱۴۰۴,دوشنبه ۷ اردیبهشت ۱۴۰۵,"۴۶,۰۰۰,۰۰۰","۴۶,۰۰۰,۰۰۰",دوشنبه ساعت ۱۰:۰۰ تا ۱۵:۰۰,https://mftplus.com/lesson/431512125/طراحی-نقاشی-پیشرفته
سرویس و تعمیر موتورهای اشتعال جرقه ای,علوم مهندسی,اسلامشهر,مشخص نشده,دوشنبه ۴ اسفند ۱۴۰۴,شنبه ۲۶ اردیبهشت ۱۴۰۵,"۱۸۰,۰۰۰,۰۰۰","۱۸۰,۰۰۰,۰۰۰",شنبه ساعت ۱۸:۰۰ تا ۲۱:۰۰ | دوشنبه ساعت ۱۸:۰۰ تا ۲۱:۰۰,https://mftplus.com/lesson/6451/سرویس-و-تعمیر-موتورهای-اشتعال-جرقه-ای
اصول نقشه کشی با اتوکد,کودک و نوجوان,سعادت آباد (مرکزی),مشخص نشده,دوشنبه ۴ اسفند ۱۴۰۴,دوشنبه ۲۱ اردیبهشت ۱۴۰۵,"۷۲,۶۰۰,۰۰۰","۷۲,۶۰۰,۰۰۰",دوشنبه ساعت ۱۷:۳۰ تا ۲۰:۳۰,https://mftplus.com/lesson/4579/اصول-نقشه-کشی-با-اتوکد
نقاشی خط 1 (کالیگرافی مدرن),هنر و سینما,سعادت آباد (مرکزی),مشخص نشده,دوشنبه ۴ اسفند ۱۴۰۴,دوشنبه ۲۴ فروردین ۱۴۰۵,"۴۶,۸۰۰,۰۰۰","۴۶,۸۰۰,۰۰۰",دوشنبه ساعت ۱۷:۳۰ تا ۲۰:۳۰,https://mftplus.com/lesson/4456/نقاشی-خط-1-(کالیگرافی-مدرن)
پکیج طراحی دکوراسیون داخلی از مقدماتی تا پیشرفته,معماری,نیاوران,مشخص نشده,دوشنبه ۴ اسفند ۱۴۰۴,دوشنبه ۲ فروردین ۱۴۰۶,"۵۲۹,۰۰۰,۰۰۰","۵۲۹,۰۰۰,۰۰۰",دوشنبه ساعت ۱۷:۰۰ تا ۲۱:۰۰ | چهارشنبه ساعت ۱۷:۰۰ تا ۲۱:۰۰,https://mftplus.com/lesson/5999/پکیج-طراحی-دکوراسیون-داخلی-از-مقدماتی-تا-پیشرفته
طراحی معماری و دکوراسیون داخلی مقدماتی,معماری,نیاوران,مشخص نشده,دوشنبه ۴ اسفند ۱۴۰۴,چهارشنبه ۱۷ تیر ۱۴۰۵,"۱۷۱,۰۰۰,۰۰۰","۱۷۱,۰۰۰,۰۰۰",دوشنبه ساعت ۱۷:۰۰ تا ۲۱:۰۰ | چهارشنبه ساعت ۱۷:۰۰ تا ۲۱:۰۰,https://mftplus.com/lesson/391212125/طراحی-معماری-و-دکوراسیون-داخلی-مقدماتی
برنامه نویسی پایتون مقدماتی 2,کودک و نوجوان,سعادت آباد (مرکزی),مشخص نشده,دوشنبه ۴ اسفند ۱۴۰۴,دوشنبه ۲۵ خرداد ۱۴۰۵,"۶۶,۱۰۰,۰۰۰","۶۶,۱۰۰,۰۰۰",دوشنبه ساعت ۱۵:۳۰ تا ۱۷:۳۰,https://mftplus.com/lesson/3971/برنامه-نویسی-پایتون-مقدماتی-2
فتوشاپ مقدماتی نوجوان,کودک و نوجوان,بلوار کاوه(قیطریه),مشخص نشده,دوشنبه ۴ اسفند ۱۴۰۴,دوشنبه ۳۱ فروردین ۱۴۰۵,"۴۳,۷۰۰,۰۰۰","۵۰,۶۰۰,۰۰۰",دوشنبه ساعت ۱۷:۰۰ تا ۲۰:۰۰,https://mftplus.com/lesson/4520/فتوشاپ-مقدماتی-نوجوان
اتوکد دوبعدی معماری,معماری,پارک ساعی,مشخص نشده,دوشنبه ۴ اسفند ۱۴۰۴,دوشنبه ۷ اردیبهشت ۱۴۰۵,"۷۵,۰۰۰,۰۰۰","۷۵,۰۰۰,۰۰۰",دوشنبه ساعت ۱۸:۰۰ تا ۲۱:۰۰ | چهارشنبه ساعت ۱۸:۰۰ تا ۲۱:۰۰,https://mftplus.com/lesson/391412131/اتوکد-دوبعدی-معماری
تکنیک های سخنرانی,کودک و نوجوان,سعادت آباد (مرکزی),مشخص نشده,دوشنبه ۴ اسفند ۱۴۰۴,دوشنبه ۱۱ خرداد ۱۴۰۵,"۶۲,۷۰۰,۰۰۰","۶۲,۷۰۰,۰۰۰",دوشنبه ساعت ۱۵:۳۰ تا ۱۷:۳۰,https://mftplus.com/lesson/5615/تکنیک-های-سخنرانی
مهارتهای مذاکره,مدیریت و کسب و کار,پارک ساعی,مشخص نشده,دوشنبه ۴ اسفند ۱۴۰۴,دوشنبه ۱۸ اسفند ۱۴۰۴,"۱۹,۳۰۰,۰۰۰","۱۹,۳۰۰,۰۰۰",دوشنبه ساعت ۱۷:۳۰ تا ۲۰:۳۰,https://mftplus.com/lesson/4936/مهارتهای-مذاکره
متره، برآورد و صورت وضعیت نویسی عمران,علوم مهندسی,نیاوران,مشخص نشده,دوشنبه ۴ اسفند ۱۴۰۴,دوشنبه ۳۱ فروردین ۱۴۰۵,"۷۵,۰۰۰,۰۰۰","۷۵,۰۰۰,۰۰۰",شنبه ساعت ۱۷:۰۰ تا ۲۱:۰۰ | دوشنبه ساعت ۱۷:۰۰ تا ۲۱:۰۰,https://mftplus.com/lesson/153813123/متره،-برآورد-و-صورت-وضعیت-نویسی-عمران
Responsive & Bootstrap (Web Design II),فناوری اطلاعات و ارتباطات,سعادت آباد (مرکزی),صدیقه اخلاقی,دوشنبه ۴ اسفند ۱۴۰۴,دوشنبه ۱۴ اردیبهشت ۱۴۰۵,"۵۰,۰۰۰,۰۰۰","۶۳,۰۰۰,۰۰۰",دوشنبه ساعت ۱۴:۳۰ تا ۱۹:۳۰,https://mftplus.com/lesson/6457/Responsive-&-Bootstrap-(Web-Design-II)
طراحی نقاشی مقدماتی,هنر و سینما,اکباتان,مشخص نشده,دوشنبه ۴ اسفند ۱۴۰۴,دوشنبه ۲۴ فروردین ۱۴۰۵,"۴۲,۰۰۰,۰۰۰","۴۲,۰۰۰,۰۰۰",دوشنبه ساعت ۱۳:۰۰ تا ۱۷:۰۰ | چهارشنبه ساعت ۱۳:۰۰ تا ۱۷:۰۰,https://mftplus.com/lesson/6018/طراحی-نقاشی-مقدماتی
سئو و بهینه سازی موتورهای جست و جو (SEO),فناوری اطلاعات و ارتباطات,نیاوران,مشخص نشده,دوشنبه ۴ اسفند ۱۴۰۴,شنبه ۵ اردیبهشت ۱۴۰۵,"۶۵,۰۰۰,۰۰۰","۸۳,۰۰۰,۰۰۰",شنبه ساعت ۱۷:۰۰ تا ۲۰:۰۰ | دوشنبه ساعت ۱۷:۰۰ تا ۲۰:۰۰,https://mftplus.com/lesson/5303/سئو-و-بهینه-سازی-موتورهای-جست-و-جو-(SEO)
نقاشی میکس مدیا (تابلو های دکوراتیو),هنر و سینما,بلوار کاوه(قیطریه),مشخص نشده,دوشنبه ۴ اسفند ۱۴۰۴,دوشنبه ۲۵ اسفند ۱۴۰۴,"۴۵,۶۰۰,۰۰۰","۴۵,۶۰۰,۰۰۰",دوشنبه ساعت ۰۹:۰۰ تا ۱۴:۰۰,https://mftplus.com/lesson/4301/نقاشی-میکس-مدیا-(تابلو-های-دکوراتیو)
پکیج طراحی دکوراسیون داخلی از مقدماتی تا پیشرفته,معماری,بلوار کاوه(قیطریه),مشخص نشده,دوشنبه ۴ اسفند ۱۴۰۴,چهارشنبه ۹ دی ۱۴۰۵,"۵۲۹,۰۰۰,۰۰۰","۵۲۹,۰۰۰,۰۰۰",دوشنبه ساعت ۱۴:۰۰ تا ۱۹:۰۰ | چهارشنبه ساعت ۱۴:۰۰ تا ۱۹:۰۰,https://mftplus.com/lesson/5999/پکیج-طراحی-دکوراسیون-داخلی-از-مقدماتی-تا-پیشرفته
طراحی معماری و دکوراسیون داخلی مقدماتی,معماری,بلوار کاوه(قیطریه),مشخص نشده,دوشنبه ۴ اسفند ۱۴۰۴,دوشنبه ۲۵ خرداد ۱۴۰۵,"۱۷۱,۰۰۰,۰۰۰","۱۷۱,۰۰۰,۰۰۰",دوشنبه ساعت ۱۴:۰۰ تا ۱۹:۰۰ | چهارشنبه ساعت ۱۴:۰۰ تا ۱۹:۰۰,https://mftplus.com/lesson/391212125/طراحی-معماری-و-دکوراسیون-داخلی-مقدماتی
زبان اسپانیایی A1.1,زبانهای خارجی,بلوار کاوه(قیطریه),مشخص نشده,دوشنبه ۴ اسفند ۱۴۰۴,دوشنبه ۲۴ فروردین ۱۴۰۵,"۳۲,۶۰۰,۰۰۰","۳۲,۶۰۰,۰۰۰",دوشنبه ساعت ۱۲:۰۰ تا ۱۵:۰۰ | چهارشنبه ساعت ۱۲:۰۰ تا ۱۵:۰۰,https://mftplus.com/lesson/231612153/زبان-اسپانیایی-A1.1
ادمین تخصصی اینستاگرام,تولید محتوا,اسلامشهر,مشخص نشده,دوشنبه ۴ اسفند ۱۴۰۴,شنبه ۲۲ فروردین ۱۴۰۵,"۶۰,۰۰۰,۰۰۰","۶۰,۰۰۰,۰۰۰",شنبه ساعت ۱۸:۰۰ تا ۲۱:۰۰ | دوشنبه ساعت ۱۸:۰۰ تا ۲۱:۰۰,https://mftplus.com/lesson/5741/ادمین-تخصصی-اینستاگرام
طراحی لباس مقدماتی,فناوری مد و پوشاک,اکباتان,مشخص نشده,دوشنبه ۴ اسفند ۱۴۰۴,چهارشنبه ۱۸ شهریور ۱۴۰۵,"۱۳۵,۰۰۰,۰۰۰","۱۳۵,۰۰۰,۰۰۰",دوشنبه ساعت ۱۷:۳۰ تا ۲۰:۳۰ | چهارشنبه ساعت ۱۷:۳۰ تا ۲۰:۳۰,https://mftplus.com/lesson/6311/طراحی-لباس-مقدماتی
دوره جامع طراحی لباس,فناوری مد و پوشاک,اکباتان,مشخص نشده,دوشنبه ۴ اسفند ۱۴۰۴,دوشنبه ۲۴ اسفند ۱۴۰۵,"۲۶۱,۰۰۰,۰۰۰","۲۶۱,۰۰۰,۰۰۰",دوشنبه ساعت ۱۷:۳۰ تا ۲۰:۳۰ | چهارشنبه ساعت ۱۷:۳۰ تا ۲۰:۳۰,https://mftplus.com/lesson/6321/دوره-جامع-طراحی-لباس
پکیج فشرده  طراحی لباس,فناوری مد و پوشاک,اکباتان,مشخص نشده,دوشنبه ۴ اسفند ۱۴۰۴,دوشنبه ۲۶ مرداد ۱۴۰۵,"۱۸۰,۰۰۰,۰۰۰","۱۸۰,۰۰۰,۰۰۰",دوشنبه ساعت ۰۹:۰۰ تا ۱۴:۰۰,https://mftplus.com/lesson/6322/پکیج-فشرده-طراحی-لباس
نقشه کشی معماری,معماری,میرداماد,مشخص نشده,دوشنبه ۴ اسفند ۱۴۰۴,دوشنبه ۱۴ اردیبهشت ۱۴۰۵,"۶۲,۰۰۰,۰۰۰","۶۲,۰۰۰,۰۰۰",دوشنبه ساعت ۱۶:۳۰ تا ۲۰:۳۰,https://mftplus.com/lesson/391212129/نقشه-کشی-معماری
تولید محتوای ویدئویی نوجوانان,کودک و نوجوان,سعادت آباد (مرکزی),مشخص نشده,دوشنبه ۴ اسفند ۱۴۰۴,دوشنبه ۲۱ اردیبهشت ۱۴۰۵,"۴۶,۲۰۰,۰۰۰","۴۶,۲۰۰,۰۰۰",دوشنبه ساعت ۱۷:۳۰ تا ۱۹:۳۰,https://mftplus.com/lesson/5797/تولید-محتوای-ویدئویی-نوجوانان
Wordpress & WooCommerce Essential Training,فناوری اطلاعات و ارتباطات,بلوار کاوه(قیطریه),مشخص نشده,دوشنبه ۴ اسفند ۱۴۰۴,دوشنبه ۲۴ فروردین ۱۴۰۵,"۴۱,۰۰۰,۰۰۰","۵۳,۰۰۰,۰۰۰",دوشنبه ساعت ۱۰:۰۰ تا ۱۶:۰۰,https://mftplus.com/lesson/5202/Wordpress-&-WooCommerce-Essential-Training
کمک های اولیه و فوریت های پزشکی,دانش سلامت,نارمک,مشخص نشده,دوشنبه ۴ اسفند ۱۴۰۴,دوشنبه ۴ خرداد ۱۴۰۵,"۴۵,۵۰۰,۰۰۰","۴۵,۵۰۰,۰۰۰",دوشنبه ساعت ۱۳:۰۰ تا ۱۷:۰۰,https://mftplus.com/lesson/341612128/کمک-های-اولیه-و-فوریت-های-پزشکی
ReactJS,فناوری اطلاعات و ارتباطات,اکباتان,مشخص نشده,دوشنبه ۴ اسفند ۱۴۰۴,دوشنبه ۴ خرداد ۱۴۰۵,"۶۱,۰۰۰,۰۰۰","۷۷,۰۰۰,۰۰۰",دوشنبه ساعت ۱۹:۰۰ تا ۲۲:۳۰,https://mftplus.com/lesson/4040/ReactJS
طراحی معماری و دکوراسیون داخلی متوسط,معماری,نیاوران,مشخص نشده,دوشنبه ۴ اسفند ۱۴۰۴,دوشنبه ۸ تیر ۱۴۰۵,"۲۰۶,۰۰۰,۰۰۰","۲۰۶,۰۰۰,۰۰۰",شنبه ساعت ۱۷:۰۰ تا ۲۱:۰۰ | دوشنبه ساعت ۱۷:۰۰ تا ۲۱:۰۰,https://mftplus.com/lesson/391212126/طراحی-معماری-و-دکوراسیون-داخلی-متوسط
طراحی معماری و دکوراسیون داخلی پیشرفته,معماری,سعادت آباد (مرکزی),مشخص نشده,دوشنبه ۴ اسفند ۱۴۰۴,شنبه ۲۶ اردیبهشت ۱۴۰۵,"۲۱۹,۰۰۰,۰۰۰","۲۱۹,۰۰۰,۰۰۰",شنبه ساعت ۰۹:۰۰ تا ۱۴:۰۰ | دوشنبه ساعت ۰۹:۰۰ تا ۱۴:۰۰ | چهارشنبه ساعت ۰۹:۰۰ تا ۱۴:۰۰,https://mftplus.com/lesson/5998/طراحی-معماری-و-دکوراسیون-داخلی-پیشرفته
طراحی معماری و دکوراسیون داخلی مقدماتی,معماری,سعادت آباد (مرکزی),مشخص نشده,دوشنبه ۴ اسفند ۱۴۰۴,دوشنبه ۱ تیر ۱۴۰۵,"۱۷۱,۰۰۰,۰۰۰","۱۷۱,۰۰۰,۰۰۰",شنبه ساعت ۱۱:۰۰ تا ۱۴:۰۰ | دوشنبه ساعت ۱۱:۰۰ تا ۱۴:۰۰ | چهارشنبه ساعت ۱۱:۰۰ تا ۱۴:۰۰,https://mftplus.com/lesson/391212125/طراحی-معماری-و-دکوراسیون-داخلی-مقدماتی
ارزیابی اقتصادی پروژه ها با نرم افزار COMFAR III,علوم مهندسی,نیاوران,مشخص نشده,دوشنبه ۴ اسفند ۱۴۰۴,دوشنبه ۲۱ اردیبهشت ۱۴۰۵,"۸۵,۰۰۰,۰۰۰","۸۵,۰۰۰,۰۰۰",دوشنبه ساعت ۱۷:۰۰ تا ۲۱:۰۰,https://mftplus.com/lesson/153912123/ارزیابی-اقتصادی-پروژه-ها-با-نرم-افزار-COMFAR-III
طراحی مانکن و لباس,کودک و نوجوان,سعادت آباد (مرکزی),مشخص نشده,دوشنبه ۴ اسفند ۱۴۰۴,دوشنبه ۳۱ فروردین ۱۴۰۵,"۵۶,۴۰۰,۰۰۰","۵۶,۴۰۰,۰۰۰",دوشنبه ساعت ۱۷:۳۰ تا ۲۰:۳۰,https://mftplus.com/lesson/3001/طراحی-مانکن-و-لباس
رباتیک مقدماتی,کودک و نوجوان,سعادت آباد (مرکزی),مشخص نشده,دوشنبه ۴ اسفند ۱۴۰۴,دوشنبه ۲۱ اردیبهشت ۱۴۰۵,"۴۸,۳۰۰,۰۰۰","۴۸,۳۰۰,۰۰۰",دوشنبه ساعت ۱۷:۳۰ تا ۱۹:۳۰,https://mftplus.com/lesson/191712130/رباتیک-مقدماتی
اصطلاحات رایج زبان انگلیسی 1,زبانهای خارجی,اکباتان,مشخص نشده,دوشنبه ۴ اسفند ۱۴۰۴,دوشنبه ۷ اردیبهشت ۱۴۰۵,"۱۸,۸۰۰,۰۰۰","۱۸,۸۰۰,۰۰۰",دوشنبه ساعت ۱۷:۰۰ تا ۱۹:۰۰,https://mftplus.com/lesson/6163/اصطلاحات-رایج-زبان-انگلیسی-1
آموزش تخصصی لینکدین,تولید محتوا,اکباتان,مشخص نشده,دوشنبه ۴ اسفند ۱۴۰۴,چهارشنبه ۱۳ اسفند ۱۴۰۴,"۲۵,۰۰۰,۰۰۰","۲۵,۰۰۰,۰۰۰",دوشنبه ساعت ۱۶:۰۰ تا ۱۹:۰۰ | چهارشنبه ساعت ۱۶:۰۰ تا ۱۹:۰۰,https://mftplus.com/lesson/4873/آموزش-تخصصی-لینکدین
برنامه ریزی و کنترل پروژه با نرم افزار Oracle Primavera P6,علوم مهندسی,ونک,مشخص نشده,دوشنبه ۴ اسفند ۱۴۰۴,چهارشنبه ۹ اردیبهشت ۱۴۰۵,"۷۵,۰۰۰,۰۰۰","۷۵,۰۰۰,۰۰۰",دوشنبه ساعت ۱۷:۰۰ تا ۲۰:۰۰ | چهارشنبه ساعت ۱۷:۰۰ تا ۲۰:۰۰,https://mftplus.com/lesson/154012133/برنامه-ریزی-و-کنترل-پروژه-با-نرم-افزار-Oracle-Primavera-P6
مدیریت و راه اندازی کافه و رستوران,تشریفات و گردشگری,تهرانپارس,مشخص نشده,دوشنبه ۴ اسفند ۱۴۰۴,دوشنبه ۲۴ فروردین ۱۴۰۵,"۱۱۹,۰۰۰,۰۰۰","۱۱۹,۰۰۰,۰۰۰",دوشنبه ساعت ۱۰:۳۰ تا ۱۶:۳۰,https://mftplus.com/lesson/3815/مدیریت-و-راه-اندازی-کافه-و-رستوران
توانایی ماشینکاری و انتخاب ابزارهای برشی,علوم مهندسی,سعادت آباد (مرکزی),مشخص نشده,دوشنبه ۴ اسفند ۱۴۰۴,شنبه ۲۳ اسفند ۱۴۰۴,"۴۹,۰۰۰,۰۰۰","۴۹,۰۰۰,۰۰۰",شنبه ساعت ۱۹:۰۰ تا ۲۲:۰۰ | دوشنبه ساعت ۱۹:۰۰ تا ۲۲:۰۰ | چهارشنبه ساعت ۱۹:۰۰ تا ۲۲:۰۰,https://mftplus.com/lesson/4643/توانایی-ماشینکاری-و-انتخاب-ابزارهای-برشی
پکیج عکاسی کاربردی,هنر و سینما,سعادت آباد (مرکزی),مشخص نشده,دوشنبه ۴ اسفند ۱۴۰۴,دوشنبه ۲۳ آذر ۱۴۰۵,"۲۶۷,۸۰۰,۰۰۰","۲۶۷,۸۰۰,۰۰۰",دوشنبه ساعت ۱۵:۰۰ تا ۲۰:۰۰,https://mftplus.com/lesson/3063/پکیج-عکاسی-کاربردی
نازکدوزی زنانه,فناوری مد و پوشاک,اکباتان,مشخص نشده,دوشنبه ۴ اسفند ۱۴۰۴,دوشنبه ۱۶ آذر ۱۴۰۵,"۱۳۱,۰۰۰,۰۰۰","۱۳۱,۰۰۰,۰۰۰",دوشنبه ساعت ۱۷:۰۰ تا ۲۰:۰۰,https://mftplus.com/lesson/411414164/نازکدوزی-زنانه
مدیریت و راه اندازی کافه و رستوران,تشریفات و گردشگری,ونک,مشخص نشده,دوشنبه ۴ اسفند ۱۴۰۴,دوشنبه ۲۴ فروردین ۱۴۰۵,"۱۱۹,۰۰۰,۰۰۰","۱۱۹,۰۰۰,۰۰۰",دوشنبه ساعت ۱۰:۳۰ تا ۱۶:۳۰,https://mftplus.com/lesson/3815/مدیریت-و-راه-اندازی-کافه-و-رستوران
مدیریت و راه اندازی کافه و رستوران,تشریفات و گردشگری,نیاوران,مشخص نشده,دوشنبه ۴ اسفند ۱۴۰۴,دوشنبه ۲۴ فروردین ۱۴۰۵,"۱۱۹,۰۰۰,۰۰۰","۱۱۹,۰۰۰,۰۰۰",دوشنبه ساعت ۱۰:۳۰ تا ۱۶:۳۰,https://mftplus.com/lesson/3815/مدیریت-و-راه-اندازی-کافه-و-رستوران
درک معماری,معماری,انقلاب,مشخص نشده,دوشنبه ۴ اسفند ۱۴۰۴,شنبه ۲۳ اسفند ۱۴۰۴,"۴۷,۰۰۰,۰۰۰","۴۷,۰۰۰,۰۰۰",شنبه ساعت ۱۷:۳۰ تا ۲۰:۳۰ | دوشنبه ساعت ۱۷:۳۰ تا ۲۰:۳۰ | چهارشنبه ساعت ۱۷:۳۰ تا ۲۰:۳۰,https://mftplus.com/lesson/391212130/درک-معماری
نرم افزار EPLAN,برق و الکترونیک,میرداماد,مشخص نشده,دوشنبه ۴ اسفند ۱۴۰۴,دوشنبه ۲۱ اردیبهشت ۱۴۰۵,"۷۸,۸۰۰,۰۰۰","۷۸,۸۰۰,۰۰۰",دوشنبه ساعت ۱۷:۳۰ تا ۲۰:۳۰,https://mftplus.com/lesson/181222127/نرم-افزار-EPLAN
تکنیکهای ساخت و تولید طلا و جواهر,علوم مهندسی,نیاوران,مشخص نشده,دوشنبه ۴ اسفند ۱۴۰۴,دوشنبه ۲ شهریور ۱۴۰۵,"۱۹۹,۰۰۰,۰۰۰","۱۹۹,۰۰۰,۰۰۰",دوشنبه ساعت ۱۵:۰۰ تا ۱۹:۰۰,https://mftplus.com/lesson/154413123/تکنیکهای-ساخت-و-تولید-طلا-و-جواهر
سوزن دوزی و نقش دوزی لباس,فناوری مد و پوشاک,میرداماد,مشخص نشده,دوشنبه ۴ اسفند ۱۴۰۴,دوشنبه ۴ خرداد ۱۴۰۵,"۳۷,۰۰۰,۰۰۰","۳۷,۰۰۰,۰۰۰",دوشنبه ساعت ۱۶:۰۰ تا ۲۰:۰۰,https://mftplus.com/lesson/411414160/سوزن-دوزی-و-نقش-دوزی-لباس
پارچه شناسی و خلاقیت در پارچه سازی,فناوری مد و پوشاک,میرداماد,مشخص نشده,دوشنبه ۴ اسفند ۱۴۰۴,دوشنبه ۲۴ فروردین ۱۴۰۵,"۲۷,۰۰۰,۰۰۰","۲۷,۰۰۰,۰۰۰",دوشنبه ساعت ۱۷:۳۰ تا ۲۰:۳۰,https://mftplus.com/lesson/6314/پارچه-شناسی-و-خلاقیت-در-پارچه-سازی
نرم افزار Revit معماری,معماری,میرداماد,مشخص نشده,دوشنبه ۴ اسفند ۱۴۰۴,دوشنبه ۱۱ خرداد ۱۴۰۵,"۸۹,۰۰۰,۰۰۰","۸۹,۰۰۰,۰۰۰",دوشنبه ساعت ۱۶:۰۰ تا ۲۰:۰۰,https://mftplus.com/lesson/391412129/نرم-افزار-Revit-معماری
اسکیس و راندو,معماری,میرداماد,مشخص نشده,دوشنبه ۴ اسفند ۱۴۰۴,دوشنبه ۲۱ اردیبهشت ۱۴۰۵,"۵۹,۰۰۰,۰۰۰","۵۹,۰۰۰,۰۰۰",دوشنبه ساعت ۱۷:۳۰ تا ۲۰:۳۰,https://mftplus.com/lesson/5233/اسکیس-و-راندو
پکیج طراحی دکوراسیون داخلی از مقدماتی تا پیشرفته,معماری,میرداماد,مشخص نشده,دوشنبه ۴ اسفند ۱۴۰۴,دوشنبه ۳۱ خرداد ۱۴۰۶,"۵۲۹,۰۰۰,۰۰۰","۵۲۹,۰۰۰,۰۰۰",دوشنبه ساعت ۱۴:۳۰ تا ۲۰:۳۰,https://mftplus.com/lesson/5999/پکیج-طراحی-دکوراسیون-داخلی-از-مقدماتی-تا-پیشرفته
طراحی معماری و دکوراسیون داخلی مقدماتی,معماری,میرداماد,مشخص نشده,دوشنبه ۴ اسفند ۱۴۰۴,دوشنبه ۱۲ مرداد ۱۴۰۵,"۱۷۱,۰۰۰,۰۰۰","۱۷۱,۰۰۰,۰۰۰",دوشنبه ساعت ۱۴:۳۰ تا ۲۰:۳۰,https://mftplus.com/lesson/391212125/طراحی-معماری-و-دکوراسیون-داخلی-مقدماتی
طراحی فضای سبز و محوطه سازی  (basic),معماری,میرداماد,مشخص نشده,دوشنبه ۴ اسفند ۱۴۰۴,دوشنبه ۴ آبان ۱۴۰۵,"۲۲۷,۰۰۰,۰۰۰","۲۲۷,۰۰۰,۰۰۰",دوشنبه ساعت ۰۹:۳۰ تا ۱۳:۳۰,https://mftplus.com/lesson/3914/طراحی-فضای-سبز-و-محوطه-سازی-(basic)
نرم افزار مالی سپیدار سیستم,علوم مالی و حسابداری,پرند,مشخص نشده,دوشنبه ۴ اسفند ۱۴۰۴,چهارشنبه ۹ اردیبهشت ۱۴۰۵,"۴۰,۰۰۰,۰۰۰","۴۰,۰۰۰,۰۰۰",دوشنبه ساعت ۱۸:۰۰ تا ۲۰:۰۰ | چهارشنبه ساعت ۱۸:۰۰ تا ۲۰:۰۰,https://mftplus.com/lesson/3999/نرم-افزار-مالی-سپیدار-سیستم
دوره ی جامع اجرای ساختمان از فونداسیون تا نازک کاری,معماری,سعادت آباد (مرکزی),مشخص نشده,دوشنبه ۴ اسفند ۱۴۰۴,شنبه ۱۶ خرداد ۱۴۰۵,"۱۹۸,۰۰۰,۰۰۰","۱۹۸,۰۰۰,۰۰۰",شنبه ساعت ۱۴:۳۰ تا ۱۷:۳۰ | دوشنبه ساعت ۱۴:۳۰ تا ۱۷:۳۰,https://mftplus.com/lesson/391612144/دوره-ی-جامع-اجرای-ساختمان-از-فونداسیون-تا-نازک-کاری
C# Programming,فناوری اطلاعات و ارتباطات,اکباتان,مشخص نشده,دوشنبه ۴ اسفند ۱۴۰۴,دوشنبه ۲۸ اردیبهشت ۱۴۰۵,"۶۷,۰۰۰,۰۰۰","۸۳,۰۰۰,۰۰۰",دوشنبه ساعت ۱۷:۳۰ تا ۲۰:۳۰ | چهارشنبه ساعت ۱۷:۳۰ تا ۲۰:۳۰,https://mftplus.com/lesson/132027124/C#-Programming
مقدمه ای بر الگوریتم و برنامه نویسی,فناوری اطلاعات و ارتباطات,میرداماد,مشخص نشده,دوشنبه ۴ اسفند ۱۴۰۴,دوشنبه ۷ اردیبهشت ۱۴۰۵,"۲۸,۰۰۰,۰۰۰","۳۳,۰۰۰,۰۰۰",دوشنبه ساعت ۱۶:۰۰ تا ۲۱:۰۰,https://mftplus.com/lesson/132017130/مقدمه-ای-بر-الگوریتم-و-برنامه-نویسی
کاربرد خلاقیت در طراحی لباس,فناوری مد و پوشاک,سعادت آباد (مرکزی),مشخص نشده,دوشنبه ۴ اسفند ۱۴۰۴,دوشنبه ۱۸ اسفند ۱۴۰۴,"۲۷,۰۰۰,۰۰۰","۲۷,۰۰۰,۰۰۰",دوشنبه ساعت ۰۸:۰۰ تا ۱۴:۰۰,https://mftplus.com/lesson/6307/کاربرد-خلاقیت-در-طراحی-لباس
طراحی معماری و دکوراسیون داخلی پیشرفته,معماری,بلوار کاوه(قیطریه),مشخص نشده,دوشنبه ۴ اسفند ۱۴۰۴,دوشنبه ۱ تیر ۱۴۰۵,"۲۱۹,۰۰۰,۰۰۰","۲۱۹,۰۰۰,۰۰۰",دوشنبه ساعت ۰۹:۰۰ تا ۱۴:۰۰ | چهارشنبه ساعت ۰۹:۰۰ تا ۱۴:۰۰,https://mftplus.com/lesson/5998/طراحی-معماری-و-دکوراسیون-داخلی-پیشرفته
طراحی نما ویژه بازار کار,معماری,بلوار کاوه(قیطریه),مشخص نشده,دوشنبه ۴ اسفند ۱۴۰۴,دوشنبه ۱۴ اردیبهشت ۱۴۰۵,"۱۰۲,۰۰۰,۰۰۰","۱۰۲,۰۰۰,۰۰۰",دوشنبه ساعت ۰۹:۰۰ تا ۱۴:۰۰,https://mftplus.com/lesson/4431/طراحی-نما-ویژه-بازار-کار
طراحی لباس تخصصی پیشرفته,فناوری مد و پوشاک,بلوار کاوه(قیطریه),مشخص نشده,دوشنبه ۴ اسفند ۱۴۰۴,دوشنبه ۸ تیر ۱۴۰۵,"۱۳۵,۰۰۰,۰۰۰","۱۳۵,۰۰۰,۰۰۰",دوشنبه ساعت ۰۹:۰۰ تا ۱۴:۰۰ | چهارشنبه ساعت ۰۹:۰۰ تا ۱۴:۰۰,https://mftplus.com/lesson/6319/طراحی-لباس-تخصصی-پیشرفته
تبدیل نقشه های فاز یک به فاز دو,معماری,بلوار کاوه(قیطریه),مشخص نشده,دوشنبه ۴ اسفند ۱۴۰۴,دوشنبه ۱۸ اسفند ۱۴۰۴,"۵۹,۰۰۰,۰۰۰","۵۹,۰۰۰,۰۰۰",شنبه ساعت ۱۴:۰۰ تا ۱۹:۰۰ | دوشنبه ساعت ۱۴:۰۰ تا ۱۹:۰۰,https://mftplus.com/lesson/391412142/تبدیل-نقشه-های-فاز-یک-به-فاز-دو
عکاسی دیجیتال,هنر و سینما,میرداماد,مشخص نشده,دوشنبه ۴ اسفند ۱۴۰۴,دوشنبه ۹ شهریور ۱۴۰۵,"۸۵,۹۰۰,۰۰۰","۸۵,۹۰۰,۰۰۰",دوشنبه ساعت ۱۷:۳۰ تا ۲۰:۳۰,https://mftplus.com/lesson/4919/عکاسی-دیجیتال
عکاسی با موبایل,تولید محتوا,میرداماد,مشخص نشده,دوشنبه ۴ اسفند ۱۴۰۴,دوشنبه ۴ خرداد ۱۴۰۵,"۴۶,۱۰۰,۰۰۰","۴۶,۱۰۰,۰۰۰",دوشنبه ساعت ۱۷:۳۰ تا ۲۰:۳۰,https://mftplus.com/lesson/6519/عکاسی-با-موبایل
نازکدوزی زنانه,فناوری مد و پوشاک,میرداماد,مشخص نشده,دوشنبه ۴ اسفند ۱۴۰۴,دوشنبه ۲۶ مرداد ۱۴۰۵,"۱۳۱,۰۰۰,۰۰۰","۱۳۱,۰۰۰,۰۰۰",دوشنبه ساعت ۱۵:۰۰ تا ۲۰:۰۰,https://mftplus.com/lesson/411414164/نازکدوزی-زنانه
دوره جامع طراحی لباس,فناوری مد و پوشاک,میرداماد,مشخص نشده,دوشنبه ۴ اسفند ۱۴۰۴,دوشنبه ۲۶ بهمن ۱۴۰۵,"۲۶۱,۰۰۰,۰۰۰","۲۶۱,۰۰۰,۰۰۰",دوشنبه ساعت ۱۴:۳۰ تا ۲۰:۳۰,https://mftplus.com/lesson/6321/دوره-جامع-طراحی-لباس
طراحی لباس مقدماتی,فناوری مد و پوشاک,میرداماد,مشخص نشده,دوشنبه ۴ اسفند ۱۴۰۴,دوشنبه ۲ شهریور ۱۴۰۵,"۱۳۵,۰۰۰,۰۰۰","۱۳۵,۰۰۰,۰۰۰",دوشنبه ساعت ۱۴:۳۰ تا ۲۰:۳۰,https://mftplus.com/lesson/6311/طراحی-لباس-مقدماتی
برنامه نویسی به زبان ++C,فناوری اطلاعات و ارتباطات,میرداماد,مشخص نشده,دوشنبه ۴ اسفند ۱۴۰۴,دوشنبه ۴ خرداد ۱۴۰۵,"۶۵,۰۰۰,۰۰۰","۸۰,۰۰۰,۰۰۰",دوشنبه ساعت ۱۶:۰۰ تا ۲۱:۰۰,https://mftplus.com/lesson/132017134/برنامه-نویسی-به-زبان-++C
تلفیقی Word+Excel 2021,فناوری اطلاعات و ارتباطات,میرداماد,مشخص نشده,دوشنبه ۴ اسفند ۱۴۰۴,چهارشنبه ۲۷ اسفند ۱۴۰۴,"۳۸,۰۰۰,۰۰۰","۴۵,۰۰۰,۰۰۰",شنبه ساعت ۰۹:۰۰ تا ۱۴:۰۰ | دوشنبه ساعت ۰۹:۰۰ تا ۱۴:۰۰ | چهارشنبه ساعت ۰۹:۰۰ تا ۱۴:۰۰,https://mftplus.com/lesson/5976/تلفیقی-Word+Excel-2021
Microsoft Office Word 2021,فناوری اطلاعات و ارتباطات,میرداماد,مشخص نشده,دوشنبه ۴ اسفند ۱۴۰۴,چهارشنبه ۱۳ اسفند ۱۴۰۴,"۱۷,۰۰۰,۰۰۰","۲۰,۰۰۰,۰۰۰",شنبه ساعت ۰۹:۰۰ تا ۱۴:۰۰ | دوشنبه ساعت ۰۹:۰۰ تا ۱۴:۰۰ | چهارشنبه ساعت ۰۹:۰۰ تا ۱۴:۰۰,https://mftplus.com/lesson/5714/Microsoft-Office-Word-2021
مدیریت و راه اندازی کافه و رستوران,تشریفات و گردشگری,باملند(شمال غرب),مشخص نشده,دوشنبه ۴ اسفند ۱۴۰۴,دوشنبه ۲۴ فروردین ۱۴۰۵,"۱۱۹,۰۰۰,۰۰۰","۱۱۹,۰۰۰,۰۰۰",دوشنبه ساعت ۱۰:۳۰ تا ۱۶:۳۰,https://mftplus.com/lesson/3815/مدیریت-و-راه-اندازی-کافه-و-رستوران
Microsoft Office Excel 2021,فناوری اطلاعات و ارتباطات,بلوار کاوه(قیطریه),مشخص نشده,دوشنبه ۴ اسفند ۱۴۰۴,دوشنبه ۱۱ اسفند ۱۴۰۴,"۲۳,۰۰۰,۰۰۰","۲۸,۰۰۰,۰۰۰",شنبه ساعت ۰۸:۰۰ تا ۱۴:۰۰ | دوشنبه ساعت ۰۸:۰۰ تا ۱۴:۰۰ | چهارشنبه ساعت ۰۸:۰۰ تا ۱۴:۰۰,https://mftplus.com/lesson/5578/Microsoft-Office-Excel-2021
برنامه نویسی مقدماتی ++C نوجوانان,کودک و نوجوان,سعادت آباد (مرکزی),مشخص نشده,دوشنبه ۴ اسفند ۱۴۰۴,دوشنبه ۱۹ مرداد ۱۴۰۵,"۷۲,۶۰۰,۰۰۰","۷۲,۶۰۰,۰۰۰",دوشنبه ساعت ۱۵:۳۰ تا ۱۷:۳۰,https://mftplus.com/lesson/191415123/برنامه-نویسی-مقدماتی-++C-نوجوانان
تخصصی پخت نان,تشریفات و گردشگری,البرز,مشخص نشده,دوشنبه ۴ اسفند ۱۴۰۴,دوشنبه ۱۷ فروردین ۱۴۰۵,"۸۰,۰۰۰,۰۰۰","۸۰,۰۰۰,۰۰۰",دوشنبه ساعت ۱۴:۰۰ تا ۱۸:۰۰,https://mftplus.com/lesson/4434/تخصصی-پخت-نان
مهارتهای مذاکره,مدیریت و کسب و کار,نیاوران,آریا آتش رزم,دوشنبه ۴ اسفند ۱۴۰۴,چهارشنبه ۶ اسفند ۱۴۰۴,"۲۳,۵۰۰,۰۰۰","۲۳,۵۰۰,۰۰۰",دوشنبه ساعت ۱۷:۰۰ تا ۲۱:۰۰ | چهارشنبه ساعت ۱۷:۰۰ تا ۲۱:۰۰,https://mftplus.com/lesson/4936/مهارتهای-مذاکره
موشن گرافیک,هنر و سینما,نیاوران,مشخص نشده,دوشنبه ۴ اسفند ۱۴۰۴,شنبه ۱۶ خرداد ۱۴۰۵,"۱۷۴,۰۰۰,۰۰۰","۱۷۴,۰۰۰,۰۰۰",شنبه ساعت ۰۹:۰۰ تا ۱۴:۰۰ | دوشنبه ساعت ۰۹:۰۰ تا ۱۴:۰۰,https://mftplus.com/lesson/3064/موشن-گرافیک
عکاسی دیجیتال,هنر و سینما,نیاوران,مشخص نشده,دوشنبه ۴ اسفند ۱۴۰۴,شنبه ۱۲ اردیبهشت ۱۴۰۵,"۸۵,۹۰۰,۰۰۰","۸۵,۹۰۰,۰۰۰",شنبه ساعت ۰۹:۰۰ تا ۱۴:۰۰ | دوشنبه ساعت ۰۹:۰۰ تا ۱۴:۰۰,https://mftplus.com/lesson/4919/عکاسی-دیجیتال
دوره جامع ساخت انیمیشن دوبعدی و سه بعدی,هنر و سینما,نیاوران,مشخص نشده,دوشنبه ۴ اسفند ۱۴۰۴,شنبه ۴ مهر ۱۴۰۵,"۳۶۲,۹۰۰,۰۰۰","۳۶۲,۹۰۰,۰۰۰",شنبه ساعت ۰۹:۰۰ تا ۱۴:۰۰ | دوشنبه ساعت ۰۹:۰۰ تا ۱۴:۰۰,https://mftplus.com/lesson/6146/دوره-جامع-ساخت-انیمیشن-دوبعدی-و-سه-بعدی
موشن گرافیک,هنر و سینما,نیاوران,مشخص نشده,دوشنبه ۴ اسفند ۱۴۰۴,شنبه ۱۶ خرداد ۱۴۰۵,"۱۷۴,۰۰۰,۰۰۰","۱۷۴,۰۰۰,۰۰۰",شنبه ساعت ۰۹:۰۰ تا ۱۴:۰۰ | دوشنبه ساعت ۰۹:۰۰ تا ۱۴:۰۰,https://mftplus.com/lesson/3064/موشن-گرافیک
فتوشاپ نسخه مقدماتی تا پیشرفته,هنر و سینما,نیاوران,مشخص نشده,دوشنبه ۴ اسفند ۱۴۰۴,شنبه ۲۹ فروردین ۱۴۰۵,"۵۱,۰۰۰,۰۰۰","۵۶,۰۰۰,۰۰۰",شنبه ساعت ۰۹:۰۰ تا ۱۴:۰۰ | دوشنبه ساعت ۰۹:۰۰ تا ۱۴:۰۰,https://mftplus.com/lesson/431314130/فتوشاپ-نسخه-مقدماتی-تا-پیشرفته
گریم متعادل سازی,دانش سلامت,نیاوران,مشخص نشده,دوشنبه ۴ اسفند ۱۴۰۴,شنبه ۵ اردیبهشت ۱۴۰۵,"۹۲,۷۰۰,۰۰۰","۹۲,۷۰۰,۰۰۰",شنبه ساعت ۱۰:۰۰ تا ۱۴:۰۰ | دوشنبه ساعت ۱۰:۰۰ تا ۱۴:۰۰,https://mftplus.com/lesson/341514125/گریم-متعادل-سازی
طراحی معماری و دکوراسیون داخلی متوسط,معماری,بلوار کاوه(قیطریه),مشخص نشده,سه شنبه ۵ اسفند ۱۴۰۴,یکشنبه ۲۴ خرداد ۱۴۰۵,"۲۰۶,۰۰۰,۰۰۰","۲۰۶,۰۰۰,۰۰۰",یکشنبه ساعت ۰۹:۳۰ تا ۱۴:۳۰ | سه شنبه ساعت ۰۹:۳۰ تا ۱۴:۳۰,https://mftplus.com/lesson/391212126/طراحی-معماری-و-دکوراسیون-داخلی-متوسط
بافت موی پایه,دانش سلامت,آیت الله کاشانی (غرب),مشخص نشده,سه شنبه ۵ اسفند ۱۴۰۴,یکشنبه ۲۳ فروردین ۱۴۰۵,"۶۵,۰۰۰,۰۰۰","۶۵,۰۰۰,۰۰۰",یکشنبه ساعت ۱۴:۰۰ تا ۱۷:۰۰ | سه شنبه ساعت ۱۴:۰۰ تا ۱۷:۰۰,https://mftplus.com/lesson/5704/بافت-موی-پایه
دوره طراحی رابط و تجربه کاربری (UI/UX),فناوری اطلاعات و ارتباطات,نارمک,مشخص نشده,سه شنبه ۵ اسفند ۱۴۰۴,یکشنبه ۲۳ فروردین ۱۴۰۵,"۵۵,۰۰۰,۰۰۰","۶۸,۰۰۰,۰۰۰",یکشنبه ساعت ۱۷:۰۰ تا ۲۱:۰۰ | سه شنبه ساعت ۱۷:۰۰ تا ۲۱:۰۰,https://mftplus.com/lesson/5605/دوره-طراحی-رابط-و-تجربه-کاربری-(UI/UX)
اسکیس و راندو,معماری,زعفرانیه,مشخص نشده,سه شنبه ۵ اسفند ۱۴۰۴,سه شنبه ۱۸ فروردین ۱۴۰۵,"۵۹,۰۰۰,۰۰۰","۵۹,۰۰۰,۰۰۰",یکشنبه ساعت ۱۷:۳۰ تا ۲۱:۰۰ | سه شنبه ساعت ۱۷:۳۰ تا ۲۱:۰۰,https://mftplus.com/lesson/5233/اسکیس-و-راندو
نازکدوزی زنانه,فناوری مد و پوشاک,آیت الله کاشانی (غرب),مشخص نشده,سه شنبه ۵ اسفند ۱۴۰۴,سه شنبه ۲۱ مهر ۱۴۰۵,"۱۳۱,۰۰۰,۰۰۰","۱۳۱,۰۰۰,۰۰۰",سه شنبه ساعت ۱۱:۰۰ تا ۱۵:۰۰,https://mftplus.com/lesson/411414164/نازکدوزی-زنانه
رباتیک مقدماتی,کودک و نوجوان,آیت الله کاشانی (غرب),مشخص نشده,سه شنبه ۵ اسفند ۱۴۰۴,سه شنبه ۸ اردیبهشت ۱۴۰۵,"۴۸,۳۰۰,۰۰۰","۴۸,۳۰۰,۰۰۰",سه شنبه ساعت ۱۷:۰۰ تا ۲۰:۰۰,https://mftplus.com/lesson/191712130/رباتیک-مقدماتی
راینو در معماری,معماری,بلوار کاوه(قیطریه),مشخص نشده,سه شنبه ۵ اسفند ۱۴۰۴,سه شنبه ۱ اردیبهشت ۱۴۰۵,"۱۲۰,۰۰۰,۰۰۰","۱۲۰,۰۰۰,۰۰۰",یکشنبه ساعت ۰۹:۰۰ تا ۱۴:۰۰ | سه شنبه ساعت ۰۹:۰۰ تا ۱۴:۰۰,https://mftplus.com/lesson/391412135/راینو-در-معماری
طراحی نقاشی پیشرفته,هنر و سینما,سعادت آباد (مرکزی),مشخص نشده,سه شنبه ۵ اسفند ۱۴۰۴,سه شنبه ۱۵ اردیبهشت ۱۴۰۵,"۴۶,۰۰۰,۰۰۰","۴۶,۰۰۰,۰۰۰",سه شنبه ساعت ۱۴:۰۰ تا ۱۹:۰۰,https://mftplus.com/lesson/431512125/طراحی-نقاشی-پیشرفته
نقاشی حرفه ای,هنر و سینما,سعادت آباد (مرکزی),مشخص نشده,سه شنبه ۵ اسفند ۱۴۰۴,سه شنبه ۱۵ اردیبهشت ۱۴۰۵,"۴۸,۰۰۰,۰۰۰","۴۸,۰۰۰,۰۰۰",سه شنبه ساعت ۱۴:۰۰ تا ۱۹:۰۰,https://mftplus.com/lesson/431512136/نقاشی-حرفه-ای
PLC LOGO,برق و الکترونیک,البرز,مشخص نشده,سه شنبه ۵ اسفند ۱۴۰۴,یکشنبه ۱۶ فروردین ۱۴۰۵,"۴۸,۸۸۰,۰۰۰","۴۸,۸۸۰,۰۰۰",یکشنبه ساعت ۱۷:۰۰ تا ۲۱:۰۰ | سه شنبه ساعت ۱۷:۰۰ تا ۲۱:۰۰,https://mftplus.com/lesson/4611/PLC-LOGO
ICDL Pack 2021,فناوری اطلاعات و ارتباطات,نیاوران,مشخص نشده,سه شنبه ۵ اسفند ۱۴۰۴,یکشنبه ۱۴ تیر ۱۴۰۵,"۶۳,۰۰۰,۰۰۰","۸۱,۰۰۰,۰۰۰",یکشنبه ساعت ۱۷:۰۰ تا ۲۱:۰۰ | سه شنبه ساعت ۱۷:۰۰ تا ۲۱:۰۰,https://mftplus.com/lesson/5575/ICDL-Pack-2021
طراحی فضای سبز و محوطه سازی  (basic),معماری,سعادت آباد (مرکزی),مشخص نشده,سه شنبه ۵ اسفند ۱۴۰۴,سه شنبه ۳۱ شهریور ۱۴۰۵,"۲۲۷,۰۰۰,۰۰۰","۲۲۷,۰۰۰,۰۰۰",سه شنبه ساعت ۰۹:۰۰ تا ۱۴:۰۰,https://mftplus.com/lesson/3914/طراحی-فضای-سبز-و-محوطه-سازی-(basic)
Programming with Python,فناوری اطلاعات و ارتباطات,نیاوران,مشخص نشده,سه شنبه ۵ اسفند ۱۴۰۴,سه شنبه ۲۹ اردیبهشت ۱۴۰۵,"۷۰,۰۰۰,۰۰۰","۸۸,۰۰۰,۰۰۰",یکشنبه ساعت ۱۷:۰۰ تا ۲۰:۰۰ | سه شنبه ساعت ۱۷:۰۰ تا ۲۰:۰۰,https://mftplus.com/lesson/5679/Programming-with-Python
Data Analysis with Python,فناوری اطلاعات و ارتباطات,پارک ساعی,مشخص نشده,سه شنبه ۵ اسفند ۱۴۰۴,سه شنبه ۲۹ اردیبهشت ۱۴۰۵,"۴۰,۰۰۰,۰۰۰","۵۰,۰۰۰,۰۰۰",سه شنبه ساعت ۱۷:۳۰ تا ۲۰:۳۰,https://mftplus.com/lesson/5544/Data-Analysis-with-Python
PTE Preparation Course,زبانهای خارجی,بلوار کاوه(قیطریه),مشخص نشده,سه شنبه ۵ اسفند ۱۴۰۴,یکشنبه ۲۰ اردیبهشت ۱۴۰۵,"۷۷,۸۰۰,۰۰۰","۷۷,۸۰۰,۰۰۰",یکشنبه ساعت ۱۷:۰۰ تا ۲۰:۰۰ | سه شنبه ساعت ۱۷:۰۰ تا ۲۰:۰۰,https://mftplus.com/lesson/231222153/PTE-Preparation-Course
تهیه نقشه های سازه با نرم افزار Revit structure,علوم مهندسی,سیدخندان,مشخص نشده,سه شنبه ۵ اسفند ۱۴۰۴,یکشنبه ۱۳ اردیبهشت ۱۴۰۵,"۷۲,۵۰۰,۰۰۰","۷۲,۵۰۰,۰۰۰",یکشنبه ساعت ۱۷:۳۰ تا ۲۰:۳۰ | سه شنبه ساعت ۱۷:۳۰ تا ۲۰:۳۰,https://mftplus.com/lesson/4617/تهیه-نقشه-های-سازه-با-نرم-افزار-Revit-structure
عکاسی دیجیتال,هنر و سینما,سیدخندان,مشخص نشده,سه شنبه ۵ اسفند ۱۴۰۴,سه شنبه ۱۹ خرداد ۱۴۰۵,"۸۵,۹۰۰,۰۰۰","۸۵,۹۰۰,۰۰۰",یکشنبه ساعت ۱۷:۳۰ تا ۲۰:۳۰ | سه شنبه ساعت ۱۷:۳۰ تا ۲۰:۳۰,https://mftplus.com/lesson/4919/عکاسی-دیجیتال
برنامه نویسی به زبان ++C,فناوری اطلاعات و ارتباطات,سعادت آباد (مرکزی),شهروز صیادی قردان,سه شنبه ۵ اسفند ۱۴۰۴,یکشنبه ۲۷ اردیبهشت ۱۴۰۵,"۶۵,۰۰۰,۰۰۰","۸۰,۰۰۰,۰۰۰",یکشنبه ساعت ۱۷:۳۰ تا ۲۰:۳۰ | سه شنبه ساعت ۱۷:۳۰ تا ۲۰:۳۰,https://mftplus.com/lesson/132017134/برنامه-نویسی-به-زبان-++C
(HTML & CSS (Web Design I,فناوری اطلاعات و ارتباطات,پرند,مشخص نشده,سه شنبه ۵ اسفند ۱۴۰۴,سه شنبه ۶ مرداد ۱۴۰۵,"۵۶,۰۰۰,۰۰۰","۵۶,۰۰۰,۰۰۰",سه شنبه ساعت ۱۸:۰۰ تا ۲۱:۰۰,https://mftplus.com/lesson/6456/(HTML-&-CSS-(Web-Design-I
طراحی نقاشی مقدماتی,هنر و سینما,سعادت آباد (مرکزی),مشخص نشده,سه شنبه ۵ اسفند ۱۴۰۴,سه شنبه ۱۵ اردیبهشت ۱۴۰۵,"۴۲,۰۰۰,۰۰۰","۴۲,۰۰۰,۰۰۰",سه شنبه ساعت ۱۴:۰۰ تا ۱۹:۰۰,https://mftplus.com/lesson/6018/طراحی-نقاشی-مقدماتی
درب اتوماتیک و کرکره برقی,برق و الکترونیک,پارک ساعی,مشخص نشده,سه شنبه ۵ اسفند ۱۴۰۴,چهارشنبه ۶ اسفند ۱۴۰۴,"۴۰,۰۰۰,۰۰۰","۴۰,۰۰۰,۰۰۰",سه شنبه ساعت ۰۹:۰۰ تا ۱۶:۰۰ | چهارشنبه ساعت ۰۹:۰۰ تا ۱۶:۰۰,https://mftplus.com/lesson/6090/درب-اتوماتیک-و-کرکره-برقی
پکیج فشرده  طراحی لباس,فناوری مد و پوشاک,ونک,مشخص نشده,سه شنبه ۵ اسفند ۱۴۰۴,سه شنبه ۳۰ تیر ۱۴۰۵,"۱۸۰,۰۰۰,۰۰۰","۱۸۰,۰۰۰,۰۰۰",سه شنبه ساعت ۱۰:۰۰ تا ۱۶:۰۰,https://mftplus.com/lesson/6322/پکیج-فشرده-طراحی-لباس
نرم افزار Revit معماری,معماری,اسلامشهر,مشخص نشده,سه شنبه ۵ اسفند ۱۴۰۴,پنجشنبه ۱۷ اردیبهشت ۱۴۰۵,"۸۹,۰۰۰,۰۰۰","۸۹,۰۰۰,۰۰۰",سه شنبه ساعت ۱۵:۰۰ تا ۱۸:۰۰ | پنجشنبه ساعت ۱۴:۰۰ تا ۱۷:۰۰,https://mftplus.com/lesson/391412129/نرم-افزار-Revit-معماری
ایمنی، بهداشت و محیط زیست (HSE) پیشرفته,علوم مهندسی,اکباتان,مشخص نشده,سه شنبه ۵ اسفند ۱۴۰۴,پنجشنبه ۳ اردیبهشت ۱۴۰۵,"۶۵,۰۰۰,۰۰۰","۶۵,۰۰۰,۰۰۰",سه شنبه ساعت ۱۶:۰۰ تا ۱۸:۳۰ | پنجشنبه ساعت ۱۶:۰۰ تا ۱۸:۳۰,https://mftplus.com/lesson/154113124/ایمنی،-بهداشت-و-محیط-زیست-(HSE)-پیشرفته
طراحی نقاشی مقدماتی,هنر و سینما,اکباتان,مشخص نشده,سه شنبه ۵ اسفند ۱۴۰۴,سه شنبه ۲۹ اردیبهشت ۱۴۰۵,"۴۲,۰۰۰,۰۰۰","۴۲,۰۰۰,۰۰۰",سه شنبه ساعت ۱۰:۰۰ تا ۱۴:۰۰,https://mftplus.com/lesson/6018/طراحی-نقاشی-مقدماتی
طراحی نقاشی مقدماتی,هنر و سینما,اکباتان,مشخص نشده,سه شنبه ۵ اسفند ۱۴۰۴,سه شنبه ۲۹ اردیبهشت ۱۴۰۵,"۴۲,۰۰۰,۰۰۰","۴۲,۰۰۰,۰۰۰",سه شنبه ساعت ۱۴:۰۰ تا ۱۸:۰۰,https://mftplus.com/lesson/6018/طراحی-نقاشی-مقدماتی
کاربرد هوش مصنوعی در تولید محتوا و بازاریابی محتوایی,تولید محتوا,نیاوران,رویا محمودی,سه شنبه ۵ اسفند ۱۴۰۴,یکشنبه ۲۴ اسفند ۱۴۰۴,"۵۲,۰۰۰,۰۰۰","۵۲,۰۰۰,۰۰۰",یکشنبه ساعت ۰۹:۰۰ تا ۱۴:۰۰ | سه شنبه ساعت ۰۹:۰۰ تا ۱۴:۰۰,https://mftplus.com/lesson/6025/کاربرد-هوش-مصنوعی-در-تولید-محتوا-و-بازاریابی-محتوایی
CCNA 200-301,فناوری اطلاعات و ارتباطات,بلوار کاوه(قیطریه),مشخص نشده,سه شنبه ۵ اسفند ۱۴۰۴,یکشنبه ۲۷ اردیبهشت ۱۴۰۵,"۶۴,۰۰۰,۰۰۰","۷۸,۰۰۰,۰۰۰",یکشنبه ساعت ۱۶:۰۰ تا ۲۰:۰۰ | سه شنبه ساعت ۱۶:۰۰ تا ۲۰:۰۰,https://mftplus.com/lesson/3742/CCNA-200-301
Programming with Python,فناوری اطلاعات و ارتباطات,سعادت آباد (مرکزی),امیرحسین احمدی کمازانی,سه شنبه ۵ اسفند ۱۴۰۴,سه شنبه ۲۹ اردیبهشت ۱۴۰۵,"۷۰,۰۰۰,۰۰۰","۸۸,۰۰۰,۰۰۰",یکشنبه ساعت ۱۷:۳۰ تا ۲۰:۳۰ | سه شنبه ساعت ۱۷:۳۰ تا ۲۰:۳۰,https://mftplus.com/lesson/5679/Programming-with-Python
Sketchup & Vray,معماری,سیدخندان,مشخص نشده,سه شنبه ۵ اسفند ۱۴۰۴,یکشنبه ۳۰ فروردین ۱۴۰۵,"۶۹,۰۰۰,۰۰۰","۶۹,۰۰۰,۰۰۰",یکشنبه ساعت ۱۳:۳۰ تا ۱۷:۳۰ | سه شنبه ساعت ۱۳:۳۰ تا ۱۷:۳۰,https://mftplus.com/lesson/391412133/Sketchup-&-Vray
3Ds Max Beginners to Advanced & V-Ray,معماری,سیدخندان,مشخص نشده,سه شنبه ۵ اسفند ۱۴۰۴,یکشنبه ۲۴ خرداد ۱۴۰۵,"۱۴۴,۰۰۰,۰۰۰","۱۴۴,۰۰۰,۰۰۰",یکشنبه ساعت ۱۷:۳۰ تا ۲۰:۳۰ | سه شنبه ساعت ۱۷:۳۰ تا ۲۰:۳۰,https://mftplus.com/lesson/4542/3Ds-Max-Beginners-to-Advanced-&-V-Ray
حسابداری ویژه بازار کار,علوم مالی و حسابداری,باملند(شمال غرب),مشخص نشده,سه شنبه ۵ اسفند ۱۴۰۴,یکشنبه ۱۲ مهر ۱۴۰۵,"۱۷۷,۶۰۰,۰۰۰","۱۷۷,۶۰۰,۰۰۰",یکشنبه ساعت ۱۷:۰۰ تا ۲۰:۰۰ | سه شنبه ساعت ۱۷:۰۰ تا ۲۰:۰۰,https://mftplus.com/lesson/3869/حسابداری-ویژه-بازار-کار
Wordpress & SEO PACK,فناوری اطلاعات و ارتباطات,نارمک,مشخص نشده,سه شنبه ۵ اسفند ۱۴۰۴,یکشنبه ۲۷ اردیبهشت ۱۴۰۵,"۱۲۴,۰۰۰,۰۰۰","۱۲۴,۰۰۰,۰۰۰",یکشنبه ساعت ۱۷:۰۰ تا ۲۱:۰۰ | سه شنبه ساعت ۱۷:۰۰ تا ۲۱:۰۰,https://mftplus.com/lesson/4669/Wordpress-&-SEO-PACK
Network+,فناوری اطلاعات و ارتباطات,اکباتان,مشخص نشده,سه شنبه ۵ اسفند ۱۴۰۴,یکشنبه ۲۳ فروردین ۱۴۰۵,"۱۵,۰۰۰,۰۰۰","۲۰,۰۰۰,۰۰۰",یکشنبه ساعت ۱۷:۳۰ تا ۲۰:۳۰ | سه شنبه ساعت ۱۷:۳۰ تا ۲۰:۳۰,https://mftplus.com/lesson/131612129/Network+
3Ds Max Beginners to Advanced & V-Ray,معماری,پارک ساعی,میثم صنگور,سه شنبه ۵ اسفند ۱۴۰۴,یکشنبه ۲۴ خرداد ۱۴۰۵,"۱۴۴,۰۰۰,۰۰۰","۱۴۴,۰۰۰,۰۰۰",یکشنبه ساعت ۱۷:۳۰ تا ۲۰:۳۰ | سه شنبه ساعت ۱۷:۳۰ تا ۲۰:۳۰,https://mftplus.com/lesson/4542/3Ds-Max-Beginners-to-Advanced-&-V-Ray
طراحی معماری و دکوراسیون داخلی متوسط,معماری,پارک ساعی,مشخص نشده,سه شنبه ۵ اسفند ۱۴۰۴,سه شنبه ۳۰ تیر ۱۴۰۵,"۲۰۶,۰۰۰,۰۰۰","۲۰۶,۰۰۰,۰۰۰",یکشنبه ساعت ۱۷:۰۰ تا ۲۰:۳۰ | سه شنبه ساعت ۱۷:۰۰ تا ۲۰:۳۰,https://mftplus.com/lesson/391212126/طراحی-معماری-و-دکوراسیون-داخلی-متوسط
تبدیل نقشه های فاز یک به فاز دو,معماری,نیاوران,مشخص نشده,سه شنبه ۵ اسفند ۱۴۰۴,سه شنبه ۱ اردیبهشت ۱۴۰۵,"۵۹,۰۰۰,۰۰۰","۵۹,۰۰۰,۰۰۰",سه شنبه ساعت ۱۷:۰۰ تا ۲۱:۰۰,https://mftplus.com/lesson/391412142/تبدیل-نقشه-های-فاز-یک-به-فاز-دو
زبان انگلیسی A1.7,زبانهای خارجی,سعادت آباد (مرکزی),الناز گلدسته,سه شنبه ۵ اسفند ۱۴۰۴,یکشنبه ۳۰ فروردین ۱۴۰۵,"۲۶,۶۰۰,۰۰۰","۲۶,۶۰۰,۰۰۰",یکشنبه ساعت ۱۱:۰۰ تا ۱۴:۰۰ | سه شنبه ساعت ۱۱:۰۰ تا ۱۴:۰۰,https://mftplus.com/lesson/2949/زبان-انگلیسی-A1.7
زبان انگلیسی A2.1,زبانهای خارجی,سعادت آباد (مرکزی),تینا طلعتی,سه شنبه ۵ اسفند ۱۴۰۴,یکشنبه ۳۰ فروردین ۱۴۰۵,"۲۷,۳۰۰,۰۰۰","۲۷,۳۰۰,۰۰۰",یکشنبه ساعت ۱۴:۳۰ تا ۱۷:۳۰ | سه شنبه ساعت ۱۴:۳۰ تا ۱۷:۳۰,https://mftplus.com/lesson/231215282/زبان-انگلیسی-A2.1
زبان انگلیسی B1.3,زبانهای خارجی,سعادت آباد (مرکزی),الناز گلدسته,سه شنبه ۵ اسفند ۱۴۰۴,یکشنبه ۳۰ فروردین ۱۴۰۵,"۲۸,۱۰۰,۰۰۰","۲۸,۱۰۰,۰۰۰",یکشنبه ساعت ۱۷:۳۰ تا ۲۰:۳۰ | سه شنبه ساعت ۱۷:۳۰ تا ۲۰:۳۰,https://mftplus.com/lesson/231215288/زبان-انگلیسی-B1.3
زبان انگلیسی B1.5,زبانهای خارجی,سعادت آباد (مرکزی),الناز گلدسته,سه شنبه ۵ اسفند ۱۴۰۴,یکشنبه ۳۰ فروردین ۱۴۰۵,"۲۸,۱۰۰,۰۰۰","۲۸,۱۰۰,۰۰۰",یکشنبه ساعت ۱۴:۳۰ تا ۱۷:۳۰ | سه شنبه ساعت ۱۴:۳۰ تا ۱۷:۳۰,https://mftplus.com/lesson/231215290/زبان-انگلیسی-B1.5
زبان انگلیسی B2.3,زبانهای خارجی,سعادت آباد (مرکزی),ساحل افشار,سه شنبه ۵ اسفند ۱۴۰۴,یکشنبه ۳۰ فروردین ۱۴۰۵,"۲۸,۹۰۰,۰۰۰","۲۸,۹۰۰,۰۰۰",یکشنبه ساعت ۱۴:۳۰ تا ۱۷:۳۰ | سه شنبه ساعت ۱۴:۳۰ تا ۱۷:۳۰,https://mftplus.com/lesson/231215293/زبان-انگلیسی-B2.3
عکاسی دیجیتال نوجوان,کودک و نوجوان,سعادت آباد (مرکزی),مشخص نشده,سه شنبه ۵ اسفند ۱۴۰۴,سه شنبه ۶ مرداد ۱۴۰۵,"۹۱,۳۰۰,۰۰۰","۹۱,۳۰۰,۰۰۰",سه شنبه ساعت ۱۵:۳۰ تا ۱۷:۳۰,https://mftplus.com/lesson/4614/عکاسی-دیجیتال-نوجوان
طراحی پیشرفته,کودک و نوجوان,سعادت آباد (مرکزی),مشخص نشده,سه شنبه ۵ اسفند ۱۴۰۴,سه شنبه ۱۹ خرداد ۱۴۰۵,"۶۲,۱۰۰,۰۰۰","۶۲,۱۰۰,۰۰۰",سه شنبه ساعت ۱۷:۳۰ تا ۱۹:۳۰,https://mftplus.com/lesson/191814124/طراحی-پیشرفته
حسابداری ویژه بازار کار,علوم مالی و حسابداری,اسلامشهر,مشخص نشده,سه شنبه ۵ اسفند ۱۴۰۴,سه شنبه ۲۱ مهر ۱۴۰۵,"۱۷۷,۶۰۰,۰۰۰","۱۷۷,۶۰۰,۰۰۰",یکشنبه ساعت ۱۸:۰۰ تا ۲۱:۰۰ | سه شنبه ساعت ۱۸:۰۰ تا ۲۱:۰۰,https://mftplus.com/lesson/3869/حسابداری-ویژه-بازار-کار
ICDL سطح یک و دو نوجوانان,کودک و نوجوان,بلوار کاوه(قیطریه),مشخص نشده,سه شنبه ۵ اسفند ۱۴۰۴,سه شنبه ۶ مرداد ۱۴۰۵,"۸۵,۱۰۰,۰۰۰","۹۷,۴۰۰,۰۰۰",یکشنبه ساعت ۱۶:۰۰ تا ۱۸:۰۰ | سه شنبه ساعت ۱۶:۰۰ تا ۱۸:۰۰,https://mftplus.com/lesson/191412126/ICDL-سطح-یک-و-دو-نوجوانان
ICDL سطح یک نوجوانان,کودک و نوجوان,بلوار کاوه(قیطریه),مشخص نشده,سه شنبه ۵ اسفند ۱۴۰۴,سه شنبه ۲۹ اردیبهشت ۱۴۰۵,"۴۲,۶۰۰,۰۰۰","۴۸,۳۰۰,۰۰۰",یکشنبه ساعت ۱۶:۰۰ تا ۱۸:۰۰ | سه شنبه ساعت ۱۶:۰۰ تا ۱۸:۰۰,https://mftplus.com/lesson/3587/ICDL-سطح-یک-نوجوانان
دوره جامع آزاد کار دیجیتال مارکتینگ,تولید محتوا,میرداماد,مشخص نشده,سه شنبه ۵ اسفند ۱۴۰۴,سه شنبه ۲۲ دی ۱۴۰۵,"۱۹۰,۰۰۰,۰۰۰","۱۹۰,۰۰۰,۰۰۰",سه شنبه ساعت ۱۷:۰۰ تا ۲۱:۰۰,https://mftplus.com/lesson/5206/دوره-جامع-آزاد-کار-دیجیتال-مارکتینگ
مدیریت بازاریابی دیجیتال,مدیریت و کسب و کار,میرداماد,مشخص نشده,سه شنبه ۵ اسفند ۱۴۰۴,سه شنبه ۱۲ خرداد ۱۴۰۵,"۱۱۸,۸۰۰,۰۰۰","۱۱۸,۸۰۰,۰۰۰",سه شنبه ساعت ۱۷:۰۰ تا ۲۱:۰۰,https://mftplus.com/lesson/4375/مدیریت-بازاریابی-دیجیتال
تلفیقی Word+Excel 2021,فناوری اطلاعات و ارتباطات,انقلاب,مشخص نشده,سه شنبه ۵ اسفند ۱۴۰۴,سه شنبه ۱۵ اردیبهشت ۱۴۰۵,"۳۸,۰۰۰,۰۰۰","۴۵,۰۰۰,۰۰۰",یکشنبه ساعت ۱۴:۳۰ تا ۱۷:۳۰ | سه شنبه ساعت ۱۴:۳۰ تا ۱۷:۳۰,https://mftplus.com/lesson/5976/تلفیقی-Word+Excel-2021
سبک شناسی,معماری,بلوار کاوه(قیطریه),مشخص نشده,سه شنبه ۵ اسفند ۱۴۰۴,سه شنبه ۱۹ اسفند ۱۴۰۴,"۴۵,۰۰۰,۰۰۰","۴۵,۰۰۰,۰۰۰",یکشنبه ساعت ۰۹:۳۰ تا ۱۴:۳۰ | سه شنبه ساعت ۰۹:۳۰ تا ۱۴:۳۰,https://mftplus.com/lesson/391212167/سبک-شناسی
مبانی هوش مصنوعی برای نوجوانان,کودک و نوجوان,سعادت آباد (مرکزی),مشخص نشده,سه شنبه ۵ اسفند ۱۴۰۴,سه شنبه ۱۵ اردیبهشت ۱۴۰۵,"۶۴,۴۰۰,۰۰۰","۶۴,۴۰۰,۰۰۰",سه شنبه ساعت ۱۷:۳۰ تا ۲۰:۳۰,https://mftplus.com/lesson/6183/مبانی-هوش-مصنوعی-برای-نوجوانان
پخت شیرینی های رژیمی,تشریفات و گردشگری,پارک ساعی,مشخص نشده,سه شنبه ۵ اسفند ۱۴۰۴,سه شنبه ۵ اسفند ۱۴۰۴,"۳۰,۰۰۰,۰۰۰","۳۰,۰۰۰,۰۰۰",سه شنبه ساعت ۱۰:۰۰ تا ۱۶:۰۰,https://mftplus.com/lesson/5755/پخت-شیرینی-های-رژیمی
برنامه های  ویندوز فرم و WPF,کودک و نوجوان,سعادت آباد (مرکزی),مشخص نشده,سه شنبه ۵ اسفند ۱۴۰۴,سه شنبه ۲۱ مهر ۱۴۰۵,"۹۷,۹۰۰,۰۰۰","۹۷,۹۰۰,۰۰۰",سه شنبه ساعت ۱۵:۳۰ تا ۱۷:۳۰,https://mftplus.com/lesson/191415140/برنامه-های-ویندوز-فرم-و-WPF
زبان انگلیسی A2.2,زبانهای خارجی,نیاوران,مشخص نشده,سه شنبه ۵ اسفند ۱۴۰۴,یکشنبه ۳۰ فروردین ۱۴۰۵,"۲۷,۳۰۰,۰۰۰","۲۷,۳۰۰,۰۰۰",یکشنبه ساعت ۱۱:۰۰ تا ۱۴:۰۰ | سه شنبه ساعت ۱۱:۰۰ تا ۱۴:۰۰,https://mftplus.com/lesson/231215283/زبان-انگلیسی-A2.2
دوره جامع محاسبات ساختمان: طراحی اتصالات (ویژه سازه های فولادی),علوم مهندسی,ونک,مشخص نشده,سه شنبه ۵ اسفند ۱۴۰۴,یکشنبه ۲۷ اردیبهشت ۱۴۰۵,"۱۲۹,۰۰۰,۰۰۰","۱۲۹,۰۰۰,۰۰۰",یکشنبه ساعت ۱۳:۰۰ تا ۱۷:۰۰ | سه شنبه ساعت ۱۳:۰۰ تا ۱۷:۰۰,https://mftplus.com/lesson/5772/دوره-جامع-محاسبات-ساختمان:-طراحی-اتصالات-(ویژه-سازه-های-فولادی)
الگوسازی به روش مولر,فناوری مد و پوشاک,اکباتان,مشخص نشده,سه شنبه ۵ اسفند ۱۴۰۴,سه شنبه ۱۶ تیر ۱۴۰۵,"۷۱,۰۰۰,۰۰۰","۷۱,۰۰۰,۰۰۰",سه شنبه ساعت ۰۹:۰۰ تا ۱۴:۰۰,https://mftplus.com/lesson/4267/الگوسازی-به-روش-مولر
طراحی نقاشی مقدماتی,هنر و سینما,نیاوران,مشخص نشده,سه شنبه ۵ اسفند ۱۴۰۴,سه شنبه ۲۶ خرداد ۱۴۰۵,"۴۲,۰۰۰,۰۰۰","۴۲,۰۰۰,۰۰۰",سه شنبه ساعت ۱۴:۰۰ تا ۱۷:۰۰,https://mftplus.com/lesson/6018/طراحی-نقاشی-مقدماتی
راینو در معماری,معماری,ونک,مشخص نشده,سه شنبه ۵ اسفند ۱۴۰۴,یکشنبه ۲۷ اردیبهشت ۱۴۰۵,"۱۲۰,۰۰۰,۰۰۰","۱۲۰,۰۰۰,۰۰۰",یکشنبه ساعت ۱۸:۰۰ تا ۲۱:۰۰ | سه شنبه ساعت ۱۸:۰۰ تا ۲۱:۰۰,https://mftplus.com/lesson/391412135/راینو-در-معماری
زبان انگلیسی A1.4,زبانهای خارجی,اکباتان,مشخص نشده,سه شنبه ۵ اسفند ۱۴۰۴,سه شنبه ۲۲ اردیبهشت ۱۴۰۵,"۲۶,۶۰۰,۰۰۰","۲۶,۶۰۰,۰۰۰",یکشنبه ساعت ۱۶:۰۰ تا ۱۸:۰۰ | سه شنبه ساعت ۱۶:۰۰ تا ۱۸:۰۰,https://mftplus.com/lesson/231215278/زبان-انگلیسی-A1.4
زبان انگلیسی A1.1,زبانهای خارجی,اکباتان,مشخص نشده,سه شنبه ۵ اسفند ۱۴۰۴,سه شنبه ۲۲ اردیبهشت ۱۴۰۵,"۲۶,۶۰۰,۰۰۰","۲۶,۶۰۰,۰۰۰",یکشنبه ساعت ۱۸:۰۰ تا ۲۰:۰۰ | سه شنبه ساعت ۱۸:۰۰ تا ۲۰:۰۰,https://mftplus.com/lesson/231215275/زبان-انگلیسی-A1.1
زبان آلمانی A1.1,زبانهای خارجی,اکباتان,مشخص نشده,سه شنبه ۵ اسفند ۱۴۰۴,یکشنبه ۲۰ اردیبهشت ۱۴۰۵,"۵۵,۱۰۰,۰۰۰","۵۵,۱۰۰,۰۰۰",یکشنبه ساعت ۱۴:۳۰ تا ۱۷:۳۰ | سه شنبه ساعت ۱۴:۳۰ تا ۱۷:۳۰,https://mftplus.com/lesson/231412143/زبان-آلمانی-A1.1
زبان فرانسه A1.1,زبانهای خارجی,اکباتان,مشخص نشده,سه شنبه ۵ اسفند ۱۴۰۴,سه شنبه ۲۲ اردیبهشت ۱۴۰۵,"۳۶,۳۰۰,۰۰۰","۳۶,۳۰۰,۰۰۰",یکشنبه ساعت ۱۸:۳۰ تا ۲۰:۳۰ | سه شنبه ساعت ۱۸:۳۰ تا ۲۰:۳۰,https://mftplus.com/lesson/231312176/زبان-فرانسه-A1.1
زبان اسپانیایی A1.1,زبانهای خارجی,اکباتان,مشخص نشده,سه شنبه ۵ اسفند ۱۴۰۴,یکشنبه ۱۳ اردیبهشت ۱۴۰۵,"۳۲,۶۰۰,۰۰۰","۳۲,۶۰۰,۰۰۰",یکشنبه ساعت ۱۵:۰۰ تا ۱۷:۰۰ | سه شنبه ساعت ۱۵:۰۰ تا ۱۷:۰۰,https://mftplus.com/lesson/231612153/زبان-اسپانیایی-A1.1
باریستا,تشریفات و گردشگری,میرداماد,مشخص نشده,سه شنبه ۵ اسفند ۱۴۰۴,سه شنبه ۱۵ اردیبهشت ۱۴۰۵,"۱۳۴,۰۰۰,۰۰۰","۱۳۴,۰۰۰,۰۰۰",سه شنبه ساعت ۱۰:۳۰ تا ۱۴:۳۰,https://mftplus.com/lesson/3804/باریستا
عکاسی دیجیتال,هنر و سینما,نیاوران,مشخص نشده,سه شنبه ۵ اسفند ۱۴۰۴,سه شنبه ۱۹ خرداد ۱۴۰۵,"۸۵,۹۰۰,۰۰۰","۸۵,۹۰۰,۰۰۰",یکشنبه ساعت ۱۷:۰۰ تا ۲۰:۰۰ | سه شنبه ساعت ۱۷:۰۰ تا ۲۰:۰۰,https://mftplus.com/lesson/4919/عکاسی-دیجیتال
ساخت و تولید طلا و جواهر پیشرفته,علوم مهندسی,نیاوران,مشخص نشده,سه شنبه ۵ اسفند ۱۴۰۴,سه شنبه ۱۷ شهریور ۱۴۰۵,"۲۲۵,۰۰۰,۰۰۰","۲۲۵,۰۰۰,۰۰۰",سه شنبه ساعت ۱۰:۰۰ تا ۱۴:۰۰,https://mftplus.com/lesson/3824/ساخت-و-تولید-طلا-و-جواهر-پیشرفته
طراحی نقاشی متوسط,هنر و سینما,سعادت آباد (مرکزی),مشخص نشده,سه شنبه ۵ اسفند ۱۴۰۴,سه شنبه ۱۵ اردیبهشت ۱۴۰۵,"۴۶,۰۰۰,۰۰۰","۴۶,۰۰۰,۰۰۰",سه شنبه ساعت ۱۴:۰۰ تا ۱۹:۰۰,https://mftplus.com/lesson/431512124/طراحی-نقاشی-متوسط
برنامه نویسی مقدماتی با اسکرچ,کودک و نوجوان,انقلاب,مشخص نشده,سه شنبه ۵ اسفند ۱۴۰۴,سه شنبه ۲۹ اردیبهشت ۱۴۰۵,"۴۶,۲۰۰,۰۰۰","۴۶,۲۰۰,۰۰۰",سه شنبه ساعت ۱۵:۳۰ تا ۱۷:۳۰,https://mftplus.com/lesson/3370/برنامه-نویسی-مقدماتی-با-اسکرچ
پتینه مقدماتی تا پیشرفته,هنر و سینما,میرداماد,مشخص نشده,سه شنبه ۵ اسفند ۱۴۰۴,سه شنبه ۱۹ خرداد ۱۴۰۵,"۱۱۴,۰۰۰,۰۰۰","۱۱۴,۰۰۰,۰۰۰",سه شنبه ساعت ۱۰:۰۰ تا ۱۴:۰۰,https://mftplus.com/lesson/4885/پتینه-مقدماتی-تا-پیشرفته
رتوش عکس در فتوشاپ,هنر و سینما,سیدخندان,مشخص نشده,سه شنبه ۵ اسفند ۱۴۰۴,یکشنبه ۱۳ اردیبهشت ۱۴۰۵,"۵۶,۰۰۰,۰۰۰","۵۶,۰۰۰,۰۰۰",یکشنبه ساعت ۱۴:۳۰ تا ۱۷:۳۰ | سه شنبه ساعت ۱۴:۳۰ تا ۱۷:۳۰,https://mftplus.com/lesson/431213127/رتوش-عکس-در-فتوشاپ
Linux Essentials + LPIC1(101-102),فناوری اطلاعات و ارتباطات,میرداماد,مشخص نشده,سه شنبه ۵ اسفند ۱۴۰۴,سه شنبه ۶ مرداد ۱۴۰۵,"۷۲,۰۰۰,۰۰۰","۸۶,۰۰۰,۰۰۰",سه شنبه ساعت ۱۷:۳۰ تا ۲۰:۳۰,https://mftplus.com/lesson/4595/Linux-Essentials-+-LPIC1(101-102)
ICDL 2021 Level 1,فناوری اطلاعات و ارتباطات,نیاوران,مشخص نشده,سه شنبه ۵ اسفند ۱۴۰۴,یکشنبه ۲۰ اردیبهشت ۱۴۰۵,"۳۸,۰۰۰,۰۰۰","۴۹,۰۰۰,۰۰۰",یکشنبه ساعت ۱۷:۰۰ تا ۲۱:۰۰ | سه شنبه ساعت ۱۷:۰۰ تا ۲۱:۰۰,https://mftplus.com/lesson/5571/ICDL-2021-Level-1
SQL Server 2022 Database Development,فناوری اطلاعات و ارتباطات,آیت الله کاشانی (غرب),مشخص نشده,سه شنبه ۵ اسفند ۱۴۰۴,سه شنبه ۲۹ اردیبهشت ۱۴۰۵,"۹۰,۰۰۰,۰۰۰","۹۰,۰۰۰,۰۰۰",یکشنبه ساعت ۱۸:۰۰ تا ۲۱:۰۰ | سه شنبه ساعت ۱۸:۰۰ تا ۲۱:۰۰,https://mftplus.com/lesson/5316/SQL-Server-2022-Database-Development
آشپزی ملل,تشریفات و گردشگری,نیاوران,مشخص نشده,سه شنبه ۵ اسفند ۱۴۰۴,یکشنبه ۲۳ فروردین ۱۴۰۵,"۲۹۳,۰۰۰,۰۰۰","۲۹۳,۰۰۰,۰۰۰",یکشنبه ساعت ۱۵:۳۰ تا ۱۹:۳۰ | سه شنبه ساعت ۱۵:۳۰ تا ۱۹:۳۰,https://mftplus.com/lesson/4017/آشپزی-ملل
نقاشی میکس مدیا (تابلو های دکوراتیو),هنر و سینما,میرداماد,مشخص نشده,سه شنبه ۵ اسفند ۱۴۰۴,سه شنبه ۸ اردیبهشت ۱۴۰۵,"۴۵,۶۰۰,۰۰۰","۴۵,۶۰۰,۰۰۰",سه شنبه ساعت ۱۴:۰۰ تا ۱۷:۰۰,https://mftplus.com/lesson/4301/نقاشی-میکس-مدیا-(تابلو-های-دکوراتیو)
رتوش عکس در فتوشاپ,هنر و سینما,میرداماد,مشخص نشده,سه شنبه ۵ اسفند ۱۴۰۴,سه شنبه ۱۲ خرداد ۱۴۰۵,"۵۶,۰۰۰,۰۰۰","۵۶,۰۰۰,۰۰۰",سه شنبه ساعت ۱۰:۰۰ تا ۱۴:۰۰,https://mftplus.com/lesson/431213127/رتوش-عکس-در-فتوشاپ
گریم متعادل سازی,دانش سلامت,میرداماد,مشخص نشده,سه شنبه ۵ اسفند ۱۴۰۴,سه شنبه ۲۶ خرداد ۱۴۰۵,"۹۲,۷۰۰,۰۰۰","۹۲,۷۰۰,۰۰۰",سه شنبه ساعت ۱۰:۰۰ تا ۱۴:۰۰,https://mftplus.com/lesson/341514125/گریم-متعادل-سازی
نقاشی خط 1 (کالیگرافی مدرن),هنر و سینما,میرداماد,مشخص نشده,سه شنبه ۵ اسفند ۱۴۰۴,سه شنبه ۱۸ فروردین ۱۴۰۵,"۴۶,۸۰۰,۰۰۰","۴۶,۸۰۰,۰۰۰",سه شنبه ساعت ۱۰:۰۰ تا ۱۴:۰۰,https://mftplus.com/lesson/4456/نقاشی-خط-1-(کالیگرافی-مدرن)
زبان فرانسه A1.1,زبانهای خارجی,نیاوران,مشخص نشده,سه شنبه ۵ اسفند ۱۴۰۴,سه شنبه ۱ اردیبهشت ۱۴۰۵,"۳۶,۳۰۰,۰۰۰","۳۶,۳۰۰,۰۰۰",یکشنبه ساعت ۱۴:۰۰ تا ۱۷:۰۰ | سه شنبه ساعت ۱۴:۰۰ تا ۱۷:۰۰,https://mftplus.com/lesson/231312176/زبان-فرانسه-A1.1
Sketchup & Vray,معماری,میرداماد,مشخص نشده,سه شنبه ۵ اسفند ۱۴۰۴,سه شنبه ۲۶ خرداد ۱۴۰۵,"۶۹,۰۰۰,۰۰۰","۶۹,۰۰۰,۰۰۰",سه شنبه ساعت ۱۷:۳۰ تا ۲۰:۳۰,https://mftplus.com/lesson/391412133/Sketchup-&-Vray
طراحی فضای سبز و محوطه سازی (Advance),معماری,میرداماد,مشخص نشده,سه شنبه ۵ اسفند ۱۴۰۴,سه شنبه ۳۱ شهریور ۱۴۰۵,"۱۷۹,۰۰۰,۰۰۰","۱۷۹,۰۰۰,۰۰۰",سه شنبه ساعت ۱۶:۳۰ تا ۲۰:۳۰,https://mftplus.com/lesson/3915/طراحی-فضای-سبز-و-محوطه-سازی-(Advance)
زبان اسپانیایی A1.1,زبانهای خارجی,نیاوران,مشخص نشده,سه شنبه ۵ اسفند ۱۴۰۴,یکشنبه ۲۳ فروردین ۱۴۰۵,"۳۲,۶۰۰,۰۰۰","۳۲,۶۰۰,۰۰۰",یکشنبه ساعت ۱۲:۰۰ تا ۱۵:۰۰ | سه شنبه ساعت ۱۲:۰۰ تا ۱۵:۰۰,https://mftplus.com/lesson/231612153/زبان-اسپانیایی-A1.1
Microsoft Office Word 2021,فناوری اطلاعات و ارتباطات,سیدخندان,مشخص نشده,سه شنبه ۵ اسفند ۱۴۰۴,یکشنبه ۲۴ اسفند ۱۴۰۴,"۲۰,۰۰۰,۰۰۰","۲۰,۰۰۰,۰۰۰",یکشنبه ساعت ۰۸:۳۰ تا ۱۲:۳۰ | سه شنبه ساعت ۰۸:۳۰ تا ۱۲:۳۰,https://mftplus.com/lesson/5714/Microsoft-Office-Word-2021
طراحی معماری و دکوراسیون داخلی پیشرفته,معماری,ونک,مشخص نشده,چهارشنبه ۶ اسفند ۱۴۰۴,دوشنبه ۲۵ خرداد ۱۴۰۵,"۲۱۹,۰۰۰,۰۰۰","۲۱۹,۰۰۰,۰۰۰",شنبه ساعت ۱۸:۰۰ تا ۲۱:۰۰ | دوشنبه ساعت ۱۸:۰۰ تا ۲۱:۰۰ | چهارشنبه ساعت ۱۸:۰۰ تا ۲۱:۰۰,https://mftplus.com/lesson/5998/طراحی-معماری-و-دکوراسیون-داخلی-پیشرفته
3Ds Max Beginners to Advanced & V-Ray,معماری,اسلامشهر,مشخص نشده,چهارشنبه ۶ اسفند ۱۴۰۴,جمعه ۵ تیر ۱۴۰۵,"۱۴۴,۰۰۰,۰۰۰","۱۴۴,۰۰۰,۰۰۰",جمعه ساعت ۱۸:۰۰ تا ۲۱:۰۰ | چهارشنبه ساعت ۱۸:۰۰ تا ۲۱:۰۰,https://mftplus.com/lesson/4542/3Ds-Max-Beginners-to-Advanced-&-V-Ray
نرم افزار Cinema 4D,هنر و سینما,سعادت آباد (مرکزی),حمید رضا منصف,چهارشنبه ۶ اسفند ۱۴۰۴,چهارشنبه ۲۴ تیر ۱۴۰۵,"۱۱۰,۰۰۰,۰۰۰","۱۱۰,۰۰۰,۰۰۰",چهارشنبه ساعت ۱۵:۰۰ تا ۲۰:۰۰,https://mftplus.com/lesson/431213145/نرم-افزار-Cinema-4D
غواصی در شب,صنایع دریایی,زعفرانیه,مشخص نشده,چهارشنبه ۶ اسفند ۱۴۰۴,پنجشنبه ۷ اسفند ۱۴۰۴,"۸۰,۰۰۰,۰۰۰","۸۰,۰۰۰,۰۰۰",چهارشنبه ساعت ۰۹:۰۰ تا ۱۴:۰۰ | پنجشنبه ساعت ۰۹:۰۰ تا ۱۴:۰۰,https://mftplus.com/lesson/6022/غواصی-در-شب
ناجی,صنایع دریایی,زعفرانیه,مشخص نشده,چهارشنبه ۶ اسفند ۱۴۰۴,پنجشنبه ۷ اسفند ۱۴۰۴,"۸۰,۰۰۰,۰۰۰","۸۰,۰۰۰,۰۰۰",چهارشنبه ساعت ۰۹:۰۰ تا ۱۴:۰۰ | پنجشنبه ساعت ۰۹:۰۰ تا ۱۴:۰۰,https://mftplus.com/lesson/6023/ناجی
افترافکت (After Effects),هنر و سینما,سعادت آباد (مرکزی),حمید رضا منصف,چهارشنبه ۶ اسفند ۱۴۰۴,چهارشنبه ۲۴ تیر ۱۴۰۵,"۹۸,۰۰۰,۰۰۰","۹۸,۰۰۰,۰۰۰",چهارشنبه ساعت ۰۹:۰۰ تا ۱۴:۰۰,https://mftplus.com/lesson/431213154/افترافکت-(After-Effects)
بلندر- پیشرفته,هنر و سینما,پارک ساعی,مشخص نشده,چهارشنبه ۶ اسفند ۱۴۰۴,دوشنبه ۱۸ خرداد ۱۴۰۵,"۱۱۷,۷۰۰,۰۰۰","۱۱۷,۷۰۰,۰۰۰",دوشنبه ساعت ۱۷:۳۰ تا ۲۰:۳۰ | چهارشنبه ساعت ۱۷:۳۰ تا ۲۰:۳۰,https://mftplus.com/lesson/6173/بلندر-پیشرفته
ناجی,صنایع دریایی,اکباتان,مشخص نشده,چهارشنبه ۶ اسفند ۱۴۰۴,پنجشنبه ۷ اسفند ۱۴۰۴,"۸۰,۰۰۰,۰۰۰","۸۰,۰۰۰,۰۰۰",چهارشنبه ساعت ۰۹:۰۰ تا ۱۴:۰۰ | پنجشنبه ساعت ۰۹:۰۰ تا ۱۴:۰۰,https://mftplus.com/lesson/6023/ناجی
غواصی در شب,صنایع دریایی,اکباتان,مشخص نشده,چهارشنبه ۶ اسفند ۱۴۰۴,پنجشنبه ۷ اسفند ۱۴۰۴,"۸۰,۰۰۰,۰۰۰","۸۰,۰۰۰,۰۰۰",چهارشنبه ساعت ۰۹:۰۰ تا ۱۴:۰۰ | پنجشنبه ساعت ۰۹:۰۰ تا ۱۴:۰۰,https://mftplus.com/lesson/6022/غواصی-در-شب
Microsoft Office Power Point 2019 Expert,فناوری اطلاعات و ارتباطات,بلوار کاوه(قیطریه),مشخص نشده,چهارشنبه ۶ اسفند ۱۴۰۴,شنبه ۹ اسفند ۱۴۰۴,"۱۲,۰۰۰,۰۰۰","۱۲,۰۰۰,۰۰۰",شنبه ساعت ۰۸:۰۰ تا ۱۴:۰۰ | دوشنبه ساعت ۰۸:۰۰ تا ۱۴:۰۰ | چهارشنبه ساعت ۰۸:۰۰ تا ۱۴:۰۰,https://mftplus.com/lesson/3264/Microsoft-Office-Power-Point-2019-Expert
دکوراتور داخلی,معماری,نیاوران,مشخص نشده,چهارشنبه ۶ اسفند ۱۴۰۴,چهارشنبه ۲۰ خرداد ۱۴۰۵,"۱۸۸,۰۰۰,۰۰۰","۱۸۸,۰۰۰,۰۰۰",شنبه ساعت ۰۹:۰۰ تا ۱۴:۰۰ | چهارشنبه ساعت ۰۹:۰۰ تا ۱۴:۰۰,https://mftplus.com/lesson/391212131/دکوراتور-داخلی
Programming with Python,فناوری اطلاعات و ارتباطات,سعادت آباد (مرکزی),شایان آقابراری,چهارشنبه ۶ اسفند ۱۴۰۴,چهارشنبه ۲۰ خرداد ۱۴۰۵,"۷۰,۰۰۰,۰۰۰","۸۸,۰۰۰,۰۰۰",چهارشنبه ساعت ۰۹:۰۰ تا ۱۴:۰۰,https://mftplus.com/lesson/5679/Programming-with-Python
Identity with Windows Server 2025,فناوری اطلاعات و ارتباطات,سعادت آباد (مرکزی),بدری نقیب پور,چهارشنبه ۶ اسفند ۱۴۰۴,چهارشنبه ۹ اردیبهشت ۱۴۰۵,"۵۰,۰۰۰,۰۰۰","۶۱,۰۰۰,۰۰۰",شنبه ساعت ۱۷:۳۰ تا ۲۱:۳۰ | چهارشنبه ساعت ۱۷:۳۰ تا ۲۱:۳۰,https://mftplus.com/lesson/6362/Identity-with-Windows-Server-2025
راینو در معماری,معماری,سیدخندان,مشخص نشده,چهارشنبه ۶ اسفند ۱۴۰۴,چهارشنبه ۱۷ تیر ۱۴۰۵,"۱۲۰,۰۰۰,۰۰۰","۱۲۰,۰۰۰,۰۰۰",چهارشنبه ساعت ۱۷:۰۰ تا ۲۱:۰۰,https://mftplus.com/lesson/391412135/راینو-در-معماری
قانون پایانه های فروشگاهی و سامانه مودیان,علوم مالی و حسابداری,سیدخندان,مشخص نشده,چهارشنبه ۶ اسفند ۱۴۰۴,چهارشنبه ۱۳ اسفند ۱۴۰۴,"۱۵,۹۰۰,۰۰۰","۱۵,۹۰۰,۰۰۰",چهارشنبه ساعت ۱۷:۰۰ تا ۲۱:۰۰,https://mftplus.com/lesson/5207/قانون-پایانه-های-فروشگاهی-و-سامانه-مودیان
طراحی نقاشی پیشرفته,هنر و سینما,ونک,مشخص نشده,چهارشنبه ۶ اسفند ۱۴۰۴,چهارشنبه ۱۶ اردیبهشت ۱۴۰۵,"۴۶,۰۰۰,۰۰۰","۴۶,۰۰۰,۰۰۰",چهارشنبه ساعت ۱۷:۰۰ تا ۲۱:۰۰,https://mftplus.com/lesson/431512125/طراحی-نقاشی-پیشرفته
الگوسازی و دوخت لباس شب و عروس,فناوری مد و پوشاک,ونک,مشخص نشده,چهارشنبه ۶ اسفند ۱۴۰۴,چهارشنبه ۷ مرداد ۱۴۰۵,"۱۶۷,۰۰۰,۰۰۰","۱۶۷,۰۰۰,۰۰۰",چهارشنبه ساعت ۰۹:۰۰ تا ۱۵:۰۰,https://mftplus.com/lesson/411414133/الگوسازی-و-دوخت-لباس-شب-و-عروس
شمع سازی,هنر و سینما,سعادت آباد (مرکزی),مشخص نشده,چهارشنبه ۶ اسفند ۱۴۰۴,پنجشنبه ۷ اسفند ۱۴۰۴,"۲۸,۰۰۰,۰۰۰","۲۸,۰۰۰,۰۰۰",چهارشنبه ساعت ۰۹:۰۰ تا ۱۵:۰۰ | پنجشنبه ساعت ۰۹:۰۰ تا ۱۵:۰۰,https://mftplus.com/lesson/4861/شمع-سازی
طراحی معماری و دکوراسیون داخلی متوسط,معماری,اسلامشهر,مشخص نشده,چهارشنبه ۶ اسفند ۱۴۰۴,چهارشنبه ۲۷ آبان ۱۴۰۵,"۲۰۶,۰۰۰,۰۰۰","۲۰۶,۰۰۰,۰۰۰",چهارشنبه ساعت ۱۷:۰۰ تا ۲۱:۰۰,https://mftplus.com/lesson/391212126/طراحی-معماری-و-دکوراسیون-داخلی-متوسط
Sketchup & Vray,معماری,اسلامشهر,مشخص نشده,چهارشنبه ۶ اسفند ۱۴۰۴,چهارشنبه ۱۳ خرداد ۱۴۰۵,"۶۹,۰۰۰,۰۰۰","۶۹,۰۰۰,۰۰۰",چهارشنبه ساعت ۱۷:۰۰ تا ۲۱:۰۰,https://mftplus.com/lesson/391412133/Sketchup-&-Vray
React js,کودک و نوجوان,سعادت آباد (مرکزی),مشخص نشده,چهارشنبه ۶ اسفند ۱۴۰۴,چهارشنبه ۱۷ تیر ۱۴۰۵,"۱۱۱,۱۰۰,۰۰۰","۱۱۱,۱۰۰,۰۰۰",چهارشنبه ساعت ۱۷:۳۰ تا ۲۰:۳۰,https://mftplus.com/lesson/5309/React-js
کاربرد هوش مصنوعی در تولید محتوا و بازاریابی محتوایی,تولید محتوا,انقلاب,مشخص نشده,چهارشنبه ۶ اسفند ۱۴۰۴,چهارشنبه ۲۶ فروردین ۱۴۰۵,"۵۲,۰۰۰,۰۰۰","۵۲,۰۰۰,۰۰۰",شنبه ساعت ۱۴:۳۰ تا ۱۷:۳۰ | چهارشنبه ساعت ۱۴:۳۰ تا ۱۷:۳۰,https://mftplus.com/lesson/6025/کاربرد-هوش-مصنوعی-در-تولید-محتوا-و-بازاریابی-محتوایی
حسابداری صنعتی,علوم مالی و حسابداری,اسلامشهر,مشخص نشده,چهارشنبه ۶ اسفند ۱۴۰۴,دوشنبه ۳۱ فروردین ۱۴۰۵,"۷۵,۷۰۰,۰۰۰","۷۵,۷۰۰,۰۰۰",شنبه ساعت ۰۹:۰۰ تا ۱۲:۰۰ | دوشنبه ساعت ۰۹:۰۰ تا ۱۲:۰۰ | چهارشنبه ساعت ۰۹:۰۰ تا ۱۲:۰۰,https://mftplus.com/lesson/5097/حسابداری-صنعتی
طراحی داشبوردهای هوش تجاری با PowerBI,فناوری اطلاعات و ارتباطات,نیاوران,مشخص نشده,چهارشنبه ۶ اسفند ۱۴۰۴,چهارشنبه ۱۳ اسفند ۱۴۰۴,"۴۰,۰۰۰,۰۰۰","۵۰,۰۰۰,۰۰۰",جمعه ساعت ۱۲:۰۰ تا ۲۱:۰۰ | چهارشنبه ساعت ۱۲:۰۰ تا ۲۱:۰۰ | پنجشنبه ساعت ۱۲:۰۰ تا ۲۱:۰۰,https://mftplus.com/lesson/6057/طراحی-داشبوردهای-هوش-تجاری-با-PowerBI
Microsoft Office Excel 2021,فناوری اطلاعات و ارتباطات,پارک ساعی,مشخص نشده,چهارشنبه ۶ اسفند ۱۴۰۴,چهارشنبه ۱۶ اردیبهشت ۱۴۰۵,"۲۳,۰۰۰,۰۰۰","۲۸,۰۰۰,۰۰۰",چهارشنبه ساعت ۱۷:۳۰ تا ۲۰:۳۰,https://mftplus.com/lesson/5578/Microsoft-Office-Excel-2021
دوره طراحی رابط و تجربه کاربری (UI/UX),فناوری اطلاعات و ارتباطات,اکباتان,مشخص نشده,چهارشنبه ۶ اسفند ۱۴۰۴,چهارشنبه ۳۰ اردیبهشت ۱۴۰۵,"۵۵,۰۰۰,۰۰۰","۶۸,۰۰۰,۰۰۰",چهارشنبه ساعت ۱۷:۳۰ تا ۲۱:۳۰,https://mftplus.com/lesson/5605/دوره-طراحی-رابط-و-تجربه-کاربری-(UI/UX)
تدوین و ساخت تیزرهای تبلیغاتی,هنر و سینما,نیاوران,مشخص نشده,چهارشنبه ۶ اسفند ۱۴۰۴,چهارشنبه ۲۶ آبان ۱۴۰۶,"۲۷۸,۰۰۰,۰۰۰","۲۷۸,۰۰۰,۰۰۰",چهارشنبه ساعت ۱۷:۰۰ تا ۲۰:۰۰,https://mftplus.com/lesson/431213124/تدوین-و-ساخت-تیزرهای-تبلیغاتی
اصول مدیریت پروژه بر اساس استاندارد PMBOK 8,علوم مهندسی,اکباتان,مشخص نشده,چهارشنبه ۶ اسفند ۱۴۰۴,چهارشنبه ۱۹ فروردین ۱۴۰۵,"۵۲,۵۰۰,۰۰۰","۵۲,۵۰۰,۰۰۰",چهارشنبه ساعت ۱۷:۳۰ تا ۲۰:۳۰ | پنجشنبه ساعت ۱۵:۰۰ تا ۱۸:۰۰,https://mftplus.com/lesson/6578/اصول-مدیریت-پروژه-بر-اساس-استاندارد-PMBOK-8
دوره تخصصی صفر تا صد اصول  طراحی ویلا,معماری,نیاوران,مشخص نشده,چهارشنبه ۶ اسفند ۱۴۰۴,شنبه ۲۶ اردیبهشت ۱۴۰۵,"۱۱۴,۰۰۰,۰۰۰","۱۱۴,۰۰۰,۰۰۰",شنبه ساعت ۱۷:۰۰ تا ۲۱:۰۰ | چهارشنبه ساعت ۱۷:۰۰ تا ۲۱:۰۰,https://mftplus.com/lesson/4862/دوره-تخصصی-صفر-تا-صد-اصول-طراحی-ویلا
تارت و پای (دوره مقدماتی و پیشرفته),تشریفات و گردشگری,پارک ساعی,مشخص نشده,چهارشنبه ۶ اسفند ۱۴۰۴,چهارشنبه ۱۹ فروردین ۱۴۰۵,"۹۴,۰۰۰,۰۰۰","۹۴,۰۰۰,۰۰۰",چهارشنبه ساعت ۱۰:۳۰ تا ۱۴:۳۰,https://mftplus.com/lesson/6638/تارت-و-پای-(دوره-مقدماتی-و-پیشرفته)
نصب، راه اندازی، عیب یابی و تعمیر کولر گازی,علوم مهندسی,پرند,مشخص نشده,چهارشنبه ۶ اسفند ۱۴۰۴,چهارشنبه ۱۶ اردیبهشت ۱۴۰۵,"۱۰۹,۰۰۰,۰۰۰","۱۰۹,۰۰۰,۰۰۰",دوشنبه ساعت ۱۸:۳۰ تا ۲۱:۰۰ | چهارشنبه ساعت ۱۸:۳۰ تا ۲۱:۰۰,https://mftplus.com/lesson/4909/نصب،-راه-اندازی،-عیب-یابی-و-تعمیر-کولر-گازی
کارگاه عکاسی پرتره,هنر و سینما,سعادت آباد (مرکزی),مشخص نشده,چهارشنبه ۶ اسفند ۱۴۰۴,چهارشنبه ۱۶ اردیبهشت ۱۴۰۵,"۸۷,۸۰۰,۰۰۰","۸۷,۸۰۰,۰۰۰",چهارشنبه ساعت ۱۵:۰۰ تا ۲۰:۰۰,https://mftplus.com/lesson/431213158/کارگاه-عکاسی-پرتره
Object Design,معماری,میرداماد,مشخص نشده,چهارشنبه ۶ اسفند ۱۴۰۴,چهارشنبه ۲۰ خرداد ۱۴۰۵,"۴۶,۰۰۰,۰۰۰","۴۶,۰۰۰,۰۰۰",چهارشنبه ساعت ۱۷:۳۰ تا ۲۰:۳۰,https://mftplus.com/lesson/3251/Object-Design
فتوشاپ برای معماری,معماری,نارمک,مشخص نشده,چهارشنبه ۶ اسفند ۱۴۰۴,چهارشنبه ۲ اردیبهشت ۱۴۰۵,"۴۹,۰۰۰,۰۰۰","۴۹,۰۰۰,۰۰۰",چهارشنبه ساعت ۰۹:۰۰ تا ۱۳:۰۰,https://mftplus.com/lesson/391412134/فتوشاپ-برای-معماری
اپراتور فرز CNC,علوم مهندسی,اسلامشهر,مشخص نشده,چهارشنبه ۶ اسفند ۱۴۰۴,چهارشنبه ۳۰ اردیبهشت ۱۴۰۵,"۷۲,۵۰۰,۰۰۰","۷۲,۵۰۰,۰۰۰",چهارشنبه ساعت ۱۸:۰۰ تا ۲۱:۰۰,https://mftplus.com/lesson/4671/اپراتور-فرز-CNC
نرم افزار Revit معماری,معماری,سیدخندان,مشخص نشده,چهارشنبه ۶ اسفند ۱۴۰۴,چهارشنبه ۳۱ تیر ۱۴۰۵,"۸۹,۰۰۰,۰۰۰","۸۹,۰۰۰,۰۰۰",چهارشنبه ساعت ۱۷:۰۰ تا ۲۰:۰۰,https://mftplus.com/lesson/391412129/نرم-افزار-Revit-معماری
پریمیر,هنر و سینما,نیاوران,مشخص نشده,چهارشنبه ۶ اسفند ۱۴۰۴,چهارشنبه ۲۴ تیر ۱۴۰۵,"۶۶,۰۰۰,۰۰۰","۶۶,۰۰۰,۰۰۰",چهارشنبه ساعت ۱۷:۰۰ تا ۲۰:۰۰,https://mftplus.com/lesson/431213156/پریمیر
فتوشاپ و ایلاستریتور,هنر و سینما,نیاوران,مشخص نشده,چهارشنبه ۶ اسفند ۱۴۰۴,چهارشنبه ۱۵ مهر ۱۴۰۵,"۸۴,۰۰۰,۰۰۰","۹۴,۰۰۰,۰۰۰",چهارشنبه ساعت ۱۴:۰۰ تا ۱۷:۰۰,https://mftplus.com/lesson/431312124/فتوشاپ-و-ایلاستریتور
فتوشاپ نسخه مقدماتی تا پیشرفته,هنر و سینما,نیاوران,مشخص نشده,چهارشنبه ۶ اسفند ۱۴۰۴,چهارشنبه ۲۸ مرداد ۱۴۰۵,"۵۱,۰۰۰,۰۰۰","۵۶,۰۰۰,۰۰۰",چهارشنبه ساعت ۱۴:۰۰ تا ۱۷:۰۰,https://mftplus.com/lesson/431314130/فتوشاپ-نسخه-مقدماتی-تا-پیشرفته
موشن گرافیک,هنر و سینما,نیاوران,مشخص نشده,چهارشنبه ۶ اسفند ۱۴۰۴,چهارشنبه ۲۸ بهمن ۱۴۰۵,"۱۷۴,۰۰۰,۰۰۰","۱۷۴,۰۰۰,۰۰۰",چهارشنبه ساعت ۱۴:۰۰ تا ۱۷:۰۰,https://mftplus.com/lesson/3064/موشن-گرافیک
دوره جامع ساخت انیمیشن دوبعدی و سه بعدی,هنر و سینما,نیاوران,مشخص نشده,چهارشنبه ۶ اسفند ۱۴۰۴,چهارشنبه ۴ اسفند ۱۴۰۶,"۳۶۲,۹۰۰,۰۰۰","۳۶۲,۹۰۰,۰۰۰",چهارشنبه ساعت ۱۴:۰۰ تا ۱۷:۰۰,https://mftplus.com/lesson/6146/دوره-جامع-ساخت-انیمیشن-دوبعدی-و-سه-بعدی
نرم افزار جمینی,فناوری مد و پوشاک,ونک,مشخص نشده,چهارشنبه ۶ اسفند ۱۴۰۴,چهارشنبه ۱۶ اردیبهشت ۱۴۰۵,"۶۱,۰۰۰,۰۰۰","۶۱,۰۰۰,۰۰۰",چهارشنبه ساعت ۱۶:۰۰ تا ۲۰:۰۰,https://mftplus.com/lesson/411412171/نرم-افزار-جمینی
مدیریت عالی کسب و کار (MBA),مدیریت و کسب و کار,میرداماد,مشخص نشده,چهارشنبه ۶ اسفند ۱۴۰۴,چهارشنبه ۱۴ بهمن ۱۴۰۵,"۳۵۲,۰۰۰,۰۰۰","۴۲۹,۰۰۰,۰۰۰",چهارشنبه ساعت ۱۴:۳۰ تا ۲۰:۳۰,https://mftplus.com/lesson/4910/مدیریت-عالی-کسب-و-کار-(MBA)
ادمین تخصصی اینستاگرام,تولید محتوا,انقلاب,مشخص نشده,چهارشنبه ۶ اسفند ۱۴۰۴,چهارشنبه ۳۰ اردیبهشت ۱۴۰۵,"۶۰,۰۰۰,۰۰۰","۶۰,۰۰۰,۰۰۰",چهارشنبه ساعت ۱۷:۳۰ تا ۲۰:۳۰,https://mftplus.com/lesson/5741/ادمین-تخصصی-اینستاگرام
دوخت تخصصی شلوار,فناوری مد و پوشاک,اکباتان,مشخص نشده,چهارشنبه ۶ اسفند ۱۴۰۴,چهارشنبه ۱۳ خرداد ۱۴۰۵,"۵۷,۰۰۰,۰۰۰","۵۷,۰۰۰,۰۰۰",چهارشنبه ساعت ۱۶:۰۰ تا ۲۰:۰۰,https://mftplus.com/lesson/4440/دوخت-تخصصی-شلوار
مدیریت راهبردی کسب و کار (DBA),مدیریت و کسب و کار,میرداماد,مشخص نشده,چهارشنبه ۶ اسفند ۱۴۰۴,چهارشنبه ۱۸ فروردین ۱۴۰۶,"۴۷۱,۹۰۰,۰۰۰","۵۹۲,۹۰۰,۰۰۰",چهارشنبه ساعت ۱۴:۳۰ تا ۲۰:۳۰,https://mftplus.com/lesson/4911/مدیریت-راهبردی-کسب-و-کار-(DBA)
Microsoft Office Excel 2021 Expert,فناوری اطلاعات و ارتباطات,سعادت آباد (مرکزی),معصومه فاتح,چهارشنبه ۶ اسفند ۱۴۰۴,چهارشنبه ۱۶ اردیبهشت ۱۴۰۵,"۳۵,۰۰۰,۰۰۰","۴۴,۰۰۰,۰۰۰",چهارشنبه ساعت ۱۷:۳۰ تا ۲۱:۳۰,https://mftplus.com/lesson/5619/Microsoft-Office-Excel-2021-Expert
کاربرد نرم افزار ایلاستریتور در طراحی لباس,فناوری مد و پوشاک,اکباتان,مشخص نشده,چهارشنبه ۶ اسفند ۱۴۰۴,چهارشنبه ۳۰ اردیبهشت ۱۴۰۵,"۳۹,۰۰۰,۰۰۰","۳۹,۰۰۰,۰۰۰",چهارشنبه ساعت ۱۷:۳۰ تا ۲۰:۳۰,https://mftplus.com/lesson/6310/کاربرد-نرم-افزار-ایلاستریتور-در-طراحی-لباس
اتوکد سه بعدی معماری,معماری,ونک,مشخص نشده,چهارشنبه ۶ اسفند ۱۴۰۴,چهارشنبه ۲۶ فروردین ۱۴۰۵,"۶۲,۰۰۰,۰۰۰","۶۲,۰۰۰,۰۰۰",دوشنبه ساعت ۱۸:۰۰ تا ۲۱:۰۰ | چهارشنبه ساعت ۱۸:۰۰ تا ۲۱:۰۰,https://mftplus.com/lesson/391412130/اتوکد-سه-بعدی-معماری
3Ds Max Beginners to Advanced & V-Ray,معماری,نیاوران,مشخص نشده,چهارشنبه ۶ اسفند ۱۴۰۴,چهارشنبه ۳۱ تیر ۱۴۰۵,"۱۴۴,۰۰۰,۰۰۰","۱۴۴,۰۰۰,۰۰۰",چهارشنبه ساعت ۱۵:۳۰ تا ۲۰:۳۰,https://mftplus.com/lesson/4542/3Ds-Max-Beginners-to-Advanced-&-V-Ray
3Ds Max Beginners to Advanced & V-Ray,معماری,شهرقدس,مشخص نشده,چهارشنبه ۶ اسفند ۱۴۰۴,چهارشنبه ۲۴ تیر ۱۴۰۵,"۱۱۵,۲۰۰,۰۰۰","۱۱۵,۲۰۰,۰۰۰",چهارشنبه ساعت ۱۷:۰۰ تا ۲۱:۰۰,https://mftplus.com/lesson/4542/3Ds-Max-Beginners-to-Advanced-&-V-Ray
Grasshopper,معماری,میرداماد,مشخص نشده,چهارشنبه ۶ اسفند ۱۴۰۴,چهارشنبه ۳۰ اردیبهشت ۱۴۰۵,"۷۲,۰۰۰,۰۰۰","۷۲,۰۰۰,۰۰۰",چهارشنبه ساعت ۱۰:۰۰ تا ۱۳:۰۰,https://mftplus.com/lesson/391412137/Grasshopper
KETS 1,زبانهای خارجی,اکباتان,مشخص نشده,چهارشنبه ۶ اسفند ۱۴۰۴,شنبه ۱۲ اردیبهشت ۱۴۰۵,"۲۱,۶۰۰,۰۰۰","۲۱,۶۰۰,۰۰۰",شنبه ساعت ۱۶:۳۰ تا ۱۸:۰۰ | دوشنبه ساعت ۱۶:۳۰ تا ۱۸:۰۰ | چهارشنبه ساعت ۱۶:۳۰ تا ۱۸:۰۰,https://mftplus.com/lesson/231717123/KETS-1
زبان آلمانی A1.1,زبانهای خارجی,اکباتان,مشخص نشده,چهارشنبه ۶ اسفند ۱۴۰۴,دوشنبه ۳۱ فروردین ۱۴۰۵,"۵۵,۱۰۰,۰۰۰","۵۵,۱۰۰,۰۰۰",شنبه ساعت ۱۴:۳۰ تا ۱۷:۳۰ | دوشنبه ساعت ۱۴:۳۰ تا ۱۷:۳۰ | چهارشنبه ساعت ۱۴:۳۰ تا ۱۷:۳۰,https://mftplus.com/lesson/231412143/زبان-آلمانی-A1.1
زبان فرانسه A1.1,زبانهای خارجی,اکباتان,مشخص نشده,چهارشنبه ۶ اسفند ۱۴۰۴,چهارشنبه ۲۳ اردیبهشت ۱۴۰۵,"۳۶,۳۰۰,۰۰۰","۳۶,۳۰۰,۰۰۰",شنبه ساعت ۱۸:۳۰ تا ۲۰:۳۰ | چهارشنبه ساعت ۱۸:۳۰ تا ۲۰:۳۰,https://mftplus.com/lesson/231312176/زبان-فرانسه-A1.1
مدیریت و راه اندازی کافه و رستوران,تشریفات و گردشگری,میرداماد,مشخص نشده,چهارشنبه ۶ اسفند ۱۴۰۴,چهارشنبه ۲ اردیبهشت ۱۴۰۵,"۱۱۹,۰۰۰,۰۰۰","۱۱۹,۰۰۰,۰۰۰",چهارشنبه ساعت ۱۰:۳۰ تا ۱۶:۳۰,https://mftplus.com/lesson/3815/مدیریت-و-راه-اندازی-کافه-و-رستوران
Internet Browser & Outlook,فناوری اطلاعات و ارتباطات,انقلاب,مشخص نشده,چهارشنبه ۶ اسفند ۱۴۰۴,شنبه ۹ اسفند ۱۴۰۴,"۷,۰۰۰,۰۰۰","۹,۰۰۰,۰۰۰",شنبه ساعت ۰۸:۳۰ تا ۱۴:۳۰ | دوشنبه ساعت ۰۸:۳۰ تا ۱۴:۳۰ | چهارشنبه ساعت ۰۸:۳۰ تا ۱۴:۳۰,https://mftplus.com/lesson/5718/Internet-Browser-&-Outlook
پریمیر,هنر و سینما,نیاوران,مشخص نشده,چهارشنبه ۶ اسفند ۱۴۰۴,چهارشنبه ۲۴ تیر ۱۴۰۵,"۵۷,۰۰۰,۰۰۰","۶۶,۰۰۰,۰۰۰",چهارشنبه ساعت ۱۷:۰۰ تا ۲۰:۰۰,https://mftplus.com/lesson/431213156/پریمیر
ایلاستریتور,هنر و سینما,نیاوران,مشخص نشده,چهارشنبه ۶ اسفند ۱۴۰۴,چهارشنبه ۱۶ اردیبهشت ۱۴۰۵,"۴۴,۰۰۰,۰۰۰","۵۴,۰۰۰,۰۰۰",چهارشنبه ساعت ۰۹:۰۰ تا ۱۴:۰۰,https://mftplus.com/lesson/431314131/ایلاستریتور
زبان انگلیسی A2.2,زبانهای خارجی,بلوار کاوه(قیطریه),مشخص نشده,چهارشنبه ۶ اسفند ۱۴۰۴,شنبه ۱۶ خرداد ۱۴۰۵,"۲۷,۳۰۰,۰۰۰","۲۷,۳۰۰,۰۰۰",شنبه ساعت ۱۶:۰۰ تا ۱۷:۳۰ | چهارشنبه ساعت ۱۶:۰۰ تا ۱۷:۳۰,https://mftplus.com/lesson/231215283/زبان-انگلیسی-A2.2
اصول طراحی دیجیتال,برق و الکترونیک,سعادت آباد (مرکزی),مشخص نشده,چهارشنبه ۶ اسفند ۱۴۰۴,چهارشنبه ۲۳ اردیبهشت ۱۴۰۵,"۶۲,۰۰۰,۰۰۰","۶۲,۰۰۰,۰۰۰",چهارشنبه ساعت ۰۸:۰۰ تا ۱۴:۰۰,https://mftplus.com/lesson/5327/اصول-طراحی-دیجیتال
راینو در معماری,معماری,میرداماد,مشخص نشده,چهارشنبه ۶ اسفند ۱۴۰۴,چهارشنبه ۲۸ مرداد ۱۴۰۵,"۱۲۰,۰۰۰,۰۰۰","۱۲۰,۰۰۰,۰۰۰",چهارشنبه ساعت ۱۰:۰۰ تا ۱۳:۰۰,https://mftplus.com/lesson/391412135/راینو-در-معماری
مواد و مصالح داخلی,معماری,میرداماد,مشخص نشده,چهارشنبه ۶ اسفند ۱۴۰۴,چهارشنبه ۹ اردیبهشت ۱۴۰۵,"۴۵,۰۰۰,۰۰۰","۴۵,۰۰۰,۰۰۰",چهارشنبه ساعت ۱۷:۳۰ تا ۲۰:۳۰,https://mftplus.com/lesson/391212166/مواد-و-مصالح-داخلی
مواد و مصالح داخلی,معماری,سعادت آباد (مرکزی),مشخص نشده,چهارشنبه ۶ اسفند ۱۴۰۴,شنبه ۲۳ اسفند ۱۴۰۴,"۴۵,۰۰۰,۰۰۰","۴۵,۰۰۰,۰۰۰",شنبه ساعت ۱۱:۰۰ تا ۱۴:۰۰ | دوشنبه ساعت ۱۱:۰۰ تا ۱۴:۰۰ | چهارشنبه ساعت ۱۱:۰۰ تا ۱۴:۰۰,https://mftplus.com/lesson/391212166/مواد-و-مصالح-داخلی
نقشه کشی معماری,معماری,نیاوران,مشخص نشده,چهارشنبه ۶ اسفند ۱۴۰۴,شنبه ۲۲ فروردین ۱۴۰۵,"۶۲,۰۰۰,۰۰۰","۶۲,۰۰۰,۰۰۰",شنبه ساعت ۰۹:۰۰ تا ۱۳:۰۰ | چهارشنبه ساعت ۰۹:۰۰ تا ۱۳:۰۰,https://mftplus.com/lesson/391212129/نقشه-کشی-معماری
برنامه ریزی و کنترل پروژه با نرم افزار Oracle Primavera P6,علوم مهندسی,نیاوران,مشخص نشده,چهارشنبه ۶ اسفند ۱۴۰۴,شنبه ۱۲ اردیبهشت ۱۴۰۵,"۷۵,۰۰۰,۰۰۰","۷۵,۰۰۰,۰۰۰",شنبه ساعت ۱۷:۳۰ تا ۲۰:۳۰ | چهارشنبه ساعت ۱۷:۳۰ تا ۲۰:۳۰,https://mftplus.com/lesson/154012133/برنامه-ریزی-و-کنترل-پروژه-با-نرم-افزار-Oracle-Primavera-P6
زبان انگلیسی C1.5,زبانهای خارجی,سعادت آباد (مرکزی),نوشین بهارستانی,چهارشنبه ۶ اسفند ۱۴۰۴,چهارشنبه ۲ اردیبهشت ۱۴۰۵,"۳۰,۵۰۰,۰۰۰","۳۰,۵۰۰,۰۰۰",شنبه ساعت ۱۱:۰۰ تا ۱۴:۰۰ | چهارشنبه ساعت ۱۱:۰۰ تا ۱۴:۰۰,https://mftplus.com/lesson/231215300/زبان-انگلیسی-C1.5
شیرینی های نوروزی (سنتی و مدرن),تشریفات و گردشگری,پارک ساعی,مشخص نشده,چهارشنبه ۶ اسفند ۱۴۰۴,چهارشنبه ۱۳ اسفند ۱۴۰۴,"۹۴,۰۰۰,۰۰۰","۹۴,۰۰۰,۰۰۰",چهارشنبه ساعت ۱۰:۰۰ تا ۱۸:۰۰,https://mftplus.com/lesson/6625/شیرینی-های-نوروزی-(سنتی-و-مدرن)
طراحی دستی جواهرات,علوم مهندسی,میرداماد,مشخص نشده,چهارشنبه ۶ اسفند ۱۴۰۴,چهارشنبه ۱۱ شهریور ۱۴۰۵,"۹۹,۰۰۰,۰۰۰","۹۹,۰۰۰,۰۰۰",چهارشنبه ساعت ۱۴:۳۰ تا ۱۷:۳۰,https://mftplus.com/lesson/154412123/طراحی-دستی-جواهرات
فروشندگی حرفه ای طلا و جواهر,علوم مهندسی,میرداماد,مشخص نشده,چهارشنبه ۶ اسفند ۱۴۰۴,چهارشنبه ۲ اردیبهشت ۱۴۰۵,"۶۹,۰۰۰,۰۰۰","۶۹,۰۰۰,۰۰۰",چهارشنبه ساعت ۱۷:۰۰ تا ۲۰:۰۰,https://mftplus.com/lesson/154414126/فروشندگی-حرفه-ای-طلا-و-جواهر
گوهرشناسی کاربردی (سطح دو – الماس),علوم مهندسی,میرداماد,مشخص نشده,چهارشنبه ۶ اسفند ۱۴۰۴,چهارشنبه ۲۸ مرداد ۱۴۰۵,"۱۷۹,۰۰۰,۰۰۰","۱۷۹,۰۰۰,۰۰۰",چهارشنبه ساعت ۱۴:۳۰ تا ۱۷:۳۰,https://mftplus.com/lesson/154414124/گوهرشناسی-کاربردی-(سطح-دو-–-الماس)
گوهرشناسی کاربردی (سطح یک – سنگهای رنگی),علوم مهندسی,میرداماد,مشخص نشده,چهارشنبه ۶ اسفند ۱۴۰۴,چهارشنبه ۱۵ مهر ۱۴۰۵,"۱۷۵,۰۰۰,۰۰۰","۱۷۵,۰۰۰,۰۰۰",چهارشنبه ساعت ۰۸:۳۰ تا ۱۱:۳۰,https://mftplus.com/lesson/154414123/گوهرشناسی-کاربردی-(سطح-یک-–-سنگهای-رنگی)
الگوسازی و دوخت لباس شب و عروس,فناوری مد و پوشاک,میرداماد,مشخص نشده,چهارشنبه ۶ اسفند ۱۴۰۴,چهارشنبه ۲۵ شهریور ۱۴۰۵,"۱۶۷,۰۰۰,۰۰۰","۱۶۷,۰۰۰,۰۰۰",چهارشنبه ساعت ۱۵:۰۰ تا ۲۰:۰۰,https://mftplus.com/lesson/411414133/الگوسازی-و-دوخت-لباس-شب-و-عروس
نورپردازی در دکوراسیون داخلی,معماری,میرداماد,مشخص نشده,چهارشنبه ۶ اسفند ۱۴۰۴,چهارشنبه ۲۷ اسفند ۱۴۰۴,"۳۵,۰۰۰,۰۰۰","۳۵,۰۰۰,۰۰۰",چهارشنبه ساعت ۱۶:۳۰ تا ۲۰:۳۰,https://mftplus.com/lesson/391212173/نورپردازی-در-دکوراسیون-داخلی
طراحی معماری و دکوراسیون داخلی متوسط,معماری,میرداماد,مشخص نشده,چهارشنبه ۶ اسفند ۱۴۰۴,چهارشنبه ۲۸ بهمن ۱۴۰۵,"۲۰۶,۰۰۰,۰۰۰","۲۰۶,۰۰۰,۰۰۰",چهارشنبه ساعت ۱۷:۳۰ تا ۲۰:۳۰,https://mftplus.com/lesson/391212126/طراحی-معماری-و-دکوراسیون-داخلی-متوسط
کارگاه استاندارد جهانی ارتباطات در بحران و اعتبار برند سازمانی,فرهنگ، ارتباط و رسانه,پارک ساعی,مشخص نشده,چهارشنبه ۶ اسفند ۱۴۰۴,چهارشنبه ۶ اسفند ۱۴۰۴,"۲۴,۰۰۰,۰۰۰","۲۴,۰۰۰,۰۰۰",چهارشنبه ساعت ۰۸:۰۰ تا ۱۶:۰۰,https://mftplus.com/lesson/6471/کارگاه-استاندارد-جهانی-ارتباطات-در-بحران-و-اعتبار-برند-سازمانی
ICDL Pack 2021,فناوری اطلاعات و ارتباطات,اراک,مشخص نشده,چهارشنبه ۶ اسفند ۱۴۰۴,شنبه ۳۱ مرداد ۱۴۰۵,"۸۱,۰۰۰,۰۰۰","۸۱,۰۰۰,۰۰۰",شنبه ساعت ۱۷:۰۰ تا ۲۰:۰۰ | چهارشنبه ساعت ۱۷:۰۰ تا ۲۰:۰۰,https://mftplus.com/lesson/5575/ICDL-Pack-2021
افترافکت (After Effects),هنر و سینما,البرز,مشخص نشده,چهارشنبه ۶ اسفند ۱۴۰۴,دوشنبه ۷ اردیبهشت ۱۴۰۵,"۹۸,۰۰۰,۰۰۰","۹۸,۰۰۰,۰۰۰",شنبه ساعت ۰۹:۰۰ تا ۱۳:۰۰ | دوشنبه ساعت ۰۹:۰۰ تا ۱۳:۰۰ | چهارشنبه ساعت ۰۹:۰۰ تا ۱۳:۰۰,https://mftplus.com/lesson/431213154/افترافکت-(After-Effects)
مدیریت ارتباط با مشتری (CRM),مدیریت و کسب و کار,نیاوران,دکتر علیرضا طاهرزاده دیزجی,چهارشنبه ۶ اسفند ۱۴۰۴,دوشنبه ۱۱ اسفند ۱۴۰۴,"۲۳,۵۰۰,۰۰۰","۲۳,۵۰۰,۰۰۰",دوشنبه ساعت ۱۷:۰۰ تا ۲۱:۰۰ | چهارشنبه ساعت ۱۷:۰۰ تا ۲۱:۰۰,https://mftplus.com/lesson/4943/مدیریت-ارتباط-با-مشتری-(CRM)
دوره طراحی رابط و تجربه کاربری (UI/UX),فناوری اطلاعات و ارتباطات,سعادت آباد (مرکزی),نیره باقری,پنجشنبه ۷ اسفند ۱۴۰۴,پنجشنبه ۲۷ فروردین ۱۴۰۵,"۵۵,۰۰۰,۰۰۰","۶۸,۰۰۰,۰۰۰",پنجشنبه ساعت ۱۴:۳۰ تا ۱۹:۳۰,https://mftplus.com/lesson/5605/دوره-طراحی-رابط-و-تجربه-کاربری-(UI/UX)
طراحی دستی جواهرات,علوم مهندسی,بلوار کاوه(قیطریه),مشخص نشده,پنجشنبه ۷ اسفند ۱۴۰۴,پنجشنبه ۲۱ خرداد ۱۴۰۵,"۹۹,۰۰۰,۰۰۰","۹۹,۰۰۰,۰۰۰",پنجشنبه ساعت ۱۴:۰۰ تا ۱۹:۰۰,https://mftplus.com/lesson/154412123/طراحی-دستی-جواهرات
نرم افزار Indesign,هنر و سینما,اسلامشهر,مشخص نشده,پنجشنبه ۷ اسفند ۱۴۰۴,پنجشنبه ۲۷ فروردین ۱۴۰۵,"۳۹,۰۰۰,۰۰۰","۴۷,۰۰۰,۰۰۰",پنجشنبه ساعت ۱۰:۰۰ تا ۱۵:۰۰,https://mftplus.com/lesson/431313132/نرم-افزار-Indesign
زبان روسی 1,زبانهای خارجی,سعادت آباد (مرکزی),مشخص نشده,پنجشنبه ۷ اسفند ۱۴۰۴,پنجشنبه ۲۸ خرداد ۱۴۰۵,"۵۹,۸۰۰,۰۰۰","۵۹,۸۰۰,۰۰۰",پنجشنبه ساعت ۰۸:۰۰ تا ۱۱:۰۰,https://mftplus.com/lesson/232012123/زبان-روسی-1
Zbrush,هنر و سینما,زعفرانیه,مشخص نشده,پنجشنبه ۷ اسفند ۱۴۰۴,پنجشنبه ۲۷ فروردین ۱۴۰۵,"۶۲,۴۰۰,۰۰۰","۶۲,۴۰۰,۰۰۰",جمعه ساعت ۱۳:۰۰ تا ۱۷:۰۰ | پنجشنبه ساعت ۱۳:۰۰ تا ۱۷:۰۰,https://mftplus.com/lesson/431214134/Zbrush
مانیتورینگ صنعتی با نرم افزار WinCC,برق و الکترونیک,میرداماد,مشخص نشده,پنجشنبه ۷ اسفند ۱۴۰۴,پنجشنبه ۱۰ اردیبهشت ۱۴۰۵,"۸۱,۰۰۰,۰۰۰","۸۱,۰۰۰,۰۰۰",پنجشنبه ساعت ۱۷:۳۰ تا ۲۱:۰۰,https://mftplus.com/lesson/5540/مانیتورینگ-صنعتی-با-نرم-افزار-WinCC
ICDL سطح دو  نوجوانان,کودک و نوجوان,بلوار کاوه(قیطریه),مشخص نشده,پنجشنبه ۷ اسفند ۱۴۰۴,پنجشنبه ۲۸ خرداد ۱۴۰۵,"۴۸,۴۰۰,۰۰۰","۵۶,۱۰۰,۰۰۰",پنجشنبه ساعت ۱۲:۰۰ تا ۱۵:۰۰,https://mftplus.com/lesson/3592/ICDL-سطح-دو-نوجوانان
پتینه مقدماتی تا پیشرفته,هنر و سینما,آیت الله کاشانی (غرب),مشخص نشده,پنجشنبه ۷ اسفند ۱۴۰۴,چهارشنبه ۱۳ اسفند ۱۴۰۴,"۱۱۴,۰۰۰,۰۰۰","۱۱۴,۰۰۰,۰۰۰",جمعه ساعت ۰۹:۰۰ تا ۱۹:۰۰ | شنبه ساعت ۰۹:۰۰ تا ۱۹:۰۰ | یکشنبه ساعت ۰۹:۰۰ تا ۱۹:۰۰ | چهارشنبه ساعت ۰۹:۰۰ تا ۱۹:۰۰ | پنجشنبه ساعت ۰۹:۰۰ تا ۱۹:۰۰,https://mftplus.com/lesson/4885/پتینه-مقدماتی-تا-پیشرفته
طراحی برد مدار چاپی با نرم افزارAltium Designer,برق و الکترونیک,پارک ساعی,مشخص نشده,پنجشنبه ۷ اسفند ۱۴۰۴,پنجشنبه ۱۰ اردیبهشت ۱۴۰۵,"۵۹,۰۰۰,۰۰۰","۶۰,۰۰۰,۰۰۰",پنجشنبه ساعت ۱۴:۰۰ تا ۱۸:۰۰,https://mftplus.com/lesson/5305/طراحی-برد-مدار-چاپی-با-نرم-افزارAltium-Designer
دوره تخصصی تعمیرات تلویزیون های LED و LCD,برق و الکترونیک,سعادت آباد (مرکزی),مشخص نشده,پنجشنبه ۷ اسفند ۱۴۰۴,جمعه ۴ اردیبهشت ۱۴۰۵,"۹۹,۰۰۰,۰۰۰","۹۹,۰۰۰,۰۰۰",جمعه ساعت ۱۴:۰۰ تا ۱۸:۰۰ | پنجشنبه ساعت ۱۴:۰۰ تا ۱۸:۰۰,https://mftplus.com/lesson/4691/دوره-تخصصی-تعمیرات-تلویزیون-های-LED-و-LCD
طراحی لباس تخصصی پیشرفته,فناوری مد و پوشاک,آیت الله کاشانی (غرب),مشخص نشده,پنجشنبه ۷ اسفند ۱۴۰۴,پنجشنبه ۲۶ آذر ۱۴۰۵,"۱۳۵,۰۰۰,۰۰۰","۱۳۵,۰۰۰,۰۰۰",پنجشنبه ساعت ۰۹:۰۰ تا ۱۳:۰۰,https://mftplus.com/lesson/6319/طراحی-لباس-تخصصی-پیشرفته
دوره تخصصی تعمیرات تلویزیون های LED و LCD,برق و الکترونیک,پارک ساعی,مشخص نشده,پنجشنبه ۷ اسفند ۱۴۰۴,پنجشنبه ۲۱ خرداد ۱۴۰۵,"۹۹,۰۰۰,۰۰۰","۹۹,۰۰۰,۰۰۰",پنجشنبه ساعت ۱۴:۳۰ تا ۱۸:۳۰,https://mftplus.com/lesson/4691/دوره-تخصصی-تعمیرات-تلویزیون-های-LED-و-LCD
نرم افزار Lumion,معماری,سعادت آباد (مرکزی),مشخص نشده,پنجشنبه ۷ اسفند ۱۴۰۴,پنجشنبه ۲۷ فروردین ۱۴۰۵,"۶۶,۰۰۰,۰۰۰","۶۶,۰۰۰,۰۰۰",پنجشنبه ساعت ۱۴:۰۰ تا ۱۹:۰۰,https://mftplus.com/lesson/391412154/نرم-افزار-Lumion
مدیریت فروش (SM),مدیریت و کسب و کار,آیت الله کاشانی (غرب),مشخص نشده,پنجشنبه ۷ اسفند ۱۴۰۴,پنجشنبه ۲۸ اسفند ۱۴۰۴,"۴۴,۲۰۰,۰۰۰","۵۸,۰۰۰,۰۰۰",پنجشنبه ساعت ۱۴:۳۰ تا ۲۰:۳۰,https://mftplus.com/lesson/4941/مدیریت-فروش-(SM)
دکوراتور داخلی,معماری,سعادت آباد (مرکزی),مشخص نشده,پنجشنبه ۷ اسفند ۱۴۰۴,جمعه ۲۲ خرداد ۱۴۰۵,"۱۸۸,۰۰۰,۰۰۰","۱۸۸,۰۰۰,۰۰۰",جمعه ساعت ۰۹:۰۰ تا ۱۴:۰۰ | پنجشنبه ساعت ۰۹:۰۰ تا ۱۴:۰۰,https://mftplus.com/lesson/391212131/دکوراتور-داخلی
طراحی معماری و دکوراسیون داخلی مقدماتی,معماری,سعادت آباد (مرکزی),مشخص نشده,پنجشنبه ۷ اسفند ۱۴۰۴,پنجشنبه ۹ مهر ۱۴۰۵,"۱۷۱,۰۰۰,۰۰۰","۱۷۱,۰۰۰,۰۰۰",پنجشنبه ساعت ۱۴:۰۰ تا ۱۹:۰۰,https://mftplus.com/lesson/391212125/طراحی-معماری-و-دکوراسیون-داخلی-مقدماتی
Sketchup & Vray,معماری,سعادت آباد (مرکزی),مشخص نشده,پنجشنبه ۷ اسفند ۱۴۰۴,پنجشنبه ۱۷ اردیبهشت ۱۴۰۵,"۶۹,۰۰۰,۰۰۰","۶۹,۰۰۰,۰۰۰",پنجشنبه ساعت ۰۹:۰۰ تا ۱۴:۰۰,https://mftplus.com/lesson/391412133/Sketchup-&-Vray
طراحی وب سایت (Web Design Pack),فناوری اطلاعات و ارتباطات,سعادت آباد (مرکزی),تورج آرمین پور,پنجشنبه ۷ اسفند ۱۴۰۴,پنجشنبه ۲۳ مهر ۱۴۰۵,"۱۵۰,۰۰۰,۰۰۰","۱۸۷,۰۰۰,۰۰۰",پنجشنبه ساعت ۱۴:۳۰ تا ۱۹:۳۰,https://mftplus.com/lesson/6459/طراحی-وب-سایت-(Web-Design-Pack)
(HTML & CSS (Web Design I,فناوری اطلاعات و ارتباطات,سعادت آباد (مرکزی),تورج آرمین پور,پنجشنبه ۷ اسفند ۱۴۰۴,پنجشنبه ۲۴ اردیبهشت ۱۴۰۵,"۴۵,۰۰۰,۰۰۰","۵۶,۰۰۰,۰۰۰",پنجشنبه ساعت ۱۴:۳۰ تا ۱۹:۳۰,https://mftplus.com/lesson/6456/(HTML-&-CSS-(Web-Design-I
سیستم‌های اتوماسیون و کنترل الکتروپنوماتیک,برق و الکترونیک,سعادت آباد (مرکزی),مشخص نشده,پنجشنبه ۷ اسفند ۱۴۰۴,جمعه ۱۵ اسفند ۱۴۰۴,"۱۰۶,۰۰۰,۰۰۰","۱۰۶,۰۰۰,۰۰۰",جمعه ساعت ۰۸:۰۰ تا ۱۶:۰۰ | پنجشنبه ساعت ۰۸:۰۰ تا ۱۶:۰۰,https://mftplus.com/lesson/6332/سیستم‌های-اتوماسیون-و-کنترل-الکتروپنوماتیک
داده کاوی، آمار و هوش مصنوعی کاربردی به کمک نرم افزار R,علوم مهندسی,سعادت آباد (مرکزی),مشخص نشده,پنجشنبه ۷ اسفند ۱۴۰۴,پنجشنبه ۲۷ فروردین ۱۴۰۵,"۶۹,۰۰۰,۰۰۰","۶۹,۰۰۰,۰۰۰",پنجشنبه ساعت ۱۴:۳۰ تا ۲۰:۳۰,https://mftplus.com/lesson/4487/داده-کاوی،-آمار-و-هوش-مصنوعی-کاربردی-به-کمک-نرم-افزار-R
مباحث حقوقی آمادگی آزمون کارشناسی رسمی قوه قضاییه,علوم مهندسی,سعادت آباد (مرکزی),مشخص نشده,پنجشنبه ۷ اسفند ۱۴۰۴,جمعه ۸ اسفند ۱۴۰۴,"۲۵,۰۰۰,۰۰۰","۲۵,۰۰۰,۰۰۰",جمعه ساعت ۰۹:۰۰ تا ۱۴:۰۰ | پنجشنبه ساعت ۰۹:۰۰ تا ۱۴:۰۰,https://mftplus.com/lesson/5942/مباحث-حقوقی-آمادگی-آزمون-کارشناسی-رسمی-قوه-قضاییه
جامع حقوق پیمان,علوم مهندسی,سعادت آباد (مرکزی),مشخص نشده,پنجشنبه ۷ اسفند ۱۴۰۴,پنجشنبه ۱۰ اردیبهشت ۱۴۰۵,"۷۵,۰۰۰,۰۰۰","۷۵,۰۰۰,۰۰۰",پنجشنبه ساعت ۱۴:۳۰ تا ۲۰:۳۰,https://mftplus.com/lesson/4519/جامع-حقوق-پیمان
 اجرای نرم افزارهای اسکچاپ و اینسکیپ,معماری,سعادت آباد (مرکزی),مشخص نشده,پنجشنبه ۷ اسفند ۱۴۰۴,پنجشنبه ۳ اردیبهشت ۱۴۰۵,"۵۹,۰۰۰,۰۰۰","۵۹,۰۰۰,۰۰۰",پنجشنبه ساعت ۰۹:۰۰ تا ۱۴:۰۰,https://mftplus.com/lesson/4303/اجرای-نرم-افزارهای-اسکچاپ-و-اینسکیپ
پکیج حسابداری مالیاتی ویژه بازار کار,علوم مالی و حسابداری,زعفرانیه,مشخص نشده,پنجشنبه ۷ اسفند ۱۴۰۴,پنجشنبه ۲۴ اردیبهشت ۱۴۰۵,"۶۶,۵۰۰,۰۰۰","۶۶,۵۰۰,۰۰۰",پنجشنبه ساعت ۱۴:۰۰ تا ۱۹:۰۰,https://mftplus.com/lesson/4049/پکیج-حسابداری-مالیاتی-ویژه-بازار-کار
کمک های اولیه و فوریت های پزشکی,دانش سلامت,پارک ساعی,سعید یوسفی بیله سوار,پنجشنبه ۷ اسفند ۱۴۰۴,پنجشنبه ۲۴ اردیبهشت ۱۴۰۵,"۴۵,۵۰۰,۰۰۰","۴۵,۵۰۰,۰۰۰",پنجشنبه ساعت ۱۴:۰۰ تا ۱۹:۰۰,https://mftplus.com/lesson/341612128/کمک-های-اولیه-و-فوریت-های-پزشکی
Programming with Python,فناوری اطلاعات و ارتباطات,پارک ساعی,رضا جمالی,پنجشنبه ۷ اسفند ۱۴۰۴,پنجشنبه ۷ خرداد ۱۴۰۵,"۷۰,۰۰۰,۰۰۰","۸۸,۰۰۰,۰۰۰",پنجشنبه ساعت ۱۴:۰۰ تا ۱۹:۰۰,https://mftplus.com/lesson/5679/Programming-with-Python
ایمنی در برق,برق و الکترونیک,بلوار کاوه(قیطریه),مشخص نشده,پنجشنبه ۷ اسفند ۱۴۰۴,پنجشنبه ۱۱ تیر ۱۴۰۵,"۶۱,۰۰۰,۰۰۰","۶۱,۰۰۰,۰۰۰",پنجشنبه ساعت ۱۸:۰۰ تا ۲۰:۰۰,https://mftplus.com/lesson/5766/ایمنی-در-برق
آنالیز تأخیرات و مدیریت مؤثر ادعا (Claim) در پروژه‌های ساخت و EPC,علوم مهندسی,سعادت آباد (مرکزی),مشخص نشده,پنجشنبه ۷ اسفند ۱۴۰۴,پنجشنبه ۲۰ فروردین ۱۴۰۵,"۶۵,۰۰۰,۰۰۰","۶۵,۰۰۰,۰۰۰",پنجشنبه ساعت ۰۸:۰۰ تا ۱۴:۰۰,https://mftplus.com/lesson/6400/آنالیز-تأخیرات-و-مدیریت-مؤثر-ادعا-(Claim)-در-پروژه‌های-ساخت-و-EPC
کاربرد هوش مصنوعی در برنامه ریزی و کنترل پروژه,علوم مهندسی,سعادت آباد (مرکزی),مشخص نشده,پنجشنبه ۷ اسفند ۱۴۰۴,پنجشنبه ۱۰ اردیبهشت ۱۴۰۵,"۵۹,۰۰۰,۰۰۰","۵۹,۰۰۰,۰۰۰",پنجشنبه ساعت ۱۱:۰۰ تا ۱۴:۰۰,https://mftplus.com/lesson/6465/کاربرد-هوش-مصنوعی-در-برنامه-ریزی-و-کنترل-پروژه
انیمیشن سازی  با  Moho1 (Cut-Out),هنر و سینما,اسلامشهر,مشخص نشده,پنجشنبه ۷ اسفند ۱۴۰۴,پنجشنبه ۱۰ اردیبهشت ۱۴۰۵,"۵۲,۸۰۰,۰۰۰","۵۲,۸۰۰,۰۰۰",پنجشنبه ساعت ۱۷:۰۰ تا ۲۱:۰۰,https://mftplus.com/lesson/6551/انیمیشن-سازی-با-Moho1-(Cut-Out)
طراحی لباس تخصصی پیشرفته,فناوری مد و پوشاک,ونک,مشخص نشده,پنجشنبه ۷ اسفند ۱۴۰۴,پنجشنبه ۷ آبان ۱۴۰۵,"۱۴۷,۰۰۰,۰۰۰","۱۴۷,۰۰۰,۰۰۰",پنجشنبه ساعت ۰۹:۰۰ تا ۱۵:۰۰,https://mftplus.com/lesson/5635/طراحی-لباس-تخصصی-پیشرفته
Responsive & Bootstrap (Web Design II),فناوری اطلاعات و ارتباطات,سعادت آباد (مرکزی),کبری حیدری,پنجشنبه ۷ اسفند ۱۴۰۴,پنجشنبه ۳ اردیبهشت ۱۴۰۵,"۵۰,۰۰۰,۰۰۰","۶۳,۰۰۰,۰۰۰",پنجشنبه ساعت ۱۴:۳۰ تا ۱۹:۳۰,https://mftplus.com/lesson/6457/Responsive-&-Bootstrap-(Web-Design-II)
طراحی ، بازرسی و محاسبات پمپها بر اساس API 610,علوم مهندسی,سعادت آباد (مرکزی),مشخص نشده,پنجشنبه ۷ اسفند ۱۴۰۴,پنجشنبه ۲۸ اسفند ۱۴۰۴,"۶۲,۵۰۰,۰۰۰","۶۲,۵۰۰,۰۰۰",پنجشنبه ساعت ۱۴:۳۰ تا ۲۰:۳۰,https://mftplus.com/lesson/153513123/طراحی-،-بازرسی-و-محاسبات-پمپها-بر-اساس-API-610
ICDL Pack 2021,فناوری اطلاعات و ارتباطات,پارک ساعی,رضا آویدکیا,پنجشنبه ۷ اسفند ۱۴۰۴,جمعه ۱۲ تیر ۱۴۰۵,"۶۳,۰۰۰,۰۰۰","۸۱,۰۰۰,۰۰۰",جمعه ساعت ۱۴:۰۰ تا ۱۸:۳۰ | پنجشنبه ساعت ۱۴:۰۰ تا ۱۸:۳۰,https://mftplus.com/lesson/5575/ICDL-Pack-2021
ICDL 2021 Level 1,فناوری اطلاعات و ارتباطات,پارک ساعی,رضا آویدکیا,پنجشنبه ۷ اسفند ۱۴۰۴,پنجشنبه ۱۷ اردیبهشت ۱۴۰۵,"۳۸,۰۰۰,۰۰۰","۴۹,۰۰۰,۰۰۰",جمعه ساعت ۱۴:۰۰ تا ۱۸:۳۰ | پنجشنبه ساعت ۱۴:۰۰ تا ۱۸:۳۰,https://mftplus.com/lesson/5571/ICDL-2021-Level-1
نحوه تهیه صورت های مالی,علوم مالی و حسابداری,پارک ساعی,مشخص نشده,پنجشنبه ۷ اسفند ۱۴۰۴,پنجشنبه ۲۱ اسفند ۱۴۰۴,"۳۲,۷۰۰,۰۰۰","۳۲,۷۰۰,۰۰۰",پنجشنبه ساعت ۱۴:۳۰ تا ۲۰:۳۰,https://mftplus.com/lesson/3905/نحوه-تهیه-صورت-های-مالی
کارگاه عکاسی صنعتی و تبلیغاتی,هنر و سینما,بلوار کاوه(قیطریه),مشخص نشده,پنجشنبه ۷ اسفند ۱۴۰۴,پنجشنبه ۱۰ اردیبهشت ۱۴۰۵,"۸۸,۴۰۰,۰۰۰","۸۸,۴۰۰,۰۰۰",پنجشنبه ساعت ۰۹:۰۰ تا ۱۴:۰۰,https://mftplus.com/lesson/431213166/کارگاه-عکاسی-صنعتی-و-تبلیغاتی
Machine Learning with Python,فناوری اطلاعات و ارتباطات,باملند(شمال غرب),مشخص نشده,پنجشنبه ۷ اسفند ۱۴۰۴,پنجشنبه ۱۴ خرداد ۱۴۰۵,"۸۴,۰۰۰,۰۰۰","۸۴,۰۰۰,۰۰۰",پنجشنبه ساعت ۱۶:۰۰ تا ۲۰:۰۰,https://mftplus.com/lesson/5546/Machine-Learning-with-Python
تکنسین داروخانه (نسخه خوانی),دانش سلامت,پارک ساعی,سعید یوسفی بیله سوار,پنجشنبه ۷ اسفند ۱۴۰۴,پنجشنبه ۱۱ تیر ۱۴۰۵,"۷۱,۵۰۰,۰۰۰","۷۱,۵۰۰,۰۰۰",پنجشنبه ساعت ۱۰:۰۰ تا ۱۴:۰۰,https://mftplus.com/lesson/341615130/تکنسین-داروخانه-(نسخه-خوانی)
مدیریت جامع فروش,مدیریت و کسب و کار,بلوار کاوه(قیطریه),مشخص نشده,پنجشنبه ۷ اسفند ۱۴۰۴,جمعه ۱۸ اردیبهشت ۱۴۰۵,"۱۴۷,۰۰۰,۰۰۰","۱۶۷,۰۰۰,۰۰۰",جمعه ساعت ۰۸:۰۰ تا ۱۴:۰۰ | پنجشنبه ساعت ۰۸:۰۰ تا ۱۴:۰۰,https://mftplus.com/lesson/4916/مدیریت-جامع-فروش
نقشه خوانی مکانیک و استانداردهای نقشه,علوم مهندسی,سعادت آباد (مرکزی),مشخص نشده,پنجشنبه ۷ اسفند ۱۴۰۴,پنجشنبه ۲۷ فروردین ۱۴۰۵,"۶۵,۰۰۰,۰۰۰","۶۵,۰۰۰,۰۰۰",پنجشنبه ساعت ۰۸:۰۰ تا ۱۴:۰۰,https://mftplus.com/lesson/153718139/نقشه-خوانی-مکانیک-و-استانداردهای-نقشه
نرم افزار Revit معماری,معماری,سعادت آباد (مرکزی),مشخص نشده,پنجشنبه ۷ اسفند ۱۴۰۴,پنجشنبه ۳۱ اردیبهشت ۱۴۰۵,"۸۹,۰۰۰,۰۰۰","۸۹,۰۰۰,۰۰۰",پنجشنبه ساعت ۰۹:۰۰ تا ۱۴:۰۰,https://mftplus.com/lesson/391412129/نرم-افزار-Revit-معماری
عکاسی دیجیتال,هنر و سینما,سعادت آباد (مرکزی),علیرضا رهی,پنجشنبه ۷ اسفند ۱۴۰۴,پنجشنبه ۱۸ تیر ۱۴۰۵,"۸۵,۹۰۰,۰۰۰","۸۵,۹۰۰,۰۰۰",پنجشنبه ساعت ۰۹:۰۰ تا ۱۴:۰۰,https://mftplus.com/lesson/4919/عکاسی-دیجیتال
کارگاه گزارش های هوشمند با اکسل,فناوری اطلاعات و ارتباطات,نیاوران,مشخص نشده,پنجشنبه ۷ اسفند ۱۴۰۴,جمعه ۱۵ اسفند ۱۴۰۴,"۲۳,۰۰۰,۰۰۰","۲۹,۰۰۰,۰۰۰",جمعه ساعت ۱۴:۰۰ تا ۱۹:۰۰ | پنجشنبه ساعت ۱۴:۰۰ تا ۱۹:۰۰,https://mftplus.com/lesson/3245/کارگاه-گزارش-های-هوشمند-با-اکسل
نرم افزار ABAQUS (مقدماتی),علوم مهندسی,سعادت آباد (مرکزی),مشخص نشده,پنجشنبه ۷ اسفند ۱۴۰۴,پنجشنبه ۱۰ اردیبهشت ۱۴۰۵,"۷۹,۰۰۰,۰۰۰","۷۹,۰۰۰,۰۰۰",پنجشنبه ساعت ۰۸:۰۰ تا ۱۴:۰۰,https://mftplus.com/lesson/153716125/نرم-افزار-ABAQUS-(مقدماتی)
دوره جامع شناخت و انتخاب فلزات صنعتی,علوم مهندسی,سعادت آباد (مرکزی),مشخص نشده,پنجشنبه ۷ اسفند ۱۴۰۴,پنجشنبه ۳ اردیبهشت ۱۴۰۵,"۷۷,۵۰۰,۰۰۰","۷۷,۵۰۰,۰۰۰",پنجشنبه ساعت ۰۸:۰۰ تا ۱۴:۰۰,https://mftplus.com/lesson/5310/دوره-جامع-شناخت-و-انتخاب-فلزات-صنعتی
نقشه کشی تاسیسات,علوم مهندسی,سعادت آباد (مرکزی),مشخص نشده,پنجشنبه ۷ اسفند ۱۴۰۴,پنجشنبه ۲۸ اسفند ۱۴۰۴,"۵۵,۰۰۰,۰۰۰","۵۵,۰۰۰,۰۰۰",پنجشنبه ساعت ۰۸:۰۰ تا ۱۴:۰۰,https://mftplus.com/lesson/154312127/نقشه-کشی-تاسیسات
Python Web Development With Django,فناوری اطلاعات و ارتباطات,اسلامشهر,مشخص نشده,پنجشنبه ۷ اسفند ۱۴۰۴,پنجشنبه ۲۵ تیر ۱۴۰۵,"۵۹,۰۰۰,۰۰۰","۷۴,۰۰۰,۰۰۰",پنجشنبه ساعت ۱۸:۰۰ تا ۲۱:۰۰,https://mftplus.com/lesson/4046/Python-Web-Development-With-Django
برنامه نویسی به زبان ++C,فناوری اطلاعات و ارتباطات,سیدخندان,مشخص نشده,پنجشنبه ۷ اسفند ۱۴۰۴,پنجشنبه ۷ خرداد ۱۴۰۵,"۶۵,۰۰۰,۰۰۰","۸۰,۰۰۰,۰۰۰",پنجشنبه ساعت ۰۸:۰۰ تا ۱۳:۰۰,https://mftplus.com/lesson/132017134/برنامه-نویسی-به-زبان-++C
دوره جامع اصول کاربردی آمار و احتمال داده ها,علوم مهندسی,سعادت آباد (مرکزی),مشخص نشده,پنجشنبه ۷ اسفند ۱۴۰۴,پنجشنبه ۱۰ اردیبهشت ۱۴۰۵,"۸۵,۰۰۰,۰۰۰","۸۵,۰۰۰,۰۰۰",پنجشنبه ساعت ۱۴:۳۰ تا ۲۰:۳۰,https://mftplus.com/lesson/4868/دوره-جامع-اصول-کاربردی-آمار-و-احتمال-داده-ها
Wordpress & SEO PACK,فناوری اطلاعات و ارتباطات,آیت الله کاشانی (غرب),مشخص نشده,پنجشنبه ۷ اسفند ۱۴۰۴,پنجشنبه ۱۱ تیر ۱۴۰۵,"۱۲۴,۰۰۰,۰۰۰","۱۲۴,۰۰۰,۰۰۰",پنجشنبه ساعت ۰۹:۰۰ تا ۱۴:۰۰,https://mftplus.com/lesson/4669/Wordpress-&-SEO-PACK
اصول طراحی ، انتخاب و محاسبات اجزای ماشین آلات صنعتی - سطح یک,علوم مهندسی,سعادت آباد (مرکزی),مشخص نشده,پنجشنبه ۷ اسفند ۱۴۰۴,پنجشنبه ۱۷ اردیبهشت ۱۴۰۵,"۷۵,۰۰۰,۰۰۰","۷۵,۰۰۰,۰۰۰",پنجشنبه ساعت ۱۴:۳۰ تا ۲۰:۳۰,https://mftplus.com/lesson/3154/اصول-طراحی-،-انتخاب-و-محاسبات-اجزای-ماشین-آلات-صنعتی-سطح-یک
جوشکاری عملی الکترود دستی SMAW,علوم مهندسی,سعادت آباد (مرکزی),مشخص نشده,پنجشنبه ۷ اسفند ۱۴۰۴,پنجشنبه ۲۸ اسفند ۱۴۰۴,"۱۸۹,۰۰۰,۰۰۰","۱۸۹,۰۰۰,۰۰۰",پنجشنبه ساعت ۰۸:۰۰ تا ۱۸:۰۰,https://mftplus.com/lesson/153613125/جوشکاری-عملی-الکترود-دستی-SMAW
جوشکاری عملی با الکترود تنگستنی (آرگون) GTAW,علوم مهندسی,سعادت آباد (مرکزی),مشخص نشده,پنجشنبه ۷ اسفند ۱۴۰۴,پنجشنبه ۲۸ اسفند ۱۴۰۴,"۱۹۵,۰۰۰,۰۰۰","۱۹۵,۰۰۰,۰۰۰",پنجشنبه ساعت ۰۸:۰۰ تا ۱۸:۰۰,https://mftplus.com/lesson/153613124/جوشکاری-عملی-با-الکترود-تنگستنی-(آرگون)-GTAW
جوشکاری عملی گاز محافظ GMAW,علوم مهندسی,سعادت آباد (مرکزی),مشخص نشده,پنجشنبه ۷ اسفند ۱۴۰۴,پنجشنبه ۲۸ اسفند ۱۴۰۴,"۱۹۵,۰۰۰,۰۰۰","۱۹۵,۰۰۰,۰۰۰",پنجشنبه ساعت ۰۸:۰۰ تا ۱۸:۰۰,https://mftplus.com/lesson/153613126/جوشکاری-عملی-گاز-محافظ-GMAW
کاربرد هوش مصنوعی در تولید محتوا و بازاریابی محتوایی,تولید محتوا,سعادت آباد (مرکزی),نیما حقیقت جو,پنجشنبه ۷ اسفند ۱۴۰۴,پنجشنبه ۳ اردیبهشت ۱۴۰۵,"۵۲,۰۰۰,۰۰۰","۵۲,۰۰۰,۰۰۰",پنجشنبه ساعت ۰۹:۰۰ تا ۱۴:۰۰,https://mftplus.com/lesson/6025/کاربرد-هوش-مصنوعی-در-تولید-محتوا-و-بازاریابی-محتوایی
دوره مقدماتی تعمیرات بردهای الکترونیکی,برق و الکترونیک,پارک ساعی,مشخص نشده,پنجشنبه ۷ اسفند ۱۴۰۴,پنجشنبه ۲۸ اسفند ۱۴۰۴,"۵۳,۰۰۰,۰۰۰","۵۳,۰۰۰,۰۰۰",پنجشنبه ساعت ۰۸:۳۰ تا ۱۴:۳۰,https://mftplus.com/lesson/4690/دوره-مقدماتی-تعمیرات-بردهای-الکترونیکی
Huawei HCIA Transmission V3.0,فناوری اطلاعات و ارتباطات,زعفرانیه,مشخص نشده,پنجشنبه ۷ اسفند ۱۴۰۴,پنجشنبه ۲۰ فروردین ۱۴۰۵,"۱۰۰,۵۰۰,۰۰۰","۱۰۰,۵۰۰,۰۰۰",جمعه ساعت ۰۹:۰۰ تا ۱۳:۰۰ | پنجشنبه ساعت ۰۹:۰۰ تا ۱۳:۰۰,https://mftplus.com/lesson/6500/Huawei-HCIA-Transmission-V3.0
پکیج طراحی دکوراسیون داخلی از مقدماتی تا پیشرفته,معماری,باملند(شمال غرب),مشخص نشده,پنجشنبه ۷ اسفند ۱۴۰۴,جمعه ۸ آبان ۱۴۰۵,"۵۲۹,۰۰۰,۰۰۰","۵۲۹,۰۰۰,۰۰۰",جمعه ساعت ۰۸:۰۰ تا ۱۴:۰۰ | پنجشنبه ساعت ۰۸:۰۰ تا ۱۴:۰۰,https://mftplus.com/lesson/5999/پکیج-طراحی-دکوراسیون-داخلی-از-مقدماتی-تا-پیشرفته
دوره جامع مدیریت سرمایه گذاری در بازارهای پولی و مالی بین الملل (FX & CFD),علوم مالی و حسابداری,پارک ساعی,مشخص نشده,پنجشنبه ۷ اسفند ۱۴۰۴,پنجشنبه ۱۱ تیر ۱۴۰۵,"۱۸۲,۴۰۰,۰۰۰","۱۸۲,۴۰۰,۰۰۰",پنجشنبه ساعت ۰۹:۰۰ تا ۱۴:۰۰,https://mftplus.com/lesson/4254/دوره-جامع-مدیریت-سرمایه-گذاری-در-بازارهای-پولی-و-مالی-بین-الملل-(FX-&-CFD)
مدیریت هتلداری,تشریفات و گردشگری,پارک ساعی,مشخص نشده,پنجشنبه ۷ اسفند ۱۴۰۴,پنجشنبه ۱۰ اردیبهشت ۱۴۰۵,"۱۴۳,۰۰۰,۰۰۰","۱۴۳,۰۰۰,۰۰۰",پنجشنبه ساعت ۱۵:۰۰ تا ۱۹:۰۰,https://mftplus.com/lesson/3829/مدیریت-هتلداری
JavaScript (Web Design III),فناوری اطلاعات و ارتباطات,سعادت آباد (مرکزی),صدیقه اخلاقی,پنجشنبه ۷ اسفند ۱۴۰۴,پنجشنبه ۷ خرداد ۱۴۰۵,"۸۱,۰۰۰,۰۰۰","۱۰۱,۵۰۰,۰۰۰",پنجشنبه ساعت ۰۹:۰۰ تا ۱۴:۰۰,https://mftplus.com/lesson/6458/JavaScript-(Web-Design-III)
تولید محتوا با موبایل (موبایل گرافی),تولید محتوا,اکباتان,مشخص نشده,پنجشنبه ۷ اسفند ۱۴۰۴,پنجشنبه ۳ اردیبهشت ۱۴۰۵,"۵۵,۰۰۰,۰۰۰","۵۵,۰۰۰,۰۰۰",پنجشنبه ساعت ۱۴:۰۰ تا ۱۹:۰۰,https://mftplus.com/lesson/6217/تولید-محتوا-با-موبایل-(موبایل-گرافی)
نقشه کشی صنعتی,علوم مهندسی,اکباتان,مشخص نشده,پنجشنبه ۷ اسفند ۱۴۰۴,پنجشنبه ۲۴ اردیبهشت ۱۴۰۵,"۶۷,۵۰۰,۰۰۰","۶۷,۵۰۰,۰۰۰",پنجشنبه ساعت ۱۵:۰۰ تا ۱۹:۰۰,https://mftplus.com/lesson/153718140/نقشه-کشی-صنعتی
عیب یابی و تعمیر بردهای مدار چاپی (پیشرفته),برق و الکترونیک,سعادت آباد (مرکزی),مشخص نشده,پنجشنبه ۷ اسفند ۱۴۰۴,پنجشنبه ۲۴ اردیبهشت ۱۴۰۵,"۱۲۴,۰۰۰,۰۰۰","۱۲۴,۰۰۰,۰۰۰",پنجشنبه ساعت ۱۶:۰۰ تا ۲۱:۰۰,https://mftplus.com/lesson/5589/عیب-یابی-و-تعمیر-بردهای-مدار-چاپی-(پیشرفته)
دوره جامع آزاد کار دیجیتال مارکتینگ,تولید محتوا,میرداماد,مشخص نشده,پنجشنبه ۷ اسفند ۱۴۰۴,پنجشنبه ۱۲ آذر ۱۴۰۵,"۱۹۰,۰۰۰,۰۰۰","۱۹۰,۰۰۰,۰۰۰",پنجشنبه ساعت ۱۴:۳۰ تا ۱۹:۳۰,https://mftplus.com/lesson/5206/دوره-جامع-آزاد-کار-دیجیتال-مارکتینگ
فتوشاپ برای معماری,معماری,سعادت آباد (مرکزی),مشخص نشده,پنجشنبه ۷ اسفند ۱۴۰۴,پنجشنبه ۲۸ اسفند ۱۴۰۴,"۴۹,۰۰۰,۰۰۰","۴۹,۰۰۰,۰۰۰",پنجشنبه ساعت ۱۴:۳۰ تا ۲۰:۳۰,https://mftplus.com/lesson/391412134/فتوشاپ-برای-معماری
طراحی معماری و دکوراسیون داخلی مقدماتی,معماری,سعادت آباد (مرکزی),مشخص نشده,پنجشنبه ۷ اسفند ۱۴۰۴,پنجشنبه ۲۱ خرداد ۱۴۰۵,"۱۷۱,۰۰۰,۰۰۰","۱۷۱,۰۰۰,۰۰۰",جمعه ساعت ۰۹:۰۰ تا ۱۴:۰۰ | پنجشنبه ساعت ۰۹:۰۰ تا ۱۴:۰۰,https://mftplus.com/lesson/391212125/طراحی-معماری-و-دکوراسیون-داخلی-مقدماتی
طراحی معماری و دکوراسیون داخلی مقدماتی,معماری,سعادت آباد (مرکزی),مشخص نشده,پنجشنبه ۷ اسفند ۱۴۰۴,پنجشنبه ۱۹ شهریور ۱۴۰۵,"۱۷۱,۰۰۰,۰۰۰","۱۷۱,۰۰۰,۰۰۰",پنجشنبه ساعت ۰۹:۰۰ تا ۱۴:۰۰,https://mftplus.com/lesson/391212125/طراحی-معماری-و-دکوراسیون-داخلی-مقدماتی
مدلسازی واحدهای فرایندی و لوله کشی به کمک نرم افزار PDMS – سطح دو,علوم مهندسی,سعادت آباد (مرکزی),مشخص نشده,پنجشنبه ۷ اسفند ۱۴۰۴,پنجشنبه ۲۸ اسفند ۱۴۰۴,"۶۵,۰۰۰,۰۰۰","۶۵,۰۰۰,۰۰۰",پنجشنبه ساعت ۱۴:۳۰ تا ۲۰:۳۰,https://mftplus.com/lesson/2981/مدلسازی-واحدهای-فرایندی-و-لوله-کشی-به-کمک-نرم-افزار-PDMS-–-سطح-دو
دوره جامع محاسبات ساختمان : ETABS/SAFE سطح دو (ویژه سازه های بتنی),علوم مهندسی,سعادت آباد (مرکزی),مشخص نشده,پنجشنبه ۷ اسفند ۱۴۰۴,جمعه ۴ اردیبهشت ۱۴۰۵,"۱۲۵,۰۰۰,۰۰۰","۱۲۵,۰۰۰,۰۰۰",جمعه ساعت ۰۹:۰۰ تا ۱۴:۰۰ | پنجشنبه ساعت ۰۹:۰۰ تا ۱۴:۰۰,https://mftplus.com/lesson/4926/دوره-جامع-محاسبات-ساختمان-:-ETABS/SAFE-سطح-دو-(ویژه-سازه-های-بتنی)
هوش مصنوعی در ساخت تصاویرگرافیکی و ویدیو,هنر و سینما,سعادت آباد (مرکزی),مشخص نشده,پنجشنبه ۷ اسفند ۱۴۰۴,پنجشنبه ۱۰ اردیبهشت ۱۴۰۵,"۶۳,۰۰۰,۰۰۰","۶۳,۰۰۰,۰۰۰",پنجشنبه ساعت ۰۹:۳۰ تا ۱۲:۳۰,https://mftplus.com/lesson/6167/هوش-مصنوعی-در-ساخت-تصاویرگرافیکی-و-ویدیو
ICDL سطح یک نوجوانان,کودک و نوجوان,نیاوران,مشخص نشده,پنجشنبه ۷ اسفند ۱۴۰۴,پنجشنبه ۲۴ اردیبهشت ۱۴۰۵,"۴۲,۶۰۰,۰۰۰","۴۶,۰۰۰,۰۰۰",پنجشنبه ساعت ۱۳:۰۰ تا ۱۷:۰۰,https://mftplus.com/lesson/3587/ICDL-سطح-یک-نوجوانان
فتوشاپ برای معماری,معماری,سیدخندان,مشخص نشده,پنجشنبه ۷ اسفند ۱۴۰۴,پنجشنبه ۲۰ فروردین ۱۴۰۵,"۴۹,۰۰۰,۰۰۰","۴۹,۰۰۰,۰۰۰",پنجشنبه ساعت ۰۸:۰۰ تا ۱۳:۰۰,https://mftplus.com/lesson/391412134/فتوشاپ-برای-معماری
دوره جامع محاسبات ساختمان : ETABS/SAFE سطح یک,علوم مهندسی,اسلامشهر,مشخص نشده,پنجشنبه ۷ اسفند ۱۴۰۴,پنجشنبه ۳۰ مهر ۱۴۰۵,"۱۶۹,۰۰۰,۰۰۰","۱۶۹,۰۰۰,۰۰۰",پنجشنبه ساعت ۱۵:۰۰ تا ۱۹:۰۰,https://mftplus.com/lesson/153812123/دوره-جامع-محاسبات-ساختمان-:-ETABS/SAFE-سطح-یک
سئو و بهینه سازی موتورهای جست و جو (SEO),فناوری اطلاعات و ارتباطات,سعادت آباد (مرکزی),دانیال بختیاری نژاد,پنجشنبه ۷ اسفند ۱۴۰۴,پنجشنبه ۱۰ اردیبهشت ۱۴۰۵,"۶۵,۰۰۰,۰۰۰","۸۳,۰۰۰,۰۰۰",پنجشنبه ساعت ۱۴:۳۰ تا ۱۹:۳۰,https://mftplus.com/lesson/5303/سئو-و-بهینه-سازی-موتورهای-جست-و-جو-(SEO)
Wordpress & WooCommerce Essential Training,فناوری اطلاعات و ارتباطات,سعادت آباد (مرکزی),اسماعیل احمدی میرقائد,پنجشنبه ۷ اسفند ۱۴۰۴,پنجشنبه ۳ اردیبهشت ۱۴۰۵,"۴۱,۰۰۰,۰۰۰","۵۳,۰۰۰,۰۰۰",پنجشنبه ساعت ۰۹:۰۰ تا ۱۴:۰۰,https://mftplus.com/lesson/5202/Wordpress-&-WooCommerce-Essential-Training
Wordpress & SEO PACK,فناوری اطلاعات و ارتباطات,سعادت آباد (مرکزی),اسماعیل احمدی میرقائد,پنجشنبه ۷ اسفند ۱۴۰۴,پنجشنبه ۲۸ خرداد ۱۴۰۵,"۱۰۰,۰۰۰,۰۰۰","۱۲۴,۰۰۰,۰۰۰",پنجشنبه ساعت ۰۹:۰۰ تا ۱۴:۰۰,https://mftplus.com/lesson/4669/Wordpress-&-SEO-PACK
تکنسین داروخانه (نسخه خوانی),دانش سلامت,بلوار کاوه(قیطریه),مشخص نشده,پنجشنبه ۷ اسفند ۱۴۰۴,پنجشنبه ۷ خرداد ۱۴۰۵,"۷۱,۵۰۰,۰۰۰","۷۱,۵۰۰,۰۰۰",پنجشنبه ساعت ۱۰:۰۰ تا ۱۵:۰۰,https://mftplus.com/lesson/341615130/تکنسین-داروخانه-(نسخه-خوانی)
متره، برآورد و صورت وضعیت نویسی عمران,علوم مهندسی,سعادت آباد (مرکزی),مشخص نشده,پنجشنبه ۷ اسفند ۱۴۰۴,پنجشنبه ۱۷ اردیبهشت ۱۴۰۵,"۷۵,۰۰۰,۰۰۰","۷۵,۰۰۰,۰۰۰",پنجشنبه ساعت ۰۸:۰۰ تا ۱۴:۰۰,https://mftplus.com/lesson/153813123/متره،-برآورد-و-صورت-وضعیت-نویسی-عمران
کاربرد Excel در مدیریت پروژه,علوم مهندسی,سعادت آباد (مرکزی),مشخص نشده,پنجشنبه ۷ اسفند ۱۴۰۴,پنجشنبه ۲۸ اسفند ۱۴۰۴,"۵۵,۰۰۰,۰۰۰","۵۵,۰۰۰,۰۰۰",پنجشنبه ساعت ۱۴:۳۰ تا ۲۰:۳۰,https://mftplus.com/lesson/3818/کاربرد-Excel-در-مدیریت-پروژه
دوره جامع اجرای ساختمانهای بتنی و فولادی,علوم مهندسی,نیاوران,مشخص نشده,پنجشنبه ۷ اسفند ۱۴۰۴,پنجشنبه ۱۹ شهریور ۱۴۰۵,"۱۷۹,۰۰۰,۰۰۰","۱۷۹,۰۰۰,۰۰۰",پنجشنبه ساعت ۰۹:۰۰ تا ۱۴:۰۰,https://mftplus.com/lesson/3966/دوره-جامع-اجرای-ساختمانهای-بتنی-و-فولادی
مدلسازی واحدهای فرایندی و لوله کشی به کمک نرم افزار PDMS – سطح سه,علوم مهندسی,سعادت آباد (مرکزی),مشخص نشده,پنجشنبه ۷ اسفند ۱۴۰۴,پنجشنبه ۲۸ اسفند ۱۴۰۴,"۶۹,۰۰۰,۰۰۰","۶۹,۰۰۰,۰۰۰",پنجشنبه ساعت ۱۴:۳۰ تا ۲۰:۳۰,https://mftplus.com/lesson/2982/مدلسازی-واحدهای-فرایندی-و-لوله-کشی-به-کمک-نرم-افزار-PDMS-–-سطح-سه
طراحی مکانیکی به کمک SOLIDWORKS II,علوم مهندسی,سعادت آباد (مرکزی),مشخص نشده,پنجشنبه ۷ اسفند ۱۴۰۴,پنجشنبه ۱۷ اردیبهشت ۱۴۰۵,"۸۵,۰۰۰,۰۰۰","۸۵,۰۰۰,۰۰۰",پنجشنبه ساعت ۱۴:۳۰ تا ۲۰:۳۰,https://mftplus.com/lesson/153718136/طراحی-مکانیکی-به-کمک-SOLIDWORKS-II
ICDL Pack 2021,فناوری اطلاعات و ارتباطات,سیدخندان,مشخص نشده,پنجشنبه ۷ اسفند ۱۴۰۴,پنجشنبه ۹ مهر ۱۴۰۵,"۸۱,۰۰۰,۰۰۰","۸۱,۰۰۰,۰۰۰",پنجشنبه ساعت ۱۳:۰۰ تا ۱۸:۰۰,https://mftplus.com/lesson/5575/ICDL-Pack-2021
ICDL 2021 Level 1,فناوری اطلاعات و ارتباطات,سیدخندان,مشخص نشده,پنجشنبه ۷ اسفند ۱۴۰۴,پنجشنبه ۲۸ خرداد ۱۴۰۵,"۴۹,۰۰۰,۰۰۰","۴۹,۰۰۰,۰۰۰",پنجشنبه ساعت ۱۳:۰۰ تا ۱۸:۰۰,https://mftplus.com/lesson/5571/ICDL-2021-Level-1
Machine Learning with Python,فناوری اطلاعات و ارتباطات,سیدخندان,مشخص نشده,پنجشنبه ۷ اسفند ۱۴۰۴,پنجشنبه ۲۴ اردیبهشت ۱۴۰۵,"۸۴,۰۰۰,۰۰۰","۸۴,۰۰۰,۰۰۰",پنجشنبه ساعت ۱۳:۰۰ تا ۱۸:۰۰,https://mftplus.com/lesson/5546/Machine-Learning-with-Python
3Ds Max Beginners to Advanced & V-Ray,معماری,زعفرانیه,مشخص نشده,پنجشنبه ۷ اسفند ۱۴۰۴,جمعه ۱ خرداد ۱۴۰۵,"۱۴۴,۰۰۰,۰۰۰","۱۴۴,۰۰۰,۰۰۰",جمعه ساعت ۱۳:۰۰ تا ۱۷:۰۰ | پنجشنبه ساعت ۱۳:۰۰ تا ۱۷:۰۰,https://mftplus.com/lesson/4542/3Ds-Max-Beginners-to-Advanced-&-V-Ray
کاربرد هوش مصنوعی در تولید محتوا و بازاریابی محتوایی,تولید محتوا,زعفرانیه,مشخص نشده,پنجشنبه ۷ اسفند ۱۴۰۴,پنجشنبه ۲۴ اردیبهشت ۱۴۰۵,"۵۲,۰۰۰,۰۰۰","۵۲,۰۰۰,۰۰۰",پنجشنبه ساعت ۱۷:۰۰ تا ۲۰:۰۰,https://mftplus.com/lesson/6025/کاربرد-هوش-مصنوعی-در-تولید-محتوا-و-بازاریابی-محتوایی
Microsoft ASP.net MVC,فناوری اطلاعات و ارتباطات,سیدخندان,مشخص نشده,پنجشنبه ۷ اسفند ۱۴۰۴,پنجشنبه ۷ خرداد ۱۴۰۵,"۱۲۷,۰۰۰,۰۰۰","۱۲۷,۰۰۰,۰۰۰",پنجشنبه ساعت ۱۳:۰۰ تا ۱۸:۰۰,https://mftplus.com/lesson/132027125/Microsoft-ASP.net-MVC
کاست کنترل,تشریفات و گردشگری,پارک ساعی,مشخص نشده,پنجشنبه ۷ اسفند ۱۴۰۴,پنجشنبه ۲۷ فروردین ۱۴۰۵,"۱۱۵,۰۰۰,۰۰۰","۱۱۵,۰۰۰,۰۰۰",پنجشنبه ساعت ۱۵:۰۰ تا ۱۹:۰۰,https://mftplus.com/lesson/3813/کاست-کنترل
Python Programming Advanced,فناوری اطلاعات و ارتباطات,بلوار کاوه(قیطریه),مشخص نشده,پنجشنبه ۷ اسفند ۱۴۰۴,پنجشنبه ۱۵ مرداد ۱۴۰۵,"۹۲,۰۰۰,۰۰۰","۱۱۴,۰۰۰,۰۰۰",پنجشنبه ساعت ۱۷:۰۰ تا ۲۰:۰۰,https://mftplus.com/lesson/5681/Python-Programming-Advanced
مدیریت ارتباط با مشتری (CRM),مدیریت و کسب و کار,ونک,مشخص نشده,پنجشنبه ۷ اسفند ۱۴۰۴,جمعه ۸ اسفند ۱۴۰۴,"۱۹,۳۰۰,۰۰۰","۲۳,۵۰۰,۰۰۰",جمعه ساعت ۱۳:۰۰ تا ۱۷:۰۰ | پنجشنبه ساعت ۱۳:۰۰ تا ۱۷:۰۰,https://mftplus.com/lesson/4943/مدیریت-ارتباط-با-مشتری-(CRM)
دوره جامع محاسبات ساختمان: طراحی اتصالات (ویژه سازه های فولادی),علوم مهندسی,سعادت آباد (مرکزی),مشخص نشده,پنجشنبه ۷ اسفند ۱۴۰۴,پنجشنبه ۱۷ اردیبهشت ۱۴۰۵,"۱۲۹,۰۰۰,۰۰۰","۱۲۹,۰۰۰,۰۰۰",جمعه ساعت ۰۹:۰۰ تا ۱۴:۰۰ | پنجشنبه ساعت ۰۹:۰۰ تا ۱۴:۰۰,https://mftplus.com/lesson/5772/دوره-جامع-محاسبات-ساختمان:-طراحی-اتصالات-(ویژه-سازه-های-فولادی)
برنامه‌ریزی و کنترل پیشرفته و یکپارچه پروژه‌های EPC,علوم مهندسی,سعادت آباد (مرکزی),مشخص نشده,پنجشنبه ۷ اسفند ۱۴۰۴,پنجشنبه ۲۰ فروردین ۱۴۰۵,"۶۵,۰۰۰,۰۰۰","۶۵,۰۰۰,۰۰۰",پنجشنبه ساعت ۰۸:۰۰ تا ۱۴:۰۰,https://mftplus.com/lesson/6399/برنامه‌ریزی-و-کنترل-پیشرفته-و-یکپارچه-پروژه‌های-EPC
نصب، راه اندازی، عیب یابی و تعمیر کولر گازی,علوم مهندسی,سعادت آباد (مرکزی),مشخص نشده,پنجشنبه ۷ اسفند ۱۴۰۴,پنجشنبه ۲۸ اسفند ۱۴۰۴,"۱۰۹,۰۰۰,۰۰۰","۱۰۹,۰۰۰,۰۰۰",جمعه ساعت ۱۴:۳۰ تا ۲۰:۳۰ | پنجشنبه ساعت ۱۴:۳۰ تا ۲۰:۳۰,https://mftplus.com/lesson/4909/نصب،-راه-اندازی،-عیب-یابی-و-تعمیر-کولر-گازی
طراحی معماری و دکوراسیون داخلی پیشرفته,معماری,سعادت آباد (مرکزی),مشخص نشده,پنجشنبه ۷ اسفند ۱۴۰۴,پنجشنبه ۲۳ مهر ۱۴۰۵,"۲۱۹,۰۰۰,۰۰۰","۲۱۹,۰۰۰,۰۰۰",پنجشنبه ساعت ۱۴:۰۰ تا ۱۹:۰۰,https://mftplus.com/lesson/5998/طراحی-معماری-و-دکوراسیون-داخلی-پیشرفته
نورپردازی در دکوراسیون داخلی,معماری,سعادت آباد (مرکزی),مشخص نشده,پنجشنبه ۷ اسفند ۱۴۰۴,پنجشنبه ۲۱ اسفند ۱۴۰۴,"۳۵,۰۰۰,۰۰۰","۳۵,۰۰۰,۰۰۰",پنجشنبه ساعت ۰۹:۰۰ تا ۱۴:۰۰,https://mftplus.com/lesson/391212173/نورپردازی-در-دکوراسیون-داخلی
راینو در معماری,معماری,سعادت آباد (مرکزی),مشخص نشده,پنجشنبه ۷ اسفند ۱۴۰۴,پنجشنبه ۷ خرداد ۱۴۰۵,"۱۲۰,۰۰۰,۰۰۰","۱۲۰,۰۰۰,۰۰۰",پنجشنبه ساعت ۰۹:۰۰ تا ۱۴:۰۰,https://mftplus.com/lesson/391412135/راینو-در-معماری
طراحی معماری و دکوراسیون داخلی متوسط,معماری,سعادت آباد (مرکزی),مشخص نشده,پنجشنبه ۷ اسفند ۱۴۰۴,جمعه ۲۹ خرداد ۱۴۰۵,"۲۰۶,۰۰۰,۰۰۰","۲۰۶,۰۰۰,۰۰۰",جمعه ساعت ۰۹:۰۰ تا ۱۴:۰۰ | پنجشنبه ساعت ۰۹:۰۰ تا ۱۴:۰۰,https://mftplus.com/lesson/391212126/طراحی-معماری-و-دکوراسیون-داخلی-متوسط
طراحی معماری و دکوراسیون داخلی پیشرفته,معماری,سعادت آباد (مرکزی),مشخص نشده,پنجشنبه ۷ اسفند ۱۴۰۴,پنجشنبه ۱۱ تیر ۱۴۰۵,"۲۱۹,۰۰۰,۰۰۰","۲۱۹,۰۰۰,۰۰۰",جمعه ساعت ۰۹:۰۰ تا ۱۴:۰۰ | پنجشنبه ساعت ۰۹:۰۰ تا ۱۴:۰۰,https://mftplus.com/lesson/5998/طراحی-معماری-و-دکوراسیون-داخلی-پیشرفته
تکنیک های کنترل مدارک در پروژه های مهندسی,علوم مهندسی,سعادت آباد (مرکزی),مشخص نشده,پنجشنبه ۷ اسفند ۱۴۰۴,جمعه ۸ اسفند ۱۴۰۴,"۵۲,۵۰۰,۰۰۰","۵۲,۵۰۰,۰۰۰",جمعه ساعت ۰۸:۰۰ تا ۱۴:۰۰ | پنجشنبه ساعت ۰۸:۰۰ تا ۱۴:۰۰,https://mftplus.com/lesson/154012132/تکنیک-های-کنترل-مدارک-در-پروژه-های-مهندسی
اصول مدیریت پروژه بر اساس استاندارد PMBOK 8,علوم مهندسی,سعادت آباد (مرکزی),مشخص نشده,پنجشنبه ۷ اسفند ۱۴۰۴,جمعه ۱۵ اسفند ۱۴۰۴,"۵۲,۵۰۰,۰۰۰","۵۲,۵۰۰,۰۰۰",جمعه ساعت ۱۴:۳۰ تا ۲۰:۳۰ | پنجشنبه ساعت ۱۴:۳۰ تا ۲۰:۳۰,https://mftplus.com/lesson/6578/اصول-مدیریت-پروژه-بر-اساس-استاندارد-PMBOK-8
برق صنعتی : تئوری و آزمایشگاه,برق و الکترونیک,پارک ساعی,مشخص نشده,پنجشنبه ۷ اسفند ۱۴۰۴,پنجشنبه ۷ خرداد ۱۴۰۵,"۱۲۴,۰۰۰,۰۰۰","۱۲۴,۰۰۰,۰۰۰",پنجشنبه ساعت ۰۹:۰۰ تا ۱۴:۰۰,https://mftplus.com/lesson/4552/برق-صنعتی-:-تئوری-و-آزمایشگاه
دوره جامع محاسبات ساختمان : ETABS/SAFE سطح دو (ویژه سازه های بتنی),علوم مهندسی,نیاوران,مشخص نشده,پنجشنبه ۷ اسفند ۱۴۰۴,پنجشنبه ۲۸ خرداد ۱۴۰۵,"۱۲۵,۰۰۰,۰۰۰","۱۲۵,۰۰۰,۰۰۰",پنجشنبه ساعت ۱۴:۰۰ تا ۱۹:۰۰,https://mftplus.com/lesson/153812130/دوره-جامع-محاسبات-ساختمان-:-ETABS/SAFE-سطح-دو-(ویژه-سازه-های-بتنی)
MATLAB سطح یک,علوم مهندسی,نیاوران,مشخص نشده,پنجشنبه ۷ اسفند ۱۴۰۴,پنجشنبه ۳ اردیبهشت ۱۴۰۵,"۵۹,۰۰۰,۰۰۰","۵۹,۰۰۰,۰۰۰",پنجشنبه ساعت ۱۴:۰۰ تا ۱۹:۰۰,https://mftplus.com/lesson/154212123/MATLAB-سطح-یک
عکاسی معماری و معماری داخلی  و هنرهای تجسمی,معماری,نیاوران,مشخص نشده,پنجشنبه ۷ اسفند ۱۴۰۴,پنجشنبه ۲۷ فروردین ۱۴۰۵,"۴۶,۰۰۰,۰۰۰","۴۶,۰۰۰,۰۰۰",پنجشنبه ساعت ۰۹:۰۰ تا ۱۳:۰۰,https://mftplus.com/lesson/3784/عکاسی-معماری-و-معماری-داخلی-و-هنرهای-تجسمی
SQL Server 2022 Database Development,فناوری اطلاعات و ارتباطات,پارک ساعی,مشخص نشده,پنجشنبه ۷ اسفند ۱۴۰۴,پنجشنبه ۷ خرداد ۱۴۰۵,"۷۷,۰۰۰,۰۰۰","۹۰,۰۰۰,۰۰۰",پنجشنبه ساعت ۱۴:۰۰ تا ۱۹:۰۰,https://mftplus.com/lesson/5316/SQL-Server-2022-Database-Development
طراحی و مونتاژ تابلوهای کنترل صنعتی plc,برق و الکترونیک,سعادت آباد (مرکزی),مشخص نشده,پنجشنبه ۷ اسفند ۱۴۰۴,پنجشنبه ۲۱ اسفند ۱۴۰۴,"۸۰,۰۰۰,۰۰۰","۸۰,۰۰۰,۰۰۰",جمعه ساعت ۰۸:۰۰ تا ۱۴:۰۰ | پنجشنبه ساعت ۰۸:۰۰ تا ۱۴:۰۰,https://mftplus.com/lesson/6462/طراحی-و-مونتاژ-تابلوهای-کنترل-صنعتی-plc
اجرا، فن بیان و سخنوری,هنر و سینما,نیاوران,مشخص نشده,پنجشنبه ۷ اسفند ۱۴۰۴,پنجشنبه ۲۷ فروردین ۱۴۰۵,"۵۶,۰۰۰,۰۰۰","۵۶,۰۰۰,۰۰۰",پنجشنبه ساعت ۱۴:۰۰ تا ۱۸:۰۰,https://mftplus.com/lesson/3962/اجرا،-فن-بیان-و-سخنوری
تعمیرات یخچال و فریزر ، یخچال سایدبایساد,برق و الکترونیک,اسلامشهر,مشخص نشده,پنجشنبه ۷ اسفند ۱۴۰۴,پنجشنبه ۱۷ اردیبهشت ۱۴۰۵,"۱۵۰,۰۰۰,۰۰۰","۱۵۰,۰۰۰,۰۰۰",پنجشنبه ساعت ۱۴:۰۰ تا ۱۸:۰۰,https://mftplus.com/lesson/6636/تعمیرات-یخچال-و-فریزر-،-یخچال-سایدبایساد
 دوره کارآموزی معماری,معماری,نیاوران,مشخص نشده,پنجشنبه ۷ اسفند ۱۴۰۴,پنجشنبه ۸ مرداد ۱۴۰۵,"۱۸۰,۰۰۰,۰۰۰","۱۸۰,۰۰۰,۰۰۰",پنجشنبه ساعت ۰۹:۰۰ تا ۱۷:۰۰,https://mftplus.com/lesson/4835/دوره-کارآموزی-معماری
طراحی مکانیکی به کمک SOLIDWORKS I,علوم مهندسی,نیاوران,مشخص نشده,پنجشنبه ۷ اسفند ۱۴۰۴,پنجشنبه ۲۴ اردیبهشت ۱۴۰۵,"۷۹,۰۰۰,۰۰۰","۷۹,۰۰۰,۰۰۰",پنجشنبه ساعت ۱۴:۰۰ تا ۱۹:۰۰,https://mftplus.com/lesson/153718144/طراحی-مکانیکی-به-کمک-SOLIDWORKS-I
دوره جامع آزاد کار دیجیتال مارکتینگ,تولید محتوا,اکباتان,مشخص نشده,پنجشنبه ۷ اسفند ۱۴۰۴,جمعه ۲ مرداد ۱۴۰۵,"۱۹۰,۰۰۰,۰۰۰","۱۹۰,۰۰۰,۰۰۰",جمعه ساعت ۰۹:۰۰ تا ۱۴:۰۰ | پنجشنبه ساعت ۰۹:۰۰ تا ۱۴:۰۰,https://mftplus.com/lesson/5206/دوره-جامع-آزاد-کار-دیجیتال-مارکتینگ
سئو و بهینه سازی موتورهای جست و جو (SEO),فناوری اطلاعات و ارتباطات,سیدخندان,مشخص نشده,پنجشنبه ۷ اسفند ۱۴۰۴,پنجشنبه ۱۰ اردیبهشت ۱۴۰۵,"۸۳,۰۰۰,۰۰۰","۸۳,۰۰۰,۰۰۰",پنجشنبه ساعت ۱۳:۰۰ تا ۱۸:۰۰,https://mftplus.com/lesson/5303/سئو-و-بهینه-سازی-موتورهای-جست-و-جو-(SEO)
"طراحی نقشه های فرایندی و تحلیل مخاطرات (PFD, P&ID, HAZOP)",علوم مهندسی,سعادت آباد (مرکزی),مشخص نشده,پنجشنبه ۷ اسفند ۱۴۰۴,جمعه ۲۲ اسفند ۱۴۰۴,"۷۵,۰۰۰,۰۰۰","۷۵,۰۰۰,۰۰۰",جمعه ساعت ۱۴:۳۰ تا ۲۰:۳۰ | پنجشنبه ساعت ۱۴:۳۰ تا ۲۰:۳۰,"https://mftplus.com/lesson/153515129/طراحی-نقشه-های-فرایندی-و-تحلیل-مخاطرات-(PFD,-P&ID,-HAZOP)"
طراحی مکانیکی به کمک CATIA I,علوم مهندسی,نیاوران,مشخص نشده,پنجشنبه ۷ اسفند ۱۴۰۴,پنجشنبه ۲۴ اردیبهشت ۱۴۰۵,"۷۹,۰۰۰,۰۰۰","۷۹,۰۰۰,۰۰۰",پنجشنبه ساعت ۰۹:۰۰ تا ۱۴:۰۰,https://mftplus.com/lesson/153718143/طراحی-مکانیکی-به-کمک-CATIA-I
هوشمند سازی ساختمان ها با پروتکل مودباس,برق و الکترونیک,پارک ساعی,مشخص نشده,پنجشنبه ۷ اسفند ۱۴۰۴,پنجشنبه ۳ اردیبهشت ۱۴۰۵,"۱۰۳,۰۰۰,۰۰۰","۱۰۳,۰۰۰,۰۰۰",پنجشنبه ساعت ۱۵:۰۰ تا ۱۹:۰۰,https://mftplus.com/lesson/5708/هوشمند-سازی-ساختمان-ها-با-پروتکل-مودباس
دوره جامع نرم افزار Arc GIS,علوم مهندسی,نیاوران,مشخص نشده,پنجشنبه ۷ اسفند ۱۴۰۴,پنجشنبه ۳۱ اردیبهشت ۱۴۰۵,"۹۹,۰۰۰,۰۰۰","۹۹,۰۰۰,۰۰۰",پنجشنبه ساعت ۱۴:۰۰ تا ۱۹:۰۰,https://mftplus.com/lesson/5348/دوره-جامع-نرم-افزار-Arc-GIS
تولید محتوا با کپ کات,تولید محتوا,اکباتان,مشخص نشده,پنجشنبه ۷ اسفند ۱۴۰۴,پنجشنبه ۲۰ فروردین ۱۴۰۵,"۵۰,۰۰۰,۰۰۰","۵۰,۰۰۰,۰۰۰",پنجشنبه ساعت ۱۴:۰۰ تا ۱۹:۰۰,https://mftplus.com/lesson/5968/تولید-محتوا-با-کپ-کات
متره، برآورد و صورت وضعیت نویسی مکانیکال,علوم مهندسی,سعادت آباد (مرکزی),مشخص نشده,پنجشنبه ۷ اسفند ۱۴۰۴,پنجشنبه ۲۴ اردیبهشت ۱۴۰۵,"۸۵,۰۰۰,۰۰۰","۸۵,۰۰۰,۰۰۰",پنجشنبه ساعت ۰۸:۰۰ تا ۱۴:۰۰,https://mftplus.com/lesson/5148/متره،-برآورد-و-صورت-وضعیت-نویسی-مکانیکال
دوره جامع محاسبات ساختمان : ETABS/SAFE سطح یک,علوم مهندسی,سعادت آباد (مرکزی),مشخص نشده,پنجشنبه ۷ اسفند ۱۴۰۴,پنجشنبه ۲۱ خرداد ۱۴۰۵,"۱۶۹,۰۰۰,۰۰۰","۱۶۹,۰۰۰,۰۰۰",جمعه ساعت ۱۴:۳۰ تا ۱۹:۳۰ | پنجشنبه ساعت ۱۴:۳۰ تا ۱۹:۳۰,https://mftplus.com/lesson/153812123/دوره-جامع-محاسبات-ساختمان-:-ETABS/SAFE-سطح-یک
حسابداری ویژه بازار کار,علوم مالی و حسابداری,اکباتان,مشخص نشده,پنجشنبه ۷ اسفند ۱۴۰۴,پنجشنبه ۲۱ آبان ۱۴۰۵,"۱۷۷,۶۰۰,۰۰۰","۱۷۷,۶۰۰,۰۰۰",پنجشنبه ساعت ۰۹:۰۰ تا ۱۴:۰۰,https://mftplus.com/lesson/3869/حسابداری-ویژه-بازار-کار
حسابداری مالی خدماتی,علوم مالی و حسابداری,اکباتان,مشخص نشده,پنجشنبه ۷ اسفند ۱۴۰۴,پنجشنبه ۲۴ اردیبهشت ۱۴۰۵,"۵۳,۹۰۰,۰۰۰","۵۳,۹۰۰,۰۰۰",پنجشنبه ساعت ۰۹:۰۰ تا ۱۴:۰۰,https://mftplus.com/lesson/3865/حسابداری-مالی-خدماتی
تصویر سازی دیجیتال با پروکریت,فناوری مد و پوشاک,اسلامشهر,مشخص نشده,پنجشنبه ۷ اسفند ۱۴۰۴,پنجشنبه ۱۱ تیر ۱۴۰۵,"۵۳,۰۰۰,۰۰۰","۵۳,۰۰۰,۰۰۰",پنجشنبه ساعت ۱۱:۰۰ تا ۱۳:۰۰,https://mftplus.com/lesson/5341/تصویر-سازی-دیجیتال-با-پروکریت
نرم افزار Lumion,معماری,سعادت آباد (مرکزی),مشخص نشده,پنجشنبه ۷ اسفند ۱۴۰۴,پنجشنبه ۲۷ فروردین ۱۴۰۵,"۶۶,۰۰۰,۰۰۰","۶۶,۰۰۰,۰۰۰",پنجشنبه ساعت ۰۹:۰۰ تا ۱۴:۰۰,https://mftplus.com/lesson/391412154/نرم-افزار-Lumion
طراحی معماری و دکوراسیون داخلی متوسط,معماری,سعادت آباد (مرکزی),مشخص نشده,پنجشنبه ۷ اسفند ۱۴۰۴,پنجشنبه ۹ مهر ۱۴۰۵,"۲۰۶,۰۰۰,۰۰۰","۲۰۶,۰۰۰,۰۰۰",پنجشنبه ساعت ۰۹:۰۰ تا ۱۴:۰۰,https://mftplus.com/lesson/391212126/طراحی-معماری-و-دکوراسیون-داخلی-متوسط
اتوکد دوبعدی معماری,معماری,نارمک,مشخص نشده,پنجشنبه ۷ اسفند ۱۴۰۴,پنجشنبه ۱۳ فروردین ۱۴۰۵,"۷۵,۰۰۰,۰۰۰","۷۵,۰۰۰,۰۰۰",جمعه ساعت ۰۹:۰۰ تا ۱۳:۰۰ | پنجشنبه ساعت ۰۹:۰۰ تا ۱۳:۰۰,https://mftplus.com/lesson/391412131/اتوکد-دوبعدی-معماری
Data Analysis with Python,فناوری اطلاعات و ارتباطات,بلوار کاوه(قیطریه),مشخص نشده,پنجشنبه ۷ اسفند ۱۴۰۴,پنجشنبه ۲۴ اردیبهشت ۱۴۰۵,"۴۰,۰۰۰,۰۰۰","۵۰,۰۰۰,۰۰۰",پنجشنبه ساعت ۱۴:۰۰ تا ۱۷:۰۰,https://mftplus.com/lesson/5544/Data-Analysis-with-Python
تربیت مترجم ویژه بازار کار,زبانهای خارجی,بلوار کاوه(قیطریه),مشخص نشده,پنجشنبه ۷ اسفند ۱۴۰۴,پنجشنبه ۳۱ اردیبهشت ۱۴۰۵,"۷۷,۹۰۰,۰۰۰","۷۷,۹۰۰,۰۰۰",جمعه ساعت ۱۱:۰۰ تا ۱۴:۰۰ | پنجشنبه ساعت ۱۶:۰۰ تا ۲۰:۰۰,https://mftplus.com/lesson/4471/تربیت-مترجم-ویژه-بازار-کار
Python Web Development With Django,فناوری اطلاعات و ارتباطات,بلوار کاوه(قیطریه),مشخص نشده,پنجشنبه ۷ اسفند ۱۴۰۴,پنجشنبه ۲۵ تیر ۱۴۰۵,"۵۹,۰۰۰,۰۰۰","۷۴,۰۰۰,۰۰۰",پنجشنبه ساعت ۱۴:۰۰ تا ۱۷:۰۰,https://mftplus.com/lesson/4046/Python-Web-Development-With-Django
ترفندهای اکسل در حسابداری,علوم مالی و حسابداری,میرداماد,مشخص نشده,پنجشنبه ۷ اسفند ۱۴۰۴,پنجشنبه ۲۰ فروردین ۱۴۰۵,"۳۴,۵۰۰,۰۰۰","۳۴,۵۰۰,۰۰۰",پنجشنبه ساعت ۰۹:۰۰ تا ۱۴:۰۰,https://mftplus.com/lesson/6164/ترفندهای-اکسل-در-حسابداری
مالیات و عوارض ارزش افزوده,علوم مالی و حسابداری,اکباتان,مشخص نشده,پنجشنبه ۷ اسفند ۱۴۰۴,پنجشنبه ۱۴ اسفند ۱۴۰۴,"۱۱,۷۰۰,۰۰۰","۱۱,۷۰۰,۰۰۰",پنجشنبه ساعت ۰۹:۰۰ تا ۱۴:۰۰,https://mftplus.com/lesson/3859/مالیات-و-عوارض-ارزش-افزوده
دوره جامع نرم افزار Arc GIS,علوم مهندسی,انقلاب,مشخص نشده,پنجشنبه ۷ اسفند ۱۴۰۴,پنجشنبه ۳۱ اردیبهشت ۱۴۰۵,"۹۹,۰۰۰,۰۰۰","۹۹,۰۰۰,۰۰۰",پنجشنبه ساعت ۱۴:۳۰ تا ۱۹:۳۰,https://mftplus.com/lesson/5348/دوره-جامع-نرم-افزار-Arc-GIS
تهیه و تولید مدارک مهندسی ابزاردقیق,برق و الکترونیک,سعادت آباد (مرکزی),مشخص نشده,پنجشنبه ۷ اسفند ۱۴۰۴,پنجشنبه ۲۸ اسفند ۱۴۰۴,"۹۵,۰۰۰,۰۰۰","۹۵,۰۰۰,۰۰۰",پنجشنبه ساعت ۱۴:۰۰ تا ۲۰:۰۰,https://mftplus.com/lesson/4592/تهیه-و-تولید-مدارک-مهندسی-ابزاردقیق
ایلاستریتور,هنر و سینما,سعادت آباد (مرکزی),مشخص نشده,پنجشنبه ۷ اسفند ۱۴۰۴,پنجشنبه ۱۷ اردیبهشت ۱۴۰۵,"۵۴,۰۰۰,۰۰۰","۵۴,۰۰۰,۰۰۰",پنجشنبه ساعت ۱۰:۰۰ تا ۱۴:۳۰,https://mftplus.com/lesson/431314131/ایلاستریتور
Microsoft Office Excel 2021,فناوری اطلاعات و ارتباطات,نیاوران,مشخص نشده,پنجشنبه ۷ اسفند ۱۴۰۴,پنجشنبه ۲۱ اسفند ۱۴۰۴,"۲۳,۰۰۰,۰۰۰","۲۸,۰۰۰,۰۰۰",جمعه ساعت ۱۴:۰۰ تا ۱۹:۰۰ | پنجشنبه ساعت ۱۴:۰۰ تا ۱۹:۰۰,https://mftplus.com/lesson/5578/Microsoft-Office-Excel-2021
ضوابط صدور پروانه ساختمان,معماری,سعادت آباد (مرکزی),مشخص نشده,پنجشنبه ۷ اسفند ۱۴۰۴,پنجشنبه ۲۱ اسفند ۱۴۰۴,"۴۵,۰۰۰,۰۰۰","۴۵,۰۰۰,۰۰۰",پنجشنبه ساعت ۱۴:۳۰ تا ۲۰:۳۰,https://mftplus.com/lesson/5330/ضوابط-صدور-پروانه-ساختمان
ReactJS,فناوری اطلاعات و ارتباطات,پارک ساعی,مشخص نشده,پنجشنبه ۷ اسفند ۱۴۰۴,پنجشنبه ۲۴ اردیبهشت ۱۴۰۵,"۶۱,۰۰۰,۰۰۰","۷۷,۰۰۰,۰۰۰",پنجشنبه ساعت ۱۴:۳۰ تا ۱۸:۳۰,https://mftplus.com/lesson/4040/ReactJS
Data Analysis with Python,فناوری اطلاعات و ارتباطات,میرداماد,مشخص نشده,پنجشنبه ۷ اسفند ۱۴۰۴,پنجشنبه ۲۷ فروردین ۱۴۰۵,"۴۰,۰۰۰,۰۰۰","۵۰,۰۰۰,۰۰۰",پنجشنبه ساعت ۰۹:۰۰ تا ۱۴:۰۰,https://mftplus.com/lesson/5544/Data-Analysis-with-Python
حسابداری ویژه بازار کار,علوم مالی و حسابداری,بلوار کاوه(قیطریه),مشخص نشده,پنجشنبه ۷ اسفند ۱۴۰۴,پنجشنبه ۹ مهر ۱۴۰۵,"۱۷۷,۶۰۰,۰۰۰","۱۷۷,۶۰۰,۰۰۰",پنجشنبه ساعت ۱۴:۰۰ تا ۲۰:۰۰,https://mftplus.com/lesson/3869/حسابداری-ویژه-بازار-کار
حسابداری مالی خدماتی,علوم مالی و حسابداری,بلوار کاوه(قیطریه),مشخص نشده,پنجشنبه ۷ اسفند ۱۴۰۴,پنجشنبه ۱۷ اردیبهشت ۱۴۰۵,"۵۳,۹۰۰,۰۰۰","۵۳,۹۰۰,۰۰۰",پنجشنبه ساعت ۱۴:۰۰ تا ۲۰:۰۰,https://mftplus.com/lesson/3865/حسابداری-مالی-خدماتی
زبان انگلیسی B1.1,زبانهای خارجی,سعادت آباد (مرکزی),یاسمین صیفوری,پنجشنبه ۷ اسفند ۱۴۰۴,جمعه ۲۸ فروردین ۱۴۰۵,"۲۸,۱۰۰,۰۰۰","۲۸,۱۰۰,۰۰۰",جمعه ساعت ۱۴:۳۰ تا ۱۷:۳۰ | پنجشنبه ساعت ۱۴:۳۰ تا ۱۷:۳۰,https://mftplus.com/lesson/231215286/زبان-انگلیسی-B1.1
برنامه نویسی ویژه میکروکنترلرها,برق و الکترونیک,سعادت آباد (مرکزی),مشخص نشده,پنجشنبه ۷ اسفند ۱۴۰۴,پنجشنبه ۲۰ فروردین ۱۴۰۵,"۴۷,۰۰۰,۰۰۰","۴۷,۰۰۰,۰۰۰",پنجشنبه ساعت ۰۹:۰۰ تا ۱۴:۰۰,https://mftplus.com/lesson/181214199/برنامه-نویسی-ویژه-میکروکنترلرها
دوره جامع تعمیرات تخصصی تلفن همراه,برق و الکترونیک,میرداماد,مشخص نشده,پنجشنبه ۷ اسفند ۱۴۰۴,پنجشنبه ۲۸ خرداد ۱۴۰۵,"۲۳۶,۰۰۰,۰۰۰","۲۳۶,۰۰۰,۰۰۰",پنجشنبه ساعت ۰۸:۳۰ تا ۱۴:۳۰,https://mftplus.com/lesson/4891/دوره-جامع-تعمیرات-تخصصی-تلفن-همراه
AVR مقدماتی,برق و الکترونیک,میرداماد,مشخص نشده,پنجشنبه ۷ اسفند ۱۴۰۴,پنجشنبه ۱۷ اردیبهشت ۱۴۰۵,"۶۷,۲۰۰,۰۰۰","۶۷,۲۰۰,۰۰۰",پنجشنبه ساعت ۱۴:۳۰ تا ۲۰:۳۰,https://mftplus.com/lesson/4586/AVR-مقدماتی
کارگردانی سینما,هنر و سینما,نیاوران,مشخص نشده,پنجشنبه ۷ اسفند ۱۴۰۴,پنجشنبه ۷ خرداد ۱۴۰۵,"۷۱,۵۰۰,۰۰۰","۷۱,۵۰۰,۰۰۰",پنجشنبه ساعت ۱۴:۰۰ تا ۱۸:۰۰,https://mftplus.com/lesson/3004/کارگردانی-سینما
پردازش سیگنال دیجیتال در متلب,برق و الکترونیک,سعادت آباد (مرکزی),مشخص نشده,پنجشنبه ۷ اسفند ۱۴۰۴,پنجشنبه ۲۴ اردیبهشت ۱۴۰۵,"۸۷,۰۰۰,۰۰۰","۸۷,۰۰۰,۰۰۰",پنجشنبه ساعت ۱۴:۳۰ تا ۲۰:۳۰,https://mftplus.com/lesson/4732/پردازش-سیگنال-دیجیتال-در-متلب
اکسسوری های دست ساز و زیورآلات مفتولی,علوم مهندسی,بلوار کاوه(قیطریه),مشخص نشده,پنجشنبه ۷ اسفند ۱۴۰۴,پنجشنبه ۳ اردیبهشت ۱۴۰۵,"۸۲,۵۰۰,۰۰۰","۸۲,۵۰۰,۰۰۰",پنجشنبه ساعت ۰۸:۰۰ تا ۱۴:۰۰,https://mftplus.com/lesson/5722/اکسسوری-های-دست-ساز-و-زیورآلات-مفتولی
جامع بازرگانی بین الملل (ITP),مدیریت و کسب و کار,میرداماد,مشخص نشده,پنجشنبه ۷ اسفند ۱۴۰۴,پنجشنبه ۵ شهریور ۱۴۰۵,"۱۴۷,۰۰۰,۰۰۰","۱۶۷,۰۰۰,۰۰۰",پنجشنبه ساعت ۱۷:۰۰ تا ۲۱:۰۰,https://mftplus.com/lesson/4923/جامع-بازرگانی-بین-الملل-(ITP)
مدیریت بازاریابی دیجیتال,مدیریت و کسب و کار,میرداماد,مشخص نشده,پنجشنبه ۷ اسفند ۱۴۰۴,پنجشنبه ۲۴ اردیبهشت ۱۴۰۵,"۱۱۸,۸۰۰,۰۰۰","۱۱۸,۸۰۰,۰۰۰",پنجشنبه ساعت ۱۴:۳۰ تا ۱۹:۳۰,https://mftplus.com/lesson/4375/مدیریت-بازاریابی-دیجیتال
PWK,فناوری اطلاعات و ارتباطات,نیاوران,مشخص نشده,پنجشنبه ۷ اسفند ۱۴۰۴,پنجشنبه ۲۴ اردیبهشت ۱۴۰۵,"۶۱,۰۰۰,۰۰۰","۶۱,۰۰۰,۰۰۰",پنجشنبه ساعت ۱۳:۰۰ تا ۱۶:۰۰,https://mftplus.com/lesson/132115126/PWK
باریستا,تشریفات و گردشگری,تهرانپارس,مشخص نشده,پنجشنبه ۷ اسفند ۱۴۰۴,پنجشنبه ۲۸ اسفند ۱۴۰۴,"۱۳۴,۰۰۰,۰۰۰","۱۳۴,۰۰۰,۰۰۰",پنجشنبه ساعت ۱۰:۳۰ تا ۱۸:۳۰,https://mftplus.com/lesson/3804/باریستا
عکاسی با موبایل,تولید محتوا,سیدخندان,مشخص نشده,پنجشنبه ۷ اسفند ۱۴۰۴,پنجشنبه ۳ اردیبهشت ۱۴۰۵,"۴۶,۱۰۰,۰۰۰","۴۶,۱۰۰,۰۰۰",پنجشنبه ساعت ۱۳:۰۰ تا ۱۸:۰۰,https://mftplus.com/lesson/6519/عکاسی-با-موبایل
Responsive & Bootstrap (Web Design II),فناوری اطلاعات و ارتباطات,زعفرانیه,مشخص نشده,پنجشنبه ۷ اسفند ۱۴۰۴,جمعه ۲۸ فروردین ۱۴۰۵,"۵۰,۰۰۰,۰۰۰","۶۳,۰۰۰,۰۰۰",جمعه ساعت ۰۹:۰۰ تا ۱۳:۰۰ | پنجشنبه ساعت ۰۹:۰۰ تا ۱۳:۰۰,https://mftplus.com/lesson/6457/Responsive-&-Bootstrap-(Web-Design-II)
آئین نگارش مکاتبات اداری,مدیریت و کسب و کار,بلوار کاوه(قیطریه),مشخص نشده,پنجشنبه ۷ اسفند ۱۴۰۴,پنجشنبه ۲۸ اسفند ۱۴۰۴,"۲۰,۹۰۰,۰۰۰","۲۶,۴۰۰,۰۰۰",پنجشنبه ساعت ۱۴:۰۰ تا ۱۹:۰۰,https://mftplus.com/lesson/4386/آئین-نگارش-مکاتبات-اداری
ادمین تخصصی اینستاگرام,تولید محتوا,بلوار کاوه(قیطریه),مشخص نشده,پنجشنبه ۷ اسفند ۱۴۰۴,پنجشنبه ۲۷ فروردین ۱۴۰۵,"۶۰,۰۰۰,۰۰۰","۶۰,۰۰۰,۰۰۰",پنجشنبه ساعت ۱۴:۰۰ تا ۱۹:۰۰,https://mftplus.com/lesson/5741/ادمین-تخصصی-اینستاگرام
کمک های اولیه و فوریت های پزشکی,دانش سلامت,بلوار کاوه(قیطریه),مشخص نشده,پنجشنبه ۷ اسفند ۱۴۰۴,پنجشنبه ۲۴ اردیبهشت ۱۴۰۵,"۴۵,۵۰۰,۰۰۰","۴۵,۵۰۰,۰۰۰",پنجشنبه ساعت ۱۵:۰۰ تا ۲۰:۰۰,https://mftplus.com/lesson/341612128/کمک-های-اولیه-و-فوریت-های-پزشکی
نرم افزار Revit معماری,معماری,سعادت آباد (مرکزی),مشخص نشده,پنجشنبه ۷ اسفند ۱۴۰۴,پنجشنبه ۳۱ اردیبهشت ۱۴۰۵,"۸۹,۰۰۰,۰۰۰","۸۹,۰۰۰,۰۰۰",پنجشنبه ساعت ۰۹:۰۰ تا ۱۴:۰۰,https://mftplus.com/lesson/391412129/نرم-افزار-Revit-معماری
طراحی معماری و دکوراسیون داخلی مقدماتی,معماری,باملند(شمال غرب),مشخص نشده,پنجشنبه ۷ اسفند ۱۴۰۴,جمعه ۱ خرداد ۱۴۰۵,"۱۷۱,۰۰۰,۰۰۰","۱۷۱,۰۰۰,۰۰۰",جمعه ساعت ۰۸:۰۰ تا ۱۴:۰۰ | پنجشنبه ساعت ۰۸:۰۰ تا ۱۴:۰۰,https://mftplus.com/lesson/391212125/طراحی-معماری-و-دکوراسیون-داخلی-مقدماتی
حسابداری مالی خدماتی,علوم مالی و حسابداری,میرداماد,مشخص نشده,پنجشنبه ۷ اسفند ۱۴۰۴,پنجشنبه ۲۴ اردیبهشت ۱۴۰۵,"۵۳,۹۰۰,۰۰۰","۵۳,۹۰۰,۰۰۰",پنجشنبه ساعت ۰۹:۰۰ تا ۱۴:۰۰,https://mftplus.com/lesson/3865/حسابداری-مالی-خدماتی
حسابداری مالی خدماتی,علوم مالی و حسابداری,میرداماد,مشخص نشده,پنجشنبه ۷ اسفند ۱۴۰۴,پنجشنبه ۲۴ اردیبهشت ۱۴۰۵,"۵۳,۹۰۰,۰۰۰","۵۳,۹۰۰,۰۰۰",پنجشنبه ساعت ۱۴:۳۰ تا ۱۹:۳۰,https://mftplus.com/lesson/3865/حسابداری-مالی-خدماتی
MATLAB سطح یک,علوم مهندسی,ونک,مشخص نشده,پنجشنبه ۷ اسفند ۱۴۰۴,جمعه ۱۴ فروردین ۱۴۰۵,"۵۹,۰۰۰,۰۰۰","۵۹,۰۰۰,۰۰۰",جمعه ساعت ۱۳:۰۰ تا ۱۷:۰۰ | پنجشنبه ساعت ۱۳:۰۰ تا ۱۷:۰۰,https://mftplus.com/lesson/154212123/MATLAB-سطح-یک
نرم افزار Lumion,معماری,نیاوران,مشخص نشده,پنجشنبه ۷ اسفند ۱۴۰۴,پنجشنبه ۲۷ فروردین ۱۴۰۵,"۶۶,۰۰۰,۰۰۰","۶۶,۰۰۰,۰۰۰",پنجشنبه ساعت ۱۴:۰۰ تا ۱۹:۰۰,https://mftplus.com/lesson/391412154/نرم-افزار-Lumion
دوره جامع محاسبات ساختمان : ETABS/SAFE سطح دو (ویژه سازه های بتنی),علوم مهندسی,ونک,مشخص نشده,پنجشنبه ۷ اسفند ۱۴۰۴,پنجشنبه ۱۸ تیر ۱۴۰۵,"۱۲۵,۰۰۰,۰۰۰","۱۲۵,۰۰۰,۰۰۰",پنجشنبه ساعت ۰۹:۰۰ تا ۱۳:۰۰,https://mftplus.com/lesson/153812130/دوره-جامع-محاسبات-ساختمان-:-ETABS/SAFE-سطح-دو-(ویژه-سازه-های-بتنی)
تولید محتوا با موبایل (موبایل گرافی),تولید محتوا,سعادت آباد (مرکزی),مشخص نشده,پنجشنبه ۷ اسفند ۱۴۰۴,پنجشنبه ۳ اردیبهشت ۱۴۰۵,"۵۵,۰۰۰,۰۰۰","۵۵,۰۰۰,۰۰۰",پنجشنبه ساعت ۰۹:۰۰ تا ۱۴:۰۰,https://mftplus.com/lesson/6217/تولید-محتوا-با-موبایل-(موبایل-گرافی)
کپی‌رایتینگ و محتوای خلاق,تولید محتوا,سعادت آباد (مرکزی),مشخص نشده,پنجشنبه ۷ اسفند ۱۴۰۴,پنجشنبه ۲۱ اسفند ۱۴۰۴,"۳۰,۰۰۰,۰۰۰","۳۰,۰۰۰,۰۰۰",پنجشنبه ساعت ۱۴:۳۰ تا ۱۹:۳۰,https://mftplus.com/lesson/4490/کپی‌رایتینگ-و-محتوای-خلاق
کاربرد Excel در مدیریت پروژه,علوم مهندسی,ونک,مشخص نشده,پنجشنبه ۷ اسفند ۱۴۰۴,پنجشنبه ۲۷ فروردین ۱۴۰۵,"۵۵,۰۰۰,۰۰۰","۵۵,۰۰۰,۰۰۰",پنجشنبه ساعت ۱۳:۰۰ تا ۱۷:۰۰,https://mftplus.com/lesson/3818/کاربرد-Excel-در-مدیریت-پروژه
طراحی مکانیکی به کمک SOLIDWORKS II,علوم مهندسی,ونک,مشخص نشده,پنجشنبه ۷ اسفند ۱۴۰۴,پنجشنبه ۱۱ تیر ۱۴۰۵,"۸۵,۰۰۰,۰۰۰","۸۵,۰۰۰,۰۰۰",پنجشنبه ساعت ۱۷:۰۰ تا ۲۰:۰۰,https://mftplus.com/lesson/153718136/طراحی-مکانیکی-به-کمک-SOLIDWORKS-II
طراحی مکانیکی به کمک CATIA I,علوم مهندسی,ونک,مشخص نشده,پنجشنبه ۷ اسفند ۱۴۰۴,پنجشنبه ۱۴ خرداد ۱۴۰۵,"۷۹,۰۰۰,۰۰۰","۷۹,۰۰۰,۰۰۰",پنجشنبه ساعت ۱۳:۰۰ تا ۱۷:۰۰,https://mftplus.com/lesson/153718143/طراحی-مکانیکی-به-کمک-CATIA-I
دوره جامع عکاسی و فیلم‌برداری با موبایل,تولید محتوا,اکباتان,مشخص نشده,پنجشنبه ۷ اسفند ۱۴۰۴,پنجشنبه ۱۰ اردیبهشت ۱۴۰۵,"۷۰,۰۰۰,۰۰۰","۷۰,۰۰۰,۰۰۰",پنجشنبه ساعت ۰۹:۰۰ تا ۱۴:۰۰,https://mftplus.com/lesson/6566/دوره-جامع-عکاسی-و-فیلم‌برداری-با-موبایل
نحوه تهیه اظهارنامه مالیاتی,علوم مالی و حسابداری,زعفرانیه,مشخص نشده,پنجشنبه ۷ اسفند ۱۴۰۴,پنجشنبه ۱۴ اسفند ۱۴۰۴,"۱۷,۵۰۰,۰۰۰","۱۷,۵۰۰,۰۰۰",جمعه ساعت ۰۹:۰۰ تا ۱۳:۰۰ | پنجشنبه ساعت ۰۹:۰۰ تا ۱۳:۰۰,https://mftplus.com/lesson/3862/نحوه-تهیه-اظهارنامه-مالیاتی
استانداردهای مهندسی مکانیک,علوم مهندسی,سعادت آباد (مرکزی),مشخص نشده,پنجشنبه ۷ اسفند ۱۴۰۴,پنجشنبه ۲۸ اسفند ۱۴۰۴,"۵۹,۰۰۰,۰۰۰","۵۹,۰۰۰,۰۰۰",پنجشنبه ساعت ۰۸:۰۰ تا ۱۴:۰۰,https://mftplus.com/lesson/153712123/استانداردهای-مهندسی-مکانیک
تلورانس های ابعادی و هندسی (GD&T),علوم مهندسی,سعادت آباد (مرکزی),مشخص نشده,پنجشنبه ۷ اسفند ۱۴۰۴,پنجشنبه ۲۰ فروردین ۱۴۰۵,"۶۵,۰۰۰,۰۰۰","۶۵,۰۰۰,۰۰۰",پنجشنبه ساعت ۰۸:۰۰ تا ۱۴:۰۰,https://mftplus.com/lesson/5333/تلورانس-های-ابعادی-و-هندسی-(GD&T)
حسابداری ویژه بازار کار,علوم مالی و حسابداری,اسلامشهر,مشخص نشده,پنجشنبه ۷ اسفند ۱۴۰۴,پنجشنبه ۹ مهر ۱۴۰۵,"۱۷۷,۶۰۰,۰۰۰","۱۷۷,۶۰۰,۰۰۰",پنجشنبه ساعت ۰۹:۰۰ تا ۱۵:۰۰,https://mftplus.com/lesson/3869/حسابداری-ویژه-بازار-کار
فروشندگی حرفه ای طلا و جواهر,علوم مهندسی,انقلاب,مشخص نشده,پنجشنبه ۷ اسفند ۱۴۰۴,جمعه ۱۵ اسفند ۱۴۰۴,"۶۹,۰۰۰,۰۰۰","۶۹,۰۰۰,۰۰۰",جمعه ساعت ۱۰:۰۰ تا ۱۴:۰۰ | پنجشنبه ساعت ۱۰:۰۰ تا ۱۴:۰۰,https://mftplus.com/lesson/154414126/فروشندگی-حرفه-ای-طلا-و-جواهر
نرم افزار Revit معماری,معماری,ونک,مشخص نشده,پنجشنبه ۷ اسفند ۱۴۰۴,پنجشنبه ۱۴ خرداد ۱۴۰۵,"۸۹,۰۰۰,۰۰۰","۸۹,۰۰۰,۰۰۰",پنجشنبه ساعت ۰۹:۰۰ تا ۱۳:۰۰,https://mftplus.com/lesson/391412129/نرم-افزار-Revit-معماری
طراحی طلا و جواهرات به کمک نرم افزار MATRIX - سطح یک,علوم مهندسی,میرداماد,مشخص نشده,پنجشنبه ۷ اسفند ۱۴۰۴,پنجشنبه ۹ مهر ۱۴۰۵,"۱۵۵,۰۰۰,۰۰۰","۱۵۵,۰۰۰,۰۰۰",پنجشنبه ساعت ۱۱:۳۰ تا ۱۴:۳۰,https://mftplus.com/lesson/6277/طراحی-طلا-و-جواهرات-به-کمک-نرم-افزار-MATRIX-سطح-یک
باریستا,تشریفات و گردشگری,نیاوران,مشخص نشده,پنجشنبه ۷ اسفند ۱۴۰۴,پنجشنبه ۱۰ اردیبهشت ۱۴۰۵,"۱۳۴,۰۰۰,۰۰۰","۱۳۴,۰۰۰,۰۰۰",پنجشنبه ساعت ۱۰:۳۰ تا ۱۴:۳۰,https://mftplus.com/lesson/3804/باریستا
باریستا,تشریفات و گردشگری,بلوار کاوه(قیطریه),مشخص نشده,پنجشنبه ۷ اسفند ۱۴۰۴,پنجشنبه ۲۸ اسفند ۱۴۰۴,"۱۳۴,۰۰۰,۰۰۰","۱۳۴,۰۰۰,۰۰۰",پنجشنبه ساعت ۱۰:۳۰ تا ۱۸:۳۰,https://mftplus.com/lesson/3804/باریستا
طراحی مکانیکی به کمک SOLIDWORKS II,علوم مهندسی,شهرقدس,مشخص نشده,پنجشنبه ۷ اسفند ۱۴۰۴,پنجشنبه ۳۱ اردیبهشت ۱۴۰۵,"۶۸,۰۰۰,۰۰۰","۶۸,۰۰۰,۰۰۰",پنجشنبه ساعت ۱۳:۰۰ تا ۱۷:۰۰,https://mftplus.com/lesson/153718136/طراحی-مکانیکی-به-کمک-SOLIDWORKS-II
طراحی کاراکتر,هنر و سینما,سعادت آباد (مرکزی),مشخص نشده,پنجشنبه ۷ اسفند ۱۴۰۴,پنجشنبه ۱۷ اردیبهشت ۱۴۰۵,"۵۴,۰۰۰,۰۰۰","۵۴,۰۰۰,۰۰۰",پنجشنبه ساعت ۱۴:۳۰ تا ۱۹:۳۰,https://mftplus.com/lesson/3800/طراحی-کاراکتر
کارگاه جامع مدیریت سرمایه گذاری در بازار رمز ارزها (ارز دیجیتال),علوم مالی و حسابداری,ونک,مشخص نشده,پنجشنبه ۷ اسفند ۱۴۰۴,جمعه ۱۸ اردیبهشت ۱۴۰۵,"۱۷۲,۹۰۰,۰۰۰","۱۷۲,۹۰۰,۰۰۰",جمعه ساعت ۱۳:۰۰ تا ۱۷:۰۰ | پنجشنبه ساعت ۱۳:۰۰ تا ۱۷:۰۰,https://mftplus.com/lesson/4446/کارگاه-جامع-مدیریت-سرمایه-گذاری-در-بازار-رمز-ارزها-(ارز-دیجیتال)
مقدمه ای بر الگوریتم و برنامه نویسی,فناوری اطلاعات و ارتباطات,اسلامشهر,محمدجواد قراگوزلو,پنجشنبه ۷ اسفند ۱۴۰۴,پنجشنبه ۲۸ خرداد ۱۴۰۵,"۲۸,۰۰۰,۰۰۰","۳۳,۰۰۰,۰۰۰",پنجشنبه ساعت ۱۴:۰۰ تا ۱۷:۰۰,https://mftplus.com/lesson/132017130/مقدمه-ای-بر-الگوریتم-و-برنامه-نویسی
طراحی مکانیکی به کمک CATIA I,علوم مهندسی,اکباتان,مشخص نشده,پنجشنبه ۷ اسفند ۱۴۰۴,پنجشنبه ۲۴ اردیبهشت ۱۴۰۵,"۷۹,۰۰۰,۰۰۰","۷۹,۰۰۰,۰۰۰",پنجشنبه ساعت ۱۵:۰۰ تا ۲۰:۰۰,https://mftplus.com/lesson/153718143/طراحی-مکانیکی-به-کمک-CATIA-I
دوره جامع ساخت انیمیشن دوبعدی و سه بعدی,هنر و سینما,اکباتان,مشخص نشده,پنجشنبه ۷ اسفند ۱۴۰۴,پنجشنبه ۳۰ اردیبهشت ۱۴۰۶,"۳۶۲,۹۰۰,۰۰۰","۳۶۲,۹۰۰,۰۰۰",پنجشنبه ساعت ۰۹:۰۰ تا ۱۴:۰۰,https://mftplus.com/lesson/6146/دوره-جامع-ساخت-انیمیشن-دوبعدی-و-سه-بعدی
اجرا، فن بیان و سخنوری,هنر و سینما,پارک ساعی,مشخص نشده,پنجشنبه ۷ اسفند ۱۴۰۴,پنجشنبه ۱۰ اردیبهشت ۱۴۰۵,"۵۶,۰۰۰,۰۰۰","۵۶,۰۰۰,۰۰۰",پنجشنبه ساعت ۱۷:۰۰ تا ۲۰:۰۰,https://mftplus.com/lesson/3962/اجرا،-فن-بیان-و-سخنوری
دوره تخصصی تعمیرات تلویزیون های LED و LCD,برق و الکترونیک,پارک ساعی,مشخص نشده,پنجشنبه ۷ اسفند ۱۴۰۴,پنجشنبه ۲۱ خرداد ۱۴۰۵,"۹۹,۰۰۰,۰۰۰","۹۹,۰۰۰,۰۰۰",پنجشنبه ساعت ۱۴:۳۰ تا ۱۸:۳۰,https://mftplus.com/lesson/4691/دوره-تخصصی-تعمیرات-تلویزیون-های-LED-و-LCD
طراحی وب سایت (Web Design Pack),فناوری اطلاعات و ارتباطات,انقلاب,مشخص نشده,پنجشنبه ۷ اسفند ۱۴۰۴,پنجشنبه ۲۸ آبان ۱۴۰۵,"۱۵۰,۰۰۰,۰۰۰","۱۸۷,۰۰۰,۰۰۰",پنجشنبه ساعت ۱۴:۳۰ تا ۱۹:۳۰,https://mftplus.com/lesson/6459/طراحی-وب-سایت-(Web-Design-Pack)
فتوشاپ برای معماری,معماری,سعادت آباد (مرکزی),مشخص نشده,پنجشنبه ۷ اسفند ۱۴۰۴,پنجشنبه ۲۰ فروردین ۱۴۰۵,"۴۹,۰۰۰,۰۰۰","۴۹,۰۰۰,۰۰۰",پنجشنبه ساعت ۱۴:۰۰ تا ۱۹:۰۰,https://mftplus.com/lesson/391412134/فتوشاپ-برای-معماری
CCNA 200-301,فناوری اطلاعات و ارتباطات,پارک ساعی,مشخص نشده,پنجشنبه ۷ اسفند ۱۴۰۴,پنجشنبه ۱۱ تیر ۱۴۰۵,"۶۴,۰۰۰,۰۰۰","۷۸,۰۰۰,۰۰۰",پنجشنبه ساعت ۱۴:۰۰ تا ۱۹:۰۰,https://mftplus.com/lesson/3742/CCNA-200-301
دوره جامع ساخت انیمیشن دوبعدی و سه بعدی,هنر و سینما,نیاوران,مشخص نشده,پنجشنبه ۷ اسفند ۱۴۰۴,پنجشنبه ۳۰ اردیبهشت ۱۴۰۶,"۳۶۲,۹۰۰,۰۰۰","۳۶۲,۹۰۰,۰۰۰",پنجشنبه ساعت ۰۹:۰۰ تا ۱۴:۰۰,https://mftplus.com/lesson/6146/دوره-جامع-ساخت-انیمیشن-دوبعدی-و-سه-بعدی
فتوشاپ نسخه مقدماتی تا پیشرفته,هنر و سینما,نیاوران,مشخص نشده,پنجشنبه ۷ اسفند ۱۴۰۴,پنجشنبه ۷ خرداد ۱۴۰۵,"۵۱,۰۰۰,۰۰۰","۵۶,۰۰۰,۰۰۰",پنجشنبه ساعت ۰۹:۰۰ تا ۱۴:۰۰,https://mftplus.com/lesson/431314130/فتوشاپ-نسخه-مقدماتی-تا-پیشرفته
فتوشاپ و ایلاستریتور,هنر و سینما,نیاوران,مشخص نشده,پنجشنبه ۷ اسفند ۱۴۰۴,پنجشنبه ۱۸ تیر ۱۴۰۵,"۸۴,۰۰۰,۰۰۰","۹۴,۰۰۰,۰۰۰",پنجشنبه ساعت ۰۹:۰۰ تا ۱۴:۰۰,https://mftplus.com/lesson/431312124/فتوشاپ-و-ایلاستریتور
افترافکت (After Effects),هنر و سینما,نیاوران,مشخص نشده,پنجشنبه ۷ اسفند ۱۴۰۴,پنجشنبه ۱۵ مرداد ۱۴۰۵,"۸۳,۰۰۰,۰۰۰","۹۸,۰۰۰,۰۰۰",پنجشنبه ساعت ۱۴:۰۰ تا ۱۸:۰۰,https://mftplus.com/lesson/431213154/افترافکت-(After-Effects)
درایوهای AC,برق و الکترونیک,میرداماد,مشخص نشده,پنجشنبه ۷ اسفند ۱۴۰۴,پنجشنبه ۱۴ اسفند ۱۴۰۴,"۷۰,۰۰۰,۰۰۰","۷۳,۰۰۰,۰۰۰",جمعه ساعت ۱۰:۰۰ تا ۱۷:۰۰ | پنجشنبه ساعت ۱۰:۰۰ تا ۱۷:۰۰,https://mftplus.com/lesson/182113128/درایوهای-AC
فروشندگی حرفه ای طلا و جواهر,علوم مهندسی,نیاوران,مشخص نشده,پنجشنبه ۷ اسفند ۱۴۰۴,پنجشنبه ۲۸ اسفند ۱۴۰۴,"۶۹,۰۰۰,۰۰۰","۶۹,۰۰۰,۰۰۰",پنجشنبه ساعت ۱۰:۰۰ تا ۱۴:۰۰,https://mftplus.com/lesson/154414126/فروشندگی-حرفه-ای-طلا-و-جواهر
برنامه نویسی و راه اندازی برد آردوینو برای مهندسان,برق و الکترونیک,سعادت آباد (مرکزی),مشخص نشده,پنجشنبه ۷ اسفند ۱۴۰۴,پنجشنبه ۱۰ اردیبهشت ۱۴۰۵,"۷۱,۰۰۰,۰۰۰","۷۱,۰۰۰,۰۰۰",پنجشنبه ساعت ۰۹:۰۰ تا ۱۴:۰۰,https://mftplus.com/lesson/4856/برنامه-نویسی-و-راه-اندازی-برد-آردوینو-برای-مهندسان
رزبری پای,برق و الکترونیک,سعادت آباد (مرکزی),مشخص نشده,پنجشنبه ۷ اسفند ۱۴۰۴,پنجشنبه ۳ اردیبهشت ۱۴۰۵,"۷۲,۵۰۰,۰۰۰","۷۲,۵۰۰,۰۰۰",پنجشنبه ساعت ۰۹:۰۰ تا ۱۴:۰۰,https://mftplus.com/lesson/4768/رزبری-پای
نرم افزار Revit معماری,معماری,نیاوران,مشخص نشده,پنجشنبه ۷ اسفند ۱۴۰۴,پنجشنبه ۳۱ اردیبهشت ۱۴۰۵,"۸۹,۰۰۰,۰۰۰","۸۹,۰۰۰,۰۰۰",پنجشنبه ساعت ۰۹:۰۰ تا ۱۴:۰۰,https://mftplus.com/lesson/391412129/نرم-افزار-Revit-معماری
ایمنی ، بهداشت و محیط زیست (HSE) مقدماتی,علوم مهندسی,سعادت آباد (مرکزی),مشخص نشده,پنجشنبه ۷ اسفند ۱۴۰۴,جمعه ۱۵ اسفند ۱۴۰۴,"۶۲,۵۰۰,۰۰۰","۶۲,۵۰۰,۰۰۰",جمعه ساعت ۰۸:۰۰ تا ۱۶:۰۰ | پنجشنبه ساعت ۰۸:۰۰ تا ۱۶:۰۰,https://mftplus.com/lesson/154113123/ایمنی-،-بهداشت-و-محیط-زیست-(HSE)-مقدماتی
دوره جامع مدیریت محصول,علوم مهندسی,سعادت آباد (مرکزی),مشخص نشده,پنجشنبه ۷ اسفند ۱۴۰۴,پنجشنبه ۱۰ اردیبهشت ۱۴۰۵,"۸۵,۰۰۰,۰۰۰","۸۵,۰۰۰,۰۰۰",پنجشنبه ساعت ۰۸:۰۰ تا ۱۴:۰۰,https://mftplus.com/lesson/5860/دوره-جامع-مدیریت-محصول
نصب، راه اندازی، عیب یابی و تعمیر کولر گازی,علوم مهندسی,سعادت آباد (مرکزی),مشخص نشده,پنجشنبه ۷ اسفند ۱۴۰۴,پنجشنبه ۲۸ اسفند ۱۴۰۴,"۱۰۹,۰۰۰,۰۰۰","۱۰۹,۰۰۰,۰۰۰",جمعه ساعت ۰۸:۰۰ تا ۱۴:۰۰ | پنجشنبه ساعت ۰۸:۰۰ تا ۱۴:۰۰,https://mftplus.com/lesson/4909/نصب،-راه-اندازی،-عیب-یابی-و-تعمیر-کولر-گازی
پریمیر,هنر و سینما,انقلاب,علی خسروی,پنجشنبه ۷ اسفند ۱۴۰۴,پنجشنبه ۲۴ اردیبهشت ۱۴۰۵,"۶۶,۰۰۰,۰۰۰","۶۶,۰۰۰,۰۰۰",پنجشنبه ساعت ۰۹:۰۰ تا ۱۴:۰۰,https://mftplus.com/lesson/431213156/پریمیر
عکاسی دیجیتال,هنر و سینما,انقلاب,مشخص نشده,پنجشنبه ۷ اسفند ۱۴۰۴,پنجشنبه ۱۸ تیر ۱۴۰۵,"۸۵,۹۰۰,۰۰۰","۸۵,۹۰۰,۰۰۰",پنجشنبه ساعت ۱۴:۳۰ تا ۱۹:۳۰,https://mftplus.com/lesson/4919/عکاسی-دیجیتال
ورکشاپ  بازسازی سئو در شرایط ناپایدار,فناوری اطلاعات و ارتباطات,سعادت آباد (مرکزی),اسماعیل احمدی میرقائد,پنجشنبه ۷ اسفند ۱۴۰۴,پنجشنبه ۷ اسفند ۱۴۰۴,"۲۰,۰۰۰,۰۰۰","۲۵,۰۰۰,۰۰۰",پنجشنبه ساعت ۱۵:۰۰ تا ۲۰:۰۰,https://mftplus.com/lesson/6673/ورکشاپ-بازسازی-سئو-در-شرایط-ناپایدار
اتوکد دوبعدی معماری,معماری,آیت الله کاشانی (غرب),مشخص نشده,پنجشنبه ۷ اسفند ۱۴۰۴,پنجشنبه ۱۷ اردیبهشت ۱۴۰۵,"۷۵,۰۰۰,۰۰۰","۷۵,۰۰۰,۰۰۰",پنجشنبه ساعت ۰۹:۰۰ تا ۱۴:۰۰,https://mftplus.com/lesson/391412131/اتوکد-دوبعدی-معماری
ICDL سطح یک و دو نوجوانان,کودک و نوجوان,البرز,مشخص نشده,پنجشنبه ۷ اسفند ۱۴۰۴,پنجشنبه ۳۱ اردیبهشت ۱۴۰۵,"۹۷,۴۰۰,۰۰۰","۹۷,۴۰۰,۰۰۰",جمعه ساعت ۰۹:۰۰ تا ۱۳:۰۰ | پنجشنبه ساعت ۰۹:۰۰ تا ۱۳:۰۰,https://mftplus.com/lesson/191412126/ICDL-سطح-یک-و-دو-نوجوانان
هکر قانونمند CEH,کودک و نوجوان,سعادت آباد (مرکزی),مشخص نشده,پنجشنبه ۷ اسفند ۱۴۰۴,پنجشنبه ۲۸ خرداد ۱۴۰۵,"۹۶,۶۰۰,۰۰۰","۹۶,۶۰۰,۰۰۰",پنجشنبه ساعت ۱۷:۳۰ تا ۲۰:۳۰,https://mftplus.com/lesson/5758/هکر-قانونمند-CEH
فتوشاپ پیشرفته نوجوان,کودک و نوجوان,سعادت آباد (مرکزی),مشخص نشده,پنجشنبه ۷ اسفند ۱۴۰۴,پنجشنبه ۳ اردیبهشت ۱۴۰۵,"۶۲,۱۰۰,۰۰۰","۶۲,۱۰۰,۰۰۰",پنجشنبه ساعت ۱۷:۳۰ تا ۲۰:۳۰,https://mftplus.com/lesson/4548/فتوشاپ-پیشرفته-نوجوان
پکیج طراحی کاراکتر و نقاشی دیجیتال 1,هنر و سینما,سعادت آباد (مرکزی),مشخص نشده,پنجشنبه ۷ اسفند ۱۴۰۴,پنجشنبه ۱۱ تیر ۱۴۰۵,"۹۴,۰۰۰,۰۰۰","۹۴,۰۰۰,۰۰۰",پنجشنبه ساعت ۱۴:۳۰ تا ۱۹:۳۰,https://mftplus.com/lesson/3811/پکیج-طراحی-کاراکتر-و-نقاشی-دیجیتال-1
اکستنشن مژه,دانش سلامت,پارک ساعی,مشخص نشده,پنجشنبه ۷ اسفند ۱۴۰۴,پنجشنبه ۲۸ اسفند ۱۴۰۴,"۶۲,۴۰۰,۰۰۰","۶۲,۴۰۰,۰۰۰",پنجشنبه ساعت ۱۰:۰۰ تا ۱۵:۰۰,https://mftplus.com/lesson/5115/اکستنشن-مژه
مراقبت و زیبایی دست و ناخن,دانش سلامت,پارک ساعی,مشخص نشده,پنجشنبه ۷ اسفند ۱۴۰۴,پنجشنبه ۲۸ اسفند ۱۴۰۴,"۷۲,۸۰۰,۰۰۰","۷۲,۸۰۰,۰۰۰",جمعه ساعت ۱۵:۰۰ تا ۲۰:۰۰ | پنجشنبه ساعت ۱۵:۰۰ تا ۲۰:۰۰,https://mftplus.com/lesson/4960/مراقبت-و-زیبایی-دست-و-ناخن
PLC Basics:  Siemens S7/300 & 400,برق و الکترونیک,میرداماد,مشخص نشده,پنجشنبه ۷ اسفند ۱۴۰۴,پنجشنبه ۱۰ اردیبهشت ۱۴۰۵,"۷۰,۰۰۰,۰۰۰","۷۰,۰۰۰,۰۰۰",پنجشنبه ساعت ۱۴:۳۰ تا ۱۷:۳۰,https://mftplus.com/lesson/4549/PLC-Basics:-Siemens-S7/300-&-400
اصول مدیریت پروژه بر اساس استاندارد PMBOK 8,علوم مهندسی,میرداماد,مشخص نشده,پنجشنبه ۷ اسفند ۱۴۰۴,پنجشنبه ۲۰ فروردین ۱۴۰۵,"۵۲,۵۰۰,۰۰۰","۵۲,۵۰۰,۰۰۰",پنجشنبه ساعت ۰۹:۳۰ تا ۱۴:۳۰,https://mftplus.com/lesson/6578/اصول-مدیریت-پروژه-بر-اساس-استاندارد-PMBOK-8
عکاسی دیجیتال,هنر و سینما,میرداماد,مشخص نشده,پنجشنبه ۷ اسفند ۱۴۰۴,پنجشنبه ۱۵ مرداد ۱۴۰۵,"۸۵,۹۰۰,۰۰۰","۸۵,۹۰۰,۰۰۰",پنجشنبه ساعت ۰۹:۳۰ تا ۱۳:۳۰,https://mftplus.com/lesson/4919/عکاسی-دیجیتال
عکاسی با موبایل,تولید محتوا,میرداماد,مشخص نشده,پنجشنبه ۷ اسفند ۱۴۰۴,پنجشنبه ۱۷ اردیبهشت ۱۴۰۵,"۴۶,۱۰۰,۰۰۰","۴۶,۱۰۰,۰۰۰",پنجشنبه ساعت ۰۹:۳۰ تا ۱۳:۳۰,https://mftplus.com/lesson/6519/عکاسی-با-موبایل
آشنایی با بازاریابی در صنعت مد,فناوری مد و پوشاک,میرداماد,مشخص نشده,پنجشنبه ۷ اسفند ۱۴۰۴,پنجشنبه ۲۸ اسفند ۱۴۰۴,"۲۷,۶۰۰,۰۰۰","۲۷,۶۰۰,۰۰۰",پنجشنبه ساعت ۰۹:۰۰ تا ۱۲:۰۰,https://mftplus.com/lesson/6317/آشنایی-با-بازاریابی-در-صنعت-مد
طراحی لباس تخصصی پیشرفته,فناوری مد و پوشاک,میرداماد,مشخص نشده,پنجشنبه ۷ اسفند ۱۴۰۴,پنجشنبه ۳۰ مهر ۱۴۰۵,"۱۳۵,۰۰۰,۰۰۰","۱۳۵,۰۰۰,۰۰۰",پنجشنبه ساعت ۰۹:۰۰ تا ۱۴:۰۰,https://mftplus.com/lesson/6319/طراحی-لباس-تخصصی-پیشرفته
Network+,فناوری اطلاعات و ارتباطات,میرداماد,مشخص نشده,پنجشنبه ۷ اسفند ۱۴۰۴,پنجشنبه ۲۷ فروردین ۱۴۰۵,"۱۵,۰۰۰,۰۰۰","۲۰,۰۰۰,۰۰۰",پنجشنبه ساعت ۱۶:۰۰ تا ۲۱:۰۰,https://mftplus.com/lesson/131612129/Network+
دوره طراحی رابط و تجربه کاربری (UI/UX),فناوری اطلاعات و ارتباطات,میرداماد,مشخص نشده,پنجشنبه ۷ اسفند ۱۴۰۴,پنجشنبه ۱۰ اردیبهشت ۱۴۰۵,"۵۵,۰۰۰,۰۰۰","۶۸,۰۰۰,۰۰۰",پنجشنبه ساعت ۱۴:۳۰ تا ۱۹:۳۰,https://mftplus.com/lesson/5605/دوره-طراحی-رابط-و-تجربه-کاربری-(UI/UX)
طراحی معماری و دکوراسیون داخلی متوسط,معماری,نیاوران,مشخص نشده,پنجشنبه ۷ اسفند ۱۴۰۴,پنجشنبه ۲۵ تیر ۱۴۰۵,"۲۰۶,۰۰۰,۰۰۰","۲۰۶,۰۰۰,۰۰۰",پنجشنبه ساعت ۰۹:۰۰ تا ۱۷:۰۰,https://mftplus.com/lesson/391212126/طراحی-معماری-و-دکوراسیون-داخلی-متوسط
پکیج عکاسی کاربردی,هنر و سینما,سعادت آباد (مرکزی),مشخص نشده,پنجشنبه ۷ اسفند ۱۴۰۴,پنجشنبه ۱۷ دی ۱۴۰۵,"۲۶۷,۸۰۰,۰۰۰","۲۶۷,۸۰۰,۰۰۰",پنجشنبه ساعت ۰۹:۰۰ تا ۱۴:۰۰,https://mftplus.com/lesson/3063/پکیج-عکاسی-کاربردی
زبان انگلیسی A2.3,زبانهای خارجی,انقلاب,مشخص نشده,پنجشنبه ۷ اسفند ۱۴۰۴,پنجشنبه ۳۱ اردیبهشت ۱۴۰۵,"۲۷,۳۰۰,۰۰۰","۲۷,۳۰۰,۰۰۰",پنجشنبه ساعت ۱۴:۳۰ تا ۱۸:۰۰,https://mftplus.com/lesson/231215284/زبان-انگلیسی-A2.3
PLC Advanced: Siemens S7/300 & 400,برق و الکترونیک,سعادت آباد (مرکزی),محمد مقصودی,پنجشنبه ۷ اسفند ۱۴۰۴,پنجشنبه ۲۰ فروردین ۱۴۰۵,"۷۶,۰۰۰,۰۰۰","۷۶,۰۰۰,۰۰۰",پنجشنبه ساعت ۱۴:۰۰ تا ۱۹:۰۰,https://mftplus.com/lesson/4550/PLC-Advanced:-Siemens-S7/300-&-400
کارگاه تخصصی دوخت شلوار,فناوری مد و پوشاک,سعادت آباد (مرکزی),مشخص نشده,پنجشنبه ۷ اسفند ۱۴۰۴,پنجشنبه ۲۱ اسفند ۱۴۰۴,"۴۹,۰۰۰,۰۰۰","۴۹,۰۰۰,۰۰۰",پنجشنبه ساعت ۱۴:۰۰ تا ۲۰:۰۰,https://mftplus.com/lesson/6646/کارگاه-تخصصی-دوخت-شلوار
Data Analysis with Python,فناوری اطلاعات و ارتباطات,باملند(شمال غرب),مشخص نشده,پنجشنبه ۷ اسفند ۱۴۰۴,پنجشنبه ۱۰ اردیبهشت ۱۴۰۵,"۵۰,۰۰۰,۰۰۰","۵۰,۰۰۰,۰۰۰",پنجشنبه ساعت ۱۲:۰۰ تا ۱۶:۰۰,https://mftplus.com/lesson/5544/Data-Analysis-with-Python
نصب، راه اندازی، عیب یابی و تعمیر کولر گازی,علوم مهندسی,پارک ساعی,مشخص نشده,پنجشنبه ۷ اسفند ۱۴۰۴,پنجشنبه ۲۸ اسفند ۱۴۰۴,"۱۰۹,۰۰۰,۰۰۰","۱۰۹,۰۰۰,۰۰۰",جمعه ساعت ۱۴:۳۰ تا ۲۰:۳۰ | پنجشنبه ساعت ۱۴:۳۰ تا ۲۰:۳۰,https://mftplus.com/lesson/4909/نصب،-راه-اندازی،-عیب-یابی-و-تعمیر-کولر-گازی
دوره طراحی رابط و تجربه کاربری (UI/UX),فناوری اطلاعات و ارتباطات,سعادت آباد (مرکزی),پرناز کاظمی,جمعه ۸ اسفند ۱۴۰۴,جمعه ۱۸ اردیبهشت ۱۴۰۵,"۵۵,۰۰۰,۰۰۰","۶۸,۰۰۰,۰۰۰",جمعه ساعت ۰۹:۰۰ تا ۱۴:۰۰,https://mftplus.com/lesson/5605/دوره-طراحی-رابط-و-تجربه-کاربری-(UI/UX)
نرم افزار Arc GIS (سطح یک),علوم مهندسی,بلوار کاوه(قیطریه),مشخص نشده,جمعه ۸ اسفند ۱۴۰۴,جمعه ۴ اردیبهشت ۱۴۰۵,"۵۹,۰۰۰,۰۰۰","۵۹,۰۰۰,۰۰۰",جمعه ساعت ۰۹:۰۰ تا ۱۴:۰۰,https://mftplus.com/lesson/153412124/نرم-افزار-Arc-GIS-(سطح-یک)
الکترونیک مقدماتی,برق و الکترونیک,بلوار کاوه(قیطریه),مشخص نشده,جمعه ۸ اسفند ۱۴۰۴,جمعه ۲۵ اردیبهشت ۱۴۰۵,"۶۳,۰۰۰,۰۰۰","۶۳,۰۰۰,۰۰۰",جمعه ساعت ۱۴:۰۰ تا ۲۰:۰۰,https://mftplus.com/lesson/5230/الکترونیک-مقدماتی
عکاسی دیجیتال,هنر و سینما,بلوار کاوه(قیطریه),مشخص نشده,جمعه ۸ اسفند ۱۴۰۴,جمعه ۲۹ خرداد ۱۴۰۵,"۸۵,۹۰۰,۰۰۰","۸۵,۹۰۰,۰۰۰",جمعه ساعت ۰۸:۰۰ تا ۱۴:۰۰,https://mftplus.com/lesson/4919/عکاسی-دیجیتال
مدیریت بازاریابی دیجیتال,مدیریت و کسب و کار,زعفرانیه,مشخص نشده,جمعه ۸ اسفند ۱۴۰۴,جمعه ۲۶ تیر ۱۴۰۵,"۱۰۸,۰۰۰,۰۰۰","۱۱۸,۸۰۰,۰۰۰",جمعه ساعت ۱۷:۰۰ تا ۲۰:۰۰,https://mftplus.com/lesson/4375/مدیریت-بازاریابی-دیجیتال
عکاسی با موبایل,تولید محتوا,بلوار کاوه(قیطریه),مشخص نشده,جمعه ۸ اسفند ۱۴۰۴,جمعه ۴ اردیبهشت ۱۴۰۵,"۴۶,۱۰۰,۰۰۰","۴۶,۱۰۰,۰۰۰",جمعه ساعت ۰۸:۰۰ تا ۱۴:۰۰,https://mftplus.com/lesson/6519/عکاسی-با-موبایل
Wordpress & WooCommerce Essential Training,فناوری اطلاعات و ارتباطات,پارک ساعی,مشخص نشده,جمعه ۸ اسفند ۱۴۰۴,جمعه ۱ خرداد ۱۴۰۵,"۴۱,۰۰۰,۰۰۰","۵۳,۰۰۰,۰۰۰",جمعه ساعت ۱۴:۳۰ تا ۱۸:۰۰,https://mftplus.com/lesson/5202/Wordpress-&-WooCommerce-Essential-Training
میکروکنترلرهای ARM,برق و الکترونیک,سعادت آباد (مرکزی),مشخص نشده,جمعه ۸ اسفند ۱۴۰۴,جمعه ۱ خرداد ۱۴۰۵,"۷۸,۰۰۰,۰۰۰","۷۸,۰۰۰,۰۰۰",جمعه ساعت ۱۶:۰۰ تا ۲۱:۰۰,https://mftplus.com/lesson/4603/میکروکنترلرهای-ARM
نرم افزار Revit MEP مکانیکال,علوم مهندسی,سعادت آباد (مرکزی),مشخص نشده,جمعه ۸ اسفند ۱۴۰۴,جمعه ۱۱ اردیبهشت ۱۴۰۵,"۷۵,۰۰۰,۰۰۰","۷۵,۰۰۰,۰۰۰",جمعه ساعت ۰۸:۰۰ تا ۱۴:۰۰,https://mftplus.com/lesson/154312124/نرم-افزار-Revit-MEP-مکانیکال
اجرا، فن بیان و سخنوری,هنر و سینما,زعفرانیه,مشخص نشده,جمعه ۸ اسفند ۱۴۰۴,جمعه ۱۸ اردیبهشت ۱۴۰۵,"۵۶,۰۰۰,۰۰۰","۵۶,۰۰۰,۰۰۰",جمعه ساعت ۱۳:۰۰ تا ۱۶:۰۰,https://mftplus.com/lesson/3962/اجرا،-فن-بیان-و-سخنوری
تولید محتوا با کپ کات,تولید محتوا,سعادت آباد (مرکزی),مشخص نشده,جمعه ۸ اسفند ۱۴۰۴,جمعه ۲۸ فروردین ۱۴۰۵,"۵۰,۰۰۰,۰۰۰","۵۰,۰۰۰,۰۰۰",جمعه ساعت ۱۴:۳۰ تا ۱۹:۳۰,https://mftplus.com/lesson/5968/تولید-محتوا-با-کپ-کات
نقشه کشی صنعتی پیشرفته,علوم مهندسی,سعادت آباد (مرکزی),مشخص نشده,جمعه ۸ اسفند ۱۴۰۴,جمعه ۱۱ اردیبهشت ۱۴۰۵,"۷۲,۵۰۰,۰۰۰","۷۲,۵۰۰,۰۰۰",جمعه ساعت ۱۴:۳۰ تا ۲۰:۳۰,https://mftplus.com/lesson/4265/نقشه-کشی-صنعتی-پیشرفته
شبیه سازی فرایند با نرم افزار HYSYS سطح دو,علوم مهندسی,سعادت آباد (مرکزی),مشخص نشده,جمعه ۸ اسفند ۱۴۰۴,جمعه ۱۱ اردیبهشت ۱۴۰۵,"۶۵,۰۰۰,۰۰۰","۶۵,۰۰۰,۰۰۰",جمعه ساعت ۰۸:۰۰ تا ۱۴:۰۰,https://mftplus.com/lesson/153515126/شبیه-سازی-فرایند-با-نرم-افزار-HYSYS-سطح-دو
"طراحی نقشه های فرایندی و تحلیل مخاطرات (PFD, P&ID, HAZOP)",علوم مهندسی,سعادت آباد (مرکزی),مشخص نشده,جمعه ۸ اسفند ۱۴۰۴,جمعه ۴ اردیبهشت ۱۴۰۵,"۷۵,۰۰۰,۰۰۰","۷۵,۰۰۰,۰۰۰",جمعه ساعت ۱۴:۳۰ تا ۲۰:۳۰,"https://mftplus.com/lesson/153515129/طراحی-نقشه-های-فرایندی-و-تحلیل-مخاطرات-(PFD,-P&ID,-HAZOP)"
آشنایی مقدماتی با جوش و فرایندهای جوشکاری,علوم مهندسی,سعادت آباد (مرکزی),مشخص نشده,جمعه ۸ اسفند ۱۴۰۴,جمعه ۲۱ فروردین ۱۴۰۵,"۶۵,۰۰۰,۰۰۰","۶۵,۰۰۰,۰۰۰",جمعه ساعت ۱۴:۳۰ تا ۲۰:۳۰,https://mftplus.com/lesson/153613123/آشنایی-مقدماتی-با-جوش-و-فرایندهای-جوشکاری
قانون پایانه های فروشگاهی و سامانه مودیان,علوم مالی و حسابداری,پارک ساعی,مجتبی ابویسانی,جمعه ۸ اسفند ۱۴۰۴,جمعه ۱۵ اسفند ۱۴۰۴,"۱۵,۹۰۰,۰۰۰","۱۵,۹۰۰,۰۰۰",جمعه ساعت ۱۴:۰۰ تا ۱۸:۰۰,https://mftplus.com/lesson/5207/قانون-پایانه-های-فروشگاهی-و-سامانه-مودیان
نرم افزار Revit معماری پیشرفته,معماری,بلوار کاوه(قیطریه),مشخص نشده,جمعه ۸ اسفند ۱۴۰۴,جمعه ۱۸ اردیبهشت ۱۴۰۵,"۸۱,۰۰۰,۰۰۰","۸۱,۰۰۰,۰۰۰",جمعه ساعت ۱۴:۰۰ تا ۱۹:۰۰,https://mftplus.com/lesson/6367/نرم-افزار-Revit-معماری-پیشرفته
دوره جامع نرم افزار Arc GIS,علوم مهندسی,سعادت آباد (مرکزی),مشخص نشده,جمعه ۸ اسفند ۱۴۰۴,جمعه ۱ خرداد ۱۴۰۵,"۹۹,۰۰۰,۰۰۰","۹۹,۰۰۰,۰۰۰",جمعه ساعت ۰۹:۰۰ تا ۱۴:۰۰,https://mftplus.com/lesson/5348/دوره-جامع-نرم-افزار-Arc-GIS
نرم افزار Arc GIS (سطح یک),علوم مهندسی,سعادت آباد (مرکزی),مشخص نشده,جمعه ۸ اسفند ۱۴۰۴,جمعه ۲۸ فروردین ۱۴۰۵,"۵۹,۰۰۰,۰۰۰","۵۹,۰۰۰,۰۰۰",جمعه ساعت ۰۹:۰۰ تا ۱۴:۰۰,https://mftplus.com/lesson/153412124/نرم-افزار-Arc-GIS-(سطح-یک)
ICDL Pack 2021,فناوری اطلاعات و ارتباطات,بلوار کاوه(قیطریه),مشخص نشده,جمعه ۸ اسفند ۱۴۰۴,جمعه ۶ شهریور ۱۴۰۵,"۶۳,۰۰۰,۰۰۰","۸۱,۰۰۰,۰۰۰",جمعه ساعت ۱۴:۰۰ تا ۲۰:۰۰,https://mftplus.com/lesson/5575/ICDL-Pack-2021
ICDL 2021 Level 1,فناوری اطلاعات و ارتباطات,بلوار کاوه(قیطریه),مشخص نشده,جمعه ۸ اسفند ۱۴۰۴,جمعه ۲۲ خرداد ۱۴۰۵,"۳۸,۰۰۰,۰۰۰","۴۹,۰۰۰,۰۰۰",جمعه ساعت ۱۴:۰۰ تا ۲۰:۰۰,https://mftplus.com/lesson/5571/ICDL-2021-Level-1
تهیه و سرو حرفه ای نوشیدنی های سرد,تشریفات و گردشگری,پارک ساعی,مشخص نشده,جمعه ۸ اسفند ۱۴۰۴,جمعه ۲۹ اسفند ۱۴۰۴,"۱۰۴,۰۰۰,۰۰۰","۱۰۴,۰۰۰,۰۰۰",جمعه ساعت ۱۰:۰۰ تا ۱۸:۰۰,https://mftplus.com/lesson/3832/تهیه-و-سرو-حرفه-ای-نوشیدنی-های-سرد
MATLAB سطح دو,علوم مهندسی,سعادت آباد (مرکزی),مشخص نشده,جمعه ۸ اسفند ۱۴۰۴,جمعه ۴ اردیبهشت ۱۴۰۵,"۶۵,۰۰۰,۰۰۰","۶۵,۰۰۰,۰۰۰",جمعه ساعت ۰۸:۰۰ تا ۱۴:۰۰,https://mftplus.com/lesson/154212127/MATLAB-سطح-دو
اصول مدیریت پروژه بر اساس استاندارد PRINCE 2,علوم مهندسی,سعادت آباد (مرکزی),مشخص نشده,جمعه ۸ اسفند ۱۴۰۴,جمعه ۲۱ فروردین ۱۴۰۵,"۵۲,۵۰۰,۰۰۰","۵۲,۵۰۰,۰۰۰",جمعه ساعت ۰۸:۰۰ تا ۱۴:۰۰,https://mftplus.com/lesson/3137/اصول-مدیریت-پروژه-بر-اساس-استاندارد-PRINCE-2
ایمنی، بهداشت و محیط زیست (HSE) پیشرفته,علوم مهندسی,بلوار کاوه(قیطریه),مشخص نشده,جمعه ۸ اسفند ۱۴۰۴,جمعه ۱۱ اردیبهشت ۱۴۰۵,"۶۵,۰۰۰,۰۰۰","۶۵,۰۰۰,۰۰۰",جمعه ساعت ۱۵:۰۰ تا ۲۰:۰۰,https://mftplus.com/lesson/154113124/ایمنی،-بهداشت-و-محیط-زیست-(HSE)-پیشرفته
طراحی مکانیکی به کمک CATIA I,علوم مهندسی,اسلامشهر,مشخص نشده,جمعه ۸ اسفند ۱۴۰۴,جمعه ۲۵ اردیبهشت ۱۴۰۵,"۷۹,۰۰۰,۰۰۰","۷۹,۰۰۰,۰۰۰",جمعه ساعت ۱۵:۰۰ تا ۲۱:۰۰,https://mftplus.com/lesson/153718143/طراحی-مکانیکی-به-کمک-CATIA-I
دوره مهارت های فروش و دیسپنسینگ در عینک سازی,دانش سلامت,پارک ساعی,مشخص نشده,جمعه ۸ اسفند ۱۴۰۴,پنجشنبه ۱۴ اسفند ۱۴۰۴,"۴۸,۰۰۰,۰۰۰","۴۸,۰۰۰,۰۰۰",جمعه ساعت ۰۹:۰۰ تا ۱۸:۰۰ | پنجشنبه ساعت ۰۹:۰۰ تا ۱۸:۰۰,https://mftplus.com/lesson/6579/دوره-مهارت-های-فروش-و-دیسپنسینگ-در-عینک-سازی
Microsoft Office Excel 2021,فناوری اطلاعات و ارتباطات,اکباتان,مشخص نشده,جمعه ۸ اسفند ۱۴۰۴,جمعه ۱۴ فروردین ۱۴۰۵,"۲۳,۰۰۰,۰۰۰","۲۸,۰۰۰,۰۰۰",جمعه ساعت ۰۹:۰۰ تا ۱۴:۰۰,https://mftplus.com/lesson/5578/Microsoft-Office-Excel-2021
مقدمه ای بر الگوریتم و برنامه نویسی,فناوری اطلاعات و ارتباطات,تهرانپارس,علی اصغر صالحی,جمعه ۸ اسفند ۱۴۰۴,جمعه ۱۱ اردیبهشت ۱۴۰۵,"۳۳,۰۰۰,۰۰۰","۳۳,۰۰۰,۰۰۰",جمعه ساعت ۱۴:۰۰ تا ۱۹:۰۰,https://mftplus.com/lesson/132017130/مقدمه-ای-بر-الگوریتم-و-برنامه-نویسی
PLC Basics:  Siemens S7/300 & 400,برق و الکترونیک,سعادت آباد (مرکزی),مشخص نشده,جمعه ۸ اسفند ۱۴۰۴,جمعه ۲۱ فروردین ۱۴۰۵,"۷۰,۰۰۰,۰۰۰","۷۰,۰۰۰,۰۰۰",جمعه ساعت ۱۴:۳۰ تا ۲۰:۳۰,https://mftplus.com/lesson/4549/PLC-Basics:-Siemens-S7/300-&-400
ICDL 2021 Level 2,فناوری اطلاعات و ارتباطات,اکباتان,مشخص نشده,جمعه ۸ اسفند ۱۴۰۴,جمعه ۸ خرداد ۱۴۰۵,"۳۵,۰۰۰,۰۰۰","۴۴,۰۰۰,۰۰۰",جمعه ساعت ۰۹:۰۰ تا ۱۴:۰۰,https://mftplus.com/lesson/5573/ICDL-2021-Level-2
تلفیقی Word+Excel 2021,فناوری اطلاعات و ارتباطات,سیدخندان,مشخص نشده,جمعه ۸ اسفند ۱۴۰۴,جمعه ۱ خرداد ۱۴۰۵,"۴۵,۰۰۰,۰۰۰","۴۵,۰۰۰,۰۰۰",جمعه ساعت ۰۸:۰۰ تا ۱۳:۰۰,https://mftplus.com/lesson/5976/تلفیقی-Word+Excel-2021
اجرا، فن بیان و سخنوری,هنر و سینما,سعادت آباد (مرکزی),مشخص نشده,جمعه ۸ اسفند ۱۴۰۴,جمعه ۲۸ فروردین ۱۴۰۵,"۵۶,۰۰۰,۰۰۰","۵۶,۰۰۰,۰۰۰",جمعه ساعت ۰۹:۰۰ تا ۱۴:۰۰,https://mftplus.com/lesson/3962/اجرا،-فن-بیان-و-سخنوری
اصول طراحی، انتخاب و تعمیرات کمپرسورهای صنعتی,علوم مهندسی,سعادت آباد (مرکزی),مشخص نشده,جمعه ۸ اسفند ۱۴۰۴,جمعه ۱۸ اردیبهشت ۱۴۰۵,"۸۹,۰۰۰,۰۰۰","۸۹,۰۰۰,۰۰۰",جمعه ساعت ۰۸:۰۰ تا ۱۴:۰۰,https://mftplus.com/lesson/4887/اصول-طراحی،-انتخاب-و-تعمیرات-کمپرسورهای-صنعتی
طراحی و محاسبات غیرخطی سازه به کمک نرم افزار SAP 2000,علوم مهندسی,سعادت آباد (مرکزی),مشخص نشده,جمعه ۸ اسفند ۱۴۰۴,جمعه ۲۵ اردیبهشت ۱۴۰۵,"۹۷,۵۰۰,۰۰۰","۹۷,۵۰۰,۰۰۰",جمعه ساعت ۱۴:۳۰ تا ۲۰:۳۰,https://mftplus.com/lesson/153812127/طراحی-و-محاسبات-غیرخطی-سازه-به-کمک-نرم-افزار-SAP-2000
دوره جامع تحلیل آماری داده ها به کمک نرم افزار SPSS,علوم مهندسی,سعادت آباد (مرکزی),مشخص نشده,جمعه ۸ اسفند ۱۴۰۴,جمعه ۱۱ اردیبهشت ۱۴۰۵,"۷۹,۰۰۰,۰۰۰","۷۹,۰۰۰,۰۰۰",جمعه ساعت ۰۸:۰۰ تا ۱۴:۰۰,https://mftplus.com/lesson/5339/دوره-جامع-تحلیل-آماری-داده-ها-به-کمک-نرم-افزار-SPSS
تحلیل های آماری داده ها به کمک نرم افزار SPSS - سطح یک,علوم مهندسی,سعادت آباد (مرکزی),مشخص نشده,جمعه ۸ اسفند ۱۴۰۴,جمعه ۱۴ فروردین ۱۴۰۵,"۴۵,۰۰۰,۰۰۰","۴۵,۰۰۰,۰۰۰",جمعه ساعت ۰۸:۰۰ تا ۱۴:۰۰,https://mftplus.com/lesson/154212125/تحلیل-های-آماری-داده-ها-به-کمک-نرم-افزار-SPSS-سطح-یک
دوره جامع نرم افزار Arc GIS,علوم مهندسی,بلوار کاوه(قیطریه),مشخص نشده,جمعه ۸ اسفند ۱۴۰۴,جمعه ۸ خرداد ۱۴۰۵,"۹۹,۰۰۰,۰۰۰","۹۹,۰۰۰,۰۰۰",جمعه ساعت ۰۹:۰۰ تا ۱۴:۰۰,https://mftplus.com/lesson/5348/دوره-جامع-نرم-افزار-Arc-GIS
مراقبت و زیبایی دست و ناخن,دانش سلامت,بلوار کاوه(قیطریه),مشخص نشده,جمعه ۸ اسفند ۱۴۰۴,جمعه ۱۱ اردیبهشت ۱۴۰۵,"۷۲,۸۰۰,۰۰۰","۷۲,۸۰۰,۰۰۰",جمعه ساعت ۰۹:۰۰ تا ۱۴:۰۰,https://mftplus.com/lesson/4960/مراقبت-و-زیبایی-دست-و-ناخن
کارگاه بستن حسابها,علوم مالی و حسابداری,بلوار کاوه(قیطریه),مشخص نشده,جمعه ۸ اسفند ۱۴۰۴,جمعه ۸ اسفند ۱۴۰۴,"۱۰,۵۰۰,۰۰۰","۱۰,۵۰۰,۰۰۰",جمعه ساعت ۰۸:۰۰ تا ۱۴:۰۰,https://mftplus.com/lesson/4273/کارگاه-بستن-حسابها
نرم افزار Revit معماری,معماری,سعادت آباد (مرکزی),مشخص نشده,جمعه ۸ اسفند ۱۴۰۴,جمعه ۸ خرداد ۱۴۰۵,"۸۹,۰۰۰,۰۰۰","۸۹,۰۰۰,۰۰۰",جمعه ساعت ۰۹:۰۰ تا ۱۴:۰۰,https://mftplus.com/lesson/391412129/نرم-افزار-Revit-معماری
دوره ی جامع بازسازی و اجرای پروژه های طراحی داخلی,معماری,بلوار کاوه(قیطریه),مشخص نشده,جمعه ۸ اسفند ۱۴۰۴,جمعه ۱۱ اردیبهشت ۱۴۰۵,"۱۴۸,۰۰۰,۰۰۰","۱۴۸,۰۰۰,۰۰۰",جمعه ساعت ۰۸:۰۰ تا ۱۴:۰۰,https://mftplus.com/lesson/391612165/دوره-ی-جامع-بازسازی-و-اجرای-پروژه-های-طراحی-داخلی
قانون پایانه های فروشگاهی و سامانه مودیان,علوم مالی و حسابداری,بلوار کاوه(قیطریه),مشخص نشده,جمعه ۸ اسفند ۱۴۰۴,جمعه ۸ اسفند ۱۴۰۴,"۱۵,۹۰۰,۰۰۰","۱۵,۹۰۰,۰۰۰",جمعه ساعت ۰۹:۰۰ تا ۱۷:۰۰,https://mftplus.com/lesson/5207/قانون-پایانه-های-فروشگاهی-و-سامانه-مودیان
نرم افزار ANSYS WORKBENCH (مقدماتی),علوم مهندسی,سعادت آباد (مرکزی),مشخص نشده,جمعه ۸ اسفند ۱۴۰۴,جمعه ۱۸ اردیبهشت ۱۴۰۵,"۷۹,۰۰۰,۰۰۰","۷۹,۰۰۰,۰۰۰",جمعه ساعت ۱۴:۳۰ تا ۲۰:۳۰,https://mftplus.com/lesson/153716123/نرم-افزار-ANSYS-WORKBENCH-(مقدماتی)
طراحی و نقشه کشی مکانیکی با AutoCAD Mechanical,علوم مهندسی,سعادت آباد (مرکزی),مشخص نشده,جمعه ۸ اسفند ۱۴۰۴,جمعه ۱۸ اردیبهشت ۱۴۰۵,"۶۹,۰۰۰,۰۰۰","۶۹,۰۰۰,۰۰۰",جمعه ساعت ۰۸:۰۰ تا ۱۴:۰۰,https://mftplus.com/lesson/153718123/طراحی-و-نقشه-کشی-مکانیکی-با-AutoCAD-Mechanical
ماشینکاری به کمک NX III,علوم مهندسی,سعادت آباد (مرکزی),مشخص نشده,جمعه ۸ اسفند ۱۴۰۴,جمعه ۱۱ اردیبهشت ۱۴۰۵,"۸۹,۰۰۰,۰۰۰","۸۹,۰۰۰,۰۰۰",جمعه ساعت ۰۸:۰۰ تا ۱۴:۰۰,https://mftplus.com/lesson/153718133/ماشینکاری-به-کمک-NX-III
نرم‌افزار CARRIER,علوم مهندسی,سعادت آباد (مرکزی),مشخص نشده,جمعه ۸ اسفند ۱۴۰۴,جمعه ۲۸ فروردین ۱۴۰۵,"۶۹,۰۰۰,۰۰۰","۶۹,۰۰۰,۰۰۰",جمعه ساعت ۰۸:۰۰ تا ۱۴:۰۰,https://mftplus.com/lesson/154312123/نرم‌افزار-CARRIER
مبانی، تشریح الزامات و استقرار سیستم مدیریت کیفیت ISO 9001:2015,علوم مهندسی,سعادت آباد (مرکزی),مشخص نشده,جمعه ۸ اسفند ۱۴۰۴,جمعه ۱۴ فروردین ۱۴۰۵,"۶۵,۰۰۰,۰۰۰","۶۵,۰۰۰,۰۰۰",جمعه ساعت ۰۸:۰۰ تا ۱۴:۰۰,https://mftplus.com/lesson/154114124/مبانی،-تشریح-الزامات-و-استقرار-سیستم-مدیریت-کیفیت-ISO-9001:2015
کارگاه جامع حسابداری مالی,علوم مالی و حسابداری,بلوار کاوه(قیطریه),مشخص نشده,جمعه ۸ اسفند ۱۴۰۴,جمعه ۴ دی ۱۴۰۵,"۲۲۵,۷۰۰,۰۰۰","۲۲۵,۷۰۰,۰۰۰",جمعه ساعت ۰۸:۰۰ تا ۱۴:۰۰,https://mftplus.com/lesson/3863/کارگاه-جامع-حسابداری-مالی
Sketchup با رویکرد هوش مصنوعی,معماری,سعادت آباد (مرکزی),مشخص نشده,جمعه ۸ اسفند ۱۴۰۴,جمعه ۴ اردیبهشت ۱۴۰۵,"۵۹,۰۰۰,۰۰۰","۵۹,۰۰۰,۰۰۰",جمعه ساعت ۰۹:۰۰ تا ۱۴:۰۰,https://mftplus.com/lesson/6599/Sketchup-با-رویکرد-هوش-مصنوعی
حسابداری ویژه بازار کار,علوم مالی و حسابداری,پارک ساعی,مشخص نشده,جمعه ۸ اسفند ۱۴۰۴,پنجشنبه ۸ مرداد ۱۴۰۵,"۱۷۷,۶۰۰,۰۰۰","۱۷۷,۶۰۰,۰۰۰",جمعه ساعت ۱۴:۰۰ تا ۱۹:۰۰ | پنجشنبه ساعت ۱۴:۰۰ تا ۱۹:۰۰,https://mftplus.com/lesson/3869/حسابداری-ویژه-بازار-کار
حسابداری برای غیر حسابداران,علوم مالی و حسابداری,پارک ساعی,مشخص نشده,جمعه ۸ اسفند ۱۴۰۴,جمعه ۲۸ فروردین ۱۴۰۵,"۶۷,۰۰۰,۰۰۰","۶۷,۰۰۰,۰۰۰",جمعه ساعت ۱۴:۰۰ تا ۱۹:۰۰ | پنجشنبه ساعت ۱۴:۰۰ تا ۱۹:۰۰,https://mftplus.com/lesson/3857/حسابداری-برای-غیر-حسابداران
حسابداری مالی خدماتی,علوم مالی و حسابداری,پارک ساعی,مشخص نشده,جمعه ۸ اسفند ۱۴۰۴,جمعه ۲۸ فروردین ۱۴۰۵,"۵۳,۹۰۰,۰۰۰","۵۳,۹۰۰,۰۰۰",جمعه ساعت ۱۴:۰۰ تا ۲۰:۰۰ | چهارشنبه ساعت ۱۴:۰۰ تا ۲۰:۰۰,https://mftplus.com/lesson/3865/حسابداری-مالی-خدماتی
Responsive & Bootstrap (Web Design II),فناوری اطلاعات و ارتباطات,سیدخندان,مشخص نشده,جمعه ۸ اسفند ۱۴۰۴,جمعه ۲۵ اردیبهشت ۱۴۰۵,"۶۳,۰۰۰,۰۰۰","۶۳,۰۰۰,۰۰۰",جمعه ساعت ۰۸:۰۰ تا ۱۳:۰۰,https://mftplus.com/lesson/6457/Responsive-&-Bootstrap-(Web-Design-II)
طراحی مکانیکی به کمک CATIA II,علوم مهندسی,سعادت آباد (مرکزی),مشخص نشده,جمعه ۸ اسفند ۱۴۰۴,جمعه ۲۵ اردیبهشت ۱۴۰۵,"۸۵,۰۰۰,۰۰۰","۸۵,۰۰۰,۰۰۰",جمعه ساعت ۱۴:۳۰ تا ۲۰:۳۰,https://mftplus.com/lesson/153718125/طراحی-مکانیکی-به-کمک-CATIA-II
طراحی سیستم های آب و فاضلاب خانگی و تاسیسات بهداشتی,علوم مهندسی,سعادت آباد (مرکزی),مشخص نشده,جمعه ۸ اسفند ۱۴۰۴,جمعه ۲۱ فروردین ۱۴۰۵,"۶۲,۵۰۰,۰۰۰","۶۲,۵۰۰,۰۰۰",جمعه ساعت ۱۴:۳۰ تا ۲۰:۳۰,https://mftplus.com/lesson/154313124/طراحی-سیستم-های-آب-و-فاضلاب-خانگی-و-تاسیسات-بهداشتی
اصول طراحی، انتخاب و محاسبات اجزای ماشین آلات صنعتی– سطح دو,علوم مهندسی,سعادت آباد (مرکزی),مشخص نشده,جمعه ۸ اسفند ۱۴۰۴,جمعه ۲۵ اردیبهشت ۱۴۰۵,"۷۷,۵۰۰,۰۰۰","۷۷,۵۰۰,۰۰۰",جمعه ساعت ۰۸:۰۰ تا ۱۴:۰۰,https://mftplus.com/lesson/3155/اصول-طراحی،-انتخاب-و-محاسبات-اجزای-ماشین-آلات-صنعتی–-سطح-دو
شبیه سازی فرایند با نرم افزار ASPEN PLUS سطح یک,علوم مهندسی,سعادت آباد (مرکزی),مشخص نشده,جمعه ۸ اسفند ۱۴۰۴,جمعه ۱۱ اردیبهشت ۱۴۰۵,"۶۵,۰۰۰,۰۰۰","۶۵,۰۰۰,۰۰۰",جمعه ساعت ۱۴:۳۰ تا ۲۰:۳۰,https://mftplus.com/lesson/153515125/شبیه-سازی-فرایند-با-نرم-افزار-ASPEN-PLUS-سطح-یک
طراحی مکانیکی به کمک SOLIDWORKS I,علوم مهندسی,میرداماد,مشخص نشده,جمعه ۸ اسفند ۱۴۰۴,جمعه ۲۹ خرداد ۱۴۰۵,"۷۹,۰۰۰,۰۰۰","۷۹,۰۰۰,۰۰۰",جمعه ساعت ۱۳:۰۰ تا ۱۷:۰۰,https://mftplus.com/lesson/153718144/طراحی-مکانیکی-به-کمک-SOLIDWORKS-I
Data Analysis with Python,فناوری اطلاعات و ارتباطات,باملند(شمال غرب),مشخص نشده,جمعه ۸ اسفند ۱۴۰۴,جمعه ۱۸ اردیبهشت ۱۴۰۵,"۵۰,۰۰۰,۰۰۰","۵۰,۰۰۰,۰۰۰",جمعه ساعت ۱۶:۰۰ تا ۲۰:۰۰,https://mftplus.com/lesson/5544/Data-Analysis-with-Python
نازکدوزی زنانه,فناوری مد و پوشاک,بلوار کاوه(قیطریه),مشخص نشده,جمعه ۸ اسفند ۱۴۰۴,جمعه ۱ آبان ۱۴۰۵,"۱۳۱,۰۰۰,۰۰۰","۱۳۱,۰۰۰,۰۰۰",جمعه ساعت ۱۶:۰۰ تا ۲۰:۰۰,https://mftplus.com/lesson/411414164/نازکدوزی-زنانه
اسکیس و راندو,معماری,سعادت آباد (مرکزی),مشخص نشده,جمعه ۸ اسفند ۱۴۰۴,جمعه ۴ اردیبهشت ۱۴۰۵,"۵۹,۰۰۰,۰۰۰","۵۹,۰۰۰,۰۰۰",جمعه ساعت ۰۹:۰۰ تا ۱۴:۰۰,https://mftplus.com/lesson/5233/اسکیس-و-راندو
ماشینکاری با نرم افزار Power Mill (پیشرفته),علوم مهندسی,سعادت آباد (مرکزی),مشخص نشده,جمعه ۸ اسفند ۱۴۰۴,جمعه ۱۸ اردیبهشت ۱۴۰۵,"۸۹,۰۰۰,۰۰۰","۸۹,۰۰۰,۰۰۰",جمعه ساعت ۱۴:۳۰ تا ۲۰:۳۰,https://mftplus.com/lesson/153715124/ماشینکاری-با-نرم-افزار-Power-Mill-(پیشرفته)
طراحی برد مدار چاپی با نرم افزارAltium Designer,برق و الکترونیک,البرز,مشخص نشده,جمعه ۸ اسفند ۱۴۰۴,جمعه ۱۱ اردیبهشت ۱۴۰۵,"۴۷,۲۰۰,۰۰۰","۴۷,۲۰۰,۰۰۰",جمعه ساعت ۰۹:۰۰ تا ۱۳:۰۰,https://mftplus.com/lesson/5305/طراحی-برد-مدار-چاپی-با-نرم-افزارAltium-Designer
CEH v.12 (Certified Ethical Hacker),فناوری اطلاعات و ارتباطات,سعادت آباد (مرکزی),محمدعرفان نصیری,جمعه ۸ اسفند ۱۴۰۴,جمعه ۱۱ اردیبهشت ۱۴۰۵,"۵۴,۰۰۰,۰۰۰","۶۸,۰۰۰,۰۰۰",جمعه ساعت ۱۴:۳۰ تا ۱۹:۳۰,https://mftplus.com/lesson/5173/CEH-v.12-(Certified-Ethical-Hacker)
ReactJS,فناوری اطلاعات و ارتباطات,سعادت آباد (مرکزی),تورج آرمین پور,جمعه ۸ اسفند ۱۴۰۴,جمعه ۱۱ اردیبهشت ۱۴۰۵,"۶۱,۰۰۰,۰۰۰","۷۷,۰۰۰,۰۰۰",جمعه ساعت ۱۴:۳۰ تا ۱۹:۳۰,https://mftplus.com/lesson/4040/ReactJS
ایمنی ، بهداشت و محیط زیست (HSE) مقدماتی,علوم مهندسی,بلوار کاوه(قیطریه),مشخص نشده,جمعه ۸ اسفند ۱۴۰۴,جمعه ۱۱ اردیبهشت ۱۴۰۵,"۶۲,۵۰۰,۰۰۰","۶۲,۵۰۰,۰۰۰",جمعه ساعت ۰۹:۰۰ تا ۱۴:۰۰,https://mftplus.com/lesson/154113123/ایمنی-،-بهداشت-و-محیط-زیست-(HSE)-مقدماتی
مهارتهای مذاکره,مدیریت و کسب و کار,بلوار کاوه(قیطریه),مشخص نشده,جمعه ۸ اسفند ۱۴۰۴,جمعه ۸ اسفند ۱۴۰۴,"۱۹,۳۰۰,۰۰۰","۲۳,۵۰۰,۰۰۰",جمعه ساعت ۰۹:۰۰ تا ۱۷:۰۰,https://mftplus.com/lesson/4936/مهارتهای-مذاکره
فتوشاپ برای معماری,معماری,اکباتان,مشخص نشده,جمعه ۸ اسفند ۱۴۰۴,جمعه ۲۸ فروردین ۱۴۰۵,"۴۹,۰۰۰,۰۰۰","۴۹,۰۰۰,۰۰۰",جمعه ساعت ۰۹:۰۰ تا ۱۴:۰۰,https://mftplus.com/lesson/391412134/فتوشاپ-برای-معماری
اپراتوری تراش CNC,علوم مهندسی,اسلامشهر,مشخص نشده,جمعه ۸ اسفند ۱۴۰۴,جمعه ۱ خرداد ۱۴۰۵,"۷۲,۵۰۰,۰۰۰","۷۲,۵۰۰,۰۰۰",جمعه ساعت ۱۵:۰۰ تا ۱۸:۰۰,https://mftplus.com/lesson/3757/اپراتوری-تراش-CNC
پکیج طراحی دکوراسیون داخلی از مقدماتی تا پیشرفته,معماری,نیاوران,مشخص نشده,جمعه ۸ اسفند ۱۴۰۴,جمعه ۶ فروردین ۱۴۰۶,"۵۲۹,۰۰۰,۰۰۰","۵۲۹,۰۰۰,۰۰۰",جمعه ساعت ۰۹:۰۰ تا ۱۷:۰۰,https://mftplus.com/lesson/5999/پکیج-طراحی-دکوراسیون-داخلی-از-مقدماتی-تا-پیشرفته
طراحی معماری و دکوراسیون داخلی مقدماتی,معماری,نیاوران,مشخص نشده,جمعه ۸ اسفند ۱۴۰۴,جمعه ۲۶ تیر ۱۴۰۵,"۱۷۱,۰۰۰,۰۰۰","۱۷۱,۰۰۰,۰۰۰",جمعه ساعت ۰۹:۰۰ تا ۱۷:۰۰,https://mftplus.com/lesson/391212125/طراحی-معماری-و-دکوراسیون-داخلی-مقدماتی
دکوراتور داخلی,معماری,نیاوران,مشخص نشده,جمعه ۸ اسفند ۱۴۰۴,جمعه ۱۹ تیر ۱۴۰۵,"۱۸۸,۰۰۰,۰۰۰","۱۸۸,۰۰۰,۰۰۰",جمعه ساعت ۰۹:۰۰ تا ۱۷:۰۰,https://mftplus.com/lesson/391212131/دکوراتور-داخلی
طراحی و شبیه سازی مبدل های حرارتی با نرم افزار HTRI,علوم مهندسی,سعادت آباد (مرکزی),مشخص نشده,جمعه ۸ اسفند ۱۴۰۴,جمعه ۲۱ فروردین ۱۴۰۵,"۸۵,۰۰۰,۰۰۰","۸۵,۰۰۰,۰۰۰",جمعه ساعت ۱۴:۳۰ تا ۲۰:۳۰,https://mftplus.com/lesson/6631/طراحی-و-شبیه-سازی-مبدل-های-حرارتی-با-نرم-افزار-HTRI
"مدیریت پروژه حرفه ای – مبانی و نرم افزارهای کاربردی (PMBOK, MSP & Primavera P6)",علوم مهندسی,سعادت آباد (مرکزی),مشخص نشده,جمعه ۸ اسفند ۱۴۰۴,جمعه ۹ مرداد ۱۴۰۵,"۱۶۹,۰۰۰,۰۰۰","۱۶۹,۰۰۰,۰۰۰",جمعه ساعت ۱۴:۳۰ تا ۲۰:۳۰,"https://mftplus.com/lesson/154012130/مدیریت-پروژه-حرفه-ای-–-مبانی-و-نرم-افزارهای-کاربردی-(PMBOK,-MSP-&-Primavera-P6)"
برنامه ریزی و کنترل پروژه با نرم افزار MS Project,علوم مهندسی,سعادت آباد (مرکزی),مشخص نشده,جمعه ۸ اسفند ۱۴۰۴,جمعه ۱۱ اردیبهشت ۱۴۰۵,"۶۵,۰۰۰,۰۰۰","۶۵,۰۰۰,۰۰۰",جمعه ساعت ۰۸:۰۰ تا ۱۴:۰۰,https://mftplus.com/lesson/154012124/برنامه-ریزی-و-کنترل-پروژه-با-نرم-افزار-MS-Project
موشن گرافیک,هنر و سینما,اسلامشهر,مشخص نشده,جمعه ۸ اسفند ۱۴۰۴,جمعه ۲۹ آبان ۱۴۰۵,"۱۷۴,۰۰۰,۰۰۰","۱۷۴,۰۰۰,۰۰۰",جمعه ساعت ۱۵:۰۰ تا ۱۹:۰۰,https://mftplus.com/lesson/3064/موشن-گرافیک
فتوشاپ مقدماتی تا پیشرفته,هنر و سینما,اسلامشهر,مشخص نشده,جمعه ۸ اسفند ۱۴۰۴,جمعه ۲۹ خرداد ۱۴۰۵,"۵۱,۰۰۰,۰۰۰","۵۶,۰۰۰,۰۰۰",جمعه ساعت ۱۵:۰۰ تا ۱۹:۰۰,https://mftplus.com/lesson/4810/فتوشاپ-مقدماتی-تا-پیشرفته
فتوشاپ و ایلاستریتور,هنر و سینما,اسلامشهر,مشخص نشده,جمعه ۸ اسفند ۱۴۰۴,جمعه ۱۶ مرداد ۱۴۰۵,"۸۴,۰۰۰,۰۰۰","۹۴,۰۰۰,۰۰۰",جمعه ساعت ۱۵:۰۰ تا ۱۹:۰۰,https://mftplus.com/lesson/431312124/فتوشاپ-و-ایلاستریتور
افترافکت (After Effects),هنر و سینما,اسلامشهر,مشخص نشده,جمعه ۸ اسفند ۱۴۰۴,جمعه ۱۶ مرداد ۱۴۰۵,"۸۳,۰۰۰,۰۰۰","۹۸,۰۰۰,۰۰۰",جمعه ساعت ۱۵:۰۰ تا ۱۹:۰۰,https://mftplus.com/lesson/431213154/افترافکت-(After-Effects)
نحوه تهیه اظهارنامه مالیاتی,علوم مالی و حسابداری,انقلاب,مشخص نشده,جمعه ۸ اسفند ۱۴۰۴,جمعه ۲۲ اسفند ۱۴۰۴,"۱۷,۵۰۰,۰۰۰","۱۷,۵۰۰,۰۰۰",جمعه ساعت ۱۰:۰۰ تا ۱۴:۰۰,https://mftplus.com/lesson/3862/نحوه-تهیه-اظهارنامه-مالیاتی
مالیات و عوارض ارزش افزوده,علوم مالی و حسابداری,انقلاب,مشخص نشده,جمعه ۸ اسفند ۱۴۰۴,جمعه ۱۵ اسفند ۱۴۰۴,"۱۱,۷۰۰,۰۰۰","۱۱,۷۰۰,۰۰۰",جمعه ساعت ۱۰:۰۰ تا ۱۴:۰۰,https://mftplus.com/lesson/3859/مالیات-و-عوارض-ارزش-افزوده
کارگاه جامع حسابداری مالی,علوم مالی و حسابداری,سعادت آباد (مرکزی),مشخص نشده,جمعه ۸ اسفند ۱۴۰۴,جمعه ۴ دی ۱۴۰۵,"۲۲۵,۷۰۰,۰۰۰","۲۲۵,۷۰۰,۰۰۰",جمعه ساعت ۰۸:۰۰ تا ۱۴:۰۰,https://mftplus.com/lesson/3863/کارگاه-جامع-حسابداری-مالی
حسابداری برای غیر حسابداران,علوم مالی و حسابداری,سعادت آباد (مرکزی),مشخص نشده,جمعه ۸ اسفند ۱۴۰۴,جمعه ۲۵ اردیبهشت ۱۴۰۵,"۶۷,۰۰۰,۰۰۰","۶۷,۰۰۰,۰۰۰",جمعه ساعت ۰۸:۰۰ تا ۱۴:۰۰,https://mftplus.com/lesson/3857/حسابداری-برای-غیر-حسابداران
متره، برآورد و صورت وضعیت نویسی عمران,علوم مهندسی,اکباتان,مشخص نشده,جمعه ۸ اسفند ۱۴۰۴,جمعه ۱ خرداد ۱۴۰۵,"۷۵,۰۰۰,۰۰۰","۷۵,۰۰۰,۰۰۰",جمعه ساعت ۰۹:۰۰ تا ۱۴:۰۰,https://mftplus.com/lesson/153813123/متره،-برآورد-و-صورت-وضعیت-نویسی-عمران
کارگاه آموزش مقاله‌نویسی (ISI),زبانهای خارجی,بلوار کاوه(قیطریه),مشخص نشده,جمعه ۸ اسفند ۱۴۰۴,جمعه ۸ اسفند ۱۴۰۴,"۵,۰۰۰,۰۰۰","۵,۰۰۰,۰۰۰",جمعه ساعت ۰۹:۰۰ تا ۱۳:۰۰,https://mftplus.com/lesson/6379/کارگاه-آموزش-مقاله‌نویسی-(ISI)
تعمیرات لباسشویی و ظرفشویی,برق و الکترونیک,اسلامشهر,مشخص نشده,جمعه ۸ اسفند ۱۴۰۴,جمعه ۱۸ اردیبهشت ۱۴۰۵,"۱۳۰,۰۰۰,۰۰۰","۱۳۰,۰۰۰,۰۰۰",جمعه ساعت ۱۵:۰۰ تا ۱۹:۰۰,https://mftplus.com/lesson/6637/تعمیرات-لباسشویی-و-ظرفشویی
حسابداری ویژه بازار کار,علوم مالی و حسابداری,اکباتان,مشخص نشده,جمعه ۸ اسفند ۱۴۰۴,جمعه ۲۰ آذر ۱۴۰۵,"۱۷۷,۶۰۰,۰۰۰","۱۷۷,۶۰۰,۰۰۰",جمعه ساعت ۰۹:۰۰ تا ۱۴:۰۰,https://mftplus.com/lesson/3869/حسابداری-ویژه-بازار-کار
تحلیل های آماری داده ها به کمک نرم افزار SPSS - سطح یک,علوم مهندسی,نیاوران,مشخص نشده,جمعه ۸ اسفند ۱۴۰۴,جمعه ۲۸ فروردین ۱۴۰۵,"۴۵,۰۰۰,۰۰۰","۴۵,۰۰۰,۰۰۰",جمعه ساعت ۱۴:۰۰ تا ۱۹:۰۰,https://mftplus.com/lesson/154212125/تحلیل-های-آماری-داده-ها-به-کمک-نرم-افزار-SPSS-سطح-یک
متره، برآورد و صورت وضعیت نویسی عمران,علوم مهندسی,سیدخندان,مشخص نشده,جمعه ۸ اسفند ۱۴۰۴,جمعه ۱ خرداد ۱۴۰۵,"۷۵,۰۰۰,۰۰۰","۷۵,۰۰۰,۰۰۰",جمعه ساعت ۱۳:۰۰ تا ۱۸:۰۰,https://mftplus.com/lesson/153813123/متره،-برآورد-و-صورت-وضعیت-نویسی-عمران
طراحی مکانیکی به کمک CATIA II,علوم مهندسی,اکباتان,مشخص نشده,جمعه ۸ اسفند ۱۴۰۴,جمعه ۱ خرداد ۱۴۰۵,"۸۵,۰۰۰,۰۰۰","۸۵,۰۰۰,۰۰۰",جمعه ساعت ۰۹:۰۰ تا ۱۴:۰۰,https://mftplus.com/lesson/153718125/طراحی-مکانیکی-به-کمک-CATIA-II
طراحی مخازن ذخیره مطابق استاندارد API 650 و آموزش نرم افزار TANK,علوم مهندسی,سعادت آباد (مرکزی),مشخص نشده,جمعه ۸ اسفند ۱۴۰۴,جمعه ۱۱ اردیبهشت ۱۴۰۵,"۸۵,۰۰۰,۰۰۰","۸۵,۰۰۰,۰۰۰",جمعه ساعت ۰۸:۰۰ تا ۱۴:۰۰,https://mftplus.com/lesson/6513/طراحی-مخازن-ذخیره-مطابق-استاندارد-API-650-و-آموزش-نرم-افزار-TANK
مدیریت کافی شاپ,تشریفات و گردشگری,تهرانپارس,مشخص نشده,جمعه ۸ اسفند ۱۴۰۴,جمعه ۱۴ فروردین ۱۴۰۵,"۱۳۰,۰۰۰,۰۰۰","۱۳۰,۰۰۰,۰۰۰",جمعه ساعت ۱۰:۳۰ تا ۱۸:۳۰,https://mftplus.com/lesson/3810/مدیریت-کافی-شاپ
فینگرفود,تشریفات و گردشگری,تهرانپارس,مشخص نشده,جمعه ۸ اسفند ۱۴۰۴,جمعه ۲۸ فروردین ۱۴۰۵,"۱۰۴,۰۰۰,۰۰۰","۱۰۴,۰۰۰,۰۰۰",جمعه ساعت ۱۰:۳۰ تا ۱۵:۰۰,https://mftplus.com/lesson/3822/فینگرفود
مدیریت کافی شاپ,تشریفات و گردشگری,بلوار کاوه(قیطریه),مشخص نشده,جمعه ۸ اسفند ۱۴۰۴,جمعه ۱۴ فروردین ۱۴۰۵,"۱۳۰,۰۰۰,۰۰۰","۱۳۰,۰۰۰,۰۰۰",جمعه ساعت ۱۰:۳۰ تا ۱۸:۳۰,https://mftplus.com/lesson/3810/مدیریت-کافی-شاپ
فینگرفود,تشریفات و گردشگری,بلوار کاوه(قیطریه),مشخص نشده,جمعه ۸ اسفند ۱۴۰۴,جمعه ۲۸ فروردین ۱۴۰۵,"۱۰۴,۰۰۰,۰۰۰","۱۰۴,۰۰۰,۰۰۰",جمعه ساعت ۱۰:۳۰ تا ۱۵:۰۰,https://mftplus.com/lesson/3822/فینگرفود
مدیریت کافی شاپ,تشریفات و گردشگری,میرداماد,مشخص نشده,جمعه ۸ اسفند ۱۴۰۴,جمعه ۲۱ فروردین ۱۴۰۵,"۱۳۰,۰۰۰,۰۰۰","۱۳۰,۰۰۰,۰۰۰",جمعه ساعت ۱۰:۳۰ تا ۱۸:۳۰,https://mftplus.com/lesson/3810/مدیریت-کافی-شاپ
مدیریت کافی شاپ,تشریفات و گردشگری,نارمک,مشخص نشده,جمعه ۸ اسفند ۱۴۰۴,جمعه ۱۴ فروردین ۱۴۰۵,"۱۳۰,۰۰۰,۰۰۰","۱۳۰,۰۰۰,۰۰۰",جمعه ساعت ۱۰:۳۰ تا ۱۸:۳۰,https://mftplus.com/lesson/3810/مدیریت-کافی-شاپ
مدیریت کافی شاپ,تشریفات و گردشگری,اکباتان,مشخص نشده,جمعه ۸ اسفند ۱۴۰۴,جمعه ۱۴ فروردین ۱۴۰۵,"۱۳۰,۰۰۰,۰۰۰","۱۳۰,۰۰۰,۰۰۰",جمعه ساعت ۱۰:۳۰ تا ۱۸:۳۰,https://mftplus.com/lesson/3810/مدیریت-کافی-شاپ
فینگرفود,تشریفات و گردشگری,نارمک,مشخص نشده,جمعه ۸ اسفند ۱۴۰۴,جمعه ۲۸ فروردین ۱۴۰۵,"۱۰۴,۰۰۰,۰۰۰","۱۰۴,۰۰۰,۰۰۰",جمعه ساعت ۱۰:۳۰ تا ۱۵:۰۰,https://mftplus.com/lesson/3822/فینگرفود
مدیریت کافی شاپ,تشریفات و گردشگری,زعفرانیه,مشخص نشده,جمعه ۸ اسفند ۱۴۰۴,جمعه ۱۴ فروردین ۱۴۰۵,"۱۳۰,۰۰۰,۰۰۰","۱۳۰,۰۰۰,۰۰۰",جمعه ساعت ۱۰:۳۰ تا ۱۸:۳۰,https://mftplus.com/lesson/3810/مدیریت-کافی-شاپ
فینگرفود,تشریفات و گردشگری,ونک,مشخص نشده,جمعه ۸ اسفند ۱۴۰۴,جمعه ۴ اردیبهشت ۱۴۰۵,"۱۰۴,۰۰۰,۰۰۰","۱۰۴,۰۰۰,۰۰۰",جمعه ساعت ۱۰:۳۰ تا ۱۵:۰۰,https://mftplus.com/lesson/3822/فینگرفود
Linux Essentials + LPIC1(101-102),فناوری اطلاعات و ارتباطات,سعادت آباد (مرکزی),محمدعلی فلاحی,جمعه ۸ اسفند ۱۴۰۴,جمعه ۲۲ خرداد ۱۴۰۵,"۷۲,۰۰۰,۰۰۰","۸۶,۰۰۰,۰۰۰",جمعه ساعت ۰۹:۰۰ تا ۱۴:۰۰,https://mftplus.com/lesson/4595/Linux-Essentials-+-LPIC1(101-102)
فینگرفود,تشریفات و گردشگری,نیاوران,مشخص نشده,جمعه ۸ اسفند ۱۴۰۴,جمعه ۲۸ فروردین ۱۴۰۵,"۱۰۴,۰۰۰,۰۰۰","۱۰۴,۰۰۰,۰۰۰",جمعه ساعت ۱۰:۳۰ تا ۱۵:۰۰,https://mftplus.com/lesson/3822/فینگرفود
Data Analysis with Python,فناوری اطلاعات و ارتباطات,سیدخندان,احمد توکلی,جمعه ۸ اسفند ۱۴۰۴,جمعه ۴ اردیبهشت ۱۴۰۵,"۴۰,۰۰۰,۰۰۰","۵۰,۰۰۰,۰۰۰",جمعه ساعت ۰۸:۰۰ تا ۱۳:۰۰,https://mftplus.com/lesson/5544/Data-Analysis-with-Python
مدیریت کافی شاپ,تشریفات و گردشگری,نیاوران,مشخص نشده,جمعه ۸ اسفند ۱۴۰۴,جمعه ۱۱ اردیبهشت ۱۴۰۵,"۱۳۰,۰۰۰,۰۰۰","۱۳۰,۰۰۰,۰۰۰",جمعه ساعت ۱۰:۳۰ تا ۱۴:۳۰,https://mftplus.com/lesson/3810/مدیریت-کافی-شاپ
نرم افزار Lumion,معماری,بلوار کاوه(قیطریه),مشخص نشده,جمعه ۸ اسفند ۱۴۰۴,جمعه ۴ اردیبهشت ۱۴۰۵,"۶۶,۰۰۰,۰۰۰","۶۶,۰۰۰,۰۰۰",جمعه ساعت ۱۴:۰۰ تا ۱۹:۰۰,https://mftplus.com/lesson/391412154/نرم-افزار-Lumion
FPGA,برق و الکترونیک,میرداماد,مشخص نشده,جمعه ۸ اسفند ۱۴۰۴,جمعه ۲۵ اردیبهشت ۱۴۰۵,"۹۱,۲۰۰,۰۰۰","۹۱,۲۰۰,۰۰۰",جمعه ساعت ۰۸:۳۰ تا ۱۴:۳۰,https://mftplus.com/lesson/4630/FPGA
طراحی تابلوهای MV و LV,برق و الکترونیک,میرداماد,مشخص نشده,جمعه ۸ اسفند ۱۴۰۴,جمعه ۴ اردیبهشت ۱۴۰۵,"۷۵,۰۰۰,۰۰۰","۷۵,۰۰۰,۰۰۰",جمعه ساعت ۱۴:۳۰ تا ۲۰:۳۰,https://mftplus.com/lesson/181215150/طراحی-تابلوهای-MV-و-LV
حسابداری ویژه بازار کار,علوم مالی و حسابداری,سیدخندان,مشخص نشده,جمعه ۸ اسفند ۱۴۰۴,جمعه ۲۰ آذر ۱۴۰۵,"۱۷۷,۶۰۰,۰۰۰","۱۷۷,۶۰۰,۰۰۰",جمعه ساعت ۰۸:۰۰ تا ۱۳:۰۰,https://mftplus.com/lesson/3869/حسابداری-ویژه-بازار-کار
حسابداری مالی خدماتی,علوم مالی و حسابداری,سیدخندان,مشخص نشده,جمعه ۸ اسفند ۱۴۰۴,جمعه ۱ خرداد ۱۴۰۵,"۵۳,۹۰۰,۰۰۰","۵۳,۹۰۰,۰۰۰",جمعه ساعت ۰۸:۰۰ تا ۱۳:۰۰,https://mftplus.com/lesson/3865/حسابداری-مالی-خدماتی
اتوکد الکتریکال,برق و الکترونیک,سعادت آباد (مرکزی),مشخص نشده,جمعه ۸ اسفند ۱۴۰۴,جمعه ۱۱ اردیبهشت ۱۴۰۵,"۹۵,۰۰۰,۰۰۰","۹۵,۰۰۰,۰۰۰",جمعه ساعت ۰۸:۰۰ تا ۱۴:۰۰,https://mftplus.com/lesson/181222132/اتوکد-الکتریکال
برنامه نویسی به زبان ++C,فناوری اطلاعات و ارتباطات,باملند(شمال غرب),مشخص نشده,جمعه ۸ اسفند ۱۴۰۴,جمعه ۲۵ اردیبهشت ۱۴۰۵,"۸۰,۰۰۰,۰۰۰","۸۰,۰۰۰,۰۰۰",جمعه ساعت ۰۸:۰۰ تا ۱۴:۰۰,https://mftplus.com/lesson/132017134/برنامه-نویسی-به-زبان-++C
طراحی معماری و دکوراسیون داخلی مقدماتی,معماری,سعادت آباد (مرکزی),مشخص نشده,جمعه ۸ اسفند ۱۴۰۴,جمعه ۲۰ شهریور ۱۴۰۵,"۱۷۱,۰۰۰,۰۰۰","۱۷۱,۰۰۰,۰۰۰",جمعه ساعت ۰۹:۰۰ تا ۱۴:۰۰,https://mftplus.com/lesson/391212125/طراحی-معماری-و-دکوراسیون-داخلی-مقدماتی
نرم افزار مالی سپیدار سیستم,علوم مالی و حسابداری,پارک ساعی,مشخص نشده,جمعه ۸ اسفند ۱۴۰۴,جمعه ۲۱ فروردین ۱۴۰۵,"۴۰,۰۰۰,۰۰۰","۴۰,۰۰۰,۰۰۰",جمعه ساعت ۰۸:۰۰ تا ۱۴:۰۰,https://mftplus.com/lesson/3999/نرم-افزار-مالی-سپیدار-سیستم
عکاسی دیجیتال,هنر و سینما,باملند(شمال غرب),مشخص نشده,جمعه ۸ اسفند ۱۴۰۴,جمعه ۱۵ خرداد ۱۴۰۵,"۸۵,۹۰۰,۰۰۰","۸۵,۹۰۰,۰۰۰",جمعه ساعت ۰۸:۰۰ تا ۱۴:۰۰,https://mftplus.com/lesson/4919/عکاسی-دیجیتال
فینگرفود,تشریفات و گردشگری,زعفرانیه,مشخص نشده,جمعه ۸ اسفند ۱۴۰۴,جمعه ۲۸ فروردین ۱۴۰۵,"۱۰۴,۰۰۰,۰۰۰","۱۰۴,۰۰۰,۰۰۰",جمعه ساعت ۱۰:۳۰ تا ۱۵:۰۰,https://mftplus.com/lesson/3822/فینگرفود
اصول تئوری و کارگاه عملی پرینترهای سه بعدی رزینی (SLA 3DPrinters),علوم مهندسی,سعادت آباد (مرکزی),مشخص نشده,جمعه ۸ اسفند ۱۴۰۴,جمعه ۱۵ اسفند ۱۴۰۴,"۶۵,۰۰۰,۰۰۰","۶۵,۰۰۰,۰۰۰",جمعه ساعت ۰۸:۰۰ تا ۱۴:۰۰,https://mftplus.com/lesson/6449/اصول-تئوری-و-کارگاه-عملی-پرینترهای-سه-بعدی-رزینی-(SLA-3DPrinters)
اصول تئوری و کارگاه عملی تکنولوژی تولید افزایشی (پرینت سه بعدی),علوم مهندسی,سعادت آباد (مرکزی),مشخص نشده,جمعه ۸ اسفند ۱۴۰۴,جمعه ۱۴ فروردین ۱۴۰۵,"۵۹,۰۰۰,۰۰۰","۵۹,۰۰۰,۰۰۰",جمعه ساعت ۰۸:۰۰ تا ۱۴:۰۰,https://mftplus.com/lesson/3968/اصول-تئوری-و-کارگاه-عملی-تکنولوژی-تولید-افزایشی-(پرینت-سه-بعدی)
طراحی مکانیکی به کمک CATIA I  به همراه کار عملی با دستگاه پرینتر سه بعدی,علوم مهندسی,سعادت آباد (مرکزی),مشخص نشده,جمعه ۸ اسفند ۱۴۰۴,جمعه ۲۵ اردیبهشت ۱۴۰۵,"۷۹,۰۰۰,۰۰۰","۷۹,۰۰۰,۰۰۰",جمعه ساعت ۱۴:۳۰ تا ۲۰:۳۰,https://mftplus.com/lesson/153718142/طراحی-مکانیکی-به-کمک-CATIA-I-به-همراه-کار-عملی-با-دستگاه-پرینتر-سه-بعدی
بازرسی جوش (CWI) مطابق با AWS QC-1,علوم مهندسی,سعادت آباد (مرکزی),مشخص نشده,جمعه ۸ اسفند ۱۴۰۴,جمعه ۱۱ اردیبهشت ۱۴۰۵,"۷۵,۰۰۰,۰۰۰","۷۵,۰۰۰,۰۰۰",جمعه ساعت ۱۴:۳۰ تا ۲۰:۳۰,https://mftplus.com/lesson/153612123/بازرسی-جوش-(CWI)-مطابق-با-AWS-QC-1
نرم افزار Revit معماری,معماری,سعادت آباد (مرکزی),مشخص نشده,جمعه ۸ اسفند ۱۴۰۴,جمعه ۸ خرداد ۱۴۰۵,"۸۹,۰۰۰,۰۰۰","۸۹,۰۰۰,۰۰۰",جمعه ساعت ۰۹:۰۰ تا ۱۴:۰۰,https://mftplus.com/lesson/391412129/نرم-افزار-Revit-معماری
مدیریت کافی شاپ,تشریفات و گردشگری,ونک,مشخص نشده,جمعه ۸ اسفند ۱۴۰۴,جمعه ۱۴ فروردین ۱۴۰۵,"۱۳۰,۰۰۰,۰۰۰","۱۳۰,۰۰۰,۰۰۰",جمعه ساعت ۱۰:۳۰ تا ۱۸:۳۰,https://mftplus.com/lesson/3810/مدیریت-کافی-شاپ
فینگرفود,تشریفات و گردشگری,اکباتان,مشخص نشده,جمعه ۸ اسفند ۱۴۰۴,جمعه ۲۸ فروردین ۱۴۰۵,"۱۰۴,۰۰۰,۰۰۰","۱۰۴,۰۰۰,۰۰۰",جمعه ساعت ۱۰:۳۰ تا ۱۵:۰۰,https://mftplus.com/lesson/3822/فینگرفود
طراحی وب سایت (Web Design Pack),فناوری اطلاعات و ارتباطات,شهرقدس,علی بخشی ایلانی,جمعه ۸ اسفند ۱۴۰۴,جمعه ۲۷ آذر ۱۴۰۵,"۱۴۹,۶۰۰,۰۰۰","۱۴۹,۶۰۰,۰۰۰",جمعه ساعت ۰۹:۰۰ تا ۱۳:۰۰,https://mftplus.com/lesson/6459/طراحی-وب-سایت-(Web-Design-Pack)
فتوشاپ نسخه مقدماتی تا پیشرفته,هنر و سینما,سیدخندان,مشخص نشده,جمعه ۸ اسفند ۱۴۰۴,جمعه ۲۵ اردیبهشت ۱۴۰۵,"۵۱,۰۰۰,۰۰۰","۵۶,۰۰۰,۰۰۰",جمعه ساعت ۰۸:۰۰ تا ۱۳:۰۰,https://mftplus.com/lesson/431314130/فتوشاپ-نسخه-مقدماتی-تا-پیشرفته
(HTML & CSS (Web Design I,فناوری اطلاعات و ارتباطات,اسلامشهر,مشخص نشده,جمعه ۸ اسفند ۱۴۰۴,جمعه ۱۶ مرداد ۱۴۰۵,"۴۵,۰۰۰,۰۰۰","۵۶,۰۰۰,۰۰۰",جمعه ساعت ۱۲:۰۰ تا ۱۵:۰۰,https://mftplus.com/lesson/6456/(HTML-&-CSS-(Web-Design-I
طراحی وب سایت (Web Design Pack),فناوری اطلاعات و ارتباطات,اسلامشهر,مشخص نشده,جمعه ۸ اسفند ۱۴۰۴,جمعه ۱۷ اردیبهشت ۱۴۰۶,"۱۵۰,۰۰۰,۰۰۰","۱۸۷,۰۰۰,۰۰۰",جمعه ساعت ۱۲:۰۰ تا ۱۵:۰۰,https://mftplus.com/lesson/6459/طراحی-وب-سایت-(Web-Design-Pack)
برنامه نویسی پایتون پیشرفته,کودک و نوجوان,سعادت آباد (مرکزی),کیانا ساسان نیا,جمعه ۸ اسفند ۱۴۰۴,جمعه ۱۲ تیر ۱۴۰۵,"۱۰۴,۵۰۰,۰۰۰","۱۰۴,۵۰۰,۰۰۰",جمعه ساعت ۱۴:۳۰ تا ۱۷:۳۰,https://mftplus.com/lesson/191415143/برنامه-نویسی-پایتون-پیشرفته
فینگرفود,تشریفات و گردشگری,میرداماد,مشخص نشده,جمعه ۸ اسفند ۱۴۰۴,جمعه ۴ اردیبهشت ۱۴۰۵,"۱۰۴,۰۰۰,۰۰۰","۱۰۴,۰۰۰,۰۰۰",جمعه ساعت ۱۰:۳۰ تا ۱۵:۰۰,https://mftplus.com/lesson/3822/فینگرفود
Sketchup & Vray,معماری,نیاوران,مشخص نشده,جمعه ۸ اسفند ۱۴۰۴,جمعه ۸ خرداد ۱۴۰۵,"۶۹,۰۰۰,۰۰۰","۶۹,۰۰۰,۰۰۰",جمعه ساعت ۰۹:۰۰ تا ۱۳:۰۰,https://mftplus.com/lesson/391412133/Sketchup-&-Vray
تکنیکهای ساخت و تولید طلا و جواهر,علوم مهندسی,نیاوران,مشخص نشده,جمعه ۸ اسفند ۱۴۰۴,جمعه ۲۷ شهریور ۱۴۰۵,"۱۹۹,۰۰۰,۰۰۰","۱۹۹,۰۰۰,۰۰۰",جمعه ساعت ۱۰:۰۰ تا ۱۴:۰۰,https://mftplus.com/lesson/154413123/تکنیکهای-ساخت-و-تولید-طلا-و-جواهر
3Ds Max Beginners to Advanced & V-Ray,معماری,نیاوران,مشخص نشده,جمعه ۸ اسفند ۱۴۰۴,جمعه ۲۶ تیر ۱۴۰۵,"۱۴۴,۰۰۰,۰۰۰","۱۴۴,۰۰۰,۰۰۰",جمعه ساعت ۰۹:۰۰ تا ۱۴:۰۰,https://mftplus.com/lesson/4542/3Ds-Max-Beginners-to-Advanced-&-V-Ray
کارگاه عکاسی پرتره,هنر و سینما,اسلامشهر,مشخص نشده,جمعه ۸ اسفند ۱۴۰۴,جمعه ۱۱ اردیبهشت ۱۴۰۵,"۸۷,۸۰۰,۰۰۰","۸۷,۸۰۰,۰۰۰",جمعه ساعت ۱۷:۰۰ تا ۲۰:۰۰ | پنجشنبه ساعت ۱۷:۰۰ تا ۲۰:۰۰,https://mftplus.com/lesson/431213158/کارگاه-عکاسی-پرتره
مقدمه ای بر الگوریتم و برنامه نویسی,فناوری اطلاعات و ارتباطات,اکباتان,مشخص نشده,جمعه ۸ اسفند ۱۴۰۴,جمعه ۱۸ اردیبهشت ۱۴۰۵,"۲۸,۰۰۰,۰۰۰","۳۳,۰۰۰,۰۰۰",جمعه ساعت ۰۹:۰۰ تا ۱۴:۰۰,https://mftplus.com/lesson/132017130/مقدمه-ای-بر-الگوریتم-و-برنامه-نویسی
Wordpress & SEO PACK,فناوری اطلاعات و ارتباطات,انقلاب,مشخص نشده,جمعه ۸ اسفند ۱۴۰۴,جمعه ۱۲ تیر ۱۴۰۵,"۱۰۰,۰۰۰,۰۰۰","۱۲۴,۰۰۰,۰۰۰",جمعه ساعت ۰۹:۰۰ تا ۱۴:۰۰,https://mftplus.com/lesson/4669/Wordpress-&-SEO-PACK
Wordpress & WooCommerce Essential Training,فناوری اطلاعات و ارتباطات,انقلاب,مشخص نشده,جمعه ۸ اسفند ۱۴۰۴,جمعه ۱۱ اردیبهشت ۱۴۰۵,"۴۱,۰۰۰,۰۰۰","۵۳,۰۰۰,۰۰۰",جمعه ساعت ۰۹:۰۰ تا ۱۴:۰۰,https://mftplus.com/lesson/5202/Wordpress-&-WooCommerce-Essential-Training
برنامه ریزی و کنترل پروژه با نرم افزار Oracle Primavera P6,علوم مهندسی,سعادت آباد (مرکزی),مشخص نشده,جمعه ۸ اسفند ۱۴۰۴,جمعه ۱۸ اردیبهشت ۱۴۰۵,"۷۵,۰۰۰,۰۰۰","۷۵,۰۰۰,۰۰۰",جمعه ساعت ۰۸:۰۰ تا ۱۴:۰۰,https://mftplus.com/lesson/154012133/برنامه-ریزی-و-کنترل-پروژه-با-نرم-افزار-Oracle-Primavera-P6
دوره جامع محاسبات ساختمان : ETABS/SAFE سطح یک,علوم مهندسی,نیاوران,مشخص نشده,جمعه ۸ اسفند ۱۴۰۴,جمعه ۲۰ شهریور ۱۴۰۵,"۱۶۹,۰۰۰,۰۰۰","۱۶۹,۰۰۰,۰۰۰",جمعه ساعت ۰۹:۰۰ تا ۱۴:۰۰,https://mftplus.com/lesson/153812123/دوره-جامع-محاسبات-ساختمان-:-ETABS/SAFE-سطح-یک
نقشه کشی معماری,معماری,نیاوران,مشخص نشده,جمعه ۸ اسفند ۱۴۰۴,جمعه ۲۵ اردیبهشت ۱۴۰۵,"۶۲,۰۰۰,۰۰۰","۶۲,۰۰۰,۰۰۰",جمعه ساعت ۰۹:۰۰ تا ۱۳:۰۰,https://mftplus.com/lesson/391212129/نقشه-کشی-معماری
طراحی مکانیکی به کمک SOLIDWORKS I,علوم مهندسی,سیدخندان,مشخص نشده,جمعه ۸ اسفند ۱۴۰۴,جمعه ۱۱ اردیبهشت ۱۴۰۵,"۷۹,۰۰۰,۰۰۰","۷۹,۰۰۰,۰۰۰",جمعه ساعت ۱۳:۰۰ تا ۱۸:۰۰,https://mftplus.com/lesson/153718144/طراحی-مکانیکی-به-کمک-SOLIDWORKS-I
MATLAB سطح یک,علوم مهندسی,سیدخندان,مشخص نشده,جمعه ۸ اسفند ۱۴۰۴,جمعه ۲۱ فروردین ۱۴۰۵,"۵۹,۰۰۰,۰۰۰","۵۹,۰۰۰,۰۰۰",جمعه ساعت ۱۳:۰۰ تا ۱۸:۰۰,https://mftplus.com/lesson/154212123/MATLAB-سطح-یک
طراحی مکانیکی به کمک SOLIDWORKS II,علوم مهندسی,شهریار,مشخص نشده,جمعه ۸ اسفند ۱۴۰۴,جمعه ۲۶ تیر ۱۴۰۵,"۶۸,۰۰۰,۰۰۰","۶۸,۰۰۰,۰۰۰",جمعه ساعت ۱۷:۰۰ تا ۲۰:۰۰,https://mftplus.com/lesson/153718136/طراحی-مکانیکی-به-کمک-SOLIDWORKS-II
دوره جامع طراحی لباس,فناوری مد و پوشاک,پارک ساعی,مشخص نشده,جمعه ۸ اسفند ۱۴۰۴,جمعه ۶ فروردین ۱۴۰۶,"۲۶۱,۰۰۰,۰۰۰","۲۶۱,۰۰۰,۰۰۰",جمعه ساعت ۱۴:۰۰ تا ۱۷:۰۰ | پنجشنبه ساعت ۱۴:۰۰ تا ۱۷:۰۰,https://mftplus.com/lesson/6321/دوره-جامع-طراحی-لباس
طراحی مکانیکی به کمک SOLIDWORKS II,علوم مهندسی,میرداماد,مشخص نشده,جمعه ۸ اسفند ۱۴۰۴,جمعه ۲۹ خرداد ۱۴۰۵,"۸۵,۰۰۰,۰۰۰","۸۵,۰۰۰,۰۰۰",جمعه ساعت ۰۹:۰۰ تا ۱۳:۰۰,https://mftplus.com/lesson/153718136/طراحی-مکانیکی-به-کمک-SOLIDWORKS-II
نظام آراستگی محیط کار 5S,علوم مهندسی,اسلامشهر,مشخص نشده,جمعه ۸ اسفند ۱۴۰۴,جمعه ۱۵ اسفند ۱۴۰۴,"۴۲,۵۰۰,۰۰۰","۴۲,۵۰۰,۰۰۰",جمعه ساعت ۱۵:۰۰ تا ۱۹:۰۰,https://mftplus.com/lesson/154112125/نظام-آراستگی-محیط-کار-5S
Wordpress & SEO PACK,فناوری اطلاعات و ارتباطات,پارک ساعی,مشخص نشده,جمعه ۸ اسفند ۱۴۰۴,جمعه ۶ شهریور ۱۴۰۵,"۱۰۰,۰۰۰,۰۰۰","۱۲۴,۰۰۰,۰۰۰",جمعه ساعت ۱۴:۳۰ تا ۱۸:۰۰,https://mftplus.com/lesson/4669/Wordpress-&-SEO-PACK
مدیریت جامع فروش,مدیریت و کسب و کار,میرداماد,مشخص نشده,جمعه ۸ اسفند ۱۴۰۴,جمعه ۱۶ مرداد ۱۴۰۵,"۱۴۷,۰۰۰,۰۰۰","۱۶۷,۰۰۰,۰۰۰",جمعه ساعت ۰۹:۰۰ تا ۱۴:۰۰,https://mftplus.com/lesson/4916/مدیریت-جامع-فروش
نحوه تهیه اظهارنامه مالیاتی,علوم مالی و حسابداری,بلوار کاوه(قیطریه),مشخص نشده,جمعه ۸ اسفند ۱۴۰۴,جمعه ۱۵ اسفند ۱۴۰۴,"۱۷,۵۰۰,۰۰۰","۱۷,۵۰۰,۰۰۰",جمعه ساعت ۰۹:۰۰ تا ۱۴:۰۰,https://mftplus.com/lesson/3862/نحوه-تهیه-اظهارنامه-مالیاتی
مهارتهای مذاکره,مدیریت و کسب و کار,نیاوران,زهرا طهماسب پور,جمعه ۸ اسفند ۱۴۰۴,جمعه ۸ اسفند ۱۴۰۴,"۲۳,۵۰۰,۰۰۰","۲۳,۵۰۰,۰۰۰",جمعه ساعت ۰۹:۰۰ تا ۱۷:۰۰,https://mftplus.com/lesson/4936/مهارتهای-مذاکره
تخصصی پخت نان,تشریفات و گردشگری,پارک ساعی,مشخص نشده,جمعه ۸ اسفند ۱۴۰۴,جمعه ۷ فروردین ۱۴۰۵,"۱۰۰,۰۰۰,۰۰۰","۱۰۰,۰۰۰,۰۰۰",جمعه ساعت ۱۰:۰۰ تا ۱۴:۰۰,https://mftplus.com/lesson/4434/تخصصی-پخت-نان
Zbrush,هنر و سینما,میرداماد,مشخص نشده,جمعه ۸ اسفند ۱۴۰۴,جمعه ۵ تیر ۱۴۰۵,"۶۲,۴۰۰,۰۰۰","۶۲,۴۰۰,۰۰۰",جمعه ساعت ۱۱:۳۰ تا ۱۴:۳۰,https://mftplus.com/lesson/431214134/Zbrush
حسابداری مالی بازرگانی,علوم مالی و حسابداری,سیدخندان,مشخص نشده,جمعه ۸ اسفند ۱۴۰۴,جمعه ۱۸ اردیبهشت ۱۴۰۵,"۴۳,۸۰۰,۰۰۰","۴۳,۸۰۰,۰۰۰",جمعه ساعت ۱۳:۰۰ تا ۱۸:۰۰,https://mftplus.com/lesson/3866/حسابداری-مالی-بازرگانی
حسابداری مالی بازرگانی,علوم مالی و حسابداری,میرداماد,مشخص نشده,جمعه ۸ اسفند ۱۴۰۴,جمعه ۱۸ اردیبهشت ۱۴۰۵,"۴۳,۸۰۰,۰۰۰","۴۳,۸۰۰,۰۰۰",جمعه ساعت ۱۴:۳۰ تا ۱۹:۳۰,https://mftplus.com/lesson/3866/حسابداری-مالی-بازرگانی
نرم افزار جمینی,فناوری مد و پوشاک,میرداماد,مشخص نشده,جمعه ۸ اسفند ۱۴۰۴,جمعه ۴ اردیبهشت ۱۴۰۵,"۶۱,۰۰۰,۰۰۰","۶۱,۰۰۰,۰۰۰",جمعه ساعت ۰۹:۰۰ تا ۱۴:۰۰,https://mftplus.com/lesson/411412171/نرم-افزار-جمینی
اتوکد دوبعدی معماری,معماری,میرداماد,مشخص نشده,جمعه ۸ اسفند ۱۴۰۴,جمعه ۲۵ اردیبهشت ۱۴۰۵,"۷۵,۰۰۰,۰۰۰","۷۵,۰۰۰,۰۰۰",جمعه ساعت ۰۹:۰۰ تا ۱۴:۰۰,https://mftplus.com/lesson/391412131/اتوکد-دوبعدی-معماری
مدیریت کافی شاپ,تشریفات و گردشگری,باملند(شمال غرب),مشخص نشده,جمعه ۸ اسفند ۱۴۰۴,جمعه ۲۱ فروردین ۱۴۰۵,"۱۳۰,۰۰۰,۰۰۰","۱۳۰,۰۰۰,۰۰۰",جمعه ساعت ۱۰:۳۰ تا ۱۸:۳۰,https://mftplus.com/lesson/3810/مدیریت-کافی-شاپ
کمک های اولیه و فوریت های پزشکی,دانش سلامت,سعادت آباد (مرکزی),مشخص نشده,جمعه ۸ اسفند ۱۴۰۴,جمعه ۱۸ اردیبهشت ۱۴۰۵,"۴۵,۵۰۰,۰۰۰","۴۵,۵۰۰,۰۰۰",جمعه ساعت ۱۴:۰۰ تا ۲۰:۰۰,https://mftplus.com/lesson/341612128/کمک-های-اولیه-و-فوریت-های-پزشکی
مکالمه آزاد انگلیسی سطح متوسط 1,زبانهای خارجی,اکباتان,مشخص نشده,جمعه ۸ اسفند ۱۴۰۴,جمعه ۱۸ اردیبهشت ۱۴۰۵,"۲۷,۸۰۰,۰۰۰","۲۷,۸۰۰,۰۰۰",جمعه ساعت ۱۰:۰۰ تا ۱۴:۰۰,https://mftplus.com/lesson/5427/مکالمه-آزاد-انگلیسی-سطح-متوسط-1
دوره جامع مدیریت سرمایه گذاری در بازارهای پولی و مالی بین الملل (FX & CFD),علوم مالی و حسابداری,نیاوران,مشخص نشده,جمعه ۸ اسفند ۱۴۰۴,جمعه ۱۲ تیر ۱۴۰۵,"۱۸۲,۴۰۰,۰۰۰","۱۸۲,۴۰۰,۰۰۰",جمعه ساعت ۱۴:۰۰ تا ۱۹:۰۰,https://mftplus.com/lesson/4254/دوره-جامع-مدیریت-سرمایه-گذاری-در-بازارهای-پولی-و-مالی-بین-الملل-(FX-&-CFD)
دوره جامع محاسبات ساختمان : ETABS/SAFE سطح یک,علوم مهندسی,سیدخندان,مشخص نشده,جمعه ۸ اسفند ۱۴۰۴,جمعه ۲۲ خرداد ۱۴۰۵,"۱۶۹,۰۰۰,۰۰۰","۱۶۹,۰۰۰,۰۰۰",جمعه ساعت ۱۳:۰۰ تا ۱۸:۰۰ | پنجشنبه ساعت ۱۳:۰۰ تا ۱۸:۰۰,https://mftplus.com/lesson/153812123/دوره-جامع-محاسبات-ساختمان-:-ETABS/SAFE-سطح-یک
طراحی معماری و دکوراسیون داخلی پیشرفته,معماری,اکباتان,مشخص نشده,جمعه ۸ اسفند ۱۴۰۴,جمعه ۱۲ تیر ۱۴۰۵,"۲۱۹,۰۰۰,۰۰۰","۲۱۹,۰۰۰,۰۰۰",جمعه ساعت ۰۹:۰۰ تا ۱۴:۰۰ | پنجشنبه ساعت ۱۴:۰۰ تا ۱۹:۰۰,https://mftplus.com/lesson/5998/طراحی-معماری-و-دکوراسیون-داخلی-پیشرفته
ICDL 2021 Level 1,فناوری اطلاعات و ارتباطات,آیت الله کاشانی (غرب),مشخص نشده,جمعه ۸ اسفند ۱۴۰۴,جمعه ۵ تیر ۱۴۰۵,"۴۹,۰۰۰,۰۰۰","۴۹,۰۰۰,۰۰۰",جمعه ساعت ۱۴:۳۰ تا ۱۹:۳۰,https://mftplus.com/lesson/5571/ICDL-2021-Level-1
MCSA PACK 2025,فناوری اطلاعات و ارتباطات,بلوار کاوه(قیطریه),مشخص نشده,شنبه ۹ اسفند ۱۴۰۴,چهارشنبه ۲۲ مهر ۱۴۰۵,"۱۷۳,۰۰۰,۰۰۰","۲۱۸,۰۰۰,۰۰۰",شنبه ساعت ۱۶:۰۰ تا ۲۰:۰۰ | چهارشنبه ساعت ۱۶:۰۰ تا ۲۰:۰۰,https://mftplus.com/lesson/6364/MCSA-PACK-2025
پریمیر,هنر و سینما,بلوار کاوه(قیطریه),مشخص نشده,شنبه ۹ اسفند ۱۴۰۴,دوشنبه ۱۱ خرداد ۱۴۰۵,"۵۷,۰۰۰,۰۰۰","۶۶,۰۰۰,۰۰۰",شنبه ساعت ۱۴:۰۰ تا ۱۶:۰۰ | دوشنبه ساعت ۱۴:۰۰ تا ۱۶:۰۰,https://mftplus.com/lesson/431213156/پریمیر
دوره تخصصی تعویض فلت ال سی دی گوشی‌های هوشمند,برق و الکترونیک,سعادت آباد (مرکزی),مشخص نشده,شنبه ۹ اسفند ۱۴۰۴,دوشنبه ۱۱ اسفند ۱۴۰۴,"۱۰۰,۰۰۰,۰۰۰","۱۰۰,۰۰۰,۰۰۰",شنبه ساعت ۱۱:۰۰ تا ۱۷:۰۰ | یکشنبه ساعت ۱۱:۰۰ تا ۱۷:۰۰ | دوشنبه ساعت ۱۱:۰۰ تا ۱۷:۰۰,https://mftplus.com/lesson/6542/دوره-تخصصی-تعویض-فلت-ال-سی-دی-گوشی‌های-هوشمند
 دوره کارآموزی معماری,معماری,سعادت آباد (مرکزی),مشخص نشده,شنبه ۹ اسفند ۱۴۰۴,چهارشنبه ۲ اردیبهشت ۱۴۰۵,"۱۸۰,۰۰۰,۰۰۰","۱۸۰,۰۰۰,۰۰۰",شنبه ساعت ۰۸:۰۰ تا ۱۷:۰۰ | دوشنبه ساعت ۰۸:۰۰ تا ۱۷:۰۰ | چهارشنبه ساعت ۰۸:۰۰ تا ۱۷:۰۰,https://mftplus.com/lesson/4835/دوره-کارآموزی-معماری
ReactJS,فناوری اطلاعات و ارتباطات,نیاوران,مشخص نشده,شنبه ۹ اسفند ۱۴۰۴,شنبه ۱۲ اردیبهشت ۱۴۰۵,"۷۷,۰۰۰,۰۰۰","۷۷,۰۰۰,۰۰۰",شنبه ساعت ۰۹:۰۰ تا ۱۴:۰۰,https://mftplus.com/lesson/4040/ReactJS
نقاشی خط 1 (کالیگرافی مدرن),هنر و سینما,بلوار کاوه(قیطریه),مشخص نشده,شنبه ۹ اسفند ۱۴۰۴,شنبه ۲۹ فروردین ۱۴۰۵,"۴۶,۸۰۰,۰۰۰","۴۶,۸۰۰,۰۰۰",شنبه ساعت ۱۶:۰۰ تا ۱۹:۰۰,https://mftplus.com/lesson/4456/نقاشی-خط-1-(کالیگرافی-مدرن)
ICDL Pack 2021,فناوری اطلاعات و ارتباطات,سعادت آباد (مرکزی),وحیدرضا مدقق,شنبه ۹ اسفند ۱۴۰۴,شنبه ۲۶ اردیبهشت ۱۴۰۵,"۸۱,۰۰۰,۰۰۰","۸۱,۰۰۰,۰۰۰",شنبه ساعت ۰۹:۰۰ تا ۱۴:۰۰ | دوشنبه ساعت ۰۹:۰۰ تا ۱۴:۰۰ | چهارشنبه ساعت ۰۹:۰۰ تا ۱۴:۰۰,https://mftplus.com/lesson/5575/ICDL-Pack-2021
ICDL 2021 Level 1,فناوری اطلاعات و ارتباطات,سعادت آباد (مرکزی),وحیدرضا مدقق,شنبه ۹ اسفند ۱۴۰۴,چهارشنبه ۲۶ فروردین ۱۴۰۵,"۴۹,۰۰۰,۰۰۰","۴۹,۰۰۰,۰۰۰",شنبه ساعت ۰۹:۰۰ تا ۱۴:۰۰ | دوشنبه ساعت ۰۹:۰۰ تا ۱۴:۰۰ | چهارشنبه ساعت ۰۹:۰۰ تا ۱۴:۰۰,https://mftplus.com/lesson/5571/ICDL-2021-Level-1
نظام آراستگی محیط کار 5S,علوم مهندسی,سعادت آباد (مرکزی),مشخص نشده,شنبه ۹ اسفند ۱۴۰۴,شنبه ۹ اسفند ۱۴۰۴,"۴۲,۵۰۰,۰۰۰","۴۲,۵۰۰,۰۰۰",شنبه ساعت ۰۸:۰۰ تا ۱۶:۰۰,https://mftplus.com/lesson/154112125/نظام-آراستگی-محیط-کار-5S
برق صنعتی : تئوری و آزمایشگاه,برق و الکترونیک,سعادت آباد (مرکزی),مشخص نشده,شنبه ۹ اسفند ۱۴۰۴,شنبه ۲۹ فروردین ۱۴۰۵,"۱۲۴,۰۰۰,۰۰۰","۱۲۴,۰۰۰,۰۰۰",شنبه ساعت ۱۶:۳۰ تا ۲۰:۳۰ | دوشنبه ساعت ۱۶:۳۰ تا ۲۰:۳۰ | چهارشنبه ساعت ۱۶:۳۰ تا ۲۰:۳۰,https://mftplus.com/lesson/4552/برق-صنعتی-:-تئوری-و-آزمایشگاه
بازاریابی معماری و طراحی داخلی در شبکه های اجتماعی,معماری,سعادت آباد (مرکزی),مشخص نشده,شنبه ۹ اسفند ۱۴۰۴,دوشنبه ۲۵ اسفند ۱۴۰۴,"۵۹,۰۰۰,۰۰۰","۵۹,۰۰۰,۰۰۰",شنبه ساعت ۱۷:۳۰ تا ۲۰:۳۰ | دوشنبه ساعت ۱۷:۳۰ تا ۲۰:۳۰ | چهارشنبه ساعت ۱۷:۳۰ تا ۲۰:۳۰,https://mftplus.com/lesson/3954/بازاریابی-معماری-و-طراحی-داخلی-در-شبکه-های-اجتماعی
Machine Learning with Python,فناوری اطلاعات و ارتباطات,سعادت آباد (مرکزی),فاطمه رفیع پور,شنبه ۹ اسفند ۱۴۰۴,شنبه ۱۹ اردیبهشت ۱۴۰۵,"۶۷,۰۰۰,۰۰۰","۸۴,۰۰۰,۰۰۰",شنبه ساعت ۱۷:۳۰ تا ۲۰:۳۰ | دوشنبه ساعت ۱۷:۳۰ تا ۲۰:۳۰,https://mftplus.com/lesson/5546/Machine-Learning-with-Python
(HTML & CSS (Web Design I,فناوری اطلاعات و ارتباطات,سعادت آباد (مرکزی),صدیقه اخلاقی,شنبه ۹ اسفند ۱۴۰۴,شنبه ۲ خرداد ۱۴۰۵,"۴۵,۰۰۰,۰۰۰","۵۶,۰۰۰,۰۰۰",شنبه ساعت ۱۷:۳۰ تا ۲۰:۳۰ | چهارشنبه ساعت ۱۷:۳۰ تا ۲۰:۳۰,https://mftplus.com/lesson/6456/(HTML-&-CSS-(Web-Design-I
طراحی وب سایت (Web Design Pack),فناوری اطلاعات و ارتباطات,سعادت آباد (مرکزی),صدیقه اخلاقی,شنبه ۹ اسفند ۱۴۰۴,شنبه ۱۸ مهر ۱۴۰۵,"۱۵۰,۰۰۰,۰۰۰","۱۸۷,۰۰۰,۰۰۰",شنبه ساعت ۱۷:۳۰ تا ۲۰:۳۰ | چهارشنبه ساعت ۱۷:۳۰ تا ۲۰:۳۰,https://mftplus.com/lesson/6459/طراحی-وب-سایت-(Web-Design-Pack)
مقدمه ای بر الگوریتم و برنامه نویسی,فناوری اطلاعات و ارتباطات,نیاوران,مشخص نشده,شنبه ۹ اسفند ۱۴۰۴,چهارشنبه ۲۶ فروردین ۱۴۰۵,"۲۸,۰۰۰,۰۰۰","۳۳,۰۰۰,۰۰۰",شنبه ساعت ۱۴:۰۰ تا ۱۷:۰۰ | دوشنبه ساعت ۱۴:۰۰ تا ۱۷:۰۰ | چهارشنبه ساعت ۱۴:۰۰ تا ۱۷:۰۰,https://mftplus.com/lesson/132017130/مقدمه-ای-بر-الگوریتم-و-برنامه-نویسی
دوره جامع طراحی لباس,فناوری مد و پوشاک,زعفرانیه,مشخص نشده,شنبه ۹ اسفند ۱۴۰۴,شنبه ۲۱ آذر ۱۴۰۵,"۲۶۱,۰۰۰,۰۰۰","۲۶۱,۰۰۰,۰۰۰",شنبه ساعت ۱۰:۰۰ تا ۱۴:۰۰ | چهارشنبه ساعت ۱۰:۰۰ تا ۱۴:۰۰,https://mftplus.com/lesson/6321/دوره-جامع-طراحی-لباس
طراحی لباس مقدماتی,فناوری مد و پوشاک,زعفرانیه,مشخص نشده,شنبه ۹ اسفند ۱۴۰۴,دوشنبه ۲۹ تیر ۱۴۰۵,"۱۳۵,۰۰۰,۰۰۰","۱۳۵,۰۰۰,۰۰۰",شنبه ساعت ۱۰:۰۰ تا ۱۴:۰۰ | دوشنبه ساعت ۱۰:۰۰ تا ۱۴:۰۰,https://mftplus.com/lesson/6311/طراحی-لباس-مقدماتی
SQL Server 2022 Database Development,فناوری اطلاعات و ارتباطات,نیاوران,مشخص نشده,شنبه ۹ اسفند ۱۴۰۴,دوشنبه ۲۸ اردیبهشت ۱۴۰۵,"۷۷,۰۰۰,۰۰۰","۹۰,۰۰۰,۰۰۰",شنبه ساعت ۱۷:۳۰ تا ۲۰:۳۰ | دوشنبه ساعت ۱۷:۳۰ تا ۲۰:۳۰,https://mftplus.com/lesson/5316/SQL-Server-2022-Database-Development
HCIA ACCESS,فناوری اطلاعات و ارتباطات,زعفرانیه,مشخص نشده,شنبه ۹ اسفند ۱۴۰۴,سه شنبه ۱۲ اسفند ۱۴۰۴,"۹۶,۰۰۰,۰۰۰","۹۶,۰۰۰,۰۰۰",شنبه ساعت ۰۹:۰۰ تا ۱۸:۰۰ | یکشنبه ساعت ۰۹:۰۰ تا ۱۸:۰۰ | دوشنبه ساعت ۰۹:۰۰ تا ۱۸:۰۰ | سه شنبه ساعت ۰۹:۰۰ تا ۱۸:۰۰,https://mftplus.com/lesson/6078/HCIA-ACCESS
سئو و بهینه سازی موتورهای جست و جو (SEO),فناوری اطلاعات و ارتباطات,سعادت آباد (مرکزی),دانیال بختیاری نژاد,شنبه ۹ اسفند ۱۴۰۴,شنبه ۱۲ اردیبهشت ۱۴۰۵,"۶۵,۰۰۰,۰۰۰","۸۳,۰۰۰,۰۰۰",شنبه ساعت ۱۷:۳۰ تا ۲۰:۳۰ | چهارشنبه ساعت ۱۷:۳۰ تا ۲۰:۳۰,https://mftplus.com/lesson/5303/سئو-و-بهینه-سازی-موتورهای-جست-و-جو-(SEO)
نازکدوزی زنانه,فناوری مد و پوشاک,بلوار کاوه(قیطریه),مشخص نشده,شنبه ۹ اسفند ۱۴۰۴,شنبه ۲۰ تیر ۱۴۰۵,"۱۳۱,۰۰۰,۰۰۰","۱۳۱,۰۰۰,۰۰۰",شنبه ساعت ۰۸:۰۰ تا ۱۴:۰۰,https://mftplus.com/lesson/411414164/نازکدوزی-زنانه
پکیج طراحی دکوراسیون داخلی از مقدماتی تا پیشرفته,معماری,سعادت آباد (مرکزی),مشخص نشده,شنبه ۹ اسفند ۱۴۰۴,چهارشنبه ۹ تیر ۱۴۰۶,"۵۲۹,۰۰۰,۰۰۰","۵۲۹,۰۰۰,۰۰۰",شنبه ساعت ۱۷:۳۰ تا ۲۰:۳۰ | چهارشنبه ساعت ۱۷:۳۰ تا ۲۰:۳۰,https://mftplus.com/lesson/5999/پکیج-طراحی-دکوراسیون-داخلی-از-مقدماتی-تا-پیشرفته
فتوشاپ برای معماری,معماری,سعادت آباد (مرکزی),مشخص نشده,شنبه ۹ اسفند ۱۴۰۴,شنبه ۱۵ فروردین ۱۴۰۵,"۴۹,۰۰۰,۰۰۰","۴۹,۰۰۰,۰۰۰",شنبه ساعت ۱۱:۰۰ تا ۱۴:۰۰ | دوشنبه ساعت ۱۱:۰۰ تا ۱۴:۰۰,https://mftplus.com/lesson/391412134/فتوشاپ-برای-معماری
طراحی فضای سبز و محوطه سازی  (basic),معماری,نیاوران,مشخص نشده,شنبه ۹ اسفند ۱۴۰۴,شنبه ۲۷ تیر ۱۴۰۵,"۲۲۷,۰۰۰,۰۰۰","۲۲۷,۰۰۰,۰۰۰",شنبه ساعت ۱۷:۰۰ تا ۲۱:۰۰ | چهارشنبه ساعت ۱۷:۰۰ تا ۲۱:۰۰,https://mftplus.com/lesson/3914/طراحی-فضای-سبز-و-محوطه-سازی-(basic)
شیاتسو (فشاری) گرید 1,دانش سلامت,اکباتان,مشخص نشده,شنبه ۹ اسفند ۱۴۰۴,یکشنبه ۱۰ اسفند ۱۴۰۴,"۴۶,۶۰۰,۰۰۰","۴۶,۶۰۰,۰۰۰",شنبه ساعت ۰۹:۰۰ تا ۱۷:۰۰ | یکشنبه ساعت ۰۹:۰۰ تا ۱۷:۰۰,https://mftplus.com/lesson/4718/شیاتسو-(فشاری)-گرید-1
دوخت تخصصی شلوار,فناوری مد و پوشاک,ونک,مشخص نشده,شنبه ۹ اسفند ۱۴۰۴,شنبه ۲ خرداد ۱۴۰۵,"۵۷,۰۰۰,۰۰۰","۵۷,۰۰۰,۰۰۰",شنبه ساعت ۱۰:۰۰ تا ۱۴:۰۰,https://mftplus.com/lesson/4440/دوخت-تخصصی-شلوار
دوخت تخصصی شومیز,فناوری مد و پوشاک,ونک,مشخص نشده,شنبه ۹ اسفند ۱۴۰۴,شنبه ۹ خرداد ۱۴۰۵,"۷۲,۰۰۰,۰۰۰","۷۲,۰۰۰,۰۰۰",شنبه ساعت ۱۰:۰۰ تا ۱۶:۰۰,https://mftplus.com/lesson/6300/دوخت-تخصصی-شومیز
برنامه ریزی و کنترل پروژه با نرم افزار MS Project,علوم مهندسی,اکباتان,مشخص نشده,شنبه ۹ اسفند ۱۴۰۴,دوشنبه ۷ اردیبهشت ۱۴۰۵,"۶۵,۰۰۰,۰۰۰","۶۵,۰۰۰,۰۰۰",شنبه ساعت ۱۷:۳۰ تا ۲۰:۳۰ | دوشنبه ساعت ۱۷:۳۰ تا ۲۰:۳۰,https://mftplus.com/lesson/154012124/برنامه-ریزی-و-کنترل-پروژه-با-نرم-افزار-MS-Project
طراحی معماری و دکوراسیون داخلی پیشرفته,معماری,تهرانپارس,مشخص نشده,شنبه ۹ اسفند ۱۴۰۴,شنبه ۱۶ خرداد ۱۴۰۵,"۲۱۹,۰۰۰,۰۰۰","۲۱۹,۰۰۰,۰۰۰",شنبه ساعت ۱۰:۰۰ تا ۱۴:۰۰ | دوشنبه ساعت ۱۰:۰۰ تا ۱۴:۰۰ | چهارشنبه ساعت ۱۰:۰۰ تا ۱۴:۰۰,https://mftplus.com/lesson/5998/طراحی-معماری-و-دکوراسیون-داخلی-پیشرفته
Responsive & Bootstrap (Web Design II),فناوری اطلاعات و ارتباطات,بلوار کاوه(قیطریه),مشخص نشده,شنبه ۹ اسفند ۱۴۰۴,شنبه ۱۲ اردیبهشت ۱۴۰۵,"۵۰,۰۰۰,۰۰۰","۶۳,۰۰۰,۰۰۰",شنبه ساعت ۱۷:۰۰ تا ۲۰:۰۰ | دوشنبه ساعت ۱۷:۰۰ تا ۲۰:۰۰,https://mftplus.com/lesson/6457/Responsive-&-Bootstrap-(Web-Design-II)
کارگاه جامع مدیریت سرمایه گذاری در بازار رمز ارزها (ارز دیجیتال),علوم مالی و حسابداری,بلوار کاوه(قیطریه),مشخص نشده,شنبه ۹ اسفند ۱۴۰۴,شنبه ۹ خرداد ۱۴۰۵,"۱۷۲,۹۰۰,۰۰۰","۱۷۲,۹۰۰,۰۰۰",شنبه ساعت ۱۷:۰۰ تا ۲۰:۰۰ | دوشنبه ساعت ۱۷:۰۰ تا ۲۰:۰۰,https://mftplus.com/lesson/4446/کارگاه-جامع-مدیریت-سرمایه-گذاری-در-بازار-رمز-ارزها-(ارز-دیجیتال)
CCNA 200-301,فناوری اطلاعات و ارتباطات,بلوار کاوه(قیطریه),مشخص نشده,شنبه ۹ اسفند ۱۴۰۴,شنبه ۲۶ اردیبهشت ۱۴۰۵,"۶۴,۰۰۰,۰۰۰","۷۸,۰۰۰,۰۰۰",شنبه ساعت ۱۶:۰۰ تا ۲۰:۰۰ | دوشنبه ساعت ۱۶:۰۰ تا ۲۰:۰۰,https://mftplus.com/lesson/3742/CCNA-200-301
نقشه کشی معماری,معماری,سعادت آباد (مرکزی),مشخص نشده,شنبه ۹ اسفند ۱۴۰۴,شنبه ۲۲ فروردین ۱۴۰۵,"۶۲,۰۰۰,۰۰۰","۶۲,۰۰۰,۰۰۰",شنبه ساعت ۱۷:۳۰ تا ۲۰:۳۰ | دوشنبه ساعت ۱۷:۳۰ تا ۲۰:۳۰ | چهارشنبه ساعت ۱۷:۳۰ تا ۲۰:۳۰,https://mftplus.com/lesson/391212129/نقشه-کشی-معماری
پکیج طراحی دکوراسیون داخلی از مقدماتی تا پیشرفته,معماری,نیاوران,مشخص نشده,شنبه ۹ اسفند ۱۴۰۴,چهارشنبه ۱۱ فروردین ۱۴۰۶,"۵۲۹,۰۰۰,۰۰۰","۵۲۹,۰۰۰,۰۰۰",شنبه ساعت ۰۹:۰۰ تا ۱۳:۰۰ | چهارشنبه ساعت ۰۹:۰۰ تا ۱۳:۰۰,https://mftplus.com/lesson/5999/پکیج-طراحی-دکوراسیون-داخلی-از-مقدماتی-تا-پیشرفته
مدیریت پرتفوی,علوم مالی و حسابداری,میرداماد,مشخص نشده,شنبه ۹ اسفند ۱۴۰۴,شنبه ۲۳ اسفند ۱۴۰۴,"۳۶,۰۰۰,۰۰۰","۳۶,۰۰۰,۰۰۰",شنبه ساعت ۱۷:۰۰ تا ۲۱:۰۰,https://mftplus.com/lesson/3873/مدیریت-پرتفوی
برنامه نویسی پایتون متوسطه 1,کودک و نوجوان,بلوار کاوه(قیطریه),مشخص نشده,شنبه ۹ اسفند ۱۴۰۴,شنبه ۳۰ خرداد ۱۴۰۵,"۷۹,۲۰۰,۰۰۰","۷۹,۲۰۰,۰۰۰",شنبه ساعت ۱۷:۰۰ تا ۲۰:۰۰,https://mftplus.com/lesson/4600/برنامه-نویسی-پایتون-متوسطه-1
متره و برآورد معماری داخلی,معماری,سعادت آباد (مرکزی),مشخص نشده,شنبه ۹ اسفند ۱۴۰۴,شنبه ۲۳ اسفند ۱۴۰۴,"۴۲,۰۰۰,۰۰۰","۴۲,۰۰۰,۰۰۰",شنبه ساعت ۱۱:۰۰ تا ۱۴:۰۰ | دوشنبه ساعت ۱۱:۰۰ تا ۱۴:۰۰ | چهارشنبه ساعت ۱۱:۰۰ تا ۱۴:۰۰,https://mftplus.com/lesson/391212170/متره-و-برآورد-معماری-داخلی
نرم افزار Revit معماری,معماری,سعادت آباد (مرکزی),مشخص نشده,شنبه ۹ اسفند ۱۴۰۴,چهارشنبه ۲ اردیبهشت ۱۴۰۵,"۸۹,۰۰۰,۰۰۰","۸۹,۰۰۰,۰۰۰",شنبه ساعت ۱۷:۳۰ تا ۲۰:۳۰ | دوشنبه ساعت ۱۷:۳۰ تا ۲۰:۳۰ | چهارشنبه ساعت ۱۷:۳۰ تا ۲۰:۳۰,https://mftplus.com/lesson/391412129/نرم-افزار-Revit-معماری
3Ds Max Beginners to Advanced & V-Ray,معماری,سعادت آباد (مرکزی),مشخص نشده,شنبه ۹ اسفند ۱۴۰۴,شنبه ۱۹ اردیبهشت ۱۴۰۵,"۱۴۴,۰۰۰,۰۰۰","۱۴۴,۰۰۰,۰۰۰",شنبه ساعت ۰۹:۰۰ تا ۱۴:۰۰ | دوشنبه ساعت ۰۹:۰۰ تا ۱۴:۰۰,https://mftplus.com/lesson/4542/3Ds-Max-Beginners-to-Advanced-&-V-Ray
آموزش تخصصی صافکاری PDR,علوم مهندسی,سعادت آباد (مرکزی),مشخص نشده,شنبه ۹ اسفند ۱۴۰۴,یکشنبه ۱۷ اسفند ۱۴۰۴,"۱۵۰,۰۰۰,۰۰۰","۱۵۰,۰۰۰,۰۰۰",شنبه ساعت ۰۹:۰۰ تا ۱۶:۰۰ | یکشنبه ساعت ۰۹:۰۰ تا ۱۶:۰۰ | دوشنبه ساعت ۰۹:۰۰ تا ۱۶:۰۰ | سه شنبه ساعت ۰۹:۰۰ تا ۱۶:۰۰,https://mftplus.com/lesson/5699/آموزش-تخصصی-صافکاری-PDR
دوره VIP تخصصی صافکاری PDR,علوم مهندسی,سعادت آباد (مرکزی),مشخص نشده,شنبه ۹ اسفند ۱۴۰۴,دوشنبه ۲۴ فروردین ۱۴۰۵,"۳۳۰,۰۰۰,۰۰۰","۳۳۰,۰۰۰,۰۰۰",شنبه ساعت ۰۹:۰۰ تا ۱۶:۰۰ | یکشنبه ساعت ۰۹:۰۰ تا ۱۶:۰۰ | دوشنبه ساعت ۰۹:۰۰ تا ۱۶:۰۰ | سه شنبه ساعت ۰۹:۰۰ تا ۱۶:۰۰ | چهارشنبه ساعت ۰۹:۰۰ تا ۱۶:۰۰,https://mftplus.com/lesson/6405/دوره-VIP-تخصصی-صافکاری-PDR
آموزش تخصصی تشخیص رنگ و سلامت فنی خودرو,علوم مهندسی,سعادت آباد (مرکزی),مشخص نشده,شنبه ۹ اسفند ۱۴۰۴,سه شنبه ۱۲ اسفند ۱۴۰۴,"۱۲۰,۰۰۰,۰۰۰","۱۲۰,۰۰۰,۰۰۰",شنبه ساعت ۰۹:۰۰ تا ۱۶:۰۰ | یکشنبه ساعت ۰۹:۰۰ تا ۱۶:۰۰ | دوشنبه ساعت ۰۹:۰۰ تا ۱۶:۰۰ | سه شنبه ساعت ۰۹:۰۰ تا ۱۶:۰۰,https://mftplus.com/lesson/5701/آموزش-تخصصی-تشخیص-رنگ-و-سلامت-فنی-خودرو
آموزش تخصصی رنگ و نقاشی خودرو,علوم مهندسی,سعادت آباد (مرکزی),مشخص نشده,شنبه ۹ اسفند ۱۴۰۴,یکشنبه ۱۷ اسفند ۱۴۰۴,"۲۲۰,۰۰۰,۰۰۰","۲۲۰,۰۰۰,۰۰۰",شنبه ساعت ۰۹:۰۰ تا ۱۶:۰۰ | یکشنبه ساعت ۰۹:۰۰ تا ۱۶:۰۰ | دوشنبه ساعت ۰۹:۰۰ تا ۱۶:۰۰ | سه شنبه ساعت ۰۹:۰۰ تا ۱۶:۰۰,https://mftplus.com/lesson/5700/آموزش-تخصصی-رنگ-و-نقاشی-خودرو
آموزش VIP تخصصی دیتیلینگ خودرو,علوم مهندسی,سعادت آباد (مرکزی),مشخص نشده,شنبه ۹ اسفند ۱۴۰۴,شنبه ۱۶ اسفند ۱۴۰۴,"۱۷۰,۰۰۰,۰۰۰","۱۷۰,۰۰۰,۰۰۰",شنبه ساعت ۰۹:۰۰ تا ۱۶:۰۰ | یکشنبه ساعت ۰۹:۰۰ تا ۱۶:۰۰ | دوشنبه ساعت ۰۹:۰۰ تا ۱۶:۰۰ | سه شنبه ساعت ۰۹:۰۰ تا ۱۶:۰۰ | چهارشنبه ساعت ۰۹:۰۰ تا ۱۶:۰۰,https://mftplus.com/lesson/5697/آموزش-VIP-تخصصی-دیتیلینگ-خودرو
نصب شیشه دودی,علوم مهندسی,سعادت آباد (مرکزی),مشخص نشده,شنبه ۹ اسفند ۱۴۰۴,سه شنبه ۱۲ اسفند ۱۴۰۴,"۱۲۰,۰۰۰,۰۰۰","۱۲۰,۰۰۰,۰۰۰",شنبه ساعت ۰۹:۰۰ تا ۱۶:۰۰ | یکشنبه ساعت ۰۹:۰۰ تا ۱۶:۰۰ | دوشنبه ساعت ۰۹:۰۰ تا ۱۶:۰۰ | سه شنبه ساعت ۰۹:۰۰ تا ۱۶:۰۰,https://mftplus.com/lesson/6404/نصب-شیشه-دودی
کارگاه شیرینی و دسرهای کافه ای,تشریفات و گردشگری,میرداماد,مشخص نشده,شنبه ۹ اسفند ۱۴۰۴,یکشنبه ۱۰ اسفند ۱۴۰۴,"۶۳,۰۰۰,۰۰۰","۶۳,۰۰۰,۰۰۰",شنبه ساعت ۱۰:۳۰ تا ۱۵:۰۰ | یکشنبه ساعت ۱۰:۳۰ تا ۱۵:۰۰,https://mftplus.com/lesson/3979/کارگاه-شیرینی-و-دسرهای-کافه-ای
تکنیک های کنترل مدارک در پروژه های مهندسی,علوم مهندسی,سعادت آباد (مرکزی),مشخص نشده,شنبه ۹ اسفند ۱۴۰۴,دوشنبه ۱۱ اسفند ۱۴۰۴,"۵۲,۵۰۰,۰۰۰","۵۲,۵۰۰,۰۰۰",شنبه ساعت ۱۴:۳۰ تا ۲۰:۳۰ | دوشنبه ساعت ۱۴:۳۰ تا ۲۰:۳۰,https://mftplus.com/lesson/154012132/تکنیک-های-کنترل-مدارک-در-پروژه-های-مهندسی
تهیه نقشه های سازه با نرم افزار Revit structure,علوم مهندسی,سعادت آباد (مرکزی),مشخص نشده,شنبه ۹ اسفند ۱۴۰۴,دوشنبه ۱۷ فروردین ۱۴۰۵,"۷۲,۵۰۰,۰۰۰","۷۲,۵۰۰,۰۰۰",شنبه ساعت ۱۴:۳۰ تا ۲۰:۳۰ | دوشنبه ساعت ۱۴:۳۰ تا ۲۰:۳۰,https://mftplus.com/lesson/4617/تهیه-نقشه-های-سازه-با-نرم-افزار-Revit-structure
جامع اصول انبارداری، برنامه‌ریزی و کنترل موجودی,علوم مهندسی,سعادت آباد (مرکزی),مشخص نشده,شنبه ۹ اسفند ۱۴۰۴,دوشنبه ۷ اردیبهشت ۱۴۰۵,"۸۹,۰۰۰,۰۰۰","۸۹,۰۰۰,۰۰۰",شنبه ساعت ۱۷:۳۰ تا ۲۰:۳۰ | دوشنبه ساعت ۱۷:۳۰ تا ۲۰:۳۰,https://mftplus.com/lesson/6177/جامع-اصول-انبارداری،-برنامه‌ریزی-و-کنترل-موجودی
طراحی و اجرای تاسیسات الکتریکی (1) – تاسیسات برق ساختمانی,برق و الکترونیک,بلوار کاوه(قیطریه),مشخص نشده,شنبه ۹ اسفند ۱۴۰۴,شنبه ۲۹ فروردین ۱۴۰۵,"۵۶,۰۰۰,۰۰۰","۵۶,۰۰۰,۰۰۰",شنبه ساعت ۱۴:۰۰ تا ۱۷:۰۰ | دوشنبه ساعت ۱۴:۰۰ تا ۱۷:۰۰,https://mftplus.com/lesson/4559/طراحی-و-اجرای-تاسیسات-الکتریکی-(1)-–-تاسیسات-برق-ساختمانی
"مدیریت پروژه حرفه ای – مبانی و نرم افزارهای کاربردی (PMBOK, MSP & Primavera P6)",علوم مهندسی,اکباتان,مشخص نشده,شنبه ۹ اسفند ۱۴۰۴,شنبه ۲۷ تیر ۱۴۰۵,"۱۶۹,۰۰۰,۰۰۰","۱۶۹,۰۰۰,۰۰۰",شنبه ساعت ۱۷:۳۰ تا ۲۰:۳۰ | دوشنبه ساعت ۱۷:۳۰ تا ۲۰:۳۰,"https://mftplus.com/lesson/154012130/مدیریت-پروژه-حرفه-ای-–-مبانی-و-نرم-افزارهای-کاربردی-(PMBOK,-MSP-&-Primavera-P6)"
Move 6,زبانهای خارجی,بلوار کاوه(قیطریه),ستایش جمالیان داریانی,شنبه ۹ اسفند ۱۴۰۴,دوشنبه ۴ خرداد ۱۴۰۵,"۱۹,۳۰۰,۰۰۰","۱۹,۳۰۰,۰۰۰",شنبه ساعت ۱۶:۰۰ تا ۱۷:۳۰ | دوشنبه ساعت ۱۶:۰۰ تا ۱۷:۳۰,https://mftplus.com/lesson/231712134/Move-6
تولید محتوا با موبایل (موبایل گرافی),تولید محتوا,بلوار کاوه(قیطریه),مشخص نشده,شنبه ۹ اسفند ۱۴۰۴,چهارشنبه ۱۹ فروردین ۱۴۰۵,"۵۵,۰۰۰,۰۰۰","۵۵,۰۰۰,۰۰۰",شنبه ساعت ۰۹:۰۰ تا ۱۴:۰۰ | چهارشنبه ساعت ۰۹:۰۰ تا ۱۴:۰۰,https://mftplus.com/lesson/6217/تولید-محتوا-با-موبایل-(موبایل-گرافی)
طراحی معماری و دکوراسیون داخلی پیشرفته,معماری,سعادت آباد (مرکزی),مشخص نشده,شنبه ۹ اسفند ۱۴۰۴,دوشنبه ۱۵ تیر ۱۴۰۵,"۲۱۹,۰۰۰,۰۰۰","۲۱۹,۰۰۰,۰۰۰",شنبه ساعت ۱۷:۳۰ تا ۲۰:۳۰ | دوشنبه ساعت ۱۷:۳۰ تا ۲۰:۳۰ | چهارشنبه ساعت ۱۷:۳۰ تا ۲۰:۳۰,https://mftplus.com/lesson/5998/طراحی-معماری-و-دکوراسیون-داخلی-پیشرفته
اصول و ضوابط چیدمان,معماری,سعادت آباد (مرکزی),مشخص نشده,شنبه ۹ اسفند ۱۴۰۴,دوشنبه ۱۷ فروردین ۱۴۰۵,"۵۹,۰۰۰,۰۰۰","۵۹,۰۰۰,۰۰۰",شنبه ساعت ۱۱:۰۰ تا ۱۴:۰۰ | دوشنبه ساعت ۱۱:۰۰ تا ۱۴:۰۰ | چهارشنبه ساعت ۱۱:۰۰ تا ۱۴:۰۰,https://mftplus.com/lesson/391212168/اصول-و-ضوابط-چیدمان
کمک های اولیه و فوریت های پزشکی,دانش سلامت,اکباتان,مشخص نشده,شنبه ۹ اسفند ۱۴۰۴,شنبه ۱۹ اردیبهشت ۱۴۰۵,"۴۵,۵۰۰,۰۰۰","۴۵,۵۰۰,۰۰۰",شنبه ساعت ۱۷:۳۰ تا ۲۰:۳۰ | چهارشنبه ساعت ۱۷:۳۰ تا ۲۰:۳۰,https://mftplus.com/lesson/341612128/کمک-های-اولیه-و-فوریت-های-پزشکی
الگو سازی و دوخت تخصصی لباس مردانه,فناوری مد و پوشاک,میرداماد,مشخص نشده,شنبه ۹ اسفند ۱۴۰۴,شنبه ۱۸ اردیبهشت ۱۴۰۶,"۱۳۲,۰۰۰,۰۰۰","۱۳۲,۰۰۰,۰۰۰",شنبه ساعت ۱۶:۰۰ تا ۱۹:۰۰,https://mftplus.com/lesson/4279/الگو-سازی-و-دوخت-تخصصی-لباس-مردانه
"مدیریت پروژه حرفه ای – مبانی و نرم افزارهای کاربردی (PMBOK, MSP & Primavera P6)",علوم مهندسی,سعادت آباد (مرکزی),مشخص نشده,شنبه ۹ اسفند ۱۴۰۴,دوشنبه ۴ خرداد ۱۴۰۵,"۱۶۹,۰۰۰,۰۰۰","۱۶۹,۰۰۰,۰۰۰",شنبه ساعت ۰۹:۰۰ تا ۱۴:۰۰ | دوشنبه ساعت ۰۹:۰۰ تا ۱۴:۰۰,"https://mftplus.com/lesson/154012130/مدیریت-پروژه-حرفه-ای-–-مبانی-و-نرم-افزارهای-کاربردی-(PMBOK,-MSP-&-Primavera-P6)"
آموزش تخصصی صافکاری مقدماتی (سنتی),علوم مهندسی,سعادت آباد (مرکزی),مشخص نشده,شنبه ۹ اسفند ۱۴۰۴,شنبه ۱۶ اسفند ۱۴۰۴,"۱۴۰,۰۰۰,۰۰۰","۱۴۰,۰۰۰,۰۰۰",شنبه ساعت ۰۹:۰۰ تا ۱۶:۰۰ | یکشنبه ساعت ۰۹:۰۰ تا ۱۶:۰۰ | دوشنبه ساعت ۰۹:۰۰ تا ۱۶:۰۰ | سه شنبه ساعت ۰۹:۰۰ تا ۱۶:۰۰ | چهارشنبه ساعت ۰۹:۰۰ تا ۱۶:۰۰,https://mftplus.com/lesson/5698/آموزش-تخصصی-صافکاری-مقدماتی-(سنتی)
آموزش تخصصی کاور بدنه,علوم مهندسی,سعادت آباد (مرکزی),مشخص نشده,شنبه ۹ اسفند ۱۴۰۴,شنبه ۱۶ اسفند ۱۴۰۴,"۲۵۰,۰۰۰,۰۰۰","۲۵۰,۰۰۰,۰۰۰",شنبه ساعت ۰۹:۰۰ تا ۱۶:۰۰ | یکشنبه ساعت ۰۹:۰۰ تا ۱۶:۰۰ | دوشنبه ساعت ۰۹:۰۰ تا ۱۶:۰۰ | سه شنبه ساعت ۰۹:۰۰ تا ۱۶:۰۰ | چهارشنبه ساعت ۰۹:۰۰ تا ۱۶:۰۰,https://mftplus.com/lesson/5695/آموزش-تخصصی-کاور-بدنه
دوره تخصصی دمپینگ و صداگیری,علوم مهندسی,سعادت آباد (مرکزی),مشخص نشده,شنبه ۹ اسفند ۱۴۰۴,سه شنبه ۱۲ اسفند ۱۴۰۴,"۱۴۰,۰۰۰,۰۰۰","۱۴۰,۰۰۰,۰۰۰",شنبه ساعت ۰۹:۰۰ تا ۱۶:۰۰ | یکشنبه ساعت ۰۹:۰۰ تا ۱۶:۰۰ | دوشنبه ساعت ۰۹:۰۰ تا ۱۶:۰۰ | سه شنبه ساعت ۰۹:۰۰ تا ۱۶:۰۰,https://mftplus.com/lesson/5963/دوره-تخصصی-دمپینگ-و-صداگیری
اتوکد دوبعدی معماری,معماری,سعادت آباد (مرکزی),مشخص نشده,شنبه ۹ اسفند ۱۴۰۴,دوشنبه ۷ اردیبهشت ۱۴۰۵,"۷۵,۰۰۰,۰۰۰","۷۵,۰۰۰,۰۰۰",شنبه ساعت ۱۷:۳۰ تا ۲۰:۳۰ | دوشنبه ساعت ۱۷:۳۰ تا ۲۰:۳۰,https://mftplus.com/lesson/391412131/اتوکد-دوبعدی-معماری
فیلم برداری با موبایل,تولید محتوا,بلوار کاوه(قیطریه),مشخص نشده,شنبه ۹ اسفند ۱۴۰۴,شنبه ۲۲ فروردین ۱۴۰۵,"۴۴,۱۰۰,۰۰۰","۴۴,۱۰۰,۰۰۰",شنبه ساعت ۰۹:۰۰ تا ۱۴:۰۰,https://mftplus.com/lesson/6520/فیلم-برداری-با-موبایل
فتوشاپ نسخه مقدماتی تا پیشرفته,هنر و سینما,نارمک,مشخص نشده,شنبه ۹ اسفند ۱۴۰۴,شنبه ۲۹ فروردین ۱۴۰۵,"۵۶,۰۰۰,۰۰۰","۵۶,۰۰۰,۰۰۰",شنبه ساعت ۱۶:۰۰ تا ۲۰:۰۰ | دوشنبه ساعت ۱۶:۰۰ تا ۲۰:۰۰ | چهارشنبه ساعت ۱۶:۰۰ تا ۲۰:۰۰,https://mftplus.com/lesson/431314130/فتوشاپ-نسخه-مقدماتی-تا-پیشرفته
آموزش تخصصی لیسه تاچ آپ,علوم مهندسی,سعادت آباد (مرکزی),مشخص نشده,شنبه ۹ اسفند ۱۴۰۴,پنجشنبه ۱۴ اسفند ۱۴۰۴,"۲۰۰,۰۰۰,۰۰۰","۲۰۰,۰۰۰,۰۰۰",شنبه ساعت ۰۹:۰۰ تا ۱۶:۰۰ | یکشنبه ساعت ۰۹:۰۰ تا ۱۶:۰۰ | دوشنبه ساعت ۰۹:۰۰ تا ۱۶:۰۰ | سه شنبه ساعت ۰۹:۰۰ تا ۱۶:۰۰ | چهارشنبه ساعت ۰۹:۰۰ تا ۱۶:۰۰ | پنجشنبه ساعت ۰۹:۰۰ تا ۱۶:۰۰,https://mftplus.com/lesson/5696/آموزش-تخصصی-لیسه-تاچ-آپ
طراحی مانکن و لباس,کودک و نوجوان,نیاوران,مشخص نشده,شنبه ۹ اسفند ۱۴۰۴,شنبه ۵ اردیبهشت ۱۴۰۵,"۵۶,۴۰۰,۰۰۰","۵۶,۴۰۰,۰۰۰",شنبه ساعت ۱۷:۰۰ تا ۲۰:۰۰,https://mftplus.com/lesson/3001/طراحی-مانکن-و-لباس
فتوشاپ مقدماتی تا پیشرفته,هنر و سینما,بلوار کاوه(قیطریه),مشخص نشده,شنبه ۹ اسفند ۱۴۰۴,دوشنبه ۲۴ فروردین ۱۴۰۵,"۵۶,۰۰۰,۰۰۰","۵۶,۰۰۰,۰۰۰",شنبه ساعت ۰۹:۰۰ تا ۱۴:۰۰ | دوشنبه ساعت ۰۹:۰۰ تا ۱۴:۰۰,https://mftplus.com/lesson/4810/فتوشاپ-مقدماتی-تا-پیشرفته
انیمیت سه بعدی در نرم افزار مایا,هنر و سینما,سعادت آباد (مرکزی),مشخص نشده,شنبه ۹ اسفند ۱۴۰۴,شنبه ۱۷ مرداد ۱۴۰۵,"۱۵۱,۰۰۰,۰۰۰","۱۵۱,۰۰۰,۰۰۰",شنبه ساعت ۱۷:۳۰ تا ۲۰:۳۰ | چهارشنبه ساعت ۱۷:۳۰ تا ۲۰:۳۰,https://mftplus.com/lesson/5008/انیمیت-سه-بعدی-در-نرم-افزار-مایا
فتوشاپ و ایلاستریتور,هنر و سینما,زعفرانیه,مشخص نشده,شنبه ۹ اسفند ۱۴۰۴,شنبه ۲ خرداد ۱۴۰۵,"۸۴,۰۰۰,۰۰۰","۹۴,۰۰۰,۰۰۰",شنبه ساعت ۱۳:۰۰ تا ۱۷:۰۰ | چهارشنبه ساعت ۱۳:۰۰ تا ۱۷:۰۰,https://mftplus.com/lesson/431312124/فتوشاپ-و-ایلاستریتور
تولید محتوا با کپ کات,تولید محتوا,بلوار کاوه(قیطریه),مشخص نشده,شنبه ۹ اسفند ۱۴۰۴,شنبه ۲۳ اسفند ۱۴۰۴,"۵۰,۰۰۰,۰۰۰","۵۰,۰۰۰,۰۰۰",شنبه ساعت ۰۹:۰۰ تا ۱۴:۰۰ | دوشنبه ساعت ۰۹:۰۰ تا ۱۴:۰۰,https://mftplus.com/lesson/5968/تولید-محتوا-با-کپ-کات
3Ds Max Beginners to Advanced & V-Ray,معماری,بلوار کاوه(قیطریه),مشخص نشده,شنبه ۹ اسفند ۱۴۰۴,شنبه ۱۹ اردیبهشت ۱۴۰۵,"۱۴۴,۰۰۰,۰۰۰","۱۴۴,۰۰۰,۰۰۰",شنبه ساعت ۱۴:۰۰ تا ۱۹:۰۰ | دوشنبه ساعت ۱۴:۰۰ تا ۱۹:۰۰,https://mftplus.com/lesson/4542/3Ds-Max-Beginners-to-Advanced-&-V-Ray
دوره پیشرفته تحلیل و معامله‌گری رمز ارزها (ارز دیجیتال),علوم مالی و حسابداری,میرداماد,مشخص نشده,شنبه ۹ اسفند ۱۴۰۴,شنبه ۲۳ خرداد ۱۴۰۵,"۱۰۹,۵۰۰,۰۰۰","۱۰۹,۵۰۰,۰۰۰",شنبه ساعت ۱۷:۳۰ تا ۲۰:۳۰,https://mftplus.com/lesson/4997/دوره-پیشرفته-تحلیل-و-معامله‌گری-رمز-ارزها-(ارز-دیجیتال)
طراحی وب سایت (Web Design Pack),فناوری اطلاعات و ارتباطات,شهرقدس,مشخص نشده,شنبه ۹ اسفند ۱۴۰۴,شنبه ۲۱ شهریور ۱۴۰۵,"۱۲۰,۰۰۰,۰۰۰","۱۲۰,۰۰۰,۰۰۰",شنبه ساعت ۰۹:۰۰ تا ۱۱:۰۰ | دوشنبه ساعت ۰۹:۰۰ تا ۱۱:۰۰ | چهارشنبه ساعت ۰۹:۰۰ تا ۱۱:۰۰,https://mftplus.com/lesson/6459/طراحی-وب-سایت-(Web-Design-Pack)
PLC LOGO,برق و الکترونیک,میرداماد,مشخص نشده,شنبه ۹ اسفند ۱۴۰۴,شنبه ۲۶ اردیبهشت ۱۴۰۵,"۶۱,۱۰۰,۰۰۰","۶۱,۱۰۰,۰۰۰",شنبه ساعت ۰۹:۰۰ تا ۱۲:۰۰,https://mftplus.com/lesson/4611/PLC-LOGO
طراحی لباس تخصصی پیشرفته,فناوری مد و پوشاک,پیروزی,مشخص نشده,شنبه ۹ اسفند ۱۴۰۴,شنبه ۱ اسفند ۱۴۰۵,"۱۳۵,۰۰۰,۰۰۰","۱۳۵,۰۰۰,۰۰۰",شنبه ساعت ۱۴:۰۰ تا ۱۷:۰۰,https://mftplus.com/lesson/6319/طراحی-لباس-تخصصی-پیشرفته
 اجرای نرم افزارهای اسکچاپ و اینسکیپ,معماری,انقلاب,مشخص نشده,شنبه ۹ اسفند ۱۴۰۴,چهارشنبه ۲ اردیبهشت ۱۴۰۵,"۵۹,۰۰۰,۰۰۰","۵۹,۰۰۰,۰۰۰",شنبه ساعت ۱۷:۳۰ تا ۲۰:۳۰ | چهارشنبه ساعت ۱۷:۳۰ تا ۲۰:۳۰,https://mftplus.com/lesson/4303/اجرای-نرم-افزارهای-اسکچاپ-و-اینسکیپ
نرم افزار Revit معماری,معماری,انقلاب,مشخص نشده,شنبه ۹ اسفند ۱۴۰۴,چهارشنبه ۲۳ اردیبهشت ۱۴۰۵,"۸۹,۰۰۰,۰۰۰","۸۹,۰۰۰,۰۰۰",شنبه ساعت ۱۷:۳۰ تا ۲۰:۳۰ | چهارشنبه ساعت ۱۷:۳۰ تا ۲۰:۳۰,https://mftplus.com/lesson/391412129/نرم-افزار-Revit-معماری
طراحی معماری و دکوراسیون داخلی متوسط,معماری,انقلاب,مشخص نشده,شنبه ۹ اسفند ۱۴۰۴,دوشنبه ۸ تیر ۱۴۰۵,"۲۰۶,۰۰۰,۰۰۰","۲۰۶,۰۰۰,۰۰۰",شنبه ساعت ۱۷:۳۰ تا ۲۰:۳۰ | دوشنبه ساعت ۱۷:۳۰ تا ۲۰:۳۰ | چهارشنبه ساعت ۱۷:۳۰ تا ۲۰:۳۰,https://mftplus.com/lesson/391212126/طراحی-معماری-و-دکوراسیون-داخلی-متوسط
شیاتسو (فشاری) گرید 1,دانش سلامت,بلوار کاوه(قیطریه),مشخص نشده,شنبه ۹ اسفند ۱۴۰۴,یکشنبه ۱۰ اسفند ۱۴۰۴,"۴۶,۶۰۰,۰۰۰","۴۶,۶۰۰,۰۰۰",شنبه ساعت ۰۹:۰۰ تا ۱۷:۰۰ | یکشنبه ساعت ۰۹:۰۰ تا ۱۷:۰۰,https://mftplus.com/lesson/4718/شیاتسو-(فشاری)-گرید-1
بازاریابی معماری و طراحی داخلی در شبکه های اجتماعی,معماری,میرداماد,مشخص نشده,شنبه ۹ اسفند ۱۴۰۴,شنبه ۵ اردیبهشت ۱۴۰۵,"۵۹,۰۰۰,۰۰۰","۵۹,۰۰۰,۰۰۰",شنبه ساعت ۱۷:۳۰ تا ۲۰:۳۰,https://mftplus.com/lesson/3954/بازاریابی-معماری-و-طراحی-داخلی-در-شبکه-های-اجتماعی
فتوشاپ نسخه مقدماتی تا پیشرفته,هنر و سینما,زعفرانیه,مشخص نشده,شنبه ۹ اسفند ۱۴۰۴,چهارشنبه ۱۶ اردیبهشت ۱۴۰۵,"۵۱,۰۰۰,۰۰۰","۵۶,۰۰۰,۰۰۰",شنبه ساعت ۱۳:۰۰ تا ۱۷:۰۰ | چهارشنبه ساعت ۱۳:۰۰ تا ۱۷:۰۰,https://mftplus.com/lesson/431314130/فتوشاپ-نسخه-مقدماتی-تا-پیشرفته
Sketchup & Vray,معماری,سعادت آباد (مرکزی),مشخص نشده,شنبه ۹ اسفند ۱۴۰۴,چهارشنبه ۲۶ فروردین ۱۴۰۵,"۶۹,۰۰۰,۰۰۰","۶۹,۰۰۰,۰۰۰",شنبه ساعت ۱۱:۰۰ تا ۱۴:۰۰ | دوشنبه ساعت ۱۱:۰۰ تا ۱۴:۰۰ | چهارشنبه ساعت ۱۱:۰۰ تا ۱۴:۰۰,https://mftplus.com/lesson/391412133/Sketchup-&-Vray
مواد و مصالح داخلی,معماری,سعادت آباد (مرکزی),مشخص نشده,شنبه ۹ اسفند ۱۴۰۴,دوشنبه ۲۵ اسفند ۱۴۰۴,"۴۵,۰۰۰,۰۰۰","۴۵,۰۰۰,۰۰۰",شنبه ساعت ۱۷:۳۰ تا ۲۰:۳۰ | دوشنبه ساعت ۱۷:۳۰ تا ۲۰:۳۰ | چهارشنبه ساعت ۱۷:۳۰ تا ۲۰:۳۰,https://mftplus.com/lesson/391212166/مواد-و-مصالح-داخلی
حسابداری ویژه بازار کار,علوم مالی و حسابداری,اکباتان,مشخص نشده,شنبه ۹ اسفند ۱۴۰۴,دوشنبه ۱۳ مهر ۱۴۰۵,"۱۷۷,۶۰۰,۰۰۰","۱۷۷,۶۰۰,۰۰۰",شنبه ساعت ۱۷:۰۰ تا ۲۰:۰۰ | دوشنبه ساعت ۱۷:۰۰ تا ۲۰:۰۰,https://mftplus.com/lesson/3869/حسابداری-ویژه-بازار-کار
حسابداری مالی خدماتی,علوم مالی و حسابداری,اکباتان,مشخص نشده,شنبه ۹ اسفند ۱۴۰۴,شنبه ۱۹ اردیبهشت ۱۴۰۵,"۵۳,۹۰۰,۰۰۰","۵۳,۹۰۰,۰۰۰",شنبه ساعت ۱۷:۰۰ تا ۲۰:۰۰ | دوشنبه ساعت ۱۷:۰۰ تا ۲۰:۰۰,https://mftplus.com/lesson/3865/حسابداری-مالی-خدماتی
طراحی معماری و دکوراسیون داخلی متوسط,معماری,سعادت آباد (مرکزی),مشخص نشده,شنبه ۹ اسفند ۱۴۰۴,دوشنبه ۸ تیر ۱۴۰۵,"۲۰۶,۰۰۰,۰۰۰","۲۰۶,۰۰۰,۰۰۰",شنبه ساعت ۱۱:۰۰ تا ۱۴:۰۰ | دوشنبه ساعت ۱۱:۰۰ تا ۱۴:۰۰ | چهارشنبه ساعت ۱۱:۰۰ تا ۱۴:۰۰,https://mftplus.com/lesson/391212126/طراحی-معماری-و-دکوراسیون-داخلی-متوسط
دوره ی جامع بازسازی و اجرای پروژه های طراحی داخلی,معماری,سعادت آباد (مرکزی),مشخص نشده,شنبه ۹ اسفند ۱۴۰۴,دوشنبه ۱۷ فروردین ۱۴۰۵,"۱۴۸,۰۰۰,۰۰۰","۱۴۸,۰۰۰,۰۰۰",شنبه ساعت ۰۹:۰۰ تا ۱۴:۰۰ | دوشنبه ساعت ۰۹:۰۰ تا ۱۴:۰۰,https://mftplus.com/lesson/391612165/دوره-ی-جامع-بازسازی-و-اجرای-پروژه-های-طراحی-داخلی
زبان اسپانیایی A1.1,زبانهای خارجی,سعادت آباد (مرکزی),مشخص نشده,شنبه ۹ اسفند ۱۴۰۴,شنبه ۲۹ فروردین ۱۴۰۵,"۳۲,۶۰۰,۰۰۰","۳۲,۶۰۰,۰۰۰",شنبه ساعت ۱۴:۳۰ تا ۱۷:۳۰ | چهارشنبه ساعت ۱۴:۳۰ تا ۱۷:۳۰,https://mftplus.com/lesson/231612153/زبان-اسپانیایی-A1.1
طراحی مکانیکی به کمک SOLIDWORKS I,علوم مهندسی,اکباتان,مشخص نشده,شنبه ۹ اسفند ۱۴۰۴,شنبه ۱۹ اردیبهشت ۱۴۰۵,"۷۹,۰۰۰,۰۰۰","۷۹,۰۰۰,۰۰۰",شنبه ساعت ۱۸:۰۰ تا ۲۱:۰۰ | دوشنبه ساعت ۱۸:۰۰ تا ۲۱:۰۰,https://mftplus.com/lesson/153718144/طراحی-مکانیکی-به-کمک-SOLIDWORKS-I
حسابداری ویژه بازار کار,علوم مالی و حسابداری,آیت الله کاشانی (غرب),مشخص نشده,شنبه ۹ اسفند ۱۴۰۴,دوشنبه ۱۳ مهر ۱۴۰۵,"۱۷۷,۶۰۰,۰۰۰","۱۷۷,۶۰۰,۰۰۰",شنبه ساعت ۱۷:۳۰ تا ۲۰:۳۰ | دوشنبه ساعت ۱۷:۳۰ تا ۲۰:۳۰,https://mftplus.com/lesson/3869/حسابداری-ویژه-بازار-کار
پریمیر,هنر و سینما,میرداماد,مشخص نشده,شنبه ۹ اسفند ۱۴۰۴,شنبه ۶ تیر ۱۴۰۵,"۵۷,۰۰۰,۰۰۰","۶۶,۰۰۰,۰۰۰",شنبه ساعت ۱۷:۳۰ تا ۲۰:۳۰,https://mftplus.com/lesson/431213156/پریمیر
کارگاه حقوق و دستمزد,علوم مالی و حسابداری,سیدخندان,مشخص نشده,شنبه ۹ اسفند ۱۴۰۴,دوشنبه ۱۸ اسفند ۱۴۰۴,"۲۱,۹۰۰,۰۰۰","۲۱,۹۰۰,۰۰۰",شنبه ساعت ۱۷:۳۰ تا ۲۰:۳۰ | دوشنبه ساعت ۱۷:۳۰ تا ۲۰:۳۰,https://mftplus.com/lesson/4274/کارگاه-حقوق-و-دستمزد
فتوشاپ برای معماری,معماری,میرداماد,مشخص نشده,شنبه ۹ اسفند ۱۴۰۴,شنبه ۵ اردیبهشت ۱۴۰۵,"۴۹,۰۰۰,۰۰۰","۴۹,۰۰۰,۰۰۰",شنبه ساعت ۱۷:۳۰ تا ۲۰:۳۰,https://mftplus.com/lesson/391412134/فتوشاپ-برای-معماری
دوره ی جامع بازسازی و اجرای پروژه های طراحی داخلی,معماری,میرداماد,مشخص نشده,شنبه ۹ اسفند ۱۴۰۴,شنبه ۲۳ خرداد ۱۴۰۵,"۱۴۸,۰۰۰,۰۰۰","۱۴۸,۰۰۰,۰۰۰",شنبه ساعت ۱۷:۳۰ تا ۲۰:۳۰,https://mftplus.com/lesson/391612165/دوره-ی-جامع-بازسازی-و-اجرای-پروژه-های-طراحی-داخلی
نرم افزار Revit معماری پیشرفته,معماری,نیاوران,مشخص نشده,شنبه ۹ اسفند ۱۴۰۴,شنبه ۲۶ اردیبهشت ۱۴۰۵,"۸۱,۰۰۰,۰۰۰","۸۱,۰۰۰,۰۰۰",شنبه ساعت ۱۶:۳۰ تا ۲۰:۳۰,https://mftplus.com/lesson/6367/نرم-افزار-Revit-معماری-پیشرفته
دوره جامع طراحی لباس,فناوری مد و پوشاک,نیاوران,مشخص نشده,شنبه ۹ اسفند ۱۴۰۴,شنبه ۷ آذر ۱۴۰۵,"۲۶۱,۰۰۰,۰۰۰","۲۶۱,۰۰۰,۰۰۰",شنبه ساعت ۰۹:۰۰ تا ۱۳:۰۰ | دوشنبه ساعت ۰۹:۰۰ تا ۱۳:۰۰,https://mftplus.com/lesson/6321/دوره-جامع-طراحی-لباس
زبان ترکی A1.1,زبانهای خارجی,نیاوران,مشخص نشده,شنبه ۹ اسفند ۱۴۰۴,شنبه ۲۲ فروردین ۱۴۰۵,"۲۱,۸۰۰,۰۰۰","۲۱,۸۰۰,۰۰۰",شنبه ساعت ۱۴:۰۰ تا ۱۷:۰۰ | دوشنبه ساعت ۱۴:۰۰ تا ۱۷:۰۰,https://mftplus.com/lesson/231813123/زبان-ترکی-A1.1
پکیج طراحی گرافیک,هنر و سینما,اکباتان,مشخص نشده,شنبه ۹ اسفند ۱۴۰۴,چهارشنبه ۸ مهر ۱۴۰۵,"۲۸۳,۰۰۰,۰۰۰","۲۸۳,۰۰۰,۰۰۰",شنبه ساعت ۱۰:۰۰ تا ۱۴:۰۰ | چهارشنبه ساعت ۱۰:۰۰ تا ۱۴:۰۰,https://mftplus.com/lesson/4827/پکیج-طراحی-گرافیک
مجموعه قوانین کاربردی در حسابداری,علوم مالی و حسابداری,سعادت آباد (مرکزی),مشخص نشده,شنبه ۹ اسفند ۱۴۰۴,چهارشنبه ۲ اردیبهشت ۱۴۰۵,"۶۲,۶۰۰,۰۰۰","۶۲,۶۰۰,۰۰۰",شنبه ساعت ۱۷:۳۰ تا ۲۰:۳۰ | دوشنبه ساعت ۱۷:۳۰ تا ۲۰:۳۰ | چهارشنبه ساعت ۱۷:۳۰ تا ۲۰:۳۰,https://mftplus.com/lesson/3861/مجموعه-قوانین-کاربردی-در-حسابداری
جامع مدیریت منابع انسانی (HRM),مدیریت و کسب و کار,بلوار کاوه(قیطریه),مشخص نشده,یکشنبه ۱۰ اسفند ۱۴۰۴,سه شنبه ۲ تیر ۱۴۰۵,"۱۲۸,۷۰۰,۰۰۰","۱۶۱,۷۰۰,۰۰۰",یکشنبه ساعت ۱۷:۰۰ تا ۲۰:۰۰ | سه شنبه ساعت ۱۷:۰۰ تا ۲۰:۰۰,https://mftplus.com/lesson/4924/جامع-مدیریت-منابع-انسانی-(HRM)
برنامه ریزی و کنترل پروژه با نرم افزار MS Project,علوم مهندسی,بلوار کاوه(قیطریه),مشخص نشده,یکشنبه ۱۰ اسفند ۱۴۰۴,سه شنبه ۱۸ فروردین ۱۴۰۵,"۶۵,۰۰۰,۰۰۰","۶۵,۰۰۰,۰۰۰",یکشنبه ساعت ۰۹:۰۰ تا ۱۴:۰۰ | سه شنبه ساعت ۰۹:۰۰ تا ۱۴:۰۰,https://mftplus.com/lesson/154012124/برنامه-ریزی-و-کنترل-پروژه-با-نرم-افزار-MS-Project
"مدیریت پروژه حرفه ای – مبانی و نرم افزارهای کاربردی (PMBOK, MSP & Primavera P6)",علوم مهندسی,بلوار کاوه(قیطریه),مشخص نشده,یکشنبه ۱۰ اسفند ۱۴۰۴,یکشنبه ۱۰ خرداد ۱۴۰۵,"۱۶۹,۰۰۰,۰۰۰","۱۶۹,۰۰۰,۰۰۰",یکشنبه ساعت ۰۹:۰۰ تا ۱۴:۰۰ | سه شنبه ساعت ۰۹:۰۰ تا ۱۴:۰۰,"https://mftplus.com/lesson/154012130/مدیریت-پروژه-حرفه-ای-–-مبانی-و-نرم-افزارهای-کاربردی-(PMBOK,-MSP-&-Primavera-P6)"
برنامه ریزی و کنترل پروژه با نرم افزار Oracle Primavera P6,علوم مهندسی,بلوار کاوه(قیطریه),مشخص نشده,یکشنبه ۱۰ اسفند ۱۴۰۴,سه شنبه ۱۱ فروردین ۱۴۰۵,"۷۵,۰۰۰,۰۰۰","۷۵,۰۰۰,۰۰۰",یکشنبه ساعت ۰۹:۰۰ تا ۱۴:۰۰ | سه شنبه ساعت ۰۹:۰۰ تا ۱۴:۰۰,https://mftplus.com/lesson/154012133/برنامه-ریزی-و-کنترل-پروژه-با-نرم-افزار-Oracle-Primavera-P6
طراحی وب سایت (Web Design Pack),فناوری اطلاعات و ارتباطات,تهرانپارس,نگین رحیمی ویشته,یکشنبه ۱۰ اسفند ۱۴۰۴,سه شنبه ۱۴ مهر ۱۴۰۵,"۱۸۷,۰۰۰,۰۰۰","۱۸۷,۰۰۰,۰۰۰",یکشنبه ساعت ۱۸:۰۰ تا ۲۱:۰۰ | سه شنبه ساعت ۱۸:۰۰ تا ۲۱:۰۰,https://mftplus.com/lesson/6459/طراحی-وب-سایت-(Web-Design-Pack)
دوره آنلاین: هوش مصنوعی در MATLAB (شبکه های عصبی، الگوریتمهای ژنتیک، فازی، یادگیری ماشین، ...),علوم مهندسی,سعادت آباد (مرکزی),مشخص نشده,یکشنبه ۱۰ اسفند ۱۴۰۴,یکشنبه ۲۴ اسفند ۱۴۰۴,"۳۹,۰۰۰,۰۰۰","۳۹,۰۰۰,۰۰۰",یکشنبه ساعت ۱۷:۳۰ تا ۲۰:۳۰ | سه شنبه ساعت ۱۷:۳۰ تا ۲۰:۳۰,https://mftplus.com/lesson/3290/دوره-آنلاین:-هوش-مصنوعی-در-MATLAB-(شبکه-های-عصبی،-الگوریتمهای-ژنتیک،-فازی،-یادگیری-ماشین،-...)
اسکیس و راندو,معماری,سعادت آباد (مرکزی),مشخص نشده,یکشنبه ۱۰ اسفند ۱۴۰۴,یکشنبه ۳۰ فروردین ۱۴۰۵,"۵۹,۰۰۰,۰۰۰","۵۹,۰۰۰,۰۰۰",یکشنبه ساعت ۱۷:۳۰ تا ۲۰:۳۰ | سه شنبه ساعت ۱۷:۳۰ تا ۲۰:۳۰,https://mftplus.com/lesson/5233/اسکیس-و-راندو
ICDL 2021 Level 1,فناوری اطلاعات و ارتباطات,سعادت آباد (مرکزی),مشخص نشده,یکشنبه ۱۰ اسفند ۱۴۰۴,سه شنبه ۱۲ خرداد ۱۴۰۵,"۳۸,۰۰۰,۰۰۰","۴۹,۰۰۰,۰۰۰",یکشنبه ساعت ۱۷:۳۰ تا ۲۰:۳۰ | سه شنبه ساعت ۱۷:۳۰ تا ۲۰:۳۰,https://mftplus.com/lesson/5571/ICDL-2021-Level-1
ICDL Pack 2021,فناوری اطلاعات و ارتباطات,سعادت آباد (مرکزی),مشخص نشده,یکشنبه ۱۰ اسفند ۱۴۰۴,سه شنبه ۲۷ مرداد ۱۴۰۵,"۶۳,۰۰۰,۰۰۰","۸۱,۰۰۰,۰۰۰",یکشنبه ساعت ۱۷:۳۰ تا ۲۰:۳۰ | سه شنبه ساعت ۱۷:۳۰ تا ۲۰:۳۰,https://mftplus.com/lesson/5575/ICDL-Pack-2021
مبانی هوش مصنوعی برای نوجوانان,کودک و نوجوان,بلوار کاوه(قیطریه),مشخص نشده,یکشنبه ۱۰ اسفند ۱۴۰۴,یکشنبه ۶ اردیبهشت ۱۴۰۵,"۶۲,۰۰۰,۰۰۰","۶۷,۹۰۰,۰۰۰",یکشنبه ساعت ۱۲:۰۰ تا ۱۴:۰۰ | سه شنبه ساعت ۱۲:۰۰ تا ۱۴:۰۰,https://mftplus.com/lesson/6183/مبانی-هوش-مصنوعی-برای-نوجوانان
ادمین اینستاگرام ویژه نوجوانان,کودک و نوجوان,بلوار کاوه(قیطریه),مشخص نشده,یکشنبه ۱۰ اسفند ۱۴۰۴,یکشنبه ۶ اردیبهشت ۱۴۰۵,"۴۹,۵۰۰,۰۰۰","۴۹,۵۰۰,۰۰۰",یکشنبه ساعت ۱۴:۰۰ تا ۱۶:۰۰ | سه شنبه ساعت ۱۴:۰۰ تا ۱۶:۰۰,https://mftplus.com/lesson/6122/ادمین-اینستاگرام-ویژه-نوجوانان
الکترونیک مقدماتی,برق و الکترونیک,البرز,مشخص نشده,یکشنبه ۱۰ اسفند ۱۴۰۴,یکشنبه ۶ اردیبهشت ۱۴۰۵,"۵۰,۴۰۰,۰۰۰","۵۰,۴۰۰,۰۰۰",یکشنبه ساعت ۱۷:۰۰ تا ۲۱:۰۰ | سه شنبه ساعت ۱۷:۰۰ تا ۲۱:۰۰,https://mftplus.com/lesson/5230/الکترونیک-مقدماتی
دوره جامع آزاد کار دیجیتال مارکتینگ,تولید محتوا,سعادت آباد (مرکزی),مشخص نشده,یکشنبه ۱۰ اسفند ۱۴۰۴,یکشنبه ۲۸ تیر ۱۴۰۵,"۱۹۰,۰۰۰,۰۰۰","۱۹۰,۰۰۰,۰۰۰",یکشنبه ساعت ۰۹:۰۰ تا ۱۴:۰۰ | سه شنبه ساعت ۰۹:۰۰ تا ۱۴:۰۰,https://mftplus.com/lesson/5206/دوره-جامع-آزاد-کار-دیجیتال-مارکتینگ
طراحی نما ویژه بازار کار,معماری,بلوار کاوه(قیطریه),مشخص نشده,یکشنبه ۱۰ اسفند ۱۴۰۴,یکشنبه ۲۳ فروردین ۱۴۰۵,"۱۰۲,۰۰۰,۰۰۰","۱۰۲,۰۰۰,۰۰۰",یکشنبه ساعت ۰۹:۰۰ تا ۱۴:۰۰ | سه شنبه ساعت ۰۹:۰۰ تا ۱۴:۰۰,https://mftplus.com/lesson/4431/طراحی-نما-ویژه-بازار-کار
طراحی مکانیکی به کمک SOLIDWORKS I,علوم مهندسی,بلوار کاوه(قیطریه),مشخص نشده,یکشنبه ۱۰ اسفند ۱۴۰۴,سه شنبه ۲۲ اردیبهشت ۱۴۰۵,"۷۹,۰۰۰,۰۰۰","۷۹,۰۰۰,۰۰۰",یکشنبه ساعت ۰۹:۰۰ تا ۱۲:۰۰ | سه شنبه ساعت ۰۹:۰۰ تا ۱۲:۰۰,https://mftplus.com/lesson/153718144/طراحی-مکانیکی-به-کمک-SOLIDWORKS-I
مسئول دفتری از نگارش تا مدیریت,مدیریت و کسب و کار,بلوار کاوه(قیطریه),مشخص نشده,یکشنبه ۱۰ اسفند ۱۴۰۴,سه شنبه ۱۸ فروردین ۱۴۰۵,"۳۸,۴۰۰,۰۰۰","۴۸,۰۰۰,۰۰۰",یکشنبه ساعت ۱۷:۳۰ تا ۲۰:۳۰ | سه شنبه ساعت ۱۷:۳۰ تا ۲۰:۳۰,https://mftplus.com/lesson/6467/مسئول-دفتری-از-نگارش-تا-مدیریت
مدیریت انرژی در ساختمان,علوم مهندسی,سعادت آباد (مرکزی),مشخص نشده,یکشنبه ۱۰ اسفند ۱۴۰۴,شنبه ۱۶ اسفند ۱۴۰۴,"۴۹,۰۰۰,۰۰۰","۴۹,۰۰۰,۰۰۰",شنبه ساعت ۰۸:۰۰ تا ۱۶:۰۰ | یکشنبه ساعت ۰۸:۰۰ تا ۱۶:۰۰,https://mftplus.com/lesson/153814123/مدیریت-انرژی-در-ساختمان
درک معماری,معماری,سعادت آباد (مرکزی),مشخص نشده,یکشنبه ۱۰ اسفند ۱۴۰۴,سه شنبه ۱۸ فروردین ۱۴۰۵,"۴۷,۰۰۰,۰۰۰","۴۷,۰۰۰,۰۰۰",یکشنبه ساعت ۱۷:۳۰ تا ۲۰:۳۰ | سه شنبه ساعت ۱۷:۳۰ تا ۲۰:۳۰,https://mftplus.com/lesson/391212130/درک-معماری
پکیج طراحی دکوراسیون داخلی از مقدماتی تا پیشرفته,معماری,اکباتان,مشخص نشده,یکشنبه ۱۰ اسفند ۱۴۰۴,سه شنبه ۲۲ تیر ۱۴۰۶,"۵۲۹,۰۰۰,۰۰۰","۵۲۹,۰۰۰,۰۰۰",یکشنبه ساعت ۱۷:۳۰ تا ۲۰:۳۰ | سه شنبه ساعت ۱۷:۳۰ تا ۲۰:۳۰,https://mftplus.com/lesson/5999/پکیج-طراحی-دکوراسیون-داخلی-از-مقدماتی-تا-پیشرفته
طراحی معماری و دکوراسیون داخلی مقدماتی,معماری,اکباتان,مشخص نشده,یکشنبه ۱۰ اسفند ۱۴۰۴,سه شنبه ۲۷ مرداد ۱۴۰۵,"۱۷۱,۰۰۰,۰۰۰","۱۷۱,۰۰۰,۰۰۰",یکشنبه ساعت ۱۷:۳۰ تا ۲۰:۳۰ | سه شنبه ساعت ۱۷:۳۰ تا ۲۰:۳۰,https://mftplus.com/lesson/391212125/طراحی-معماری-و-دکوراسیون-داخلی-مقدماتی
نقشه کشی معماری,معماری,اکباتان,مشخص نشده,یکشنبه ۱۰ اسفند ۱۴۰۴,یکشنبه ۶ اردیبهشت ۱۴۰۵,"۶۲,۰۰۰,۰۰۰","۶۲,۰۰۰,۰۰۰",یکشنبه ساعت ۱۷:۳۰ تا ۲۰:۳۰ | سه شنبه ساعت ۱۷:۳۰ تا ۲۰:۳۰,https://mftplus.com/lesson/391212129/نقشه-کشی-معماری
تولید محتوا با موبایل (موبایل گرافی),تولید محتوا,سعادت آباد (مرکزی),مشخص نشده,یکشنبه ۱۰ اسفند ۱۴۰۴,یکشنبه ۶ اردیبهشت ۱۴۰۵,"۵۵,۰۰۰,۰۰۰","۵۵,۰۰۰,۰۰۰",یکشنبه ساعت ۱۷:۳۰ تا ۲۰:۳۰ | سه شنبه ساعت ۱۷:۳۰ تا ۲۰:۳۰,https://mftplus.com/lesson/6217/تولید-محتوا-با-موبایل-(موبایل-گرافی)
الگوسازی و دوخت لباس شب و عروس,فناوری مد و پوشاک,بلوار کاوه(قیطریه),مشخص نشده,یکشنبه ۱۰ اسفند ۱۴۰۴,یکشنبه ۱۹ مهر ۱۴۰۵,"۱۶۷,۰۰۰,۰۰۰","۱۶۷,۰۰۰,۰۰۰",یکشنبه ساعت ۰۸:۰۰ تا ۱۲:۰۰,https://mftplus.com/lesson/411414133/الگوسازی-و-دوخت-لباس-شب-و-عروس
3Ds Max Beginners to Advanced & V-Ray,معماری,بلوار کاوه(قیطریه),مشخص نشده,یکشنبه ۱۰ اسفند ۱۴۰۴,سه شنبه ۲۲ اردیبهشت ۱۴۰۵,"۱۴۴,۰۰۰,۰۰۰","۱۴۴,۰۰۰,۰۰۰",یکشنبه ساعت ۰۹:۰۰ تا ۱۴:۰۰ | سه شنبه ساعت ۰۹:۰۰ تا ۱۴:۰۰,https://mftplus.com/lesson/4542/3Ds-Max-Beginners-to-Advanced-&-V-Ray
نرم افزار Revit معماری,معماری,بلوار کاوه(قیطریه),مشخص نشده,یکشنبه ۱۰ اسفند ۱۴۰۴,سه شنبه ۱ اردیبهشت ۱۴۰۵,"۸۹,۰۰۰,۰۰۰","۸۹,۰۰۰,۰۰۰",یکشنبه ساعت ۰۹:۰۰ تا ۱۴:۰۰ | سه شنبه ساعت ۰۹:۰۰ تا ۱۴:۰۰,https://mftplus.com/lesson/391412129/نرم-افزار-Revit-معماری
ورکشاپ تخصصی صبحانه,تشریفات و گردشگری,نیاوران,مشخص نشده,یکشنبه ۱۰ اسفند ۱۴۰۴,یکشنبه ۱۷ اسفند ۱۴۰۴,"۶۳,۰۰۰,۰۰۰","۶۳,۰۰۰,۰۰۰",یکشنبه ساعت ۱۰:۳۰ تا ۱۴:۳۰,https://mftplus.com/lesson/5236/ورکشاپ-تخصصی-صبحانه
3Ds Max Beginners to Advanced & V-Ray,معماری,سعادت آباد (مرکزی),مشخص نشده,یکشنبه ۱۰ اسفند ۱۴۰۴,سه شنبه ۲۶ خرداد ۱۴۰۵,"۱۴۴,۰۰۰,۰۰۰","۱۴۴,۰۰۰,۰۰۰",یکشنبه ساعت ۱۷:۳۰ تا ۲۰:۳۰ | سه شنبه ساعت ۱۷:۳۰ تا ۲۰:۳۰,https://mftplus.com/lesson/4542/3Ds-Max-Beginners-to-Advanced-&-V-Ray
پریمیر,هنر و سینما,سیدخندان,مشخص نشده,یکشنبه ۱۰ اسفند ۱۴۰۴,یکشنبه ۷ تیر ۱۴۰۵,"۶۶,۰۰۰,۰۰۰","۶۶,۰۰۰,۰۰۰",یکشنبه ساعت ۱۶:۰۰ تا ۱۹:۰۰,https://mftplus.com/lesson/431213156/پریمیر
اتوکد دوبعدی معماری,معماری,سعادت آباد (مرکزی),مشخص نشده,یکشنبه ۱۰ اسفند ۱۴۰۴,یکشنبه ۱۳ اردیبهشت ۱۴۰۵,"۷۵,۰۰۰,۰۰۰","۷۵,۰۰۰,۰۰۰",یکشنبه ساعت ۱۱:۰۰ تا ۱۴:۰۰ | سه شنبه ساعت ۱۱:۰۰ تا ۱۴:۰۰,https://mftplus.com/lesson/391412131/اتوکد-دوبعدی-معماری
طراحی معماری و دکوراسیون داخلی مقدماتی,معماری,سعادت آباد (مرکزی),مشخص نشده,یکشنبه ۱۰ اسفند ۱۴۰۴,سه شنبه ۲۰ مرداد ۱۴۰۵,"۱۷۱,۰۰۰,۰۰۰","۱۷۱,۰۰۰,۰۰۰",یکشنبه ساعت ۱۷:۳۰ تا ۲۰:۳۰ | سه شنبه ساعت ۱۷:۳۰ تا ۲۰:۳۰,https://mftplus.com/lesson/391212125/طراحی-معماری-و-دکوراسیون-داخلی-مقدماتی
Fly 5,زبانهای خارجی,بلوار کاوه(قیطریه),مشخص نشده,یکشنبه ۱۰ اسفند ۱۴۰۴,یکشنبه ۱۰ خرداد ۱۴۰۵,"۲۰,۸۰۰,۰۰۰","۲۰,۸۰۰,۰۰۰",یکشنبه ساعت ۱۸:۳۰ تا ۲۰:۰۰ | سه شنبه ساعت ۱۸:۳۰ تا ۲۰:۰۰,https://mftplus.com/lesson/231712149/Fly-5
FLY 1,زبانهای خارجی,بلوار کاوه(قیطریه),مشخص نشده,یکشنبه ۱۰ اسفند ۱۴۰۴,یکشنبه ۱۰ خرداد ۱۴۰۵,"۲۰,۸۰۰,۰۰۰","۲۰,۸۰۰,۰۰۰",یکشنبه ساعت ۱۶:۳۰ تا ۱۸:۰۰ | سه شنبه ساعت ۱۶:۳۰ تا ۱۸:۰۰,https://mftplus.com/lesson/231712145/FLY-1
فتوشاپ برای معماری,معماری,بلوار کاوه(قیطریه),مشخص نشده,یکشنبه ۱۰ اسفند ۱۴۰۴,سه شنبه ۲۶ اسفند ۱۴۰۴,"۴۹,۰۰۰,۰۰۰","۴۹,۰۰۰,۰۰۰",یکشنبه ساعت ۰۹:۰۰ تا ۱۳:۰۰ | سه شنبه ساعت ۰۹:۰۰ تا ۱۳:۰۰,https://mftplus.com/lesson/391412134/فتوشاپ-برای-معماری
پکیج طراحی دکوراسیون داخلی از مقدماتی تا پیشرفته,معماری,بلوار کاوه(قیطریه),مشخص نشده,یکشنبه ۱۰ اسفند ۱۴۰۴,سه شنبه ۸ دی ۱۴۰۵,"۵۲۹,۰۰۰,۰۰۰","۵۲۹,۰۰۰,۰۰۰",یکشنبه ساعت ۰۹:۰۰ تا ۱۴:۰۰ | سه شنبه ساعت ۰۹:۰۰ تا ۱۴:۰۰,https://mftplus.com/lesson/5999/پکیج-طراحی-دکوراسیون-داخلی-از-مقدماتی-تا-پیشرفته
طراحی معماری و دکوراسیون داخلی مقدماتی,معماری,بلوار کاوه(قیطریه),مشخص نشده,یکشنبه ۱۰ اسفند ۱۴۰۴,سه شنبه ۲۶ خرداد ۱۴۰۵,"۱۷۱,۰۰۰,۰۰۰","۱۷۱,۰۰۰,۰۰۰",یکشنبه ساعت ۰۹:۰۰ تا ۱۴:۰۰ | سه شنبه ساعت ۰۹:۰۰ تا ۱۴:۰۰,https://mftplus.com/lesson/391212125/طراحی-معماری-و-دکوراسیون-داخلی-مقدماتی
ورکشاپ تخصصی صبحانه,تشریفات و گردشگری,زعفرانیه,مشخص نشده,یکشنبه ۱۰ اسفند ۱۴۰۴,یکشنبه ۱۷ اسفند ۱۴۰۴,"۶۳,۰۰۰,۰۰۰","۶۳,۰۰۰,۰۰۰",یکشنبه ساعت ۱۰:۳۰ تا ۱۴:۳۰,https://mftplus.com/lesson/5236/ورکشاپ-تخصصی-صبحانه
ورکشاپ تخصصی صبحانه,تشریفات و گردشگری,بلوار کاوه(قیطریه),مشخص نشده,یکشنبه ۱۰ اسفند ۱۴۰۴,یکشنبه ۱۷ اسفند ۱۴۰۴,"۶۳,۰۰۰,۰۰۰","۶۳,۰۰۰,۰۰۰",یکشنبه ساعت ۱۰:۳۰ تا ۱۴:۳۰,https://mftplus.com/lesson/5236/ورکشاپ-تخصصی-صبحانه
ورکشاپ تخصصی صبحانه,تشریفات و گردشگری,نارمک,مشخص نشده,یکشنبه ۱۰ اسفند ۱۴۰۴,یکشنبه ۱۷ اسفند ۱۴۰۴,"۶۳,۰۰۰,۰۰۰","۶۳,۰۰۰,۰۰۰",یکشنبه ساعت ۱۰:۳۰ تا ۱۴:۳۰,https://mftplus.com/lesson/5236/ورکشاپ-تخصصی-صبحانه
دوره طراحی لباس عروس,فناوری مد و پوشاک,ونک,مشخص نشده,یکشنبه ۱۰ اسفند ۱۴۰۴,یکشنبه ۱۳ اردیبهشت ۱۴۰۵,"۸۰,۰۰۰,۰۰۰","۸۰,۰۰۰,۰۰۰",یکشنبه ساعت ۱۵:۰۰ تا ۲۰:۰۰,https://mftplus.com/lesson/6464/دوره-طراحی-لباس-عروس
ورکشاپ تخصصی صبحانه,تشریفات و گردشگری,اکباتان,مشخص نشده,یکشنبه ۱۰ اسفند ۱۴۰۴,یکشنبه ۱۷ اسفند ۱۴۰۴,"۶۳,۰۰۰,۰۰۰","۶۳,۰۰۰,۰۰۰",یکشنبه ساعت ۱۰:۳۰ تا ۱۴:۳۰,https://mftplus.com/lesson/5236/ورکشاپ-تخصصی-صبحانه
ICDL Pack 2021,فناوری اطلاعات و ارتباطات,سعادت آباد (مرکزی),وحیدرضا مدقق,یکشنبه ۱۰ اسفند ۱۴۰۴,سه شنبه ۲۶ خرداد ۱۴۰۵,"۶۳,۰۰۰,۰۰۰","۸۱,۰۰۰,۰۰۰",یکشنبه ساعت ۰۹:۰۰ تا ۱۴:۰۰ | سه شنبه ساعت ۰۹:۰۰ تا ۱۴:۰۰,https://mftplus.com/lesson/5575/ICDL-Pack-2021
ICDL 2021 Level 1,فناوری اطلاعات و ارتباطات,سعادت آباد (مرکزی),وحیدرضا مدقق,یکشنبه ۱۰ اسفند ۱۴۰۴,یکشنبه ۱۳ اردیبهشت ۱۴۰۵,"۳۸,۰۰۰,۰۰۰","۴۹,۰۰۰,۰۰۰",یکشنبه ساعت ۰۹:۰۰ تا ۱۴:۰۰ | سه شنبه ساعت ۰۹:۰۰ تا ۱۴:۰۰,https://mftplus.com/lesson/5571/ICDL-2021-Level-1
مهارتهای ارتباطی موثر,مدیریت و کسب و کار,بلوار کاوه(قیطریه),مشخص نشده,یکشنبه ۱۰ اسفند ۱۴۰۴,یکشنبه ۱۷ اسفند ۱۴۰۴,"۱۸,۰۰۰,۰۰۰","۲۰,۸۰۰,۰۰۰",یکشنبه ساعت ۱۷:۰۰ تا ۲۰:۰۰ | سه شنبه ساعت ۱۷:۰۰ تا ۲۰:۰۰,https://mftplus.com/lesson/4947/مهارتهای-ارتباطی-موثر
طراحی و اجرای تاسیسات الکتریکی (1) – تاسیسات برق ساختمانی,برق و الکترونیک,سعادت آباد (مرکزی),مشخص نشده,یکشنبه ۱۰ اسفند ۱۴۰۴,یکشنبه ۳۰ فروردین ۱۴۰۵,"۵۶,۰۰۰,۰۰۰","۵۶,۰۰۰,۰۰۰",یکشنبه ساعت ۱۴:۳۰ تا ۲۰:۳۰,https://mftplus.com/lesson/4559/طراحی-و-اجرای-تاسیسات-الکتریکی-(1)-–-تاسیسات-برق-ساختمانی
دوره جامع طراحی لباس,فناوری مد و پوشاک,سعادت آباد (مرکزی),مشخص نشده,یکشنبه ۱۰ اسفند ۱۴۰۴,یکشنبه ۲۲ شهریور ۱۴۰۵,"۲۶۱,۰۰۰,۰۰۰","۲۶۱,۰۰۰,۰۰۰",یکشنبه ساعت ۰۸:۰۰ تا ۱۴:۰۰ | سه شنبه ساعت ۰۸:۰۰ تا ۱۴:۰۰,https://mftplus.com/lesson/6321/دوره-جامع-طراحی-لباس
فتوشاپ برای معماری,معماری,سعادت آباد (مرکزی),مشخص نشده,یکشنبه ۱۰ اسفند ۱۴۰۴,یکشنبه ۱۶ فروردین ۱۴۰۵,"۴۹,۰۰۰,۰۰۰","۴۹,۰۰۰,۰۰۰",یکشنبه ساعت ۱۷:۳۰ تا ۲۰:۳۰ | سه شنبه ساعت ۱۷:۳۰ تا ۲۰:۳۰,https://mftplus.com/lesson/391412134/فتوشاپ-برای-معماری
3Ds Max Beginners to Advanced & V-Ray,معماری,سعادت آباد (مرکزی),مشخص نشده,یکشنبه ۱۰ اسفند ۱۴۰۴,یکشنبه ۲۰ اردیبهشت ۱۴۰۵,"۱۴۴,۰۰۰,۰۰۰","۱۴۴,۰۰۰,۰۰۰",یکشنبه ساعت ۰۹:۰۰ تا ۱۴:۰۰ | سه شنبه ساعت ۰۹:۰۰ تا ۱۴:۰۰,https://mftplus.com/lesson/4542/3Ds-Max-Beginners-to-Advanced-&-V-Ray
فتوشاپ برای معماری,معماری,نیاوران,مشخص نشده,یکشنبه ۱۰ اسفند ۱۴۰۴,سه شنبه ۲۶ اسفند ۱۴۰۴,"۴۹,۰۰۰,۰۰۰","۴۹,۰۰۰,۰۰۰",یکشنبه ساعت ۰۹:۰۰ تا ۱۳:۰۰ | سه شنبه ساعت ۰۹:۰۰ تا ۱۳:۰۰,https://mftplus.com/lesson/391412134/فتوشاپ-برای-معماری
ICDL Pack 2021,فناوری اطلاعات و ارتباطات,پرند,مشخص نشده,یکشنبه ۱۰ اسفند ۱۴۰۴,سه شنبه ۲۷ مرداد ۱۴۰۵,"۸۱,۰۰۰,۰۰۰","۸۱,۰۰۰,۰۰۰",یکشنبه ساعت ۱۸:۰۰ تا ۲۱:۰۰ | سه شنبه ساعت ۱۸:۰۰ تا ۲۱:۰۰,https://mftplus.com/lesson/5575/ICDL-Pack-2021
Java SE 8 Programming,فناوری اطلاعات و ارتباطات,بلوار کاوه(قیطریه),مشخص نشده,یکشنبه ۱۰ اسفند ۱۴۰۴,سه شنبه ۲۲ اردیبهشت ۱۴۰۵,"۵۵,۰۰۰,۰۰۰","۶۸,۰۰۰,۰۰۰",یکشنبه ساعت ۱۷:۰۰ تا ۲۰:۰۰ | سه شنبه ساعت ۱۷:۰۰ تا ۲۰:۰۰,https://mftplus.com/lesson/132018136/Java-SE-8-Programming
زبان ترکی A1.1,زبانهای خارجی,بلوار کاوه(قیطریه),مشخص نشده,یکشنبه ۱۰ اسفند ۱۴۰۴,یکشنبه ۲۳ فروردین ۱۴۰۵,"۲۱,۸۰۰,۰۰۰","۲۱,۸۰۰,۰۰۰",یکشنبه ساعت ۱۴:۳۰ تا ۱۷:۳۰ | سه شنبه ساعت ۱۴:۳۰ تا ۱۷:۳۰,https://mftplus.com/lesson/231813123/زبان-ترکی-A1.1
"مدیریت پروژه حرفه ای – مبانی و نرم افزارهای کاربردی (PMBOK, MSP & Primavera P6)",علوم مهندسی,نیاوران,مشخص نشده,یکشنبه ۱۰ اسفند ۱۴۰۴,یکشنبه ۱۰ خرداد ۱۴۰۵,"۱۶۹,۰۰۰,۰۰۰","۱۶۹,۰۰۰,۰۰۰",یکشنبه ساعت ۰۹:۰۰ تا ۱۴:۰۰ | سه شنبه ساعت ۰۹:۰۰ تا ۱۴:۰۰,"https://mftplus.com/lesson/154012130/مدیریت-پروژه-حرفه-ای-–-مبانی-و-نرم-افزارهای-کاربردی-(PMBOK,-MSP-&-Primavera-P6)"
برنامه ریزی و کنترل پروژه با نرم افزار MS Project,علوم مهندسی,نیاوران,مشخص نشده,یکشنبه ۱۰ اسفند ۱۴۰۴,یکشنبه ۳۰ فروردین ۱۴۰۵,"۶۵,۰۰۰,۰۰۰","۶۵,۰۰۰,۰۰۰",یکشنبه ساعت ۰۹:۰۰ تا ۱۳:۰۰ | سه شنبه ساعت ۰۹:۰۰ تا ۱۳:۰۰,https://mftplus.com/lesson/154012124/برنامه-ریزی-و-کنترل-پروژه-با-نرم-افزار-MS-Project
دوره طراحی رابط و تجربه کاربری (UI/UX),فناوری اطلاعات و ارتباطات,نیاوران,مشخص نشده,یکشنبه ۱۰ اسفند ۱۴۰۴,یکشنبه ۱۳ اردیبهشت ۱۴۰۵,"۵۵,۰۰۰,۰۰۰","۶۸,۰۰۰,۰۰۰",یکشنبه ساعت ۰۹:۰۰ تا ۱۴:۰۰,https://mftplus.com/lesson/5605/دوره-طراحی-رابط-و-تجربه-کاربری-(UI/UX)
دوره جامع محاسبات ساختمان : ترسیم نقشه اجرایی فاز 2 سازه به کمک نرم افزار AutoCAD,علوم مهندسی,سعادت آباد (مرکزی),مشخص نشده,یکشنبه ۱۰ اسفند ۱۴۰۴,یکشنبه ۲۳ فروردین ۱۴۰۵,"۷۵,۰۰۰,۰۰۰","۷۵,۰۰۰,۰۰۰",یکشنبه ساعت ۰۹:۰۰ تا ۱۴:۰۰ | سه شنبه ساعت ۰۹:۰۰ تا ۱۴:۰۰,https://mftplus.com/lesson/5221/دوره-جامع-محاسبات-ساختمان-:-ترسیم-نقشه-اجرایی-فاز-2-سازه-به-کمک-نرم-افزار-AutoCAD
دوره جامع نقشه خوانی ساختمان,علوم مهندسی,سعادت آباد (مرکزی),مشخص نشده,یکشنبه ۱۰ اسفند ۱۴۰۴,یکشنبه ۲۳ فروردین ۱۴۰۵,"۷۹,۰۰۰,۰۰۰","۷۹,۰۰۰,۰۰۰",یکشنبه ساعت ۱۴:۳۰ تا ۲۰:۳۰ | چهارشنبه ساعت ۱۴:۳۰ تا ۲۰:۳۰,https://mftplus.com/lesson/5613/دوره-جامع-نقشه-خوانی-ساختمان
کمک های اولیه و فوریت های پزشکی,دانش سلامت,باملند(شمال غرب),مشخص نشده,یکشنبه ۱۰ اسفند ۱۴۰۴,یکشنبه ۲۰ اردیبهشت ۱۴۰۵,"۴۵,۵۰۰,۰۰۰","۴۵,۵۰۰,۰۰۰",یکشنبه ساعت ۱۷:۰۰ تا ۲۰:۰۰ | سه شنبه ساعت ۱۷:۰۰ تا ۲۰:۰۰,https://mftplus.com/lesson/341612128/کمک-های-اولیه-و-فوریت-های-پزشکی
Microsoft Office Excel 2021 Expert,فناوری اطلاعات و ارتباطات,نیاوران,مشخص نشده,یکشنبه ۱۰ اسفند ۱۴۰۴,یکشنبه ۱۳ اردیبهشت ۱۴۰۵,"۳۵,۰۰۰,۰۰۰","۴۴,۰۰۰,۰۰۰",یکشنبه ساعت ۱۷:۰۰ تا ۲۱:۰۰,https://mftplus.com/lesson/5619/Microsoft-Office-Excel-2021-Expert
Network+,فناوری اطلاعات و ارتباطات,پارک ساعی,مشخص نشده,یکشنبه ۱۰ اسفند ۱۴۰۴,یکشنبه ۳۰ فروردین ۱۴۰۵,"۱۵,۰۰۰,۰۰۰","۲۰,۰۰۰,۰۰۰",یکشنبه ساعت ۱۷:۳۰ تا ۲۰:۳۰ | سه شنبه ساعت ۱۷:۳۰ تا ۲۰:۳۰,https://mftplus.com/lesson/131612129/Network+
Sketchup & Vray,معماری,پارک ساعی,مشخص نشده,یکشنبه ۱۰ اسفند ۱۴۰۴,یکشنبه ۱۳ اردیبهشت ۱۴۰۵,"۶۹,۰۰۰,۰۰۰","۶۹,۰۰۰,۰۰۰",یکشنبه ساعت ۱۷:۳۰ تا ۲۰:۳۰ | سه شنبه ساعت ۱۷:۳۰ تا ۲۰:۳۰,https://mftplus.com/lesson/391412133/Sketchup-&-Vray
قانون پایانه های فروشگاهی و سامانه مودیان,علوم مالی و حسابداری,بلوار کاوه(قیطریه),مشخص نشده,یکشنبه ۱۰ اسفند ۱۴۰۴,یکشنبه ۱۷ اسفند ۱۴۰۴,"۱۵,۹۰۰,۰۰۰","۱۵,۹۰۰,۰۰۰",یکشنبه ساعت ۱۷:۰۰ تا ۲۰:۰۰ | سه شنبه ساعت ۱۷:۰۰ تا ۲۰:۰۰,https://mftplus.com/lesson/5207/قانون-پایانه-های-فروشگاهی-و-سامانه-مودیان
Programming with Python,فناوری اطلاعات و ارتباطات,باملند(شمال غرب),مشخص نشده,یکشنبه ۱۰ اسفند ۱۴۰۴,یکشنبه ۳ خرداد ۱۴۰۵,"۸۸,۰۰۰,۰۰۰","۸۸,۰۰۰,۰۰۰",یکشنبه ساعت ۱۷:۰۰ تا ۲۰:۰۰ | سه شنبه ساعت ۱۷:۰۰ تا ۲۰:۰۰,https://mftplus.com/lesson/5679/Programming-with-Python
طراحی نما ویژه بازار کار,معماری,سعادت آباد (مرکزی),مشخص نشده,یکشنبه ۱۰ اسفند ۱۴۰۴,یکشنبه ۱۳ اردیبهشت ۱۴۰۵,"۱۰۲,۰۰۰,۰۰۰","۱۰۲,۰۰۰,۰۰۰",یکشنبه ساعت ۱۷:۳۰ تا ۲۰:۳۰ | سه شنبه ساعت ۱۷:۳۰ تا ۲۰:۳۰,https://mftplus.com/lesson/4431/طراحی-نما-ویژه-بازار-کار
طراحی معماری و دکوراسیون داخلی متوسط,معماری,سعادت آباد (مرکزی),مشخص نشده,یکشنبه ۱۰ اسفند ۱۴۰۴,سه شنبه ۲۰ مرداد ۱۴۰۵,"۲۰۶,۰۰۰,۰۰۰","۲۰۶,۰۰۰,۰۰۰",یکشنبه ساعت ۱۷:۳۰ تا ۲۰:۳۰ | سه شنبه ساعت ۱۷:۳۰ تا ۲۰:۳۰,https://mftplus.com/lesson/391212126/طراحی-معماری-و-دکوراسیون-داخلی-متوسط
ورکشاپ تخصصی صبحانه,تشریفات و گردشگری,تهرانپارس,مشخص نشده,یکشنبه ۱۰ اسفند ۱۴۰۴,یکشنبه ۱۷ اسفند ۱۴۰۴,"۶۳,۰۰۰,۰۰۰","۶۳,۰۰۰,۰۰۰",یکشنبه ساعت ۱۰:۳۰ تا ۱۴:۳۰,https://mftplus.com/lesson/5236/ورکشاپ-تخصصی-صبحانه
Responsive & Bootstrap (Web Design II),فناوری اطلاعات و ارتباطات,نیاوران,مشخص نشده,یکشنبه ۱۰ اسفند ۱۴۰۴,سه شنبه ۱۵ اردیبهشت ۱۴۰۵,"۵۰,۰۰۰,۰۰۰","۶۳,۰۰۰,۰۰۰",یکشنبه ساعت ۱۴:۰۰ تا ۱۷:۰۰ | سه شنبه ساعت ۱۴:۰۰ تا ۱۷:۰۰,https://mftplus.com/lesson/6457/Responsive-&-Bootstrap-(Web-Design-II)
تولید محتوای ویدیویی,هنر و سینما,بلوار کاوه(قیطریه),مشخص نشده,یکشنبه ۱۰ اسفند ۱۴۰۴,سه شنبه ۸ اردیبهشت ۱۴۰۵,"۹۷,۰۰۰,۰۰۰","۹۷,۰۰۰,۰۰۰",یکشنبه ساعت ۰۹:۰۰ تا ۱۴:۰۰ | سه شنبه ساعت ۰۹:۰۰ تا ۱۴:۰۰,https://mftplus.com/lesson/6518/تولید-محتوای-ویدیویی
دوره جامع طراحی لباس,فناوری مد و پوشاک,نیاوران,مشخص نشده,یکشنبه ۱۰ اسفند ۱۴۰۴,سه شنبه ۱۷ آذر ۱۴۰۵,"۲۶۱,۰۰۰,۰۰۰","۲۶۱,۰۰۰,۰۰۰",یکشنبه ساعت ۱۷:۰۰ تا ۲۱:۰۰ | سه شنبه ساعت ۱۷:۰۰ تا ۲۱:۰۰,https://mftplus.com/lesson/6321/دوره-جامع-طراحی-لباس
نرم افزار Lumion,معماری,نیاوران,مشخص نشده,یکشنبه ۱۰ اسفند ۱۴۰۴,یکشنبه ۱۳ اردیبهشت ۱۴۰۵,"۶۶,۰۰۰,۰۰۰","۶۶,۰۰۰,۰۰۰",یکشنبه ساعت ۱۷:۰۰ تا ۲۱:۰۰,https://mftplus.com/lesson/391412154/نرم-افزار-Lumion
Data Analysis with Python,فناوری اطلاعات و ارتباطات,بلوار کاوه(قیطریه),مشخص نشده,یکشنبه ۱۰ اسفند ۱۴۰۴,یکشنبه ۲۷ اردیبهشت ۱۴۰۵,"۴۰,۰۰۰,۰۰۰","۵۰,۰۰۰,۰۰۰",یکشنبه ساعت ۱۷:۰۰ تا ۲۰:۰۰,https://mftplus.com/lesson/5544/Data-Analysis-with-Python
عکاسی پرتره,کودک و نوجوان,سعادت آباد (مرکزی),سعید اهری,یکشنبه ۱۰ اسفند ۱۴۰۴,یکشنبه ۲۰ اردیبهشت ۱۴۰۵,"۱۱۹,۹۰۰,۰۰۰","۱۱۹,۹۰۰,۰۰۰",یکشنبه ساعت ۱۷:۳۰ تا ۲۰:۳۰,https://mftplus.com/lesson/4763/عکاسی-پرتره
طراحی معماری و دکوراسیون داخلی مقدماتی,معماری,سعادت آباد (مرکزی),مشخص نشده,یکشنبه ۱۰ اسفند ۱۴۰۴,سه شنبه ۲۰ مرداد ۱۴۰۵,"۱۷۱,۰۰۰,۰۰۰","۱۷۱,۰۰۰,۰۰۰",یکشنبه ساعت ۱۱:۰۰ تا ۱۴:۰۰ | سه شنبه ساعت ۱۱:۰۰ تا ۱۴:۰۰,https://mftplus.com/lesson/391212125/طراحی-معماری-و-دکوراسیون-داخلی-مقدماتی
V-Ray Rendering,معماری,بلوار کاوه(قیطریه),مشخص نشده,یکشنبه ۱۰ اسفند ۱۴۰۴,سه شنبه ۲۶ اسفند ۱۴۰۴,"۵۳,۰۰۰,۰۰۰","۵۳,۰۰۰,۰۰۰",یکشنبه ساعت ۰۹:۰۰ تا ۱۴:۰۰ | سه شنبه ساعت ۰۹:۰۰ تا ۱۴:۰۰,https://mftplus.com/lesson/391412125/V-Ray-Rendering
راینو در معماری,معماری,بلوار کاوه(قیطریه),مشخص نشده,یکشنبه ۱۰ اسفند ۱۴۰۴,سه شنبه ۱ اردیبهشت ۱۴۰۵,"۱۲۰,۰۰۰,۰۰۰","۱۲۰,۰۰۰,۰۰۰",یکشنبه ساعت ۰۹:۰۰ تا ۱۴:۰۰ | سه شنبه ساعت ۰۹:۰۰ تا ۱۴:۰۰,https://mftplus.com/lesson/391412135/راینو-در-معماری
3Ds Max Beginners to Advanced & V-Ray,معماری,باملند(شمال غرب),مشخص نشده,یکشنبه ۱۰ اسفند ۱۴۰۴,یکشنبه ۲۴ خرداد ۱۴۰۵,"۱۴۴,۰۰۰,۰۰۰","۱۴۴,۰۰۰,۰۰۰",یکشنبه ساعت ۱۷:۰۰ تا ۲۰:۰۰ | سه شنبه ساعت ۱۷:۰۰ تا ۲۰:۰۰,https://mftplus.com/lesson/4542/3Ds-Max-Beginners-to-Advanced-&-V-Ray
دوره جامع تعمیرات تخصصی تلفن همراه,برق و الکترونیک,سعادت آباد (مرکزی),مهدی زارع محمدجانی,یکشنبه ۱۰ اسفند ۱۴۰۴,یکشنبه ۲۰ اردیبهشت ۱۴۰۵,"۲۳۶,۰۰۰,۰۰۰","۲۳۶,۰۰۰,۰۰۰",یکشنبه ساعت ۰۹:۰۰ تا ۱۴:۰۰ | سه شنبه ساعت ۰۹:۰۰ تا ۱۴:۰۰,https://mftplus.com/lesson/4891/دوره-جامع-تعمیرات-تخصصی-تلفن-همراه
ورکشاپ تخصصی صبحانه,تشریفات و گردشگری,ونک,مشخص نشده,یکشنبه ۱۰ اسفند ۱۴۰۴,یکشنبه ۱۷ اسفند ۱۴۰۴,"۶۳,۰۰۰,۰۰۰","۶۳,۰۰۰,۰۰۰",یکشنبه ساعت ۱۰:۳۰ تا ۱۴:۳۰,https://mftplus.com/lesson/5236/ورکشاپ-تخصصی-صبحانه
پکیج طراحی کاراکتر و نقاشی دیجیتال 1,هنر و سینما,بلوار کاوه(قیطریه),مشخص نشده,یکشنبه ۱۰ اسفند ۱۴۰۴,یکشنبه ۲۸ تیر ۱۴۰۵,"۹۴,۰۰۰,۰۰۰","۹۴,۰۰۰,۰۰۰",یکشنبه ساعت ۱۴:۰۰ تا ۱۶:۰۰ | سه شنبه ساعت ۱۴:۰۰ تا ۱۶:۰۰,https://mftplus.com/lesson/3811/پکیج-طراحی-کاراکتر-و-نقاشی-دیجیتال-1
برنامه نویسی پایتون مقدماتی 2,کودک و نوجوان,بلوار کاوه(قیطریه),مشخص نشده,یکشنبه ۱۰ اسفند ۱۴۰۴,سه شنبه ۱۵ اردیبهشت ۱۴۰۵,"۶۳,۷۰۰,۰۰۰","۶۸,۴۰۰,۰۰۰",یکشنبه ساعت ۱۵:۰۰ تا ۱۷:۰۰ | سه شنبه ساعت ۱۵:۰۰ تا ۱۷:۰۰,https://mftplus.com/lesson/3971/برنامه-نویسی-پایتون-مقدماتی-2
ساخت صابون های دست ساز گیاهی 1,هنر و سینما,اسلامشهر,مشخص نشده,یکشنبه ۱۰ اسفند ۱۴۰۴,یکشنبه ۱۷ اسفند ۱۴۰۴,"۲۶,۰۰۰,۰۰۰","۲۶,۰۰۰,۰۰۰",یکشنبه ساعت ۱۲:۰۰ تا ۱۵:۰۰ | سه شنبه ساعت ۱۲:۰۰ تا ۱۵:۰۰,https://mftplus.com/lesson/6240/ساخت-صابون-های-دست-ساز-گیاهی-1
پکیج طراحی گرافیک,هنر و سینما,سعادت آباد (مرکزی),مشخص نشده,یکشنبه ۱۰ اسفند ۱۴۰۴,یکشنبه ۸ آذر ۱۴۰۵,"۲۸۳,۰۰۰,۰۰۰","۲۸۳,۰۰۰,۰۰۰",یکشنبه ساعت ۱۷:۳۰ تا ۲۰:۳۰ | سه شنبه ساعت ۱۷:۳۰ تا ۲۰:۳۰,https://mftplus.com/lesson/4827/پکیج-طراحی-گرافیک
نرم افزار مالی سپیدار سیستم,علوم مالی و حسابداری,اکباتان,مشخص نشده,یکشنبه ۱۰ اسفند ۱۴۰۴,یکشنبه ۳۰ فروردین ۱۴۰۵,"۴۰,۰۰۰,۰۰۰","۴۰,۰۰۰,۰۰۰",یکشنبه ساعت ۱۷:۰۰ تا ۲۰:۰۰ | سه شنبه ساعت ۱۷:۰۰ تا ۲۰:۰۰,https://mftplus.com/lesson/3999/نرم-افزار-مالی-سپیدار-سیستم
فینگرفود,تشریفات و گردشگری,پارک ساعی,مشخص نشده,یکشنبه ۱۰ اسفند ۱۴۰۴,سه شنبه ۲۶ اسفند ۱۴۰۴,"۱۰۴,۰۰۰,۰۰۰","۱۰۴,۰۰۰,۰۰۰",یکشنبه ساعت ۱۲:۰۰ تا ۱۶:۰۰ | سه شنبه ساعت ۱۲:۰۰ تا ۱۶:۰۰,https://mftplus.com/lesson/3822/فینگرفود
ماساژ شیاتسو (ماساژ فشاری) گرید 2,دانش سلامت,اکباتان,مشخص نشده,یکشنبه ۱۰ اسفند ۱۴۰۴,دوشنبه ۱۱ اسفند ۱۴۰۴,"۴۷,۹۰۰,۰۰۰","۴۷,۹۰۰,۰۰۰",یکشنبه ساعت ۰۹:۰۰ تا ۱۷:۰۰ | دوشنبه ساعت ۰۹:۰۰ تا ۱۷:۰۰,https://mftplus.com/lesson/4719/ماساژ-شیاتسو-(ماساژ-فشاری)-گرید-2
اتوکد دوبعدی معماری,معماری,انقلاب,مشخص نشده,یکشنبه ۱۰ اسفند ۱۴۰۴,یکشنبه ۱۳ اردیبهشت ۱۴۰۵,"۷۵,۰۰۰,۰۰۰","۷۵,۰۰۰,۰۰۰",یکشنبه ساعت ۱۷:۳۰ تا ۲۰:۳۰ | سه شنبه ساعت ۱۷:۳۰ تا ۲۰:۳۰,https://mftplus.com/lesson/391412131/اتوکد-دوبعدی-معماری
ماساژ شیاتسو (ماساژ فشاری) گرید 2,دانش سلامت,بلوار کاوه(قیطریه),مشخص نشده,یکشنبه ۱۰ اسفند ۱۴۰۴,دوشنبه ۱۱ اسفند ۱۴۰۴,"۴۷,۹۰۰,۰۰۰","۴۷,۹۰۰,۰۰۰",یکشنبه ساعت ۰۹:۰۰ تا ۱۷:۰۰ | دوشنبه ساعت ۰۹:۰۰ تا ۱۷:۰۰,https://mftplus.com/lesson/4719/ماساژ-شیاتسو-(ماساژ-فشاری)-گرید-2
مراقبت زیبایی دست و ناخن سطح 1 و 2,دانش سلامت,میرداماد,مشخص نشده,یکشنبه ۱۰ اسفند ۱۴۰۴,سه شنبه ۱ اردیبهشت ۱۴۰۵,"۱۶۱,۲۰۰,۰۰۰","۱۶۱,۲۰۰,۰۰۰",یکشنبه ساعت ۰۹:۰۰ تا ۱۷:۰۰ | سه شنبه ساعت ۰۹:۰۰ تا ۱۷:۰۰,https://mftplus.com/lesson/5633/مراقبت-زیبایی-دست-و-ناخن-سطح-1-و-2
دوره جامع تعمیرات تخصصی تلفن همراه,برق و الکترونیک,میرداماد,مشخص نشده,یکشنبه ۱۰ اسفند ۱۴۰۴,یکشنبه ۲۴ خرداد ۱۴۰۵,"۲۳۶,۰۰۰,۰۰۰","۲۳۶,۰۰۰,۰۰۰",یکشنبه ساعت ۰۸:۳۰ تا ۱۴:۳۰,https://mftplus.com/lesson/4891/دوره-جامع-تعمیرات-تخصصی-تلفن-همراه
برنامه ریزی تولید,علوم مهندسی,اکباتان,مشخص نشده,یکشنبه ۱۰ اسفند ۱۴۰۴,یکشنبه ۳۰ فروردین ۱۴۰۵,"۶۵,۰۰۰,۰۰۰","۶۵,۰۰۰,۰۰۰",یکشنبه ساعت ۱۷:۳۰ تا ۲۰:۳۰ | سه شنبه ساعت ۱۷:۳۰ تا ۲۰:۳۰,https://mftplus.com/lesson/153913123/برنامه-ریزی-تولید
تکنیک های کنترل مدارک در پروژه های مهندسی,علوم مهندسی,اکباتان,مشخص نشده,یکشنبه ۱۰ اسفند ۱۴۰۴,سه شنبه ۱۹ اسفند ۱۴۰۴,"۵۲,۵۰۰,۰۰۰","۵۲,۵۰۰,۰۰۰",یکشنبه ساعت ۱۷:۳۰ تا ۲۰:۳۰ | سه شنبه ساعت ۱۷:۳۰ تا ۲۰:۳۰,https://mftplus.com/lesson/154012132/تکنیک-های-کنترل-مدارک-در-پروژه-های-مهندسی
اتوکد دوبعدی معماری,معماری,نیاوران,مشخص نشده,یکشنبه ۱۰ اسفند ۱۴۰۴,سه شنبه ۱ اردیبهشت ۱۴۰۵,"۷۵,۰۰۰,۰۰۰","۷۵,۰۰۰,۰۰۰",یکشنبه ساعت ۱۷:۰۰ تا ۲۱:۰۰ | سه شنبه ساعت ۱۷:۰۰ تا ۲۱:۰۰,https://mftplus.com/lesson/391412131/اتوکد-دوبعدی-معماری
ضخیم دوزی زنانه,فناوری مد و پوشاک,میرداماد,مشخص نشده,یکشنبه ۱۰ اسفند ۱۴۰۴,یکشنبه ۱۱ مرداد ۱۴۰۵,"۱۴۴,۰۰۰,۰۰۰","۱۴۴,۰۰۰,۰۰۰",یکشنبه ساعت ۱۵:۰۰ تا ۲۰:۰۰,https://mftplus.com/lesson/411414165/ضخیم-دوزی-زنانه
ICDL 2021 Level 1,فناوری اطلاعات و ارتباطات,شهریار,فاطمه جعفری,یکشنبه ۱۰ اسفند ۱۴۰۴,سه شنبه ۱۲ خرداد ۱۴۰۵,"۴۴,۱۰۰,۰۰۰","۴۴,۱۰۰,۰۰۰",یکشنبه ساعت ۱۴:۰۰ تا ۱۷:۰۰ | سه شنبه ساعت ۱۴:۰۰ تا ۱۷:۰۰,https://mftplus.com/lesson/5571/ICDL-2021-Level-1
سبک شناسی,معماری,میرداماد,مشخص نشده,یکشنبه ۱۰ اسفند ۱۴۰۴,یکشنبه ۳۰ فروردین ۱۴۰۵,"۴۵,۰۰۰,۰۰۰","۴۵,۰۰۰,۰۰۰",یکشنبه ساعت ۰۹:۳۰ تا ۱۳:۳۰,https://mftplus.com/lesson/391212167/سبک-شناسی
ادمین تخصصی اینستاگرام,تولید محتوا,اکباتان,مشخص نشده,یکشنبه ۱۰ اسفند ۱۴۰۴,سه شنبه ۲۶ اسفند ۱۴۰۴,"۶۰,۰۰۰,۰۰۰","۶۰,۰۰۰,۰۰۰",یکشنبه ساعت ۰۹:۰۰ تا ۱۴:۰۰ | سه شنبه ساعت ۰۹:۰۰ تا ۱۴:۰۰,https://mftplus.com/lesson/5741/ادمین-تخصصی-اینستاگرام
متره و برآورد معماری داخلی,معماری,میرداماد,مشخص نشده,یکشنبه ۱۰ اسفند ۱۴۰۴,یکشنبه ۲۳ فروردین ۱۴۰۵,"۴۲,۰۰۰,۰۰۰","۴۲,۰۰۰,۰۰۰",یکشنبه ساعت ۰۹:۳۰ تا ۱۳:۳۰,https://mftplus.com/lesson/391212170/متره-و-برآورد-معماری-داخلی
حسابداری برای غیر حسابداران,علوم مالی و حسابداری,اکباتان,مشخص نشده,یکشنبه ۱۰ اسفند ۱۴۰۴,یکشنبه ۱۴ تیر ۱۴۰۵,"۶۷,۰۰۰,۰۰۰","۶۷,۰۰۰,۰۰۰",یکشنبه ساعت ۱۸:۰۰ تا ۲۱:۰۰,https://mftplus.com/lesson/3857/حسابداری-برای-غیر-حسابداران
قانون پایانه های فروشگاهی و سامانه مودیان,علوم مالی و حسابداری,اکباتان,مشخص نشده,یکشنبه ۱۰ اسفند ۱۴۰۴,یکشنبه ۲۴ اسفند ۱۴۰۴,"۱۵,۹۰۰,۰۰۰","۱۵,۹۰۰,۰۰۰",یکشنبه ساعت ۱۸:۰۰ تا ۲۱:۰۰,https://mftplus.com/lesson/5207/قانون-پایانه-های-فروشگاهی-و-سامانه-مودیان
ایلاستریتور,هنر و سینما,انقلاب,مشخص نشده,یکشنبه ۱۰ اسفند ۱۴۰۴,یکشنبه ۱۳ اردیبهشت ۱۴۰۵,"۴۴,۰۰۰,۰۰۰","۵۴,۰۰۰,۰۰۰",یکشنبه ساعت ۱۷:۳۰ تا ۲۰:۳۰ | سه شنبه ساعت ۱۷:۳۰ تا ۲۰:۳۰,https://mftplus.com/lesson/431314131/ایلاستریتور
Programming with Python,فناوری اطلاعات و ارتباطات,باملند(شمال غرب),مشخص نشده,یکشنبه ۱۰ اسفند ۱۴۰۴,یکشنبه ۳ خرداد ۱۴۰۵,"۸۸,۰۰۰,۰۰۰","۸۸,۰۰۰,۰۰۰",یکشنبه ساعت ۱۷:۰۰ تا ۲۰:۰۰ | سه شنبه ساعت ۱۷:۰۰ تا ۲۰:۰۰,https://mftplus.com/lesson/5679/Programming-with-Python
دوره جامع طراحی لباس,فناوری مد و پوشاک,انقلاب,مشخص نشده,یکشنبه ۱۰ اسفند ۱۴۰۴,یکشنبه ۲۶ مهر ۱۴۰۵,"۲۶۱,۰۰۰,۰۰۰","۲۶۱,۰۰۰,۰۰۰",یکشنبه ساعت ۱۴:۳۰ تا ۱۹:۳۰ | سه شنبه ساعت ۱۴:۳۰ تا ۱۹:۳۰,https://mftplus.com/lesson/6321/دوره-جامع-طراحی-لباس
طراحی لباس مقدماتی,فناوری مد و پوشاک,انقلاب,مشخص نشده,یکشنبه ۱۰ اسفند ۱۴۰۴,یکشنبه ۷ تیر ۱۴۰۵,"۱۳۵,۰۰۰,۰۰۰","۱۳۵,۰۰۰,۰۰۰",یکشنبه ساعت ۱۴:۳۰ تا ۱۹:۳۰ | سه شنبه ساعت ۱۴:۳۰ تا ۱۹:۳۰,https://mftplus.com/lesson/6311/طراحی-لباس-مقدماتی
کارگاه عکاسی پرتره,هنر و سینما,میرداماد,مشخص نشده,یکشنبه ۱۰ اسفند ۱۴۰۴,یکشنبه ۲۷ اردیبهشت ۱۴۰۵,"۸۷,۸۰۰,۰۰۰","۸۷,۸۰۰,۰۰۰",یکشنبه ساعت ۱۰:۰۰ تا ۱۴:۰۰,https://mftplus.com/lesson/431213158/کارگاه-عکاسی-پرتره
کارگاه عکاسی صنعتی و تبلیغاتی,هنر و سینما,میرداماد,مشخص نشده,یکشنبه ۱۰ اسفند ۱۴۰۴,یکشنبه ۲۴ خرداد ۱۴۰۵,"۸۸,۴۰۰,۰۰۰","۸۸,۴۰۰,۰۰۰",یکشنبه ساعت ۱۴:۰۰ تا ۱۷:۰۰,https://mftplus.com/lesson/431213166/کارگاه-عکاسی-صنعتی-و-تبلیغاتی
V-Ray Rendering,معماری,میرداماد,مشخص نشده,یکشنبه ۱۰ اسفند ۱۴۰۴,یکشنبه ۳۰ فروردین ۱۴۰۵,"۵۳,۰۰۰,۰۰۰","۵۳,۰۰۰,۰۰۰",یکشنبه ساعت ۱۷:۳۰ تا ۲۰:۳۰ | سه شنبه ساعت ۱۷:۳۰ تا ۲۰:۳۰,https://mftplus.com/lesson/391412125/V-Ray-Rendering
رتوش عکس در فتوشاپ,هنر و سینما,بلوار کاوه(قیطریه),مشخص نشده,یکشنبه ۱۰ اسفند ۱۴۰۴,یکشنبه ۱۰ خرداد ۱۴۰۵,"۴۷,۰۰۰,۰۰۰","۵۶,۰۰۰,۰۰۰",یکشنبه ساعت ۱۶:۰۰ تا ۲۰:۰۰,https://mftplus.com/lesson/431213127/رتوش-عکس-در-فتوشاپ
نرم افزار Revit معماری,معماری,سعادت آباد (مرکزی),مشخص نشده,یکشنبه ۱۰ اسفند ۱۴۰۴,سه شنبه ۲۲ اردیبهشت ۱۴۰۵,"۸۹,۰۰۰,۰۰۰","۸۹,۰۰۰,۰۰۰",یکشنبه ساعت ۱۷:۳۰ تا ۲۰:۳۰ | سه شنبه ساعت ۱۷:۳۰ تا ۲۰:۳۰,https://mftplus.com/lesson/391412129/نرم-افزار-Revit-معماری
PHP & MYSQL Web Development,فناوری اطلاعات و ارتباطات,انقلاب,مشخص نشده,یکشنبه ۱۰ اسفند ۱۴۰۴,سه شنبه ۲۶ خرداد ۱۴۰۵,"۷۹,۰۰۰,۰۰۰","۹۹,۰۰۰,۰۰۰",یکشنبه ساعت ۱۷:۳۰ تا ۲۰:۳۰ | سه شنبه ساعت ۱۷:۳۰ تا ۲۰:۳۰,https://mftplus.com/lesson/5352/PHP-&-MYSQL-Web-Development
ضخیم دوزی زنانه,فناوری مد و پوشاک,اکباتان,مشخص نشده,یکشنبه ۱۰ اسفند ۱۴۰۴,یکشنبه ۱۱ مرداد ۱۴۰۵,"۱۴۴,۰۰۰,۰۰۰","۱۴۴,۰۰۰,۰۰۰",یکشنبه ساعت ۰۹:۰۰ تا ۱۴:۰۰,https://mftplus.com/lesson/411414165/ضخیم-دوزی-زنانه
قانون پایانه های فروشگاهی و سامانه مودیان,علوم مالی و حسابداری,سعادت آباد (مرکزی),مشخص نشده,یکشنبه ۱۰ اسفند ۱۴۰۴,یکشنبه ۱۷ اسفند ۱۴۰۴,"۱۵,۹۰۰,۰۰۰","۱۵,۹۰۰,۰۰۰",یکشنبه ساعت ۱۷:۳۰ تا ۲۰:۳۰ | سه شنبه ساعت ۱۷:۳۰ تا ۲۰:۳۰,https://mftplus.com/lesson/5207/قانون-پایانه-های-فروشگاهی-و-سامانه-مودیان
ترفندهای اکسل در حسابداری,علوم مالی و حسابداری,سعادت آباد (مرکزی),مشخص نشده,یکشنبه ۱۰ اسفند ۱۴۰۴,سه شنبه ۱۹ اسفند ۱۴۰۴,"۳۴,۵۰۰,۰۰۰","۳۴,۵۰۰,۰۰۰",یکشنبه ساعت ۰۸:۰۰ تا ۱۴:۰۰ | سه شنبه ساعت ۰۸:۰۰ تا ۱۴:۰۰,https://mftplus.com/lesson/6164/ترفندهای-اکسل-در-حسابداری
طراحی لباس مقدماتی,فناوری مد و پوشاک,سعادت آباد (مرکزی),مشخص نشده,یکشنبه ۱۰ اسفند ۱۴۰۴,سه شنبه ۱۹ خرداد ۱۴۰۵,"۱۳۵,۰۰۰,۰۰۰","۱۳۵,۰۰۰,۰۰۰",یکشنبه ساعت ۰۸:۰۰ تا ۱۴:۰۰ | سه شنبه ساعت ۰۸:۰۰ تا ۱۴:۰۰,https://mftplus.com/lesson/6311/طراحی-لباس-مقدماتی
تکنسین داروخانه (نسخه خوانی),دانش سلامت,اکباتان,مشخص نشده,یکشنبه ۱۰ اسفند ۱۴۰۴,یکشنبه ۳ خرداد ۱۴۰۵,"۷۱,۵۰۰,۰۰۰","۷۱,۵۰۰,۰۰۰",یکشنبه ساعت ۱۷:۳۰ تا ۲۰:۳۰ | سه شنبه ساعت ۱۷:۳۰ تا ۲۰:۳۰,https://mftplus.com/lesson/341615130/تکنسین-داروخانه-(نسخه-خوانی)
تکنسین داروخانه (نسخه خوانی),دانش سلامت,اکباتان,مشخص نشده,یکشنبه ۱۰ اسفند ۱۴۰۴,یکشنبه ۳ خرداد ۱۴۰۵,"۷۱,۵۰۰,۰۰۰","۷۱,۵۰۰,۰۰۰",یکشنبه ساعت ۱۷:۳۰ تا ۲۰:۳۰ | سه شنبه ساعت ۱۷:۳۰ تا ۲۰:۳۰,https://mftplus.com/lesson/341615130/تکنسین-داروخانه-(نسخه-خوانی)
Wordpress & SEO PACK,فناوری اطلاعات و ارتباطات,بلوار کاوه(قیطریه),مشخص نشده,دوشنبه ۱۱ اسفند ۱۴۰۴,چهارشنبه ۳۰ اردیبهشت ۱۴۰۵,"۱۰۰,۰۰۰,۰۰۰","۱۲۴,۰۰۰,۰۰۰",دوشنبه ساعت ۱۶:۰۰ تا ۲۰:۰۰ | چهارشنبه ساعت ۱۶:۰۰ تا ۲۰:۰۰,https://mftplus.com/lesson/4669/Wordpress-&-SEO-PACK
Wordpress & WooCommerce Essential Training,فناوری اطلاعات و ارتباطات,بلوار کاوه(قیطریه),مشخص نشده,دوشنبه ۱۱ اسفند ۱۴۰۴,چهارشنبه ۲۶ فروردین ۱۴۰۵,"۴۱,۰۰۰,۰۰۰","۵۳,۰۰۰,۰۰۰",دوشنبه ساعت ۱۶:۰۰ تا ۲۰:۰۰ | چهارشنبه ساعت ۱۶:۰۰ تا ۲۰:۰۰,https://mftplus.com/lesson/5202/Wordpress-&-WooCommerce-Essential-Training
ساخت اکسسوری با سنگ مصنوعی,هنر و سینما,آیت الله کاشانی (غرب),مشخص نشده,دوشنبه ۱۱ اسفند ۱۴۰۴,دوشنبه ۱۱ اسفند ۱۴۰۴,"۲۵,۵۰۰,۰۰۰","۲۵,۵۰۰,۰۰۰",دوشنبه ساعت ۰۹:۰۰ تا ۱۹:۰۰,https://mftplus.com/lesson/6453/ساخت-اکسسوری-با-سنگ-مصنوعی
نقاشی خط 2 (کالیگرافی مدرن),هنر و سینما,بلوار کاوه(قیطریه),مشخص نشده,دوشنبه ۱۱ اسفند ۱۴۰۴,دوشنبه ۱۷ فروردین ۱۴۰۵,"۴۲,۰۰۰,۰۰۰","۴۲,۰۰۰,۰۰۰",دوشنبه ساعت ۱۶:۰۰ تا ۱۹:۰۰,https://mftplus.com/lesson/4517/نقاشی-خط-2-(کالیگرافی-مدرن)
نازکدوزی زنانه,فناوری مد و پوشاک,زعفرانیه,مشخص نشده,دوشنبه ۱۱ اسفند ۱۴۰۴,چهارشنبه ۲۰ خرداد ۱۴۰۵,"۱۳۱,۰۰۰,۰۰۰","۱۳۱,۰۰۰,۰۰۰",دوشنبه ساعت ۱۵:۰۰ تا ۲۰:۰۰ | چهارشنبه ساعت ۱۵:۰۰ تا ۲۰:۰۰,https://mftplus.com/lesson/411414164/نازکدوزی-زنانه
فتوشاپ برای معماری,معماری,بلوار کاوه(قیطریه),مشخص نشده,دوشنبه ۱۱ اسفند ۱۴۰۴,دوشنبه ۲۵ اسفند ۱۴۰۴,"۴۹,۰۰۰,۰۰۰","۴۹,۰۰۰,۰۰۰",شنبه ساعت ۰۹:۰۰ تا ۱۴:۰۰ | دوشنبه ساعت ۰۹:۰۰ تا ۱۴:۰۰,https://mftplus.com/lesson/391412134/فتوشاپ-برای-معماری
زبان چینی مبتدی 1,زبانهای خارجی,سعادت آباد (مرکزی),مشخص نشده,دوشنبه ۱۱ اسفند ۱۴۰۴,دوشنبه ۱۴ اردیبهشت ۱۴۰۵,"۶۲,۱۰۰,۰۰۰","۶۲,۱۰۰,۰۰۰",دوشنبه ساعت ۱۱:۰۰ تا ۱۴:۰۰ | چهارشنبه ساعت ۱۱:۰۰ تا ۱۴:۰۰,https://mftplus.com/lesson/232112123/زبان-چینی-مبتدی-1
طراحی نقاشی مقدماتی,هنر و سینما,پارک ساعی,مشخص نشده,دوشنبه ۱۱ اسفند ۱۴۰۴,دوشنبه ۵ مرداد ۱۴۰۵,"۳۹,۹۰۰,۰۰۰","۳۹,۹۰۰,۰۰۰",دوشنبه ساعت ۱۷:۳۰ تا ۲۰:۳۰,https://mftplus.com/lesson/431512135/طراحی-نقاشی-مقدماتی
ابزارهای هوش مصنوعی در معماری,معماری,سعادت آباد (مرکزی),مشخص نشده,دوشنبه ۱۱ اسفند ۱۴۰۴,شنبه ۲۹ فروردین ۱۴۰۵,"۷۵,۰۰۰,۰۰۰","۷۵,۰۰۰,۰۰۰",شنبه ساعت ۱۷:۳۰ تا ۲۰:۳۰ | دوشنبه ساعت ۱۷:۳۰ تا ۲۰:۳۰,https://mftplus.com/lesson/5888/ابزارهای-هوش-مصنوعی-در-معماری
دوره جامع نرم افزار Arc GIS,علوم مهندسی,البرز,مشخص نشده,دوشنبه ۱۱ اسفند ۱۴۰۴,دوشنبه ۲۵ خرداد ۱۴۰۵,"۹۹,۰۰۰,۰۰۰","۹۹,۰۰۰,۰۰۰",دوشنبه ساعت ۱۷:۰۰ تا ۲۱:۰۰,https://mftplus.com/lesson/5348/دوره-جامع-نرم-افزار-Arc-GIS
ضخیم دوزی زنانه,فناوری مد و پوشاک,نارمک,مشخص نشده,دوشنبه ۱۱ اسفند ۱۴۰۴,دوشنبه ۲۹ تیر ۱۴۰۵,"۱۴۴,۰۰۰,۰۰۰","۱۴۴,۰۰۰,۰۰۰",دوشنبه ساعت ۱۴:۰۰ تا ۱۹:۰۰,https://mftplus.com/lesson/411414165/ضخیم-دوزی-زنانه
ابزارهای هوش مصنوعی در معماری,معماری,زعفرانیه,مشخص نشده,دوشنبه ۱۱ اسفند ۱۴۰۴,شنبه ۲۹ فروردین ۱۴۰۵,"۷۵,۰۰۰,۰۰۰","۷۵,۰۰۰,۰۰۰",شنبه ساعت ۱۴:۰۰ تا ۱۷:۰۰ | دوشنبه ساعت ۱۴:۰۰ تا ۱۷:۰۰,https://mftplus.com/lesson/5888/ابزارهای-هوش-مصنوعی-در-معماری
ادمین تخصصی اینستاگرام,تولید محتوا,زعفرانیه,مشخص نشده,دوشنبه ۱۱ اسفند ۱۴۰۴,دوشنبه ۲۱ اردیبهشت ۱۴۰۵,"۶۰,۰۰۰,۰۰۰","۶۰,۰۰۰,۰۰۰",دوشنبه ساعت ۱۷:۳۰ تا ۲۱:۰۰,https://mftplus.com/lesson/5741/ادمین-تخصصی-اینستاگرام
دوره جامع آزاد کار دیجیتال مارکتینگ,تولید محتوا,زعفرانیه,مشخص نشده,دوشنبه ۱۱ اسفند ۱۴۰۴,دوشنبه ۲۳ شهریور ۱۴۰۵,"۱۹۰,۰۰۰,۰۰۰","۱۹۰,۰۰۰,۰۰۰",دوشنبه ساعت ۱۷:۳۰ تا ۲۱:۰۰ | چهارشنبه ساعت ۱۷:۳۰ تا ۲۱:۰۰,https://mftplus.com/lesson/5206/دوره-جامع-آزاد-کار-دیجیتال-مارکتینگ
طراحی وب سایت (Web Design Pack),فناوری اطلاعات و ارتباطات,نیاوران,مشخص نشده,دوشنبه ۱۱ اسفند ۱۴۰۴,دوشنبه ۱۱ آبان ۱۴۰۵,"۱۵۰,۰۰۰,۰۰۰","۱۸۷,۰۰۰,۰۰۰",دوشنبه ساعت ۰۹:۰۰ تا ۱۴:۰۰,https://mftplus.com/lesson/6459/طراحی-وب-سایت-(Web-Design-Pack)
فرز دستی,علوم مهندسی,سعادت آباد (مرکزی),مشخص نشده,دوشنبه ۱۱ اسفند ۱۴۰۴,دوشنبه ۲۴ فروردین ۱۴۰۵,"۹۵,۰۰۰,۰۰۰","۹۵,۰۰۰,۰۰۰",شنبه ساعت ۰۸:۰۰ تا ۱۴:۰۰ | دوشنبه ساعت ۰۸:۰۰ تا ۱۴:۰۰,https://mftplus.com/lesson/6211/فرز-دستی
حسابداری مالی خدماتی,علوم مالی و حسابداری,بلوار کاوه(قیطریه),مشخص نشده,دوشنبه ۱۱ اسفند ۱۴۰۴,دوشنبه ۷ اردیبهشت ۱۴۰۵,"۵۳,۹۰۰,۰۰۰","۵۳,۹۰۰,۰۰۰",شنبه ساعت ۱۶:۰۰ تا ۲۰:۰۰ | دوشنبه ساعت ۱۶:۰۰ تا ۲۰:۰۰,https://mftplus.com/lesson/3865/حسابداری-مالی-خدماتی
برنامه ریزی و کنترل پروژه با نرم افزار MS Project,علوم مهندسی,سیدخندان,مشخص نشده,دوشنبه ۱۱ اسفند ۱۴۰۴,شنبه ۱۲ اردیبهشت ۱۴۰۵,"۶۵,۰۰۰,۰۰۰","۶۵,۰۰۰,۰۰۰",شنبه ساعت ۱۷:۳۰ تا ۲۰:۳۰ | دوشنبه ساعت ۱۷:۳۰ تا ۲۰:۳۰,https://mftplus.com/lesson/154012124/برنامه-ریزی-و-کنترل-پروژه-با-نرم-افزار-MS-Project
سئو و بهینه سازی موتورهای جست و جو (SEO),فناوری اطلاعات و ارتباطات,بلوار کاوه(قیطریه),مشخص نشده,دوشنبه ۱۱ اسفند ۱۴۰۴,دوشنبه ۷ اردیبهشت ۱۴۰۵,"۶۵,۰۰۰,۰۰۰","۸۳,۰۰۰,۰۰۰",دوشنبه ساعت ۱۰:۰۰ تا ۱۶:۰۰,https://mftplus.com/lesson/5303/سئو-و-بهینه-سازی-موتورهای-جست-و-جو-(SEO)
طراحی طلا و جواهرات به کمک نرم افزار MATRIX - سطح دو,علوم مهندسی,سعادت آباد (مرکزی),مشخص نشده,دوشنبه ۱۱ اسفند ۱۴۰۴,دوشنبه ۳۱ فروردین ۱۴۰۵,"۱۱۲,۵۰۰,۰۰۰","۱۱۲,۵۰۰,۰۰۰",دوشنبه ساعت ۰۸:۰۰ تا ۱۴:۰۰ | چهارشنبه ساعت ۰۸:۰۰ تا ۱۴:۰۰,https://mftplus.com/lesson/6278/طراحی-طلا-و-جواهرات-به-کمک-نرم-افزار-MATRIX-سطح-دو
MATLAB سطح یک,علوم مهندسی,میرداماد,مشخص نشده,دوشنبه ۱۱ اسفند ۱۴۰۴,دوشنبه ۴ خرداد ۱۴۰۵,"۵۹,۰۰۰,۰۰۰","۵۹,۰۰۰,۰۰۰",دوشنبه ساعت ۱۸:۰۰ تا ۲۱:۰۰,https://mftplus.com/lesson/154212123/MATLAB-سطح-یک
تکنسین داروخانه (نسخه خوانی),دانش سلامت,باملند(شمال غرب),مشخص نشده,دوشنبه ۱۱ اسفند ۱۴۰۴,دوشنبه ۱۱ خرداد ۱۴۰۵,"۷۱,۵۰۰,۰۰۰","۷۱,۵۰۰,۰۰۰",دوشنبه ساعت ۱۵:۰۰ تا ۲۰:۰۰,https://mftplus.com/lesson/341615130/تکنسین-داروخانه-(نسخه-خوانی)
مراقبت از پوست، مو و زیبایی,دانش سلامت,باملند(شمال غرب),مشخص نشده,دوشنبه ۱۱ اسفند ۱۴۰۴,دوشنبه ۱ تیر ۱۴۰۵,"۱۲۶,۴۰۰,۰۰۰","۱۲۶,۴۰۰,۰۰۰",دوشنبه ساعت ۱۶:۰۰ تا ۲۰:۰۰,https://mftplus.com/lesson/341513127/مراقبت-از-پوست،-مو-و-زیبایی
حسابداری ویژه بازار کار,علوم مالی و حسابداری,تهرانپارس,افشین نصرتی,دوشنبه ۱۱ اسفند ۱۴۰۴,شنبه ۱۷ مرداد ۱۴۰۵,"۱۷۷,۶۰۰,۰۰۰","۱۷۷,۶۰۰,۰۰۰",شنبه ساعت ۰۸:۰۰ تا ۱۱:۰۰ | دوشنبه ساعت ۰۸:۰۰ تا ۱۱:۰۰ | چهارشنبه ساعت ۰۸:۰۰ تا ۱۱:۰۰,https://mftplus.com/lesson/3869/حسابداری-ویژه-بازار-کار
مکاتبات تجاری به زبان انگلیسی,مدیریت و کسب و کار,نیاوران,پریسه مقصودی نژاد,دوشنبه ۱۱ اسفند ۱۴۰۴,دوشنبه ۲۴ فروردین ۱۴۰۵,"۴۶,۲۰۰,۰۰۰","۴۶,۲۰۰,۰۰۰",دوشنبه ساعت ۱۷:۳۰ تا ۲۰:۳۰ | چهارشنبه ساعت ۱۷:۳۰ تا ۲۰:۳۰,https://mftplus.com/lesson/4382/مکاتبات-تجاری-به-زبان-انگلیسی
دوره جامع طراحی لباس,فناوری مد و پوشاک,بلوار کاوه(قیطریه),مشخص نشده,دوشنبه ۱۱ اسفند ۱۴۰۴,دوشنبه ۶ مهر ۱۴۰۵,"۲۶۱,۰۰۰,۰۰۰","۲۶۱,۰۰۰,۰۰۰",دوشنبه ساعت ۰۹:۰۰ تا ۱۴:۰۰ | چهارشنبه ساعت ۰۹:۰۰ تا ۱۴:۰۰,https://mftplus.com/lesson/6321/دوره-جامع-طراحی-لباس
طراحی لباس مقدماتی,فناوری مد و پوشاک,بلوار کاوه(قیطریه),مشخص نشده,دوشنبه ۱۱ اسفند ۱۴۰۴,دوشنبه ۲۵ خرداد ۱۴۰۵,"۱۳۵,۰۰۰,۰۰۰","۱۳۵,۰۰۰,۰۰۰",دوشنبه ساعت ۰۹:۰۰ تا ۱۴:۰۰ | چهارشنبه ساعت ۰۹:۰۰ تا ۱۴:۰۰,https://mftplus.com/lesson/6311/طراحی-لباس-مقدماتی
اجرا، فن بیان و سخنوری,هنر و سینما,بلوار کاوه(قیطریه),مشخص نشده,دوشنبه ۱۱ اسفند ۱۴۰۴,دوشنبه ۳۱ فروردین ۱۴۰۵,"۵۶,۰۰۰,۰۰۰","۵۶,۰۰۰,۰۰۰",دوشنبه ساعت ۱۴:۰۰ تا ۱۸:۰۰,https://mftplus.com/lesson/3962/اجرا،-فن-بیان-و-سخنوری
Wordpress Advanced,فناوری اطلاعات و ارتباطات,سیدخندان,مشخص نشده,دوشنبه ۱۱ اسفند ۱۴۰۴,دوشنبه ۱۴ اردیبهشت ۱۴۰۵,"۷۰,۰۰۰,۰۰۰","۷۰,۰۰۰,۰۰۰",دوشنبه ساعت ۱۶:۰۰ تا ۲۰:۳۰,https://mftplus.com/lesson/5203/Wordpress-Advanced
پکیج طراحی دکوراسیون داخلی از مقدماتی تا پیشرفته,معماری,نیاوران,مشخص نشده,دوشنبه ۱۱ اسفند ۱۴۰۴,شنبه ۱۵ اسفند ۱۴۰۵,"۵۲۹,۰۰۰,۰۰۰","۵۲۹,۰۰۰,۰۰۰",شنبه ساعت ۱۷:۰۰ تا ۲۱:۰۰ | دوشنبه ساعت ۱۷:۰۰ تا ۲۱:۰۰,https://mftplus.com/lesson/5999/پکیج-طراحی-دکوراسیون-داخلی-از-مقدماتی-تا-پیشرفته
طراحی معماری و دکوراسیون داخلی مقدماتی,معماری,نیاوران,مشخص نشده,دوشنبه ۱۱ اسفند ۱۴۰۴,دوشنبه ۱۵ تیر ۱۴۰۵,"۱۷۱,۰۰۰,۰۰۰","۱۷۱,۰۰۰,۰۰۰",شنبه ساعت ۱۷:۰۰ تا ۲۱:۰۰ | دوشنبه ساعت ۱۷:۰۰ تا ۲۱:۰۰,https://mftplus.com/lesson/391212125/طراحی-معماری-و-دکوراسیون-داخلی-مقدماتی
دوره ی جامع بازسازی و اجرای پروژه های طراحی داخلی,معماری,نیاوران,مشخص نشده,دوشنبه ۱۱ اسفند ۱۴۰۴,دوشنبه ۲۸ اردیبهشت ۱۴۰۵,"۱۴۸,۰۰۰,۰۰۰","۱۴۸,۰۰۰,۰۰۰",دوشنبه ساعت ۱۷:۰۰ تا ۲۱:۰۰,https://mftplus.com/lesson/391612165/دوره-ی-جامع-بازسازی-و-اجرای-پروژه-های-طراحی-داخلی
نرم افزار Indesign,هنر و سینما,سیدخندان,مشخص نشده,دوشنبه ۱۱ اسفند ۱۴۰۴,چهارشنبه ۱۹ فروردین ۱۴۰۵,"۴۷,۰۰۰,۰۰۰","۴۷,۰۰۰,۰۰۰",شنبه ساعت ۱۴:۳۰ تا ۱۷:۳۰ | دوشنبه ساعت ۱۴:۳۰ تا ۱۷:۳۰ | چهارشنبه ساعت ۱۴:۳۰ تا ۱۷:۳۰,https://mftplus.com/lesson/431313132/نرم-افزار-Indesign
ICDL Pack 2021,فناوری اطلاعات و ارتباطات,پرند,مشخص نشده,دوشنبه ۱۱ اسفند ۱۴۰۴,چهارشنبه ۱۰ تیر ۱۴۰۵,"۸۱,۰۰۰,۰۰۰","۸۱,۰۰۰,۰۰۰",شنبه ساعت ۰۹:۰۰ تا ۱۲:۰۰ | دوشنبه ساعت ۰۹:۰۰ تا ۱۲:۰۰ | چهارشنبه ساعت ۰۹:۰۰ تا ۱۲:۰۰,https://mftplus.com/lesson/5575/ICDL-Pack-2021
ورکشاپ منجوق بافی میوکی به روش بافت آجری,فناوری مد و پوشاک,بلوار کاوه(قیطریه),مشخص نشده,دوشنبه ۱۱ اسفند ۱۴۰۴,دوشنبه ۱۱ اسفند ۱۴۰۴,"۳۴,۰۰۰,۰۰۰","۳۴,۰۰۰,۰۰۰",دوشنبه ساعت ۰۹:۰۰ تا ۱۷:۰۰,https://mftplus.com/lesson/6291/ورکشاپ-منجوق-بافی-میوکی-به-روش-بافت-آجری
پریمیر مقدماتی,کودک و نوجوان,بلوار کاوه(قیطریه),مشخص نشده,دوشنبه ۱۱ اسفند ۱۴۰۴,دوشنبه ۷ اردیبهشت ۱۴۰۵,"۵۵,۲۰۰,۰۰۰","۵۵,۲۰۰,۰۰۰",دوشنبه ساعت ۱۷:۰۰ تا ۲۰:۰۰,https://mftplus.com/lesson/4148/پریمیر-مقدماتی
دوره جامع آزاد کار دیجیتال مارکتینگ,تولید محتوا,بلوار کاوه(قیطریه),مشخص نشده,دوشنبه ۱۱ اسفند ۱۴۰۴,دوشنبه ۲۵ آبان ۱۴۰۵,"۱۹۰,۰۰۰,۰۰۰","۱۹۰,۰۰۰,۰۰۰",دوشنبه ساعت ۰۹:۰۰ تا ۱۴:۰۰,https://mftplus.com/lesson/5206/دوره-جامع-آزاد-کار-دیجیتال-مارکتینگ
مدیریت بازاریابی دیجیتال,مدیریت و کسب و کار,بلوار کاوه(قیطریه),مشخص نشده,دوشنبه ۱۱ اسفند ۱۴۰۴,دوشنبه ۲۸ اردیبهشت ۱۴۰۵,"۱۱۸,۸۰۰,۰۰۰","۱۱۸,۸۰۰,۰۰۰",دوشنبه ساعت ۰۹:۰۰ تا ۱۴:۰۰,https://mftplus.com/lesson/4375/مدیریت-بازاریابی-دیجیتال
متره، برآورد و صورت وضعیت نویسی عمران,علوم مهندسی,سعادت آباد (مرکزی),مشخص نشده,دوشنبه ۱۱ اسفند ۱۴۰۴,شنبه ۵ اردیبهشت ۱۴۰۵,"۷۵,۰۰۰,۰۰۰","۷۵,۰۰۰,۰۰۰",شنبه ساعت ۱۱:۰۰ تا ۱۴:۰۰ | دوشنبه ساعت ۱۱:۰۰ تا ۱۴:۰۰ | چهارشنبه ساعت ۱۱:۰۰ تا ۱۴:۰۰,https://mftplus.com/lesson/153813123/متره،-برآورد-و-صورت-وضعیت-نویسی-عمران
MTCRE,فناوری اطلاعات و ارتباطات,پارک ساعی,مشخص نشده,دوشنبه ۱۱ اسفند ۱۴۰۴,دوشنبه ۳۱ فروردین ۱۴۰۵,"۲۸,۰۰۰,۰۰۰","۳۵,۰۰۰,۰۰۰",دوشنبه ساعت ۱۷:۰۰ تا ۲۱:۰۰,https://mftplus.com/lesson/131618135/MTCRE
مدل سازی 3 بعدی و انیمیشن معماری Enscape&SketchUP,معماری,بلوار کاوه(قیطریه),مشخص نشده,دوشنبه ۱۱ اسفند ۱۴۰۴,دوشنبه ۲۴ فروردین ۱۴۰۵,"۷۵,۰۰۰,۰۰۰","۷۵,۰۰۰,۰۰۰",دوشنبه ساعت ۰۹:۰۰ تا ۱۴:۰۰ | چهارشنبه ساعت ۰۹:۰۰ تا ۱۴:۰۰,https://mftplus.com/lesson/6093/مدل-سازی-3-بعدی-و-انیمیشن-معماری-Enscape&SketchUP
الکترونیک مقدماتی,برق و الکترونیک,سعادت آباد (مرکزی),مشخص نشده,دوشنبه ۱۱ اسفند ۱۴۰۴,چهارشنبه ۲۶ فروردین ۱۴۰۵,"۶۳,۰۰۰,۰۰۰","۶۳,۰۰۰,۰۰۰",دوشنبه ساعت ۱۴:۳۰ تا ۲۰:۳۰ | چهارشنبه ساعت ۱۴:۳۰ تا ۲۰:۳۰,https://mftplus.com/lesson/5230/الکترونیک-مقدماتی
+Security,فناوری اطلاعات و ارتباطات,انقلاب,مشخص نشده,دوشنبه ۱۱ اسفند ۱۴۰۴,شنبه ۲۹ فروردین ۱۴۰۵,"۲۹,۰۰۰,۰۰۰","۳۶,۰۰۰,۰۰۰",شنبه ساعت ۱۷:۳۰ تا ۲۰:۳۰ | دوشنبه ساعت ۱۷:۳۰ تا ۲۰:۳۰,https://mftplus.com/lesson/132117129/+Security
CEH v.12 (Certified Ethical Hacker),فناوری اطلاعات و ارتباطات,میرداماد,مشخص نشده,دوشنبه ۱۱ اسفند ۱۴۰۴,دوشنبه ۲۵ خرداد ۱۴۰۵,"۵۴,۰۰۰,۰۰۰","۶۸,۰۰۰,۰۰۰",دوشنبه ساعت ۱۷:۳۰ تا ۲۰:۳۰,https://mftplus.com/lesson/5173/CEH-v.12-(Certified-Ethical-Hacker)
زبان ایتالیایی B2,زبانهای خارجی,سعادت آباد (مرکزی),مشخص نشده,دوشنبه ۱۱ اسفند ۱۴۰۴,شنبه ۶ تیر ۱۴۰۵,"۱۰۵,۰۰۰,۰۰۰","۱۰۵,۰۰۰,۰۰۰",شنبه ساعت ۱۴:۳۰ تا ۱۷:۳۰ | دوشنبه ساعت ۱۴:۳۰ تا ۱۷:۳۰,https://mftplus.com/lesson/6130/زبان-ایتالیایی-B2
نصب، راه اندازی، عیب یابی و تعمیر کولر گازی,علوم مهندسی,اسلامشهر,مشخص نشده,دوشنبه ۱۱ اسفند ۱۴۰۴,شنبه ۱۲ اردیبهشت ۱۴۰۵,"۱۰۹,۰۰۰,۰۰۰","۱۰۹,۰۰۰,۰۰۰",شنبه ساعت ۱۸:۰۰ تا ۲۱:۰۰ | دوشنبه ساعت ۱۸:۰۰ تا ۲۱:۰۰,https://mftplus.com/lesson/4909/نصب،-راه-اندازی،-عیب-یابی-و-تعمیر-کولر-گازی
(HTML & CSS (Web Design I,فناوری اطلاعات و ارتباطات,نیاوران,مشخص نشده,دوشنبه ۱۱ اسفند ۱۴۰۴,دوشنبه ۱۱ خرداد ۱۴۰۵,"۴۵,۰۰۰,۰۰۰","۵۶,۰۰۰,۰۰۰",دوشنبه ساعت ۰۹:۰۰ تا ۱۴:۰۰,https://mftplus.com/lesson/6456/(HTML-&-CSS-(Web-Design-I
تشخیص صلاحیت پیمانکاران در سامانه ساجات,علوم مهندسی,ونک,مشخص نشده,دوشنبه ۱۱ اسفند ۱۴۰۴,دوشنبه ۱۱ اسفند ۱۴۰۴,"۲۳,۸۰۰,۰۰۰","۲۳,۸۰۰,۰۰۰",دوشنبه ساعت ۱۶:۰۰ تا ۲۰:۰۰,https://mftplus.com/lesson/4449/تشخیص-صلاحیت-پیمانکاران-در-سامانه-ساجات
تغذیه و تناسب اندام,دانش سلامت,بلوار کاوه(قیطریه),مشخص نشده,دوشنبه ۱۱ اسفند ۱۴۰۴,شنبه ۲۶ اردیبهشت ۱۴۰۵,"۵۴,۹۰۰,۰۰۰","۵۴,۹۰۰,۰۰۰",شنبه ساعت ۱۵:۰۰ تا ۱۹:۰۰ | دوشنبه ساعت ۱۵:۰۰ تا ۱۹:۰۰,https://mftplus.com/lesson/4263/تغذیه-و-تناسب-اندام
تصویربرداری,هنر و سینما,سعادت آباد (مرکزی),مشخص نشده,دوشنبه ۱۱ اسفند ۱۴۰۴,دوشنبه ۱۴ اردیبهشت ۱۴۰۵,"۸۸,۰۰۰,۰۰۰","۸۸,۰۰۰,۰۰۰",دوشنبه ساعت ۱۵:۰۰ تا ۲۰:۰۰,https://mftplus.com/lesson/431213173/تصویربرداری
طراحی مکانیکی به کمک SOLIDWORKS I,علوم مهندسی,ونک,مشخص نشده,دوشنبه ۱۱ اسفند ۱۴۰۴,شنبه ۵ اردیبهشت ۱۴۰۵,"۷۹,۰۰۰,۰۰۰","۷۹,۰۰۰,۰۰۰",شنبه ساعت ۱۷:۰۰ تا ۲۰:۰۰ | دوشنبه ساعت ۱۷:۰۰ تا ۲۰:۰۰ | چهارشنبه ساعت ۱۷:۰۰ تا ۲۰:۰۰,https://mftplus.com/lesson/153718144/طراحی-مکانیکی-به-کمک-SOLIDWORKS-I
مدیریت برند,مدیریت و کسب و کار,زعفرانیه,مشخص نشده,دوشنبه ۱۱ اسفند ۱۴۰۴,دوشنبه ۱۷ فروردین ۱۴۰۵,"۴۴,۰۰۰,۰۰۰","۵۲,۹۰۰,۰۰۰",شنبه ساعت ۱۴:۰۰ تا ۱۷:۰۰ | دوشنبه ساعت ۱۴:۰۰ تا ۱۷:۰۰,https://mftplus.com/lesson/4928/مدیریت-برند
طراحی روشنایی با نرم‌افزارهای Dialux و Dialux evo,برق و الکترونیک,سعادت آباد (مرکزی),مشخص نشده,دوشنبه ۱۱ اسفند ۱۴۰۴,دوشنبه ۲۱ اردیبهشت ۱۴۰۵,"۸۷,۰۰۰,۰۰۰","۸۷,۰۰۰,۰۰۰",دوشنبه ساعت ۱۴:۳۰ تا ۲۰:۳۰,https://mftplus.com/lesson/4674/طراحی-روشنایی-با-نرم‌افزارهای-Dialux-و-Dialux-evo
عکاسی دیجیتال,هنر و سینما,سعادت آباد (مرکزی),مشخص نشده,دوشنبه ۱۱ اسفند ۱۴۰۴,دوشنبه ۸ تیر ۱۴۰۵,"۸۵,۹۰۰,۰۰۰","۸۵,۹۰۰,۰۰۰",دوشنبه ساعت ۱۵:۰۰ تا ۲۰:۰۰,https://mftplus.com/lesson/4919/عکاسی-دیجیتال
نقاشی خط 2 (کالیگرافی مدرن),هنر و سینما,سعادت آباد (مرکزی),مشخص نشده,دوشنبه ۱۱ اسفند ۱۴۰۴,دوشنبه ۱۷ فروردین ۱۴۰۵,"۴۲,۰۰۰,۰۰۰","۴۲,۰۰۰,۰۰۰",دوشنبه ساعت ۱۷:۳۰ تا ۲۰:۳۰,https://mftplus.com/lesson/4517/نقاشی-خط-2-(کالیگرافی-مدرن)
اسکیس و راندو,معماری,ونک,مشخص نشده,دوشنبه ۱۱ اسفند ۱۴۰۴,شنبه ۲۹ فروردین ۱۴۰۵,"۵۹,۰۰۰,۰۰۰","۵۹,۰۰۰,۰۰۰",شنبه ساعت ۱۸:۰۰ تا ۲۱:۰۰ | دوشنبه ساعت ۱۸:۰۰ تا ۲۱:۰۰,https://mftplus.com/lesson/5233/اسکیس-و-راندو
نقاشی روی پارچه,فناوری مد و پوشاک,میرداماد,مشخص نشده,دوشنبه ۱۱ اسفند ۱۴۰۴,دوشنبه ۴ خرداد ۱۴۰۵,"۵۰,۰۰۰,۰۰۰","۵۰,۰۰۰,۰۰۰",دوشنبه ساعت ۱۶:۰۰ تا ۲۰:۰۰,https://mftplus.com/lesson/411412176/نقاشی-روی-پارچه
اجرا، فن بیان و سخنوری,هنر و سینما,پارک ساعی,مشخص نشده,دوشنبه ۱۱ اسفند ۱۴۰۴,دوشنبه ۱۴ اردیبهشت ۱۴۰۵,"۵۶,۰۰۰,۰۰۰","۵۶,۰۰۰,۰۰۰",دوشنبه ساعت ۱۷:۰۰ تا ۲۰:۰۰,https://mftplus.com/lesson/3962/اجرا،-فن-بیان-و-سخنوری
پایان نامه,معماری,میرداماد,مشخص نشده,دوشنبه ۱۱ اسفند ۱۴۰۴,دوشنبه ۷ اردیبهشت ۱۴۰۵,"۴۷,۰۰۰,۰۰۰","۴۷,۰۰۰,۰۰۰",دوشنبه ساعت ۱۷:۳۰ تا ۲۰:۳۰,https://mftplus.com/lesson/391212169/پایان-نامه
گلسازی با فوم بلندر (مقدماتی),هنر و سینما,اسلامشهر,مشخص نشده,دوشنبه ۱۱ اسفند ۱۴۰۴,شنبه ۲۳ اسفند ۱۴۰۴,"۴۲,۵۰۰,۰۰۰","۴۲,۵۰۰,۰۰۰",شنبه ساعت ۰۹:۰۰ تا ۱۲:۰۰ | دوشنبه ساعت ۰۹:۰۰ تا ۱۲:۰۰,https://mftplus.com/lesson/6369/گلسازی-با-فوم-بلندر-(مقدماتی)
ICDL Pack 2021,فناوری اطلاعات و ارتباطات,سیدخندان,مشخص نشده,دوشنبه ۱۱ اسفند ۱۴۰۴,چهارشنبه ۱۳ خرداد ۱۴۰۵,"۶۳,۰۰۰,۰۰۰","۸۱,۰۰۰,۰۰۰",شنبه ساعت ۰۸:۳۰ تا ۱۲:۳۰ | دوشنبه ساعت ۰۸:۳۰ تا ۱۲:۳۰ | چهارشنبه ساعت ۰۸:۳۰ تا ۱۲:۳۰,https://mftplus.com/lesson/5575/ICDL-Pack-2021
ICDL 2021 Level 1,فناوری اطلاعات و ارتباطات,سیدخندان,مشخص نشده,دوشنبه ۱۱ اسفند ۱۴۰۴,شنبه ۵ اردیبهشت ۱۴۰۵,"۳۸,۰۰۰,۰۰۰","۴۹,۰۰۰,۰۰۰",شنبه ساعت ۰۸:۳۰ تا ۱۲:۳۰ | دوشنبه ساعت ۰۸:۳۰ تا ۱۲:۳۰ | چهارشنبه ساعت ۰۸:۳۰ تا ۱۲:۳۰,https://mftplus.com/lesson/5571/ICDL-2021-Level-1
ICDL Pack 2021,فناوری اطلاعات و ارتباطات,سیدخندان,مشخص نشده,دوشنبه ۱۱ اسفند ۱۴۰۴,چهارشنبه ۱۰ تیر ۱۴۰۵,"۸۱,۰۰۰,۰۰۰","۸۱,۰۰۰,۰۰۰",شنبه ساعت ۱۷:۳۰ تا ۲۰:۳۰ | دوشنبه ساعت ۱۷:۳۰ تا ۲۰:۳۰ | چهارشنبه ساعت ۱۷:۳۰ تا ۲۰:۳۰,https://mftplus.com/lesson/5575/ICDL-Pack-2021
ICDL 2021 Level 1,فناوری اطلاعات و ارتباطات,سیدخندان,مشخص نشده,دوشنبه ۱۱ اسفند ۱۴۰۴,شنبه ۱۹ اردیبهشت ۱۴۰۵,"۴۹,۰۰۰,۰۰۰","۴۹,۰۰۰,۰۰۰",شنبه ساعت ۱۷:۳۰ تا ۲۰:۳۰ | دوشنبه ساعت ۱۷:۳۰ تا ۲۰:۳۰ | چهارشنبه ساعت ۱۷:۳۰ تا ۲۰:۳۰,https://mftplus.com/lesson/5571/ICDL-2021-Level-1
Sketchup & Vray,معماری,نیاوران,مشخص نشده,دوشنبه ۱۱ اسفند ۱۴۰۴,دوشنبه ۳۱ فروردین ۱۴۰۵,"۶۹,۰۰۰,۰۰۰","۶۹,۰۰۰,۰۰۰",شنبه ساعت ۰۹:۰۰ تا ۱۳:۰۰ | دوشنبه ساعت ۰۹:۰۰ تا ۱۳:۰۰,https://mftplus.com/lesson/391412133/Sketchup-&-Vray
Microsoft Office Word 2021,فناوری اطلاعات و ارتباطات,انقلاب,مشخص نشده,دوشنبه ۱۱ اسفند ۱۴۰۴,دوشنبه ۱۸ اسفند ۱۴۰۴,"۱۷,۰۰۰,۰۰۰","۲۰,۰۰۰,۰۰۰",شنبه ساعت ۰۸:۳۰ تا ۱۴:۳۰ | دوشنبه ساعت ۰۸:۳۰ تا ۱۴:۳۰ | چهارشنبه ساعت ۰۸:۳۰ تا ۱۴:۳۰,https://mftplus.com/lesson/5714/Microsoft-Office-Word-2021
فتوشاپ مقدماتی نوجوان,کودک و نوجوان,انقلاب,مشخص نشده,دوشنبه ۱۱ اسفند ۱۴۰۴,دوشنبه ۲۸ اردیبهشت ۱۴۰۵,"۴۷,۲۰۰,۰۰۰","۴۷,۲۰۰,۰۰۰",دوشنبه ساعت ۱۵:۳۰ تا ۱۷:۳۰,https://mftplus.com/lesson/4520/فتوشاپ-مقدماتی-نوجوان
Microsoft ASP.net MVC,فناوری اطلاعات و ارتباطات,میرداماد,مشخص نشده,دوشنبه ۱۱ اسفند ۱۴۰۴,دوشنبه ۵ مرداد ۱۴۰۵,"۱۰۲,۰۰۰,۰۰۰","۱۲۷,۰۰۰,۰۰۰",دوشنبه ساعت ۱۷:۳۰ تا ۲۰:۳۰,https://mftplus.com/lesson/132027125/Microsoft-ASP.net-MVC
ضخیم دوزی زنانه,فناوری مد و پوشاک,سعادت آباد (مرکزی),مشخص نشده,دوشنبه ۱۱ اسفند ۱۴۰۴,دوشنبه ۱۵ تیر ۱۴۰۵,"۱۴۴,۰۰۰,۰۰۰","۱۴۴,۰۰۰,۰۰۰",دوشنبه ساعت ۱۴:۳۰ تا ۲۰:۳۰,https://mftplus.com/lesson/411414165/ضخیم-دوزی-زنانه
نرم افزار Indesign,هنر و سینما,میرداماد,مشخص نشده,دوشنبه ۱۱ اسفند ۱۴۰۴,دوشنبه ۲۸ اردیبهشت ۱۴۰۵,"۳۹,۰۰۰,۰۰۰","۴۷,۰۰۰,۰۰۰",دوشنبه ساعت ۱۸:۰۰ تا ۲۱:۰۰,https://mftplus.com/lesson/431313132/نرم-افزار-Indesign
MATLAB سطح یک,علوم مهندسی,میرداماد,مشخص نشده,دوشنبه ۱۱ اسفند ۱۴۰۴,دوشنبه ۴ خرداد ۱۴۰۵,"۵۹,۰۰۰,۰۰۰","۵۹,۰۰۰,۰۰۰",دوشنبه ساعت ۱۸:۰۰ تا ۲۱:۰۰,https://mftplus.com/lesson/154212123/MATLAB-سطح-یک
کاربرد هوش مصنوعی در تولید محتوا و بازاریابی محتوایی,تولید محتوا,بلوار کاوه(قیطریه),مشخص نشده,دوشنبه ۱۱ اسفند ۱۴۰۴,دوشنبه ۳۱ فروردین ۱۴۰۵,"۵۲,۰۰۰,۰۰۰","۵۲,۰۰۰,۰۰۰",دوشنبه ساعت ۰۹:۰۰ تا ۱۴:۰۰,https://mftplus.com/lesson/6025/کاربرد-هوش-مصنوعی-در-تولید-محتوا-و-بازاریابی-محتوایی
اتوکد دوبعدی معماری,معماری,اکباتان,مشخص نشده,دوشنبه ۱۱ اسفند ۱۴۰۴,دوشنبه ۱۴ اردیبهشت ۱۴۰۵,"۷۵,۰۰۰,۰۰۰","۷۵,۰۰۰,۰۰۰",دوشنبه ساعت ۱۷:۳۰ تا ۲۰:۳۰ | چهارشنبه ساعت ۱۷:۳۰ تا ۲۰:۳۰,https://mftplus.com/lesson/391412131/اتوکد-دوبعدی-معماری
تلفیقی Word+Excel 2021,فناوری اطلاعات و ارتباطات,انقلاب,مشخص نشده,دوشنبه ۱۱ اسفند ۱۴۰۴,شنبه ۱۵ فروردین ۱۴۰۵,"۳۸,۰۰۰,۰۰۰","۴۵,۰۰۰,۰۰۰",شنبه ساعت ۰۸:۳۰ تا ۱۴:۳۰ | دوشنبه ساعت ۰۸:۳۰ تا ۱۴:۳۰ | چهارشنبه ساعت ۰۸:۳۰ تا ۱۴:۳۰,https://mftplus.com/lesson/5976/تلفیقی-Word+Excel-2021
طراحی معماری و دکوراسیون داخلی متوسط,معماری,سعادت آباد (مرکزی),مشخص نشده,دوشنبه ۱۱ اسفند ۱۴۰۴,چهارشنبه ۱۰ تیر ۱۴۰۵,"۲۰۶,۰۰۰,۰۰۰","۲۰۶,۰۰۰,۰۰۰",شنبه ساعت ۱۷:۳۰ تا ۲۰:۳۰ | دوشنبه ساعت ۱۷:۳۰ تا ۲۰:۳۰ | چهارشنبه ساعت ۱۷:۳۰ تا ۲۰:۳۰,https://mftplus.com/lesson/391212126/طراحی-معماری-و-دکوراسیون-داخلی-متوسط
اتوکد سه بعدی معماری,معماری,بلوار کاوه(قیطریه),مشخص نشده,دوشنبه ۱۱ اسفند ۱۴۰۴,دوشنبه ۳۱ فروردین ۱۴۰۵,"۶۲,۰۰۰,۰۰۰","۶۲,۰۰۰,۰۰۰",دوشنبه ساعت ۱۵:۰۰ تا ۲۰:۰۰,https://mftplus.com/lesson/391412130/اتوکد-سه-بعدی-معماری
نقاشی میکس مدیا (تابلو های دکوراتیو),هنر و سینما,بلوار کاوه(قیطریه),مشخص نشده,دوشنبه ۱۱ اسفند ۱۴۰۴,دوشنبه ۱۷ فروردین ۱۴۰۵,"۴۵,۶۰۰,۰۰۰","۴۵,۶۰۰,۰۰۰",دوشنبه ساعت ۰۹:۰۰ تا ۱۴:۰۰,https://mftplus.com/lesson/4301/نقاشی-میکس-مدیا-(تابلو-های-دکوراتیو)
اتوکد دوبعدی معماری,معماری,اکباتان,مشخص نشده,دوشنبه ۱۱ اسفند ۱۴۰۴,دوشنبه ۱۴ اردیبهشت ۱۴۰۵,"۷۵,۰۰۰,۰۰۰","۷۵,۰۰۰,۰۰۰",دوشنبه ساعت ۱۷:۳۰ تا ۲۰:۳۰ | چهارشنبه ساعت ۱۷:۳۰ تا ۲۰:۳۰,https://mftplus.com/lesson/391412131/اتوکد-دوبعدی-معماری
Network+,فناوری اطلاعات و ارتباطات,البرز,مشخص نشده,دوشنبه ۱۱ اسفند ۱۴۰۴,شنبه ۲۹ فروردین ۱۴۰۵,"۱۵,۰۰۰,۰۰۰","۱۵,۰۰۰,۰۰۰",شنبه ساعت ۱۷:۳۰ تا ۲۰:۳۰ | دوشنبه ساعت ۱۷:۳۰ تا ۲۰:۳۰,https://mftplus.com/lesson/131612129/Network+
مسئول دفتری از نگارش تا مدیریت,مدیریت و کسب و کار,میرداماد,مشخص نشده,دوشنبه ۱۱ اسفند ۱۴۰۴,دوشنبه ۳۱ فروردین ۱۴۰۵,"۴۸,۰۰۰,۰۰۰","۴۸,۰۰۰,۰۰۰",دوشنبه ساعت ۱۷:۰۰ تا ۲۱:۰۰,https://mftplus.com/lesson/6467/مسئول-دفتری-از-نگارش-تا-مدیریت
مراقبت از پوست، مو و زیبایی,دانش سلامت,اکباتان,مشخص نشده,دوشنبه ۱۱ اسفند ۱۴۰۴,دوشنبه ۱۴ اردیبهشت ۱۴۰۵,"۱۲۶,۴۰۰,۰۰۰","۱۲۶,۴۰۰,۰۰۰",شنبه ساعت ۱۰:۰۰ تا ۱۴:۰۰ | دوشنبه ساعت ۱۰:۰۰ تا ۱۴:۰۰,https://mftplus.com/lesson/341513127/مراقبت-از-پوست،-مو-و-زیبایی
اکستنشن مژه,دانش سلامت,اکباتان,مشخص نشده,دوشنبه ۱۱ اسفند ۱۴۰۴,دوشنبه ۲۵ اسفند ۱۴۰۴,"۶۲,۴۰۰,۰۰۰","۶۲,۴۰۰,۰۰۰",دوشنبه ساعت ۱۳:۰۰ تا ۱۷:۰۰ | چهارشنبه ساعت ۱۳:۰۰ تا ۱۷:۰۰,https://mftplus.com/lesson/5115/اکستنشن-مژه
گریم دائم چهره بانوان,دانش سلامت,اکباتان,مشخص نشده,دوشنبه ۱۱ اسفند ۱۴۰۴,دوشنبه ۲۱ اردیبهشت ۱۴۰۵,"۸۵,۳۰۰,۰۰۰","۸۵,۳۰۰,۰۰۰",دوشنبه ساعت ۱۰:۰۰ تا ۱۴:۰۰,https://mftplus.com/lesson/341518123/گریم-دائم-چهره-بانوان
گریم متعادل سازی,دانش سلامت,اکباتان,مشخص نشده,دوشنبه ۱۱ اسفند ۱۴۰۴,دوشنبه ۲۲ تیر ۱۴۰۵,"۹۲,۷۰۰,۰۰۰","۹۲,۷۰۰,۰۰۰",دوشنبه ساعت ۱۴:۰۰ تا ۱۷:۰۰,https://mftplus.com/lesson/341514125/گریم-متعادل-سازی
PHP & MYSQL Web Development,فناوری اطلاعات و ارتباطات,بلوار کاوه(قیطریه),مشخص نشده,سه شنبه ۱۲ اسفند ۱۴۰۴,سه شنبه ۵ خرداد ۱۴۰۵,"۷۹,۰۰۰,۰۰۰","۷۹,۰۰۰,۰۰۰",یکشنبه ساعت ۱۷:۰۰ تا ۲۱:۰۰ | سه شنبه ساعت ۱۷:۰۰ تا ۲۱:۰۰,https://mftplus.com/lesson/5352/PHP-&-MYSQL-Web-Development
Linux Essentials + LPIC1(101-102),فناوری اطلاعات و ارتباطات,بلوار کاوه(قیطریه),مشخص نشده,سه شنبه ۱۲ اسفند ۱۴۰۴,سه شنبه ۱۹ خرداد ۱۴۰۵,"۷۲,۰۰۰,۰۰۰","۸۶,۰۰۰,۰۰۰",سه شنبه ساعت ۱۵:۰۰ تا ۲۰:۰۰,https://mftplus.com/lesson/4595/Linux-Essentials-+-LPIC1(101-102)
طراحی نقاشی متوسط,هنر و سینما,پارک ساعی,مشخص نشده,سه شنبه ۱۲ اسفند ۱۴۰۴,سه شنبه ۱۹ خرداد ۱۴۰۵,"۴۶,۰۰۰,۰۰۰","۴۶,۰۰۰,۰۰۰",سه شنبه ساعت ۱۷:۰۰ تا ۲۰:۳۰,https://mftplus.com/lesson/431512124/طراحی-نقاشی-متوسط
طراحی و راه‌اندازی رادیو اینترنتی و رسانه های صوتی,فرهنگ، ارتباط و رسانه,پارک ساعی,مشخص نشده,سه شنبه ۱۲ اسفند ۱۴۰۴,یکشنبه ۱۶ فروردین ۱۴۰۵,"۴۲,۰۰۰,۰۰۰","۴۲,۰۰۰,۰۰۰",یکشنبه ساعت ۱۷:۳۰ تا ۲۰:۳۰ | سه شنبه ساعت ۱۷:۳۰ تا ۲۰:۳۰,https://mftplus.com/lesson/6085/طراحی-و-راه‌اندازی-رادیو-اینترنتی-و-رسانه-های-صوتی
دوره تخصصی صفر تا صد اصول  طراحی ویلا,معماری,سعادت آباد (مرکزی),مشخص نشده,سه شنبه ۱۲ اسفند ۱۴۰۴,سه شنبه ۲۶ خرداد ۱۴۰۵,"۱۱۴,۰۰۰,۰۰۰","۱۱۴,۰۰۰,۰۰۰",سه شنبه ساعت ۱۴:۳۰ تا ۲۰:۳۰,https://mftplus.com/lesson/4862/دوره-تخصصی-صفر-تا-صد-اصول-طراحی-ویلا
مدلسازی تاسیسات الکتریکی توسط نرم افزار Revit MEP,برق و الکترونیک,پارک ساعی,مشخص نشده,سه شنبه ۱۲ اسفند ۱۴۰۴,سه شنبه ۱۵ اردیبهشت ۱۴۰۵,"۶۰,۰۰۰,۰۰۰","۶۱,۰۰۰,۰۰۰",سه شنبه ساعت ۱۷:۳۰ تا ۲۰:۳۰,https://mftplus.com/lesson/3253/مدلسازی-تاسیسات-الکتریکی-توسط-نرم-افزار-Revit-MEP
پکیج سرمایه گذاری در بورس,علوم مالی و حسابداری,پارک ساعی,مشخص نشده,سه شنبه ۱۲ اسفند ۱۴۰۴,یکشنبه ۷ تیر ۱۴۰۵,"۱۸۵,۵۰۰,۰۰۰","۱۸۵,۵۰۰,۰۰۰",یکشنبه ساعت ۱۷:۳۰ تا ۲۰:۳۰ | سه شنبه ساعت ۱۷:۳۰ تا ۲۰:۳۰,https://mftplus.com/lesson/3920/پکیج-سرمایه-گذاری-در-بورس
Microsoft Office Word 2021,فناوری اطلاعات و ارتباطات,بلوار کاوه(قیطریه),مشخص نشده,سه شنبه ۱۲ اسفند ۱۴۰۴,سه شنبه ۸ اردیبهشت ۱۴۰۵,"۱۷,۰۰۰,۰۰۰","۲۰,۰۰۰,۰۰۰",سه شنبه ساعت ۱۳:۰۰ تا ۱۷:۰۰,https://mftplus.com/lesson/5714/Microsoft-Office-Word-2021
الکترونیک صنعتی,برق و الکترونیک,سعادت آباد (مرکزی),مشخص نشده,سه شنبه ۱۲ اسفند ۱۴۰۴,سه شنبه ۲۹ اردیبهشت ۱۴۰۵,"۷۴,۰۰۰,۰۰۰","۷۴,۰۰۰,۰۰۰",سه شنبه ساعت ۱۴:۳۰ تا ۲۰:۳۰,https://mftplus.com/lesson/5596/الکترونیک-صنعتی
هوشمند سازی ساختمان (پروتکل کی ان ایکس),برق و الکترونیک,سعادت آباد (مرکزی),مشخص نشده,سه شنبه ۱۲ اسفند ۱۴۰۴,پنجشنبه ۱۴ اسفند ۱۴۰۴,"۸۸,۰۰۰,۰۰۰","۸۸,۰۰۰,۰۰۰",سه شنبه ساعت ۰۸:۰۰ تا ۱۴:۰۰ | چهارشنبه ساعت ۰۸:۰۰ تا ۱۴:۰۰ | پنجشنبه ساعت ۰۸:۰۰ تا ۱۴:۰۰,https://mftplus.com/lesson/4869/هوشمند-سازی-ساختمان-(پروتکل-کی-ان-ایکس)
3Ds Max Beginners to Advanced & V-Ray,معماری,اکباتان,مشخص نشده,سه شنبه ۱۲ اسفند ۱۴۰۴,سه شنبه ۱۹ خرداد ۱۴۰۵,"۱۴۴,۰۰۰,۰۰۰","۱۴۴,۰۰۰,۰۰۰",یکشنبه ساعت ۱۷:۳۰ تا ۲۱:۰۰ | سه شنبه ساعت ۱۷:۳۰ تا ۲۱:۰۰,https://mftplus.com/lesson/4542/3Ds-Max-Beginners-to-Advanced-&-V-Ray
تولید محتوای ویدیویی,هنر و سینما,سعادت آباد (مرکزی),مشخص نشده,سه شنبه ۱۲ اسفند ۱۴۰۴,یکشنبه ۲۷ اردیبهشت ۱۴۰۵,"۹۷,۰۰۰,۰۰۰","۹۷,۰۰۰,۰۰۰",یکشنبه ساعت ۱۰:۰۰ تا ۱۴:۰۰ | سه شنبه ساعت ۱۰:۰۰ تا ۱۴:۰۰,https://mftplus.com/lesson/6518/تولید-محتوای-ویدیویی
چگونه یوتیوبر شویم؟,فرهنگ، ارتباط و رسانه,پارک ساعی,مشخص نشده,سه شنبه ۱۲ اسفند ۱۴۰۴,سه شنبه ۱ اردیبهشت ۱۴۰۵,"۶۴,۰۰۰,۰۰۰","۶۴,۰۰۰,۰۰۰",یکشنبه ساعت ۱۷:۳۰ تا ۲۰:۳۰ | سه شنبه ساعت ۱۷:۳۰ تا ۲۰:۳۰,https://mftplus.com/lesson/6087/چگونه-یوتیوبر-شویم؟
Machine Learning with Python,فناوری اطلاعات و ارتباطات,شهریار,مشخص نشده,سه شنبه ۱۲ اسفند ۱۴۰۴,سه شنبه ۸ اردیبهشت ۱۴۰۵,"۷۵,۶۰۰,۰۰۰","۷۵,۶۰۰,۰۰۰",یکشنبه ساعت ۱۷:۰۰ تا ۲۰:۰۰ | سه شنبه ساعت ۱۷:۰۰ تا ۲۰:۰۰,https://mftplus.com/lesson/5546/Machine-Learning-with-Python
مقدمه ای بر الگوریتم و برنامه نویسی,فناوری اطلاعات و ارتباطات,سیدخندان,مشخص نشده,سه شنبه ۱۲ اسفند ۱۴۰۴,سه شنبه ۱۵ اردیبهشت ۱۴۰۵,"۳۳,۰۰۰,۰۰۰","۳۳,۰۰۰,۰۰۰",یکشنبه ساعت ۱۷:۳۰ تا ۲۰:۳۰ | سه شنبه ساعت ۱۷:۳۰ تا ۲۰:۳۰,https://mftplus.com/lesson/132017130/مقدمه-ای-بر-الگوریتم-و-برنامه-نویسی
3Ds Max Beginners to Advanced & V-Ray,معماری,تهرانپارس,مشخص نشده,سه شنبه ۱۲ اسفند ۱۴۰۴,چهارشنبه ۳۱ تیر ۱۴۰۵,"۱۴۴,۰۰۰,۰۰۰","۱۴۴,۰۰۰,۰۰۰",سه شنبه ساعت ۲۰:۳۰ تا ۲۲:۳۰ | چهارشنبه ساعت ۲۰:۳۰ تا ۲۲:۳۰,https://mftplus.com/lesson/4542/3Ds-Max-Beginners-to-Advanced-&-V-Ray
توییت سازی حرفه ای,فرهنگ، ارتباط و رسانه,پارک ساعی,مشخص نشده,سه شنبه ۱۲ اسفند ۱۴۰۴,یکشنبه ۱۶ فروردین ۱۴۰۵,"۳۶,۰۰۰,۰۰۰","۳۶,۰۰۰,۰۰۰",یکشنبه ساعت ۱۴:۰۰ تا ۱۷:۰۰ | سه شنبه ساعت ۱۴:۰۰ تا ۱۷:۰۰,https://mftplus.com/lesson/6103/توییت-سازی-حرفه-ای
Data Analysis with Python,فناوری اطلاعات و ارتباطات,شهریار,مشخص نشده,سه شنبه ۱۲ اسفند ۱۴۰۴,یکشنبه ۱۶ فروردین ۱۴۰۵,"۴۵,۰۰۰,۰۰۰","۴۵,۰۰۰,۰۰۰",یکشنبه ساعت ۱۴:۰۰ تا ۱۷:۰۰ | سه شنبه ساعت ۱۴:۰۰ تا ۱۷:۰۰,https://mftplus.com/lesson/5544/Data-Analysis-with-Python
Move 1,زبانهای خارجی,بلوار کاوه(قیطریه),مشخص نشده,سه شنبه ۱۲ اسفند ۱۴۰۴,سه شنبه ۱۲ خرداد ۱۴۰۵,"۱۹,۳۰۰,۰۰۰","۱۹,۳۰۰,۰۰۰",یکشنبه ساعت ۱۶:۳۰ تا ۱۸:۰۰ | سه شنبه ساعت ۱۶:۳۰ تا ۱۸:۰۰,https://mftplus.com/lesson/231712129/Move-1
ایمنی ، بهداشت و محیط زیست (HSE) مقدماتی,علوم مهندسی,اکباتان,مشخص نشده,سه شنبه ۱۲ اسفند ۱۴۰۴,پنجشنبه ۱۰ اردیبهشت ۱۴۰۵,"۶۲,۵۰۰,۰۰۰","۶۲,۵۰۰,۰۰۰",سه شنبه ساعت ۱۶:۰۰ تا ۱۸:۳۰ | پنجشنبه ساعت ۱۶:۰۰ تا ۱۸:۳۰,https://mftplus.com/lesson/154113123/ایمنی-،-بهداشت-و-محیط-زیست-(HSE)-مقدماتی
LabVIEW,برق و الکترونیک,سعادت آباد (مرکزی),مشخص نشده,سه شنبه ۱۲ اسفند ۱۴۰۴,سه شنبه ۵ خرداد ۱۴۰۵,"۹۵,۰۰۰,۰۰۰","۹۵,۰۰۰,۰۰۰",سه شنبه ساعت ۰۹:۰۰ تا ۱۴:۰۰,https://mftplus.com/lesson/4644/LabVIEW
حسابداری ویژه بازار کار,علوم مالی و حسابداری,پرند,مشخص نشده,سه شنبه ۱۲ اسفند ۱۴۰۴,سه شنبه ۲۸ مهر ۱۴۰۵,"۱۷۷,۶۰۰,۰۰۰","۱۷۷,۶۰۰,۰۰۰",یکشنبه ساعت ۰۸:۰۰ تا ۱۱:۰۰ | سه شنبه ساعت ۰۸:۰۰ تا ۱۱:۰۰,https://mftplus.com/lesson/3869/حسابداری-ویژه-بازار-کار
مهارت های زندگی نوجوانان,کودک و نوجوان,بلوار کاوه(قیطریه),مشخص نشده,سه شنبه ۱۲ اسفند ۱۴۰۴,سه شنبه ۱۸ فروردین ۱۴۰۵,"۷۱,۳۰۰,۰۰۰","۷۱,۳۰۰,۰۰۰",سه شنبه ساعت ۱۷:۰۰ تا ۲۰:۰۰,https://mftplus.com/lesson/3769/مهارت-های-زندگی-نوجوانان
موتور بازی سازی یونیتی,فناوری اطلاعات و ارتباطات,بیرجند,مشخص نشده,سه شنبه ۱۲ اسفند ۱۴۰۴,یکشنبه ۲۸ تیر ۱۴۰۵,"۱۰۰,۸۰۰,۰۰۰","۱۰۰,۸۰۰,۰۰۰",یکشنبه ساعت ۱۸:۰۰ تا ۲۰:۰۰ | سه شنبه ساعت ۱۸:۰۰ تا ۲۰:۰۰,https://mftplus.com/lesson/4610/موتور-بازی-سازی-یونیتی
مدیریت عمومی,مدیریت و کسب و کار,پارک ساعی,مشخص نشده,سه شنبه ۱۲ اسفند ۱۴۰۴,سه شنبه ۱۸ فروردین ۱۴۰۵,"۴۶,۲۰۰,۰۰۰","۴۶,۲۰۰,۰۰۰",یکشنبه ساعت ۱۷:۳۰ تا ۲۰:۳۰ | سه شنبه ساعت ۱۷:۳۰ تا ۲۰:۳۰,https://mftplus.com/lesson/4927/مدیریت-عمومی
راینو در معماری,معماری,نیاوران,مشخص نشده,سه شنبه ۱۲ اسفند ۱۴۰۴,سه شنبه ۹ تیر ۱۴۰۵,"۱۲۰,۰۰۰,۰۰۰","۱۲۰,۰۰۰,۰۰۰",سه شنبه ساعت ۱۶:۳۰ تا ۲۰:۳۰,https://mftplus.com/lesson/391412135/راینو-در-معماری
کارگاه عکاسی صنعتی و تبلیغاتی,هنر و سینما,سعادت آباد (مرکزی),مشخص نشده,سه شنبه ۱۲ اسفند ۱۴۰۴,سه شنبه ۲۲ اردیبهشت ۱۴۰۵,"۸۸,۴۰۰,۰۰۰","۸۸,۴۰۰,۰۰۰",سه شنبه ساعت ۱۵:۰۰ تا ۲۰:۰۰,https://mftplus.com/lesson/431213166/کارگاه-عکاسی-صنعتی-و-تبلیغاتی
مدیریت کافی شاپ,تشریفات و گردشگری,تهرانپارس,مشخص نشده,سه شنبه ۱۲ اسفند ۱۴۰۴,یکشنبه ۲۳ فروردین ۱۴۰۵,"۱۳۰,۰۰۰,۰۰۰","۱۳۰,۰۰۰,۰۰۰",یکشنبه ساعت ۱۰:۰۰ تا ۱۴:۰۰ | سه شنبه ساعت ۱۰:۰۰ تا ۱۴:۰۰,https://mftplus.com/lesson/3810/مدیریت-کافی-شاپ
مدیریت کافی شاپ,تشریفات و گردشگری,بلوار کاوه(قیطریه),مشخص نشده,سه شنبه ۱۲ اسفند ۱۴۰۴,یکشنبه ۲۳ فروردین ۱۴۰۵,"۱۳۰,۰۰۰,۰۰۰","۱۳۰,۰۰۰,۰۰۰",یکشنبه ساعت ۱۰:۰۰ تا ۱۴:۰۰ | سه شنبه ساعت ۱۰:۰۰ تا ۱۴:۰۰,https://mftplus.com/lesson/3810/مدیریت-کافی-شاپ
مدیریت کافی شاپ,تشریفات و گردشگری,اکباتان,مشخص نشده,سه شنبه ۱۲ اسفند ۱۴۰۴,یکشنبه ۲۳ فروردین ۱۴۰۵,"۱۳۰,۰۰۰,۰۰۰","۱۳۰,۰۰۰,۰۰۰",یکشنبه ساعت ۱۰:۰۰ تا ۱۴:۰۰ | سه شنبه ساعت ۱۰:۰۰ تا ۱۴:۰۰,https://mftplus.com/lesson/3810/مدیریت-کافی-شاپ
مدیریت کافی شاپ,تشریفات و گردشگری,نارمک,مشخص نشده,سه شنبه ۱۲ اسفند ۱۴۰۴,یکشنبه ۲۳ فروردین ۱۴۰۵,"۱۳۰,۰۰۰,۰۰۰","۱۳۰,۰۰۰,۰۰۰",یکشنبه ساعت ۱۰:۰۰ تا ۱۴:۰۰ | سه شنبه ساعت ۱۰:۰۰ تا ۱۴:۰۰,https://mftplus.com/lesson/3810/مدیریت-کافی-شاپ
مدیریت کافی شاپ,تشریفات و گردشگری,زعفرانیه,مشخص نشده,سه شنبه ۱۲ اسفند ۱۴۰۴,یکشنبه ۲۳ فروردین ۱۴۰۵,"۱۳۰,۰۰۰,۰۰۰","۱۳۰,۰۰۰,۰۰۰",یکشنبه ساعت ۱۰:۰۰ تا ۱۴:۰۰ | سه شنبه ساعت ۱۰:۰۰ تا ۱۴:۰۰,https://mftplus.com/lesson/3810/مدیریت-کافی-شاپ
حسابداری مالی خدماتی,علوم مالی و حسابداری,پرند,مشخص نشده,سه شنبه ۱۲ اسفند ۱۴۰۴,یکشنبه ۲۷ اردیبهشت ۱۴۰۵,"۵۳,۹۰۰,۰۰۰","۵۳,۹۰۰,۰۰۰",یکشنبه ساعت ۰۸:۰۰ تا ۱۱:۰۰ | سه شنبه ساعت ۰۸:۰۰ تا ۱۱:۰۰,https://mftplus.com/lesson/3865/حسابداری-مالی-خدماتی
Python Programming Advanced,فناوری اطلاعات و ارتباطات,سیدخندان,مشخص نشده,سه شنبه ۱۲ اسفند ۱۴۰۴,سه شنبه ۵ خرداد ۱۴۰۵,"۱۱۴,۰۰۰,۰۰۰","۱۱۴,۰۰۰,۰۰۰",یکشنبه ساعت ۱۷:۳۰ تا ۲۰:۳۰ | سه شنبه ساعت ۱۷:۳۰ تا ۲۰:۳۰,https://mftplus.com/lesson/5681/Python-Programming-Advanced
افترافکت (After Effects),هنر و سینما,نارمک,مشخص نشده,سه شنبه ۱۲ اسفند ۱۴۰۴,سه شنبه ۳۱ شهریور ۱۴۰۵,"۹۸,۰۰۰,۰۰۰","۹۸,۰۰۰,۰۰۰",سه شنبه ساعت ۱۷:۰۰ تا ۲۰:۰۰,https://mftplus.com/lesson/431213154/افترافکت-(After-Effects)
مدیریت کافی شاپ,تشریفات و گردشگری,نیاوران,مشخص نشده,سه شنبه ۱۲ اسفند ۱۴۰۴,یکشنبه ۲۳ فروردین ۱۴۰۵,"۱۳۰,۰۰۰,۰۰۰","۱۳۰,۰۰۰,۰۰۰",یکشنبه ساعت ۱۰:۰۰ تا ۱۴:۰۰ | سه شنبه ساعت ۱۰:۰۰ تا ۱۴:۰۰,https://mftplus.com/lesson/3810/مدیریت-کافی-شاپ
مدلسازی تاسیسات الکتریکی توسط نرم افزار Revit MEP,برق و الکترونیک,میرداماد,مشخص نشده,سه شنبه ۱۲ اسفند ۱۴۰۴,سه شنبه ۸ اردیبهشت ۱۴۰۵,"۶۰,۰۰۰,۰۰۰","۶۱,۰۰۰,۰۰۰",سه شنبه ساعت ۱۷:۳۰ تا ۲۱:۰۰,https://mftplus.com/lesson/3253/مدلسازی-تاسیسات-الکتریکی-توسط-نرم-افزار-Revit-MEP
SQL Server 2022 Database Development,فناوری اطلاعات و ارتباطات,سیدخندان,مشخص نشده,سه شنبه ۱۲ اسفند ۱۴۰۴,سه شنبه ۵ خرداد ۱۴۰۵,"۷۷,۰۰۰,۰۰۰","۹۰,۰۰۰,۰۰۰",یکشنبه ساعت ۱۷:۳۰ تا ۲۰:۳۰ | سه شنبه ساعت ۱۷:۳۰ تا ۲۰:۳۰,https://mftplus.com/lesson/5316/SQL-Server-2022-Database-Development
شیرینی و دسرهای کاربردی,تشریفات و گردشگری,زعفرانیه,مشخص نشده,سه شنبه ۱۲ اسفند ۱۴۰۴,سه شنبه ۱۵ اردیبهشت ۱۴۰۵,"۱۲۹,۰۰۰,۰۰۰","۱۲۹,۰۰۰,۰۰۰",سه شنبه ساعت ۱۰:۳۰ تا ۱۴:۳۰,https://mftplus.com/lesson/3812/شیرینی-و-دسرهای-کاربردی
دوره جامع محاسبات ساختمان : ترسیم نقشه اجرایی فاز 2 سازه به کمک نرم افزار AutoCAD,علوم مهندسی,ونک,مشخص نشده,سه شنبه ۱۲ اسفند ۱۴۰۴,یکشنبه ۶ اردیبهشت ۱۴۰۵,"۷۵,۰۰۰,۰۰۰","۷۵,۰۰۰,۰۰۰",یکشنبه ساعت ۰۹:۰۰ تا ۱۳:۰۰ | سه شنبه ساعت ۰۹:۰۰ تا ۱۳:۰۰,https://mftplus.com/lesson/2986/دوره-جامع-محاسبات-ساختمان-:-ترسیم-نقشه-اجرایی-فاز-2-سازه-به-کمک-نرم-افزار-AutoCAD
JavaScript (Web Design III),فناوری اطلاعات و ارتباطات,میرداماد,مشخص نشده,سه شنبه ۱۲ اسفند ۱۴۰۴,سه شنبه ۱۲ خرداد ۱۴۰۵,"۸۱,۰۰۰,۰۰۰","۱۰۱,۵۰۰,۰۰۰",یکشنبه ساعت ۱۷:۳۰ تا ۲۰:۳۰ | سه شنبه ساعت ۱۷:۳۰ تا ۲۰:۳۰,https://mftplus.com/lesson/6458/JavaScript-(Web-Design-III)
طراحی فضای سبز و محوطه سازی (Advance),معماری,ونک,مشخص نشده,سه شنبه ۱۲ اسفند ۱۴۰۴,سه شنبه ۲۶ خرداد ۱۴۰۵,"۱۷۹,۰۰۰,۰۰۰","۱۷۹,۰۰۰,۰۰۰",یکشنبه ساعت ۰۹:۰۰ تا ۱۳:۰۰ | سه شنبه ساعت ۰۹:۰۰ تا ۱۳:۰۰,https://mftplus.com/lesson/3915/طراحی-فضای-سبز-و-محوطه-سازی-(Advance)
مدیریت کافی شاپ,تشریفات و گردشگری,ونک,مشخص نشده,سه شنبه ۱۲ اسفند ۱۴۰۴,یکشنبه ۲۳ فروردین ۱۴۰۵,"۱۳۰,۰۰۰,۰۰۰","۱۳۰,۰۰۰,۰۰۰",یکشنبه ساعت ۱۰:۰۰ تا ۱۴:۰۰ | سه شنبه ساعت ۱۰:۰۰ تا ۱۴:۰۰,https://mftplus.com/lesson/3810/مدیریت-کافی-شاپ
شیرینی و دسرهای کاربردی,تشریفات و گردشگری,ونک,مشخص نشده,سه شنبه ۱۲ اسفند ۱۴۰۴,سه شنبه ۱۵ اردیبهشت ۱۴۰۵,"۱۲۹,۰۰۰,۰۰۰","۱۲۹,۰۰۰,۰۰۰",سه شنبه ساعت ۱۰:۳۰ تا ۱۴:۳۰,https://mftplus.com/lesson/3812/شیرینی-و-دسرهای-کاربردی
شیرینی و دسرهای کاربردی,تشریفات و گردشگری,نیاوران,مشخص نشده,سه شنبه ۱۲ اسفند ۱۴۰۴,سه شنبه ۱۵ اردیبهشت ۱۴۰۵,"۱۲۹,۰۰۰,۰۰۰","۱۲۹,۰۰۰,۰۰۰",سه شنبه ساعت ۱۰:۳۰ تا ۱۴:۳۰,https://mftplus.com/lesson/3812/شیرینی-و-دسرهای-کاربردی
شیرینی و دسرهای کاربردی,تشریفات و گردشگری,بلوار کاوه(قیطریه),مشخص نشده,سه شنبه ۱۲ اسفند ۱۴۰۴,سه شنبه ۱۵ اردیبهشت ۱۴۰۵,"۱۲۹,۰۰۰,۰۰۰","۱۲۹,۰۰۰,۰۰۰",سه شنبه ساعت ۱۰:۳۰ تا ۱۴:۳۰,https://mftplus.com/lesson/3812/شیرینی-و-دسرهای-کاربردی
مراقبت از پوست، مو و زیبایی,دانش سلامت,ونک,مشخص نشده,سه شنبه ۱۲ اسفند ۱۴۰۴,یکشنبه ۲۳ فروردین ۱۴۰۵,"۱۲۶,۴۰۰,۰۰۰","۱۲۶,۴۰۰,۰۰۰",یکشنبه ساعت ۱۳:۰۰ تا ۲۱:۰۰ | سه شنبه ساعت ۱۳:۰۰ تا ۲۱:۰۰,https://mftplus.com/lesson/341513127/مراقبت-از-پوست،-مو-و-زیبایی
پتینه مقدماتی تا پیشرفته,هنر و سینما,اسلامشهر,مشخص نشده,سه شنبه ۱۲ اسفند ۱۴۰۴,یکشنبه ۲۷ اردیبهشت ۱۴۰۵,"۱۱۴,۰۰۰,۰۰۰","۱۱۴,۰۰۰,۰۰۰",یکشنبه ساعت ۰۹:۰۰ تا ۱۲:۰۰ | سه شنبه ساعت ۰۹:۰۰ تا ۱۲:۰۰,https://mftplus.com/lesson/4885/پتینه-مقدماتی-تا-پیشرفته
Wordpress & SEO PACK,فناوری اطلاعات و ارتباطات,سیدخندان,مشخص نشده,سه شنبه ۱۲ اسفند ۱۴۰۴,یکشنبه ۲۴ خرداد ۱۴۰۵,"۱۲۴,۰۰۰,۰۰۰","۱۲۴,۰۰۰,۰۰۰",یکشنبه ساعت ۱۷:۳۰ تا ۲۰:۳۰ | سه شنبه ساعت ۱۷:۳۰ تا ۲۰:۳۰,https://mftplus.com/lesson/4669/Wordpress-&-SEO-PACK
Wordpress & WooCommerce Essential Training,فناوری اطلاعات و ارتباطات,سیدخندان,مشخص نشده,سه شنبه ۱۲ اسفند ۱۴۰۴,سه شنبه ۸ اردیبهشت ۱۴۰۵,"۵۳,۰۰۰,۰۰۰","۵۳,۰۰۰,۰۰۰",یکشنبه ساعت ۱۷:۳۰ تا ۲۰:۳۰ | سه شنبه ساعت ۱۷:۳۰ تا ۲۰:۳۰,https://mftplus.com/lesson/5202/Wordpress-&-WooCommerce-Essential-Training
پکیج طراحی دکوراسیون داخلی از مقدماتی تا پیشرفته,معماری,انقلاب,مشخص نشده,سه شنبه ۱۲ اسفند ۱۴۰۴,یکشنبه ۲۷ تیر ۱۴۰۶,"۵۲۹,۰۰۰,۰۰۰","۵۲۹,۰۰۰,۰۰۰",یکشنبه ساعت ۱۷:۳۰ تا ۲۰:۳۰ | سه شنبه ساعت ۱۷:۳۰ تا ۲۰:۳۰,https://mftplus.com/lesson/5999/پکیج-طراحی-دکوراسیون-داخلی-از-مقدماتی-تا-پیشرفته
مدیریت کافی شاپ,تشریفات و گردشگری,میرداماد,مشخص نشده,سه شنبه ۱۲ اسفند ۱۴۰۴,یکشنبه ۲۳ فروردین ۱۴۰۵,"۱۳۰,۰۰۰,۰۰۰","۱۳۰,۰۰۰,۰۰۰",یکشنبه ساعت ۱۰:۳۰ تا ۱۴:۳۰ | سه شنبه ساعت ۱۰:۳۰ تا ۱۴:۳۰,https://mftplus.com/lesson/3810/مدیریت-کافی-شاپ
Microsoft Office Excel 2021,فناوری اطلاعات و ارتباطات,پارک ساعی,رضا آویدکیا,سه شنبه ۱۲ اسفند ۱۴۰۴,یکشنبه ۲۳ فروردین ۱۴۰۵,"۲۳,۰۰۰,۰۰۰","۲۸,۰۰۰,۰۰۰",یکشنبه ساعت ۱۷:۳۰ تا ۲۰:۳۰ | سه شنبه ساعت ۱۷:۳۰ تا ۲۰:۳۰,https://mftplus.com/lesson/5578/Microsoft-Office-Excel-2021
زبان انگلیسی A1.7,زبانهای خارجی,نیاوران,مشخص نشده,سه شنبه ۱۲ اسفند ۱۴۰۴,سه شنبه ۸ اردیبهشت ۱۴۰۵,"۲۶,۶۰۰,۰۰۰","۲۶,۶۰۰,۰۰۰",یکشنبه ساعت ۱۷:۰۰ تا ۲۰:۰۰ | سه شنبه ساعت ۱۷:۰۰ تا ۲۰:۰۰,https://mftplus.com/lesson/2949/زبان-انگلیسی-A1.7
Sketchup & Vray,معماری,نیاوران,مشخص نشده,سه شنبه ۱۲ اسفند ۱۴۰۴,یکشنبه ۶ اردیبهشت ۱۴۰۵,"۶۹,۰۰۰,۰۰۰","۶۹,۰۰۰,۰۰۰",یکشنبه ساعت ۱۷:۰۰ تا ۲۱:۰۰ | سه شنبه ساعت ۱۷:۰۰ تا ۲۱:۰۰,https://mftplus.com/lesson/391412133/Sketchup-&-Vray
برنامه نویسی پایتون مقدماتی 1,کودک و نوجوان,انقلاب,مشخص نشده,سه شنبه ۱۲ اسفند ۱۴۰۴,سه شنبه ۹ تیر ۱۴۰۵,"۵۸,۰۰۰,۰۰۰","۵۸,۰۰۰,۰۰۰",سه شنبه ساعت ۱۵:۳۰ تا ۱۷:۳۰,https://mftplus.com/lesson/3931/برنامه-نویسی-پایتون-مقدماتی-1
طراحی معماری و دکوراسیون داخلی پیشرفته,معماری,نیاوران,مشخص نشده,سه شنبه ۱۲ اسفند ۱۴۰۴,سه شنبه ۳۰ تیر ۱۴۰۵,"۲۱۹,۰۰۰,۰۰۰","۲۱۹,۰۰۰,۰۰۰",یکشنبه ساعت ۱۷:۰۰ تا ۲۱:۰۰ | سه شنبه ساعت ۱۷:۰۰ تا ۲۱:۰۰,https://mftplus.com/lesson/5998/طراحی-معماری-و-دکوراسیون-داخلی-پیشرفته
شیرینی و دسرهای کاربردی,تشریفات و گردشگری,نارمک,مشخص نشده,سه شنبه ۱۲ اسفند ۱۴۰۴,سه شنبه ۱۵ اردیبهشت ۱۴۰۵,"۱۲۹,۰۰۰,۰۰۰","۱۲۹,۰۰۰,۰۰۰",سه شنبه ساعت ۱۰:۳۰ تا ۱۴:۳۰,https://mftplus.com/lesson/3812/شیرینی-و-دسرهای-کاربردی
CCNA 200-301,فناوری اطلاعات و ارتباطات,انقلاب,مشخص نشده,سه شنبه ۱۲ اسفند ۱۴۰۴,یکشنبه ۲۴ خرداد ۱۴۰۵,"۶۴,۰۰۰,۰۰۰","۷۸,۰۰۰,۰۰۰",یکشنبه ساعت ۱۷:۳۰ تا ۲۰:۳۰ | سه شنبه ساعت ۱۷:۳۰ تا ۲۰:۳۰,https://mftplus.com/lesson/3742/CCNA-200-301
آشپزی ملل,تشریفات و گردشگری,زعفرانیه,مشخص نشده,سه شنبه ۱۲ اسفند ۱۴۰۴,سه شنبه ۱ اردیبهشت ۱۴۰۵,"۲۹۳,۰۰۰,۰۰۰","۲۹۳,۰۰۰,۰۰۰",یکشنبه ساعت ۱۵:۳۰ تا ۱۹:۳۰ | سه شنبه ساعت ۱۵:۳۰ تا ۱۹:۳۰,https://mftplus.com/lesson/4017/آشپزی-ملل
طراحی و راه اندازی تلویزیون اینترنتی و VOD,فرهنگ، ارتباط و رسانه,پارک ساعی,مشخص نشده,سه شنبه ۱۲ اسفند ۱۴۰۴,یکشنبه ۲۳ فروردین ۱۴۰۵,"۴۶,۰۰۰,۰۰۰","۴۶,۰۰۰,۰۰۰",یکشنبه ساعت ۱۴:۳۰ تا ۱۷:۳۰ | سه شنبه ساعت ۱۴:۳۰ تا ۱۷:۳۰,https://mftplus.com/lesson/6109/طراحی-و-راه-اندازی-تلویزیون-اینترنتی-و-VOD
آشپزی ملل,تشریفات و گردشگری,بلوار کاوه(قیطریه),مشخص نشده,سه شنبه ۱۲ اسفند ۱۴۰۴,سه شنبه ۱ اردیبهشت ۱۴۰۵,"۲۹۳,۰۰۰,۰۰۰","۲۹۳,۰۰۰,۰۰۰",یکشنبه ساعت ۱۵:۳۰ تا ۱۹:۳۰ | سه شنبه ساعت ۱۵:۳۰ تا ۱۹:۳۰,https://mftplus.com/lesson/4017/آشپزی-ملل
اصول کنترل فرایند و طراحی ابزاردقیق صنعتی,برق و الکترونیک,میرداماد,مشخص نشده,سه شنبه ۱۲ اسفند ۱۴۰۴,سه شنبه ۵ خرداد ۱۴۰۵,"۸۸,۰۰۰,۰۰۰","۹۰,۰۰۰,۰۰۰",سه شنبه ساعت ۱۷:۳۰ تا ۲۱:۰۰,https://mftplus.com/lesson/4593/اصول-کنترل-فرایند-و-طراحی-ابزاردقیق-صنعتی
اجرا، فن بیان و سخنوری,هنر و سینما,میرداماد,مشخص نشده,سه شنبه ۱۲ اسفند ۱۴۰۴,یکشنبه ۲۳ فروردین ۱۴۰۵,"۵۶,۰۰۰,۰۰۰","۵۶,۰۰۰,۰۰۰",یکشنبه ساعت ۱۷:۳۰ تا ۲۰:۳۰ | سه شنبه ساعت ۱۷:۳۰ تا ۲۰:۳۰,https://mftplus.com/lesson/3962/اجرا،-فن-بیان-و-سخنوری
آشپزی ملل,تشریفات و گردشگری,اکباتان,مشخص نشده,سه شنبه ۱۲ اسفند ۱۴۰۴,سه شنبه ۱ اردیبهشت ۱۴۰۵,"۲۹۳,۰۰۰,۰۰۰","۲۹۳,۰۰۰,۰۰۰",یکشنبه ساعت ۱۵:۳۰ تا ۱۹:۳۰ | سه شنبه ساعت ۱۵:۳۰ تا ۱۹:۳۰,https://mftplus.com/lesson/4017/آشپزی-ملل
ICDL سطح دو  نوجوانان,کودک و نوجوان,انقلاب,مشخص نشده,سه شنبه ۱۲ اسفند ۱۴۰۴,سه شنبه ۵ خرداد ۱۴۰۵,"۴۸,۴۰۰,۰۰۰","۵۱,۷۰۰,۰۰۰",یکشنبه ساعت ۱۵:۳۰ تا ۱۷:۳۰ | سه شنبه ساعت ۱۵:۳۰ تا ۱۷:۳۰,https://mftplus.com/lesson/3592/ICDL-سطح-دو-نوجوانان
مدیریت کافی شاپ,تشریفات و گردشگری,باملند(شمال غرب),مشخص نشده,سه شنبه ۱۲ اسفند ۱۴۰۴,یکشنبه ۲۳ فروردین ۱۴۰۵,"۱۳۰,۰۰۰,۰۰۰","۱۳۰,۰۰۰,۰۰۰",یکشنبه ساعت ۱۰:۰۰ تا ۱۴:۰۰ | سه شنبه ساعت ۱۰:۰۰ تا ۱۴:۰۰,https://mftplus.com/lesson/3810/مدیریت-کافی-شاپ
برنامه ریزی و کنترل پروژه با نرم افزار MS Project,علوم مهندسی,نیاوران,مشخص نشده,سه شنبه ۱۲ اسفند ۱۴۰۴,سه شنبه ۱۵ اردیبهشت ۱۴۰۵,"۶۵,۰۰۰,۰۰۰","۶۵,۰۰۰,۰۰۰",یکشنبه ساعت ۱۷:۳۰ تا ۲۰:۳۰ | سه شنبه ساعت ۱۷:۳۰ تا ۲۰:۳۰,https://mftplus.com/lesson/154012124/برنامه-ریزی-و-کنترل-پروژه-با-نرم-افزار-MS-Project
"مدیریت پروژه حرفه ای – مبانی و نرم افزارهای کاربردی (PMBOK, MSP & Primavera P6)",علوم مهندسی,نیاوران,مشخص نشده,سه شنبه ۱۲ اسفند ۱۴۰۴,یکشنبه ۴ مرداد ۱۴۰۵,"۱۶۹,۰۰۰,۰۰۰","۱۶۹,۰۰۰,۰۰۰",یکشنبه ساعت ۱۷:۳۰ تا ۲۰:۳۰ | سه شنبه ساعت ۱۷:۳۰ تا ۲۰:۳۰,"https://mftplus.com/lesson/154012130/مدیریت-پروژه-حرفه-ای-–-مبانی-و-نرم-افزارهای-کاربردی-(PMBOK,-MSP-&-Primavera-P6)"
آشپزی ملل,تشریفات و گردشگری,ونک,مشخص نشده,سه شنبه ۱۲ اسفند ۱۴۰۴,سه شنبه ۱ اردیبهشت ۱۴۰۵,"۲۹۳,۰۰۰,۰۰۰","۲۹۳,۰۰۰,۰۰۰",یکشنبه ساعت ۱۵:۳۰ تا ۱۹:۳۰ | سه شنبه ساعت ۱۵:۳۰ تا ۱۹:۳۰,https://mftplus.com/lesson/4017/آشپزی-ملل
طراحی برد مدار چاپی با نرم افزارAltium Designer,برق و الکترونیک,بلوار کاوه(قیطریه),مشخص نشده,سه شنبه ۱۲ اسفند ۱۴۰۴,سه شنبه ۸ اردیبهشت ۱۴۰۵,"۵۹,۰۰۰,۰۰۰","۶۰,۰۰۰,۰۰۰",سه شنبه ساعت ۱۵:۰۰ تا ۲۰:۰۰,https://mftplus.com/lesson/5305/طراحی-برد-مدار-چاپی-با-نرم-افزارAltium-Designer
دوخت تخصصی مانتو,فناوری مد و پوشاک,اکباتان,مشخص نشده,سه شنبه ۱۲ اسفند ۱۴۰۴,سه شنبه ۲۰ مرداد ۱۴۰۵,"۹۲,۰۰۰,۰۰۰","۹۲,۰۰۰,۰۰۰",سه شنبه ساعت ۰۹:۰۰ تا ۱۴:۰۰,https://mftplus.com/lesson/3947/دوخت-تخصصی-مانتو
Wordpress & SEO PACK,فناوری اطلاعات و ارتباطات,انقلاب,مشخص نشده,سه شنبه ۱۲ اسفند ۱۴۰۴,یکشنبه ۲۴ خرداد ۱۴۰۵,"۱۰۰,۰۰۰,۰۰۰","۱۲۴,۰۰۰,۰۰۰",یکشنبه ساعت ۱۷:۳۰ تا ۲۰:۳۰ | سه شنبه ساعت ۱۷:۳۰ تا ۲۰:۳۰,https://mftplus.com/lesson/4669/Wordpress-&-SEO-PACK
شیرینی و دسرهای کاربردی,تشریفات و گردشگری,اکباتان,مشخص نشده,سه شنبه ۱۲ اسفند ۱۴۰۴,سه شنبه ۱۵ اردیبهشت ۱۴۰۵,"۱۲۹,۰۰۰,۰۰۰","۱۲۹,۰۰۰,۰۰۰",سه شنبه ساعت ۱۰:۳۰ تا ۱۴:۳۰,https://mftplus.com/lesson/3812/شیرینی-و-دسرهای-کاربردی
Python Programming Advanced,فناوری اطلاعات و ارتباطات,نارمک,مشخص نشده,چهارشنبه ۱۳ اسفند ۱۴۰۴,چهارشنبه ۲۴ تیر ۱۴۰۵,"۱۱۴,۰۰۰,۰۰۰","۱۱۴,۰۰۰,۰۰۰",چهارشنبه ساعت ۱۷:۰۰ تا ۲۱:۰۰,https://mftplus.com/lesson/5681/Python-Programming-Advanced
دوره ی جامع بازسازی و اجرای پروژه های طراحی داخلی,معماری,زعفرانیه,مشخص نشده,چهارشنبه ۱۳ اسفند ۱۴۰۴,چهارشنبه ۲۷ خرداد ۱۴۰۵,"۱۴۸,۰۰۰,۰۰۰","۱۴۸,۰۰۰,۰۰۰",چهارشنبه ساعت ۱۷:۳۰ تا ۲۱:۰۰,https://mftplus.com/lesson/391612165/دوره-ی-جامع-بازسازی-و-اجرای-پروژه-های-طراحی-داخلی
"دوربین های آنالوگ ip , hd",برق و الکترونیک,سعادت آباد (مرکزی),مشخص نشده,چهارشنبه ۱۳ اسفند ۱۴۰۴,چهارشنبه ۱۳ خرداد ۱۴۰۵,"۱۰۰,۰۰۰,۰۰۰","۱۰۰,۰۰۰,۰۰۰",چهارشنبه ساعت ۱۷:۳۰ تا ۲۱:۳۰,"https://mftplus.com/lesson/5685/دوربین-های-آنالوگ-ip-,-hd"
اتوکد الکتریکال,برق و الکترونیک,بلوار کاوه(قیطریه),مشخص نشده,چهارشنبه ۱۳ اسفند ۱۴۰۴,چهارشنبه ۱۶ اردیبهشت ۱۴۰۵,"۷۱,۳۰۰,۰۰۰","۹۵,۰۰۰,۰۰۰",چهارشنبه ساعت ۱۴:۰۰ تا ۲۰:۰۰,https://mftplus.com/lesson/181222132/اتوکد-الکتریکال
هوش مصنوعی در خدمت حسابداری,علوم مالی و حسابداری,بلوار کاوه(قیطریه),مشخص نشده,چهارشنبه ۱۳ اسفند ۱۴۰۴,چهارشنبه ۱۹ فروردین ۱۴۰۵,"۴۷,۵۰۰,۰۰۰","۴۷,۵۰۰,۰۰۰",چهارشنبه ساعت ۱۵:۰۰ تا ۲۰:۰۰,https://mftplus.com/lesson/6410/هوش-مصنوعی-در-خدمت-حسابداری
کالکشن سازی صنعتی,فناوری مد و پوشاک,ونک,مشخص نشده,چهارشنبه ۱۳ اسفند ۱۴۰۴,چهارشنبه ۲۳ اردیبهشت ۱۴۰۵,"۹۴,۰۰۰,۰۰۰","۹۴,۰۰۰,۰۰۰",چهارشنبه ساعت ۱۴:۰۰ تا ۱۹:۰۰,https://mftplus.com/lesson/5907/کالکشن-سازی-صنعتی
پکیج طراحی دکوراسیون داخلی از مقدماتی تا پیشرفته,معماری,زعفرانیه,مشخص نشده,چهارشنبه ۱۳ اسفند ۱۴۰۴,شنبه ۱۴ فروردین ۱۴۰۶,"۵۲۹,۰۰۰,۰۰۰","۵۲۹,۰۰۰,۰۰۰",شنبه ساعت ۱۷:۰۰ تا ۲۱:۰۰ | چهارشنبه ساعت ۱۷:۰۰ تا ۲۱:۰۰,https://mftplus.com/lesson/5999/پکیج-طراحی-دکوراسیون-داخلی-از-مقدماتی-تا-پیشرفته
طراحی معماری و دکوراسیون داخلی مقدماتی,معماری,زعفرانیه,مشخص نشده,چهارشنبه ۱۳ اسفند ۱۴۰۴,شنبه ۲۷ تیر ۱۴۰۵,"۱۷۱,۰۰۰,۰۰۰","۱۷۱,۰۰۰,۰۰۰",شنبه ساعت ۱۷:۰۰ تا ۲۱:۰۰ | چهارشنبه ساعت ۱۷:۰۰ تا ۲۱:۰۰,https://mftplus.com/lesson/391212125/طراحی-معماری-و-دکوراسیون-داخلی-مقدماتی
نرم افزار EPLAN,برق و الکترونیک,بلوار کاوه(قیطریه),مشخص نشده,چهارشنبه ۱۳ اسفند ۱۴۰۴,چهارشنبه ۹ اردیبهشت ۱۴۰۵,"۷۸,۸۰۰,۰۰۰","۷۸,۸۰۰,۰۰۰",چهارشنبه ساعت ۰۹:۰۰ تا ۱۴:۰۰,https://mftplus.com/lesson/181222127/نرم-افزار-EPLAN
مقدمه ای بر الگوریتم و برنامه نویسی,فناوری اطلاعات و ارتباطات,بلوار کاوه(قیطریه),مشخص نشده,چهارشنبه ۱۳ اسفند ۱۴۰۴,چهارشنبه ۲ اردیبهشت ۱۴۰۵,"۲۸,۰۰۰,۰۰۰","۳۳,۰۰۰,۰۰۰",شنبه ساعت ۱۶:۰۰ تا ۲۰:۰۰ | چهارشنبه ساعت ۱۶:۰۰ تا ۲۰:۰۰,https://mftplus.com/lesson/132017130/مقدمه-ای-بر-الگوریتم-و-برنامه-نویسی
الگوسازی و دوخت لباس شب و عروس,فناوری مد و پوشاک,نارمک,مشخص نشده,چهارشنبه ۱۳ اسفند ۱۴۰۴,چهارشنبه ۲۸ مرداد ۱۴۰۵,"۱۶۷,۰۰۰,۰۰۰","۱۶۷,۰۰۰,۰۰۰",چهارشنبه ساعت ۰۹:۰۰ تا ۱۴:۰۰,https://mftplus.com/lesson/411414133/الگوسازی-و-دوخت-لباس-شب-و-عروس
 Microsoft Office Visio 2021,فناوری اطلاعات و ارتباطات,نیاوران,مشخص نشده,چهارشنبه ۱۳ اسفند ۱۴۰۴,چهارشنبه ۲۳ اردیبهشت ۱۴۰۵,"۲۸,۰۰۰,۰۰۰","۲۸,۰۰۰,۰۰۰",چهارشنبه ساعت ۱۷:۰۰ تا ۲۰:۰۰,https://mftplus.com/lesson/5593/Microsoft-Office-Visio-2021
افترافکت (After Effects),هنر و سینما,بلوار کاوه(قیطریه),مشخص نشده,چهارشنبه ۱۳ اسفند ۱۴۰۴,چهارشنبه ۳۱ تیر ۱۴۰۵,"۸۳,۰۰۰,۰۰۰","۹۸,۰۰۰,۰۰۰",چهارشنبه ساعت ۰۹:۰۰ تا ۱۴:۰۰,https://mftplus.com/lesson/431213154/افترافکت-(After-Effects)
تهیه و تولید مستندها و گزارشهای خبری ، پرتره و تاریخی برای رسانه ها و شبکه های تلویزیونی,فرهنگ، ارتباط و رسانه,پارک ساعی,مشخص نشده,چهارشنبه ۱۳ اسفند ۱۴۰۴,چهارشنبه ۹ اردیبهشت ۱۴۰۵,"۶۸,۵۰۰,۰۰۰","۶۸,۵۰۰,۰۰۰",شنبه ساعت ۱۱:۳۰ تا ۱۴:۳۰ | چهارشنبه ساعت ۱۱:۳۰ تا ۱۴:۳۰,https://mftplus.com/lesson/6220/تهیه-و-تولید-مستندها-و-گزارشهای-خبری-،-پرتره-و-تاریخی-برای-رسانه-ها-و-شبکه-های-تلویزیونی
طراحی و نصب نیروگاههای خورشیدی,برق و الکترونیک,سعادت آباد (مرکزی),عباس پور رشیدی,چهارشنبه ۱۳ اسفند ۱۴۰۴,جمعه ۱۵ اسفند ۱۴۰۴,"۱۱۴,۰۰۰,۰۰۰","۱۱۴,۰۰۰,۰۰۰",جمعه ساعت ۰۸:۰۰ تا ۱۶:۰۰ | چهارشنبه ساعت ۰۸:۰۰ تا ۱۶:۰۰ | پنجشنبه ساعت ۰۸:۰۰ تا ۱۶:۰۰,https://mftplus.com/lesson/5756/طراحی-و-نصب-نیروگاههای-خورشیدی
ICDL Pack 2021,فناوری اطلاعات و ارتباطات,نیاوران,مشخص نشده,چهارشنبه ۱۳ اسفند ۱۴۰۴,چهارشنبه ۳۰ اردیبهشت ۱۴۰۵,"۶۳,۰۰۰,۰۰۰","۸۱,۰۰۰,۰۰۰",شنبه ساعت ۰۸:۰۰ تا ۱۳:۰۰ | دوشنبه ساعت ۰۸:۰۰ تا ۱۳:۰۰ | چهارشنبه ساعت ۰۸:۰۰ تا ۱۳:۰۰,https://mftplus.com/lesson/5575/ICDL-Pack-2021
دوره جامع طراحی پارچه,فناوری مد و پوشاک,ونک,مشخص نشده,چهارشنبه ۱۳ اسفند ۱۴۰۴,چهارشنبه ۱۱ شهریور ۱۴۰۵,"۱۴۶,۰۰۰,۰۰۰","۱۴۶,۰۰۰,۰۰۰",چهارشنبه ساعت ۱۳:۰۰ تا ۱۸:۰۰,https://mftplus.com/lesson/6006/دوره-جامع-طراحی-پارچه
برنامه ریزی و کنترل پروژه با نرم افزار Oracle Primavera P6,علوم مهندسی,اکباتان,مشخص نشده,چهارشنبه ۱۳ اسفند ۱۴۰۴,پنجشنبه ۱۷ اردیبهشت ۱۴۰۵,"۷۵,۰۰۰,۰۰۰","۷۵,۰۰۰,۰۰۰",چهارشنبه ساعت ۱۷:۳۰ تا ۲۰:۳۰ | پنجشنبه ساعت ۱۵:۰۰ تا ۱۸:۰۰,https://mftplus.com/lesson/154012133/برنامه-ریزی-و-کنترل-پروژه-با-نرم-افزار-Oracle-Primavera-P6
توسعه وب اپلیکیشن های مدرن با Next.js,فناوری اطلاعات و ارتباطات,سعادت آباد (مرکزی),عرفان بهادری,چهارشنبه ۱۳ اسفند ۱۴۰۴,چهارشنبه ۲۳ اردیبهشت ۱۴۰۵,"۷۰,۰۰۰,۰۰۰","۸۸,۰۰۰,۰۰۰",چهارشنبه ساعت ۱۴:۳۰ تا ۱۹:۳۰,https://mftplus.com/lesson/6062/توسعه-وب-اپلیکیشن-های-مدرن-با-Next.js
پکیج طراحی دکوراسیون داخلی از مقدماتی تا پیشرفته,معماری,اکباتان,مشخص نشده,چهارشنبه ۱۳ اسفند ۱۴۰۴,شنبه ۹ آبان ۱۴۰۵,"۵۲۹,۰۰۰,۰۰۰","۵۲۹,۰۰۰,۰۰۰",شنبه ساعت ۱۶:۰۰ تا ۲۰:۰۰ | دوشنبه ساعت ۱۶:۰۰ تا ۲۰:۰۰ | چهارشنبه ساعت ۱۶:۰۰ تا ۲۱:۰۰,https://mftplus.com/lesson/5999/پکیج-طراحی-دکوراسیون-داخلی-از-مقدماتی-تا-پیشرفته
طراحی معماری و دکوراسیون داخلی مقدماتی,معماری,اکباتان,مشخص نشده,چهارشنبه ۱۳ اسفند ۱۴۰۴,شنبه ۱۶ خرداد ۱۴۰۵,"۱۷۱,۰۰۰,۰۰۰","۱۷۱,۰۰۰,۰۰۰",شنبه ساعت ۱۶:۰۰ تا ۲۰:۰۰ | دوشنبه ساعت ۱۶:۰۰ تا ۲۰:۰۰ | چهارشنبه ساعت ۱۶:۰۰ تا ۲۰:۰۰,https://mftplus.com/lesson/391212125/طراحی-معماری-و-دکوراسیون-داخلی-مقدماتی
نقشه کشی معماری,معماری,اکباتان,مشخص نشده,چهارشنبه ۱۳ اسفند ۱۴۰۴,چهارشنبه ۱۹ فروردین ۱۴۰۵,"۶۲,۰۰۰,۰۰۰","۶۲,۰۰۰,۰۰۰",شنبه ساعت ۱۶:۰۰ تا ۲۰:۰۰ | دوشنبه ساعت ۱۶:۰۰ تا ۲۰:۰۰ | چهارشنبه ساعت ۱۶:۰۰ تا ۲۰:۰۰,https://mftplus.com/lesson/391212129/نقشه-کشی-معماری
CEH v.12 (Certified Ethical Hacker),فناوری اطلاعات و ارتباطات,بلوار کاوه(قیطریه),مشخص نشده,چهارشنبه ۱۳ اسفند ۱۴۰۴,چهارشنبه ۱۳ خرداد ۱۴۰۵,"۵۴,۰۰۰,۰۰۰","۶۸,۰۰۰,۰۰۰",چهارشنبه ساعت ۱۶:۰۰ تا ۲۰:۰۰,https://mftplus.com/lesson/5173/CEH-v.12-(Certified-Ethical-Hacker)
نازکدوزی زنانه,فناوری مد و پوشاک,سعادت آباد (مرکزی),مشخص نشده,چهارشنبه ۱۳ اسفند ۱۴۰۴,چهارشنبه ۴ شهریور ۱۴۰۵,"۱۳۱,۰۰۰,۰۰۰","۱۳۱,۰۰۰,۰۰۰",چهارشنبه ساعت ۱۴:۰۰ تا ۲۰:۰۰,https://mftplus.com/lesson/411414164/نازکدوزی-زنانه
نقشه کشی معماری,معماری,زعفرانیه,مشخص نشده,چهارشنبه ۱۳ اسفند ۱۴۰۴,شنبه ۵ اردیبهشت ۱۴۰۵,"۶۲,۰۰۰,۰۰۰","۶۲,۰۰۰,۰۰۰",شنبه ساعت ۱۷:۳۰ تا ۲۱:۰۰ | چهارشنبه ساعت ۱۷:۳۰ تا ۲۱:۰۰,https://mftplus.com/lesson/391212129/نقشه-کشی-معماری
Microsoft Office Excel 2021 Expert,فناوری اطلاعات و ارتباطات,میرداماد,مشخص نشده,چهارشنبه ۱۳ اسفند ۱۴۰۴,چهارشنبه ۲ اردیبهشت ۱۴۰۵,"۳۵,۰۰۰,۰۰۰","۴۴,۰۰۰,۰۰۰",شنبه ساعت ۱۷:۳۰ تا ۲۰:۳۰ | چهارشنبه ساعت ۱۷:۳۰ تا ۲۰:۳۰,https://mftplus.com/lesson/5619/Microsoft-Office-Excel-2021-Expert
Wordpress & WooCommerce Essential Training,فناوری اطلاعات و ارتباطات,سعادت آباد (مرکزی),اسماعیل احمدی میرقائد,چهارشنبه ۱۳ اسفند ۱۴۰۴,چهارشنبه ۱۶ اردیبهشت ۱۴۰۵,"۴۱,۰۰۰,۰۰۰","۵۳,۰۰۰,۰۰۰",چهارشنبه ساعت ۱۴:۳۰ تا ۱۹:۳۰,https://mftplus.com/lesson/5202/Wordpress-&-WooCommerce-Essential-Training
Wordpress & SEO PACK,فناوری اطلاعات و ارتباطات,سعادت آباد (مرکزی),اسماعیل احمدی میرقائد,چهارشنبه ۱۳ اسفند ۱۴۰۴,چهارشنبه ۱۰ تیر ۱۴۰۵,"۱۰۰,۰۰۰,۰۰۰","۱۲۴,۰۰۰,۰۰۰",چهارشنبه ساعت ۱۴:۳۰ تا ۱۹:۳۰,https://mftplus.com/lesson/4669/Wordpress-&-SEO-PACK
طراحی مقدماتی,کودک و نوجوان,بلوار کاوه(قیطریه),مشخص نشده,چهارشنبه ۱۳ اسفند ۱۴۰۴,چهارشنبه ۱۶ اردیبهشت ۱۴۰۵,"۵۲,۹۰۰,۰۰۰","۵۲,۹۰۰,۰۰۰",چهارشنبه ساعت ۱۷:۰۰ تا ۲۰:۰۰,https://mftplus.com/lesson/191814123/طراحی-مقدماتی
تولید محتوا با موبایل (موبایل گرافی),تولید محتوا,زعفرانیه,مشخص نشده,چهارشنبه ۱۳ اسفند ۱۴۰۴,چهارشنبه ۶ خرداد ۱۴۰۵,"۵۵,۰۰۰,۰۰۰","۵۵,۰۰۰,۰۰۰",چهارشنبه ساعت ۱۷:۳۰ تا ۲۱:۰۰,https://mftplus.com/lesson/6217/تولید-محتوا-با-موبایل-(موبایل-گرافی)
فروشندگی حرفه ای طلا و جواهر,علوم مهندسی,سعادت آباد (مرکزی),مشخص نشده,چهارشنبه ۱۳ اسفند ۱۴۰۴,پنجشنبه ۲۱ اسفند ۱۴۰۴,"۶۹,۰۰۰,۰۰۰","۶۹,۰۰۰,۰۰۰",جمعه ساعت ۰۹:۰۰ تا ۱۴:۰۰ | چهارشنبه ساعت ۰۹:۰۰ تا ۱۴:۰۰ | پنجشنبه ساعت ۰۹:۰۰ تا ۱۴:۰۰,https://mftplus.com/lesson/154414126/فروشندگی-حرفه-ای-طلا-و-جواهر
زبان انگلیسی A1.6,زبانهای خارجی,بلوار کاوه(قیطریه),مشخص نشده,چهارشنبه ۱۳ اسفند ۱۴۰۴,شنبه ۲۳ خرداد ۱۴۰۵,"۲۶,۶۰۰,۰۰۰","۲۶,۶۰۰,۰۰۰",شنبه ساعت ۱۷:۰۰ تا ۱۸:۳۰ | چهارشنبه ساعت ۱۷:۰۰ تا ۱۸:۳۰,https://mftplus.com/lesson/231215280/زبان-انگلیسی-A1.6
طراحی دستی جواهرات,علوم مهندسی,بلوار کاوه(قیطریه),مشخص نشده,چهارشنبه ۱۳ اسفند ۱۴۰۴,چهارشنبه ۱۸ شهریور ۱۴۰۵,"۹۹,۰۰۰,۰۰۰","۹۹,۰۰۰,۰۰۰",چهارشنبه ساعت ۱۷:۰۰ تا ۲۰:۰۰,https://mftplus.com/lesson/154412123/طراحی-دستی-جواهرات
کارگاه سناریو نویسی در روابط عمومی (رویکرد کاربردی),فرهنگ، ارتباط و رسانه,پارک ساعی,مشخص نشده,چهارشنبه ۱۳ اسفند ۱۴۰۴,چهارشنبه ۲۷ اسفند ۱۴۰۴,"۲۱,۶۰۰,۰۰۰","۲۱,۶۰۰,۰۰۰",دوشنبه ساعت ۰۸:۳۰ تا ۱۱:۳۰ | چهارشنبه ساعت ۰۸:۳۰ تا ۱۱:۳۰,https://mftplus.com/lesson/6246/کارگاه-سناریو-نویسی-در-روابط-عمومی-(رویکرد-کاربردی)
مقدمه ای بر الگوریتم و برنامه نویسی,فناوری اطلاعات و ارتباطات,بلوار کاوه(قیطریه),مشخص نشده,چهارشنبه ۱۳ اسفند ۱۴۰۴,چهارشنبه ۱۳ خرداد ۱۴۰۵,"۲۸,۰۰۰,۰۰۰","۳۳,۰۰۰,۰۰۰",چهارشنبه ساعت ۱۶:۰۰ تا ۲۰:۰۰,https://mftplus.com/lesson/132017130/مقدمه-ای-بر-الگوریتم-و-برنامه-نویسی
نرم افزار EPLAN,برق و الکترونیک,بلوار کاوه(قیطریه),مشخص نشده,چهارشنبه ۱۳ اسفند ۱۴۰۴,چهارشنبه ۹ اردیبهشت ۱۴۰۵,"۷۸,۸۰۰,۰۰۰","۷۸,۸۰۰,۰۰۰",چهارشنبه ساعت ۰۹:۰۰ تا ۱۴:۰۰,https://mftplus.com/lesson/181222127/نرم-افزار-EPLAN
هوشمند سازی ساختمان (پروتکل کی ان ایکس),برق و الکترونیک,بلوار کاوه(قیطریه),مشخص نشده,چهارشنبه ۱۳ اسفند ۱۴۰۴,جمعه ۱۵ اسفند ۱۴۰۴,"۸۸,۰۰۰,۰۰۰","۹۰,۰۰۰,۰۰۰",جمعه ساعت ۰۸:۰۰ تا ۱۴:۰۰ | چهارشنبه ساعت ۰۸:۰۰ تا ۱۴:۰۰ | پنجشنبه ساعت ۰۸:۰۰ تا ۱۴:۰۰,https://mftplus.com/lesson/4869/هوشمند-سازی-ساختمان-(پروتکل-کی-ان-ایکس)
تکنسین داروخانه (نسخه خوانی),دانش سلامت,بلوار کاوه(قیطریه),مشخص نشده,چهارشنبه ۱۳ اسفند ۱۴۰۴,چهارشنبه ۳۰ اردیبهشت ۱۴۰۵,"۷۱,۵۰۰,۰۰۰","۷۱,۵۰۰,۰۰۰",چهارشنبه ساعت ۱۵:۰۰ تا ۲۰:۰۰,https://mftplus.com/lesson/341615130/تکنسین-داروخانه-(نسخه-خوانی)
بافت موی پایه,دانش سلامت,اکباتان,مشخص نشده,چهارشنبه ۱۳ اسفند ۱۴۰۴,چهارشنبه ۱۳ خرداد ۱۴۰۵,"۶۵,۰۰۰,۰۰۰","۶۵,۰۰۰,۰۰۰",چهارشنبه ساعت ۱۴:۰۰ تا ۱۷:۰۰,https://mftplus.com/lesson/5704/بافت-موی-پایه
مراقبت زیبایی دست و ناخن سطح 1 و 2,دانش سلامت,اکباتان,مشخص نشده,چهارشنبه ۱۳ اسفند ۱۴۰۴,چهارشنبه ۱۸ شهریور ۱۴۰۵,"۱۶۱,۲۰۰,۰۰۰","۱۶۱,۲۰۰,۰۰۰",چهارشنبه ساعت ۱۰:۰۰ تا ۱۴:۰۰,https://mftplus.com/lesson/5633/مراقبت-زیبایی-دست-و-ناخن-سطح-1-و-2
ایمنی در برق,برق و الکترونیک,سعادت آباد (مرکزی),مشخص نشده,چهارشنبه ۱۳ اسفند ۱۴۰۴,چهارشنبه ۲ اردیبهشت ۱۴۰۵,"۶۱,۰۰۰,۰۰۰","۶۱,۰۰۰,۰۰۰",چهارشنبه ساعت ۱۴:۳۰ تا ۲۰:۳۰,https://mftplus.com/lesson/5766/ایمنی-در-برق
دوره مقدماتی اینترکام هوشمند Akuvox,برق و الکترونیک,سعادت آباد (مرکزی),مشخص نشده,چهارشنبه ۱۳ اسفند ۱۴۰۴,پنجشنبه ۱۴ اسفند ۱۴۰۴,"۵۴,۰۰۰,۰۰۰","۵۴,۰۰۰,۰۰۰",چهارشنبه ساعت ۰۸:۰۰ تا ۱۴:۰۰ | پنجشنبه ساعت ۰۸:۰۰ تا ۱۴:۰۰,https://mftplus.com/lesson/5691/دوره-مقدماتی-اینترکام-هوشمند-Akuvox
طراحی نقاشی مقدماتی,هنر و سینما,ونک,مشخص نشده,چهارشنبه ۱۳ اسفند ۱۴۰۴,چهارشنبه ۲۴ تیر ۱۴۰۵,"۳۹,۹۰۰,۰۰۰","۳۹,۹۰۰,۰۰۰",چهارشنبه ساعت ۱۷:۰۰ تا ۲۱:۰۰,https://mftplus.com/lesson/431512135/طراحی-نقاشی-مقدماتی
طراحی نقاشی متوسط,هنر و سینما,ونک,مشخص نشده,چهارشنبه ۱۳ اسفند ۱۴۰۴,چهارشنبه ۱۳ خرداد ۱۴۰۵,"۴۶,۰۰۰,۰۰۰","۴۶,۰۰۰,۰۰۰",چهارشنبه ساعت ۱۷:۰۰ تا ۲۱:۰۰,https://mftplus.com/lesson/431512124/طراحی-نقاشی-متوسط
نورپردازی در دکوراسیون داخلی,معماری,بلوار کاوه(قیطریه),مشخص نشده,چهارشنبه ۱۳ اسفند ۱۴۰۴,چهارشنبه ۱۹ فروردین ۱۴۰۵,"۳۵,۰۰۰,۰۰۰","۳۵,۰۰۰,۰۰۰",چهارشنبه ساعت ۰۹:۰۰ تا ۱۴:۰۰,https://mftplus.com/lesson/391212173/نورپردازی-در-دکوراسیون-داخلی
مقدمه ای بر الگوریتم و برنامه نویسی,فناوری اطلاعات و ارتباطات,باملند(شمال غرب),مشخص نشده,چهارشنبه ۱۳ اسفند ۱۴۰۴,دوشنبه ۳۱ فروردین ۱۴۰۵,"۳۳,۰۰۰,۰۰۰","۳۳,۰۰۰,۰۰۰",شنبه ساعت ۱۷:۰۰ تا ۲۰:۰۰ | دوشنبه ساعت ۱۷:۰۰ تا ۲۰:۰۰ | چهارشنبه ساعت ۱۷:۰۰ تا ۲۰:۰۰,https://mftplus.com/lesson/132017130/مقدمه-ای-بر-الگوریتم-و-برنامه-نویسی
مهارتهای مذاکره,مدیریت و کسب و کار,میرداماد,مشخص نشده,چهارشنبه ۱۳ اسفند ۱۴۰۴,چهارشنبه ۱۳ اسفند ۱۴۰۴,"۲۳,۵۰۰,۰۰۰","۲۳,۵۰۰,۰۰۰",چهارشنبه ساعت ۰۹:۰۰ تا ۱۷:۰۰,https://mftplus.com/lesson/4936/مهارتهای-مذاکره
طراحی معماری و دکوراسیون داخلی متوسط,معماری,نیاوران,مشخص نشده,چهارشنبه ۱۳ اسفند ۱۴۰۴,دوشنبه ۲۹ تیر ۱۴۰۵,"۲۰۶,۰۰۰,۰۰۰","۲۰۶,۰۰۰,۰۰۰",دوشنبه ساعت ۱۷:۰۰ تا ۲۱:۰۰ | چهارشنبه ساعت ۱۷:۰۰ تا ۲۱:۰۰,https://mftplus.com/lesson/391212126/طراحی-معماری-و-دکوراسیون-داخلی-متوسط
Machine Learning with Python,فناوری اطلاعات و ارتباطات,سعادت آباد (مرکزی),فاطمه رفیع پور,چهارشنبه ۱۳ اسفند ۱۴۰۴,چهارشنبه ۶ خرداد ۱۴۰۵,"۶۷,۰۰۰,۰۰۰","۸۴,۰۰۰,۰۰۰",چهارشنبه ساعت ۰۸:۰۰ تا ۱۳:۰۰,https://mftplus.com/lesson/5546/Machine-Learning-with-Python
دوره پیشرفته فتوولتائیک: طراحی سایت پلان، تابلوهای حفاظت DC/AC، عیب یابی و الزامات فنی,برق و الکترونیک,سعادت آباد (مرکزی),مشخص نشده,چهارشنبه ۱۳ اسفند ۱۴۰۴,جمعه ۱۵ اسفند ۱۴۰۴,"۱۵۰,۰۰۰,۰۰۰","۱۵۰,۰۰۰,۰۰۰",جمعه ساعت ۰۸:۰۰ تا ۱۶:۰۰ | چهارشنبه ساعت ۰۸:۰۰ تا ۱۶:۰۰ | پنجشنبه ساعت ۰۸:۰۰ تا ۱۶:۰۰,https://mftplus.com/lesson/6517/دوره-پیشرفته-فتوولتائیک:-طراحی-سایت-پلان،-تابلوهای-حفاظت-DC/AC،-عیب-یابی-و-الزامات-فنی
نرم افزار Revit معماری,معماری,بلوار کاوه(قیطریه),مشخص نشده,چهارشنبه ۱۳ اسفند ۱۴۰۴,چهارشنبه ۲۰ خرداد ۱۴۰۵,"۸۹,۰۰۰,۰۰۰","۸۹,۰۰۰,۰۰۰",چهارشنبه ساعت ۰۹:۰۰ تا ۱۴:۰۰,https://mftplus.com/lesson/391412129/نرم-افزار-Revit-معماری
الگوسازی و دوخت لباس شب و عروس,فناوری مد و پوشاک,اکباتان,مشخص نشده,چهارشنبه ۱۳ اسفند ۱۴۰۴,چهارشنبه ۱ مهر ۱۴۰۵,"۱۶۷,۰۰۰,۰۰۰","۱۶۷,۰۰۰,۰۰۰",چهارشنبه ساعت ۰۹:۰۰ تا ۱۴:۰۰,https://mftplus.com/lesson/411414133/الگوسازی-و-دوخت-لباس-شب-و-عروس
دوره جامع اجرای ساختمانهای بتنی و فولادی,علوم مهندسی,ونک,مشخص نشده,چهارشنبه ۱۳ اسفند ۱۴۰۴,چهارشنبه ۱۰ تیر ۱۴۰۵,"۱۷۹,۰۰۰,۰۰۰","۱۷۹,۰۰۰,۰۰۰",شنبه ساعت ۱۷:۰۰ تا ۲۱:۰۰ | چهارشنبه ساعت ۱۷:۰۰ تا ۲۱:۰۰,https://mftplus.com/lesson/3966/دوره-جامع-اجرای-ساختمانهای-بتنی-و-فولادی
نقشه کشی معماری,معماری,ونک,مشخص نشده,چهارشنبه ۱۳ اسفند ۱۴۰۴,دوشنبه ۳۱ فروردین ۱۴۰۵,"۶۲,۰۰۰,۰۰۰","۶۲,۰۰۰,۰۰۰",دوشنبه ساعت ۰۹:۰۰ تا ۱۳:۰۰ | چهارشنبه ساعت ۰۹:۰۰ تا ۱۳:۰۰,https://mftplus.com/lesson/391212129/نقشه-کشی-معماری
دوره تخصصی صفر تا صد اصول  طراحی ویلا,معماری,سعادت آباد (مرکزی),مشخص نشده,چهارشنبه ۱۳ اسفند ۱۴۰۴,چهارشنبه ۱۰ تیر ۱۴۰۵,"۱۱۴,۰۰۰,۰۰۰","۱۱۴,۰۰۰,۰۰۰",چهارشنبه ساعت ۱۴:۰۰ تا ۲۰:۰۰,https://mftplus.com/lesson/4862/دوره-تخصصی-صفر-تا-صد-اصول-طراحی-ویلا
3Ds Max Beginners to Advanced & V-Ray,معماری,میرداماد,مشخص نشده,چهارشنبه ۱۳ اسفند ۱۴۰۴,چهارشنبه ۱۳ خرداد ۱۴۰۵,"۱۴۴,۰۰۰,۰۰۰","۱۴۴,۰۰۰,۰۰۰",شنبه ساعت ۱۶:۳۰ تا ۲۰:۳۰ | چهارشنبه ساعت ۱۶:۳۰ تا ۲۰:۳۰,https://mftplus.com/lesson/4542/3Ds-Max-Beginners-to-Advanced-&-V-Ray
نقاشی میکس مدیا (تابلو های دکوراتیو),هنر و سینما,اسلامشهر,مشخص نشده,چهارشنبه ۱۳ اسفند ۱۴۰۴,دوشنبه ۲۴ فروردین ۱۴۰۵,"۴۵,۶۰۰,۰۰۰","۴۵,۶۰۰,۰۰۰",دوشنبه ساعت ۱۲:۰۰ تا ۱۵:۰۰ | چهارشنبه ساعت ۱۲:۰۰ تا ۱۵:۰۰,https://mftplus.com/lesson/4301/نقاشی-میکس-مدیا-(تابلو-های-دکوراتیو)
متخصص ارشد روابط عمومی در دنیای دیجیتال (Digital Master PR),فرهنگ، ارتباط و رسانه,پارک ساعی,مشخص نشده,چهارشنبه ۱۳ اسفند ۱۴۰۴,چهارشنبه ۹ اردیبهشت ۱۴۰۵,"۶۲,۰۰۰,۰۰۰","۶۲,۰۰۰,۰۰۰",شنبه ساعت ۱۷:۳۰ تا ۲۰:۳۰ | چهارشنبه ساعت ۱۷:۳۰ تا ۲۰:۳۰,https://mftplus.com/lesson/6084/متخصص-ارشد-روابط-عمومی-در-دنیای-دیجیتال-(Digital-Master-PR)
افترافکت (After Effects),هنر و سینما,سیدخندان,مشخص نشده,چهارشنبه ۱۳ اسفند ۱۴۰۴,چهارشنبه ۱۵ مهر ۱۴۰۵,"۹۸,۰۰۰,۰۰۰","۹۸,۰۰۰,۰۰۰",چهارشنبه ساعت ۱۶:۰۰ تا ۱۹:۰۰,https://mftplus.com/lesson/431213154/افترافکت-(After-Effects)
"مدیریت پروژه حرفه ای – مبانی و نرم افزارهای کاربردی (PMBOK, MSP & Primavera P6)",علوم مهندسی,اکباتان,مشخص نشده,چهارشنبه ۱۳ اسفند ۱۴۰۴,پنجشنبه ۱۵ مرداد ۱۴۰۵,"۱۶۹,۰۰۰,۰۰۰","۱۶۹,۰۰۰,۰۰۰",چهارشنبه ساعت ۱۷:۳۰ تا ۲۰:۳۰ | پنجشنبه ساعت ۱۵:۰۰ تا ۱۸:۰۰,"https://mftplus.com/lesson/154012130/مدیریت-پروژه-حرفه-ای-–-مبانی-و-نرم-افزارهای-کاربردی-(PMBOK,-MSP-&-Primavera-P6)"
برنامه ریزی و کنترل پروژه با نرم افزار MS Project,علوم مهندسی,اکباتان,مشخص نشده,چهارشنبه ۱۳ اسفند ۱۴۰۴,چهارشنبه ۱۶ اردیبهشت ۱۴۰۵,"۶۵,۰۰۰,۰۰۰","۶۵,۰۰۰,۰۰۰",چهارشنبه ساعت ۱۷:۳۰ تا ۲۰:۳۰ | پنجشنبه ساعت ۱۵:۰۰ تا ۱۸:۰۰,https://mftplus.com/lesson/154012124/برنامه-ریزی-و-کنترل-پروژه-با-نرم-افزار-MS-Project
متره و برآورد معماری داخلی,معماری,سعادت آباد (مرکزی),مشخص نشده,چهارشنبه ۱۳ اسفند ۱۴۰۴,چهارشنبه ۲۷ اسفند ۱۴۰۴,"۴۲,۰۰۰,۰۰۰","۴۲,۰۰۰,۰۰۰",شنبه ساعت ۱۷:۳۰ تا ۲۰:۳۰ | دوشنبه ساعت ۱۷:۳۰ تا ۲۰:۳۰ | چهارشنبه ساعت ۱۷:۳۰ تا ۲۰:۳۰,https://mftplus.com/lesson/391212170/متره-و-برآورد-معماری-داخلی
افترافکت (After Effects),هنر و سینما,انقلاب,مشخص نشده,چهارشنبه ۱۳ اسفند ۱۴۰۴,شنبه ۳۰ خرداد ۱۴۰۵,"۸۳,۰۰۰,۰۰۰","۹۸,۰۰۰,۰۰۰",شنبه ساعت ۱۷:۳۰ تا ۲۰:۳۰ | چهارشنبه ساعت ۱۷:۳۰ تا ۲۰:۳۰,https://mftplus.com/lesson/431213154/افترافکت-(After-Effects)
C# Programming,فناوری اطلاعات و ارتباطات,میرداماد,مشخص نشده,چهارشنبه ۱۳ اسفند ۱۴۰۴,شنبه ۹ خرداد ۱۴۰۵,"۶۷,۰۰۰,۰۰۰","۸۳,۰۰۰,۰۰۰",شنبه ساعت ۱۷:۳۰ تا ۲۰:۳۰ | چهارشنبه ساعت ۱۷:۳۰ تا ۲۰:۳۰,https://mftplus.com/lesson/132027124/C#-Programming
Wordpress & WooCommerce Essential Training,فناوری اطلاعات و ارتباطات,بلوار کاوه(قیطریه),مشخص نشده,چهارشنبه ۱۳ اسفند ۱۴۰۴,چهارشنبه ۳۰ اردیبهشت ۱۴۰۵,"۴۱,۰۰۰,۰۰۰","۵۳,۰۰۰,۰۰۰",چهارشنبه ساعت ۱۶:۰۰ تا ۲۰:۰۰,https://mftplus.com/lesson/5202/Wordpress-&-WooCommerce-Essential-Training
Wordpress & SEO PACK,فناوری اطلاعات و ارتباطات,بلوار کاوه(قیطریه),مشخص نشده,چهارشنبه ۱۳ اسفند ۱۴۰۴,چهارشنبه ۲۸ مرداد ۱۴۰۵,"۱۲۴,۰۰۰,۰۰۰","۱۲۴,۰۰۰,۰۰۰",چهارشنبه ساعت ۱۶:۰۰ تا ۲۰:۰۰,https://mftplus.com/lesson/4669/Wordpress-&-SEO-PACK
افترافکت (After Effects),هنر و سینما,میرداماد,مشخص نشده,چهارشنبه ۱۳ اسفند ۱۴۰۴,چهارشنبه ۱۰ تیر ۱۴۰۵,"۸۳,۰۰۰,۰۰۰","۹۸,۰۰۰,۰۰۰",چهارشنبه ساعت ۱۴:۳۰ تا ۲۰:۳۰,https://mftplus.com/lesson/431213154/افترافکت-(After-Effects)
طراحی و نصب نیروگاههای خورشیدی,برق و الکترونیک,پارک ساعی,مشخص نشده,چهارشنبه ۱۳ اسفند ۱۴۰۴,جمعه ۱۵ اسفند ۱۴۰۴,"۱۱۴,۰۰۰,۰۰۰","۱۱۴,۰۰۰,۰۰۰",جمعه ساعت ۰۸:۰۰ تا ۱۶:۰۰ | چهارشنبه ساعت ۰۸:۰۰ تا ۱۶:۰۰ | پنجشنبه ساعت ۰۸:۰۰ تا ۱۶:۰۰,https://mftplus.com/lesson/5756/طراحی-و-نصب-نیروگاههای-خورشیدی
ترفندهای اکسل در حسابداری,علوم مالی و حسابداری,سعادت آباد (مرکزی),مشخص نشده,چهارشنبه ۱۳ اسفند ۱۴۰۴,دوشنبه ۱۷ فروردین ۱۴۰۵,"۳۴,۵۰۰,۰۰۰","۳۴,۵۰۰,۰۰۰",شنبه ساعت ۱۷:۳۰ تا ۲۰:۳۰ | دوشنبه ساعت ۱۷:۳۰ تا ۲۰:۳۰ | چهارشنبه ساعت ۱۷:۳۰ تا ۲۰:۳۰,https://mftplus.com/lesson/6164/ترفندهای-اکسل-در-حسابداری
طراحی معماری و دکوراسیون داخلی متوسط,معماری,نیاوران,مشخص نشده,چهارشنبه ۱۳ اسفند ۱۴۰۴,شنبه ۲۷ تیر ۱۴۰۵,"۲۰۶,۰۰۰,۰۰۰","۲۰۶,۰۰۰,۰۰۰",شنبه ساعت ۰۹:۰۰ تا ۱۳:۰۰ | چهارشنبه ساعت ۰۹:۰۰ تا ۱۳:۰۰,https://mftplus.com/lesson/391212126/طراحی-معماری-و-دکوراسیون-داخلی-متوسط
مقدمه ای بر الگوریتم و برنامه نویسی,فناوری اطلاعات و ارتباطات,آیت الله کاشانی (غرب),مشخص نشده,چهارشنبه ۱۳ اسفند ۱۴۰۴,چهارشنبه ۱۳ خرداد ۱۴۰۵,"۳۳,۰۰۰,۰۰۰","۳۳,۰۰۰,۰۰۰",چهارشنبه ساعت ۱۶:۳۰ تا ۲۰:۳۰,https://mftplus.com/lesson/132017130/مقدمه-ای-بر-الگوریتم-و-برنامه-نویسی
مدیریت منابع انسانی,مدیریت و کسب و کار,ونک,مشخص نشده,چهارشنبه ۱۳ اسفند ۱۴۰۴,چهارشنبه ۲۶ فروردین ۱۴۰۵,"۴۴,۹۰۰,۰۰۰","۴۴,۹۰۰,۰۰۰",چهارشنبه ساعت ۱۷:۰۰ تا ۲۱:۰۰,https://mftplus.com/lesson/4950/مدیریت-منابع-انسانی
مهارتهای مذاکره,مدیریت و کسب و کار,ونک,مشخص نشده,چهارشنبه ۱۳ اسفند ۱۴۰۴,چهارشنبه ۲۷ اسفند ۱۴۰۴,"۱۹,۳۰۰,۰۰۰","۲۳,۵۰۰,۰۰۰",چهارشنبه ساعت ۱۷:۰۰ تا ۲۱:۰۰,https://mftplus.com/lesson/4936/مهارتهای-مذاکره
ICDL Pack 2021,فناوری اطلاعات و ارتباطات,البرز,مشخص نشده,چهارشنبه ۱۳ اسفند ۱۴۰۴,شنبه ۱۶ خرداد ۱۴۰۵,"۸۱,۰۰۰,۰۰۰","۸۱,۰۰۰,۰۰۰",شنبه ساعت ۱۷:۰۰ تا ۲۱:۰۰ | دوشنبه ساعت ۱۷:۰۰ تا ۲۱:۰۰ | چهارشنبه ساعت ۱۷:۰۰ تا ۲۱:۰۰,https://mftplus.com/lesson/5575/ICDL-Pack-2021
مراقبت و زیبایی دست و ناخن,دانش سلامت,اکباتان,مشخص نشده,چهارشنبه ۱۳ اسفند ۱۴۰۴,چهارشنبه ۳۰ اردیبهشت ۱۴۰۵,"۷۲,۸۰۰,۰۰۰","۷۲,۸۰۰,۰۰۰",چهارشنبه ساعت ۱۰:۰۰ تا ۱۴:۰۰,https://mftplus.com/lesson/4960/مراقبت-و-زیبایی-دست-و-ناخن
Data Analysis with Python,فناوری اطلاعات و ارتباطات,تهرانپارس,مشخص نشده,پنجشنبه ۱۴ اسفند ۱۴۰۴,پنجشنبه ۳ اردیبهشت ۱۴۰۵,"۵۰,۰۰۰,۰۰۰","۵۰,۰۰۰,۰۰۰",پنجشنبه ساعت ۱۵:۳۰ تا ۲۰:۳۰,https://mftplus.com/lesson/5544/Data-Analysis-with-Python
اصول کنترل فرایند و طراحی ابزاردقیق صنعتی,برق و الکترونیک,سعادت آباد (مرکزی),مشخص نشده,پنجشنبه ۱۴ اسفند ۱۴۰۴,پنجشنبه ۳ اردیبهشت ۱۴۰۵,"۸۸,۰۰۰,۰۰۰","۸۸,۰۰۰,۰۰۰",پنجشنبه ساعت ۱۴:۰۰ تا ۲۰:۰۰,https://mftplus.com/lesson/4593/اصول-کنترل-فرایند-و-طراحی-ابزاردقیق-صنعتی
شبیه سازی پدیده های فیزیکی به کمک نرم افزار COMSOL Multiphysics,علوم مهندسی,سعادت آباد (مرکزی),مشخص نشده,پنجشنبه ۱۴ اسفند ۱۴۰۴,پنجشنبه ۳ اردیبهشت ۱۴۰۵,"۷۹,۰۰۰,۰۰۰","۷۹,۰۰۰,۰۰۰",پنجشنبه ساعت ۱۴:۳۰ تا ۲۰:۳۰,https://mftplus.com/lesson/4223/شبیه-سازی-پدیده-های-فیزیکی-به-کمک-نرم-افزار-COMSOL-Multiphysics
بلندر- پیشرفته,هنر و سینما,سعادت آباد (مرکزی),مشخص نشده,پنجشنبه ۱۴ اسفند ۱۴۰۴,پنجشنبه ۱۸ تیر ۱۴۰۵,"۱۱۷,۷۰۰,۰۰۰","۱۱۷,۷۰۰,۰۰۰",چهارشنبه ساعت ۱۸:۰۰ تا ۲۰:۰۰ | پنجشنبه ساعت ۱۴:۳۰ تا ۱۷:۳۰,https://mftplus.com/lesson/6173/بلندر-پیشرفته
قانون پایانه های فروشگاهی و سامانه مودیان,علوم مالی و حسابداری,زعفرانیه,مشخص نشده,پنجشنبه ۱۴ اسفند ۱۴۰۴,پنجشنبه ۲۱ اسفند ۱۴۰۴,"۱۵,۹۰۰,۰۰۰","۱۵,۹۰۰,۰۰۰",جمعه ساعت ۱۷:۰۰ تا ۲۰:۰۰ | پنجشنبه ساعت ۱۷:۰۰ تا ۲۰:۰۰,https://mftplus.com/lesson/5207/قانون-پایانه-های-فروشگاهی-و-سامانه-مودیان
ماساژ رفلکسولوژی (بازتاب درمانی),دانش سلامت,اکباتان,مشخص نشده,پنجشنبه ۱۴ اسفند ۱۴۰۴,جمعه ۱۵ اسفند ۱۴۰۴,"۵۴,۶۰۰,۰۰۰","۵۴,۶۰۰,۰۰۰",جمعه ساعت ۰۹:۰۰ تا ۱۷:۰۰ | پنجشنبه ساعت ۰۹:۰۰ تا ۱۷:۰۰,https://mftplus.com/lesson/4714/ماساژ-رفلکسولوژی-(بازتاب-درمانی)
سیستم های هیدرولیک صنعتی,برق و الکترونیک,سعادت آباد (مرکزی),مشخص نشده,پنجشنبه ۱۴ اسفند ۱۴۰۴,پنجشنبه ۱۷ اردیبهشت ۱۴۰۵,"۱۰۶,۰۰۰,۰۰۰","۱۰۶,۰۰۰,۰۰۰",پنجشنبه ساعت ۰۸:۰۰ تا ۱۲:۰۰,https://mftplus.com/lesson/6329/سیستم-های-هیدرولیک-صنعتی
نصب، راه اندازی، تعمیر و نگهداری پکیج,علوم مهندسی,سعادت آباد (مرکزی),مشخص نشده,پنجشنبه ۱۴ اسفند ۱۴۰۴,جمعه ۲۱ فروردین ۱۴۰۵,"۱۰۹,۰۰۰,۰۰۰","۱۰۹,۰۰۰,۰۰۰",جمعه ساعت ۱۴:۳۰ تا ۲۰:۳۰ | پنجشنبه ساعت ۱۴:۳۰ تا ۲۰:۳۰,https://mftplus.com/lesson/4287/نصب،-راه-اندازی،-تعمیر-و-نگهداری-پکیج
اصول طراحی سیستم های لوله کشی (Piping),علوم مهندسی,سعادت آباد (مرکزی),مشخص نشده,پنجشنبه ۱۴ اسفند ۱۴۰۴,پنجشنبه ۱۰ اردیبهشت ۱۴۰۵,"۶۵,۰۰۰,۰۰۰","۶۵,۰۰۰,۰۰۰",پنجشنبه ساعت ۱۴:۳۰ تا ۲۰:۳۰,https://mftplus.com/lesson/153512123/اصول-طراحی-سیستم-های-لوله-کشی-(Piping)
مدیریت و آنالیز ریسک به همراه نرم افزار Primavera Risk Analysis,علوم مهندسی,سعادت آباد (مرکزی),مشخص نشده,پنجشنبه ۱۴ اسفند ۱۴۰۴,پنجشنبه ۳ اردیبهشت ۱۴۰۵,"۶۹,۰۰۰,۰۰۰","۶۹,۰۰۰,۰۰۰",جمعه ساعت ۱۱:۰۰ تا ۱۴:۰۰ | پنجشنبه ساعت ۱۱:۰۰ تا ۱۴:۰۰,https://mftplus.com/lesson/6567/مدیریت-و-آنالیز-ریسک-به-همراه-نرم-افزار-Primavera-Risk-Analysis
مدل سازی 3 بعدی و انیمیشن معماری Enscape&SketchUP,معماری,سعادت آباد (مرکزی),مشخص نشده,پنجشنبه ۱۴ اسفند ۱۴۰۴,پنجشنبه ۱۷ اردیبهشت ۱۴۰۵,"۷۵,۰۰۰,۰۰۰","۷۵,۰۰۰,۰۰۰",پنجشنبه ساعت ۰۹:۰۰ تا ۱۴:۰۰,https://mftplus.com/lesson/6093/مدل-سازی-3-بعدی-و-انیمیشن-معماری-Enscape&SketchUP
طراحی مکانیکی به کمک SOLIDWORKS I,علوم مهندسی,زعفرانیه,مشخص نشده,پنجشنبه ۱۴ اسفند ۱۴۰۴,پنجشنبه ۲۱ خرداد ۱۴۰۵,"۷۹,۰۰۰,۰۰۰","۷۹,۰۰۰,۰۰۰",پنجشنبه ساعت ۰۹:۰۰ تا ۱۳:۰۰,https://mftplus.com/lesson/153718144/طراحی-مکانیکی-به-کمک-SOLIDWORKS-I
ICDL 2021 Level 2,فناوری اطلاعات و ارتباطات,شهریار,مشخص نشده,پنجشنبه ۱۴ اسفند ۱۴۰۴,پنجشنبه ۲۴ اردیبهشت ۱۴۰۵,"۳۹,۶۰۰,۰۰۰","۳۹,۶۰۰,۰۰۰",دوشنبه ساعت ۱۷:۰۰ تا ۲۰:۰۰ | پنجشنبه ساعت ۱۷:۰۰ تا ۲۰:۰۰,https://mftplus.com/lesson/5573/ICDL-2021-Level-2
عیب یابی و تعمیرات برق خودرو,برق و الکترونیک,سعادت آباد (مرکزی),مشخص نشده,پنجشنبه ۱۴ اسفند ۱۴۰۴,دوشنبه ۷ اردیبهشت ۱۴۰۵,"۱۹۸,۰۰۰,۰۰۰","۱۹۸,۰۰۰,۰۰۰",دوشنبه ساعت ۱۳:۰۰ تا ۱۸:۰۰ | پنجشنبه ساعت ۱۳:۰۰ تا ۱۸:۰۰,https://mftplus.com/lesson/6343/عیب-یابی-و-تعمیرات-برق-خودرو
دوره جامع تعمیرات تخصصی تلفن همراه,برق و الکترونیک,سعادت آباد (مرکزی),مشخص نشده,پنجشنبه ۱۴ اسفند ۱۴۰۴,پنجشنبه ۲۵ تیر ۱۴۰۵,"۲۳۶,۰۰۰,۰۰۰","۲۳۶,۰۰۰,۰۰۰",پنجشنبه ساعت ۱۶:۳۰ تا ۲۱:۳۰,https://mftplus.com/lesson/4891/دوره-جامع-تعمیرات-تخصصی-تلفن-همراه
تولید محتوا با کپ کات,تولید محتوا,اسلامشهر,مشخص نشده,پنجشنبه ۱۴ اسفند ۱۴۰۴,پنجشنبه ۲۷ فروردین ۱۴۰۵,"۵۰,۰۰۰,۰۰۰","۵۰,۰۰۰,۰۰۰",یکشنبه ساعت ۱۸:۰۰ تا ۲۱:۰۰ | پنجشنبه ساعت ۱۸:۰۰ تا ۲۱:۰۰,https://mftplus.com/lesson/5968/تولید-محتوا-با-کپ-کات
دوره جامع طراحی طلا و جواهرات به کمک نرم افزار MATRIX,علوم مهندسی,سعادت آباد (مرکزی),مشخص نشده,پنجشنبه ۱۴ اسفند ۱۴۰۴,پنجشنبه ۲ مهر ۱۴۰۵,"۱۹۹,۰۰۰,۰۰۰","۱۹۹,۰۰۰,۰۰۰",پنجشنبه ساعت ۰۸:۰۰ تا ۱۴:۰۰,https://mftplus.com/lesson/4502/دوره-جامع-طراحی-طلا-و-جواهرات-به-کمک-نرم-افزار-MATRIX
طراحی طلا و جواهرات به کمک نرم افزار MATRIX - سطح یک,علوم مهندسی,سعادت آباد (مرکزی),مشخص نشده,پنجشنبه ۱۴ اسفند ۱۴۰۴,پنجشنبه ۱۸ تیر ۱۴۰۵,"۱۵۵,۰۰۰,۰۰۰","۱۵۵,۰۰۰,۰۰۰",پنجشنبه ساعت ۰۸:۰۰ تا ۱۴:۰۰,https://mftplus.com/lesson/6277/طراحی-طلا-و-جواهرات-به-کمک-نرم-افزار-MATRIX-سطح-یک
موقعیت‌یابی با دستگاه GPS,علوم مهندسی,سعادت آباد (مرکزی),مشخص نشده,پنجشنبه ۱۴ اسفند ۱۴۰۴,پنجشنبه ۲۰ فروردین ۱۴۰۵,"۶۹,۰۰۰,۰۰۰","۶۹,۰۰۰,۰۰۰",پنجشنبه ساعت ۰۸:۰۰ تا ۱۴:۰۰,https://mftplus.com/lesson/6077/موقعیت‌یابی-با-دستگاه-GPS
فنگ شویی در معماری داخلی,معماری,سعادت آباد (مرکزی),مشخص نشده,پنجشنبه ۱۴ اسفند ۱۴۰۴,پنجشنبه ۲۸ اسفند ۱۴۰۴,"۳۰,۰۰۰,۰۰۰","۳۰,۰۰۰,۰۰۰",پنجشنبه ساعت ۰۹:۰۰ تا ۱۴:۰۰,https://mftplus.com/lesson/3782/فنگ-شویی-در-معماری-داخلی
برنامه نویسی ویژه میکروکنترلرها,برق و الکترونیک,پارک ساعی,مشخص نشده,پنجشنبه ۱۴ اسفند ۱۴۰۴,پنجشنبه ۱۰ اردیبهشت ۱۴۰۵,"۴۷,۰۰۰,۰۰۰","۵۰,۰۰۰,۰۰۰",پنجشنبه ساعت ۱۴:۳۰ تا ۱۸:۳۰,https://mftplus.com/lesson/181214199/برنامه-نویسی-ویژه-میکروکنترلرها
سیستم‌های پنوماتیک صنعتی,برق و الکترونیک,سعادت آباد (مرکزی),مشخص نشده,پنجشنبه ۱۴ اسفند ۱۴۰۴,جمعه ۲۲ اسفند ۱۴۰۴,"۱۰۶,۰۰۰,۰۰۰","۱۰۶,۰۰۰,۰۰۰",جمعه ساعت ۰۸:۰۰ تا ۱۶:۰۰ | پنجشنبه ساعت ۰۸:۰۰ تا ۱۶:۰۰,https://mftplus.com/lesson/6331/سیستم‌های-پنوماتیک-صنعتی
مقدمه ای بر الگوریتم و برنامه نویسی,فناوری اطلاعات و ارتباطات,سعادت آباد (مرکزی),آرشام حاجب,پنجشنبه ۱۴ اسفند ۱۴۰۴,پنجشنبه ۱۷ اردیبهشت ۱۴۰۵,"۲۸,۰۰۰,۰۰۰","۳۳,۰۰۰,۰۰۰",پنجشنبه ساعت ۱۴:۳۰ تا ۱۹:۳۰,https://mftplus.com/lesson/132017130/مقدمه-ای-بر-الگوریتم-و-برنامه-نویسی
مراقبت از پوست، مو و زیبایی,دانش سلامت,ونک,مشخص نشده,پنجشنبه ۱۴ اسفند ۱۴۰۴,جمعه ۱۸ اردیبهشت ۱۴۰۵,"۱۲۶,۴۰۰,۰۰۰","۱۲۶,۴۰۰,۰۰۰",جمعه ساعت ۱۳:۰۰ تا ۱۷:۰۰ | پنجشنبه ساعت ۱۳:۰۰ تا ۱۷:۰۰,https://mftplus.com/lesson/341513127/مراقبت-از-پوست،-مو-و-زیبایی
تکنسین داروخانه (نسخه خوانی),دانش سلامت,ونک,مشخص نشده,پنجشنبه ۱۴ اسفند ۱۴۰۴,پنجشنبه ۱۸ تیر ۱۴۰۵,"۷۱,۵۰۰,۰۰۰","۷۱,۵۰۰,۰۰۰",پنجشنبه ساعت ۱۳:۰۰ تا ۱۷:۰۰,https://mftplus.com/lesson/341615130/تکنسین-داروخانه-(نسخه-خوانی)
اکستنشن مژه,دانش سلامت,ونک,مشخص نشده,پنجشنبه ۱۴ اسفند ۱۴۰۴,پنجشنبه ۲۰ فروردین ۱۴۰۵,"۶۲,۴۰۰,۰۰۰","۶۲,۴۰۰,۰۰۰",پنجشنبه ساعت ۱۳:۰۰ تا ۱۷:۰۰,https://mftplus.com/lesson/5115/اکستنشن-مژه
 مهارت های پیاده سازی سخت افزار با میکروکنترلر‌ها,برق و الکترونیک,سعادت آباد (مرکزی),مشخص نشده,پنجشنبه ۱۴ اسفند ۱۴۰۴,پنجشنبه ۳ اردیبهشت ۱۴۰۵,"۵۸,۰۰۰,۰۰۰","۵۸,۰۰۰,۰۰۰",پنجشنبه ساعت ۰۹:۰۰ تا ۱۴:۰۰,https://mftplus.com/lesson/4970/مهارت-های-پیاده-سازی-سخت-افزار-با-میکروکنترلر‌ها
مراقبت و زیبایی دست و ناخن,دانش سلامت,ونک,مشخص نشده,پنجشنبه ۱۴ اسفند ۱۴۰۴,جمعه ۲۸ فروردین ۱۴۰۵,"۷۲,۸۰۰,۰۰۰","۷۲,۸۰۰,۰۰۰",جمعه ساعت ۰۹:۰۰ تا ۱۳:۰۰ | پنجشنبه ساعت ۰۹:۰۰ تا ۱۳:۰۰,https://mftplus.com/lesson/4960/مراقبت-و-زیبایی-دست-و-ناخن
ایمنی ، بهداشت و محیط زیست (HSE) مقدماتی,علوم مهندسی,زعفرانیه,مشخص نشده,پنجشنبه ۱۴ اسفند ۱۴۰۴,جمعه ۲۲ اسفند ۱۴۰۴,"۶۲,۵۰۰,۰۰۰","۶۲,۵۰۰,۰۰۰",جمعه ساعت ۰۹:۰۰ تا ۱۷:۰۰ | پنجشنبه ساعت ۰۹:۰۰ تا ۱۷:۰۰,https://mftplus.com/lesson/154113123/ایمنی-،-بهداشت-و-محیط-زیست-(HSE)-مقدماتی
Hack pack,فناوری اطلاعات و ارتباطات,زعفرانیه,مشخص نشده,پنجشنبه ۱۴ اسفند ۱۴۰۴,پنجشنبه ۱۹ آذر ۱۴۰۵,"۱۳۴,۰۰۰,۰۰۰","۱۶۸,۰۰۰,۰۰۰",پنجشنبه ساعت ۱۳:۰۰ تا ۱۷:۰۰,https://mftplus.com/lesson/132117130/Hack-pack
ICDL Pack 2021,فناوری اطلاعات و ارتباطات,تهرانپارس,اکبر ایزدی,پنجشنبه ۱۴ اسفند ۱۴۰۴,پنجشنبه ۱ مرداد ۱۴۰۵,"۸۱,۰۰۰,۰۰۰","۸۱,۰۰۰,۰۰۰",جمعه ساعت ۰۸:۰۰ تا ۱۲:۰۰ | پنجشنبه ساعت ۰۸:۰۰ تا ۱۲:۰۰,https://mftplus.com/lesson/5575/ICDL-Pack-2021
ICDL 2021 Level 1,فناوری اطلاعات و ارتباطات,سعادت آباد (مرکزی),بهاره شقاقی افضلی,پنجشنبه ۱۴ اسفند ۱۴۰۴,پنجشنبه ۱۴ خرداد ۱۴۰۵,"۳۸,۰۰۰,۰۰۰","۴۹,۰۰۰,۰۰۰",پنجشنبه ساعت ۰۹:۰۰ تا ۱۴:۰۰,https://mftplus.com/lesson/5571/ICDL-2021-Level-1
ICDL Pack 2021,فناوری اطلاعات و ارتباطات,سعادت آباد (مرکزی),بهاره شقاقی افضلی,پنجشنبه ۱۴ اسفند ۱۴۰۴,پنجشنبه ۱۲ شهریور ۱۴۰۵,"۶۳,۰۰۰,۰۰۰","۸۱,۰۰۰,۰۰۰",پنجشنبه ساعت ۰۹:۰۰ تا ۱۴:۰۰,https://mftplus.com/lesson/5575/ICDL-Pack-2021
استقرار و ممیزی سیستم های مدیریت یکپارچه IMS بر اساس Annex SL,علوم مهندسی,سعادت آباد (مرکزی),مشخص نشده,پنجشنبه ۱۴ اسفند ۱۴۰۴,پنجشنبه ۲۴ اردیبهشت ۱۴۰۵,"۱۰۹,۰۰۰,۰۰۰","۱۰۹,۰۰۰,۰۰۰",پنجشنبه ساعت ۱۴:۳۰ تا ۲۰:۳۰,https://mftplus.com/lesson/4461/استقرار-و-ممیزی-سیستم-های-مدیریت-یکپارچه-IMS-بر-اساس-Annex-SL
روش‌های تولید صنعتی,علوم مهندسی,سعادت آباد (مرکزی),مشخص نشده,پنجشنبه ۱۴ اسفند ۱۴۰۴,پنجشنبه ۲۰ فروردین ۱۴۰۵,"۵۷,۵۰۰,۰۰۰","۵۷,۵۰۰,۰۰۰",پنجشنبه ساعت ۰۸:۰۰ تا ۱۴:۰۰,https://mftplus.com/lesson/6124/روش‌های-تولید-صنعتی
طراحی مکانیکی به کمک SOLIDWORKS I,علوم مهندسی,تهرانپارس,مشخص نشده,پنجشنبه ۱۴ اسفند ۱۴۰۴,پنجشنبه ۳۱ اردیبهشت ۱۴۰۵,"۷۹,۰۰۰,۰۰۰","۷۹,۰۰۰,۰۰۰",پنجشنبه ساعت ۱۵:۰۰ تا ۲۰:۰۰,https://mftplus.com/lesson/153718144/طراحی-مکانیکی-به-کمک-SOLIDWORKS-I
نقشه کشی صنعتی,علوم مهندسی,البرز,مشخص نشده,پنجشنبه ۱۴ اسفند ۱۴۰۴,جمعه ۲۸ فروردین ۱۴۰۵,"۶۷,۵۰۰,۰۰۰","۶۷,۵۰۰,۰۰۰",جمعه ساعت ۱۷:۰۰ تا ۲۱:۰۰ | پنجشنبه ساعت ۱۷:۰۰ تا ۲۱:۰۰,https://mftplus.com/lesson/153718140/نقشه-کشی-صنعتی
متره، برآورد و صورت وضعیت نویسی عمران,علوم مهندسی,البرز,مشخص نشده,پنجشنبه ۱۴ اسفند ۱۴۰۴,پنجشنبه ۱۰ اردیبهشت ۱۴۰۵,"۷۵,۰۰۰,۰۰۰","۷۵,۰۰۰,۰۰۰",جمعه ساعت ۱۳:۰۰ تا ۱۷:۰۰ | پنجشنبه ساعت ۱۳:۰۰ تا ۱۷:۰۰,https://mftplus.com/lesson/153813123/متره،-برآورد-و-صورت-وضعیت-نویسی-عمران
دوره جامع تعمیرات تخصصی تلفن همراه,برق و الکترونیک,البرز,مشخص نشده,پنجشنبه ۱۴ اسفند ۱۴۰۴,جمعه ۱ خرداد ۱۴۰۵,"۱۸۸,۸۰۰,۰۰۰","۱۸۸,۸۰۰,۰۰۰",جمعه ساعت ۰۹:۰۰ تا ۱۳:۰۰ | پنجشنبه ساعت ۰۹:۰۰ تا ۱۳:۰۰,https://mftplus.com/lesson/4891/دوره-جامع-تعمیرات-تخصصی-تلفن-همراه
طراحی صنعتی به کمک Rhino,علوم مهندسی,زعفرانیه,مشخص نشده,پنجشنبه ۱۴ اسفند ۱۴۰۴,پنجشنبه ۲۱ خرداد ۱۴۰۵,"۷۹,۰۰۰,۰۰۰","۷۹,۰۰۰,۰۰۰",پنجشنبه ساعت ۰۹:۰۰ تا ۱۳:۰۰,https://mftplus.com/lesson/153717123/طراحی-صنعتی-به-کمک-Rhino
MATLAB سطح یک,علوم مهندسی,سعادت آباد (مرکزی),مشخص نشده,پنجشنبه ۱۴ اسفند ۱۴۰۴,پنجشنبه ۳ اردیبهشت ۱۴۰۵,"۵۹,۰۰۰,۰۰۰","۵۹,۰۰۰,۰۰۰",پنجشنبه ساعت ۰۸:۰۰ تا ۱۴:۰۰,https://mftplus.com/lesson/154212123/MATLAB-سطح-یک
مدل‌سازی 4D و 5D با نرم‌افزار Autodesk Navisworks,علوم مهندسی,سعادت آباد (مرکزی),مشخص نشده,پنجشنبه ۱۴ اسفند ۱۴۰۴,پنجشنبه ۱۸ تیر ۱۴۰۵,"۷۷,۵۰۰,۰۰۰","۷۷,۵۰۰,۰۰۰",پنجشنبه ساعت ۱۱:۰۰ تا ۱۴:۰۰,https://mftplus.com/lesson/4819/مدل‌سازی-4D-و-5D-با-نرم‌افزار-Autodesk-Navisworks
میکس و مسترینگ صدا,هنر و سینما,زعفرانیه,مشخص نشده,پنجشنبه ۱۴ اسفند ۱۴۰۴,پنجشنبه ۱۷ اردیبهشت ۱۴۰۵,"۷۸,۰۰۰,۰۰۰","۷۸,۰۰۰,۰۰۰",پنجشنبه ساعت ۱۰:۰۰ تا ۱۵:۰۰,https://mftplus.com/lesson/6141/میکس-و-مسترینگ-صدا
Python Programming Advanced,فناوری اطلاعات و ارتباطات,تهرانپارس,علی اصغر صالحی,پنجشنبه ۱۴ اسفند ۱۴۰۴,پنجشنبه ۱۴ خرداد ۱۴۰۵,"۱۱۴,۰۰۰,۰۰۰","۱۱۴,۰۰۰,۰۰۰",پنجشنبه ساعت ۰۹:۰۰ تا ۱۴:۰۰,https://mftplus.com/lesson/5681/Python-Programming-Advanced
متره، برآورد و صورت وضعیت نویسی عمران,علوم مهندسی,پارک ساعی,مشخص نشده,پنجشنبه ۱۴ اسفند ۱۴۰۴,جمعه ۱۱ اردیبهشت ۱۴۰۵,"۷۵,۰۰۰,۰۰۰","۷۵,۰۰۰,۰۰۰",جمعه ساعت ۱۴:۳۰ تا ۱۸:۳۰ | پنجشنبه ساعت ۱۴:۳۰ تا ۱۸:۳۰,https://mftplus.com/lesson/153813123/متره،-برآورد-و-صورت-وضعیت-نویسی-عمران
کارگاه کاربردی ترسیم نقشه های تجهیزات صنعتی با نرم افزار AutoCAD Mechanical,علوم مهندسی,سعادت آباد (مرکزی),مشخص نشده,پنجشنبه ۱۴ اسفند ۱۴۰۴,پنجشنبه ۲۰ فروردین ۱۴۰۵,"۵۹,۰۰۰,۰۰۰","۵۹,۰۰۰,۰۰۰",پنجشنبه ساعت ۰۸:۰۰ تا ۱۴:۰۰,https://mftplus.com/lesson/3922/کارگاه-کاربردی-ترسیم-نقشه-های-تجهیزات-صنعتی-با-نرم-افزار-AutoCAD-Mechanical
ایلاستریتور,هنر و سینما,سیدخندان,مشخص نشده,پنجشنبه ۱۴ اسفند ۱۴۰۴,پنجشنبه ۱۷ اردیبهشت ۱۴۰۵,"۴۴,۰۰۰,۰۰۰","۵۴,۰۰۰,۰۰۰",پنجشنبه ساعت ۰۸:۰۰ تا ۱۳:۰۰,https://mftplus.com/lesson/431314131/ایلاستریتور
ICDL 2021 Level 2,فناوری اطلاعات و ارتباطات,شهریار,فاطمه جعفری,پنجشنبه ۱۴ اسفند ۱۴۰۴,پنجشنبه ۲۴ اردیبهشت ۱۴۰۵,"۳۹,۶۰۰,۰۰۰","۳۹,۶۰۰,۰۰۰",دوشنبه ساعت ۱۷:۰۰ تا ۲۰:۰۰ | پنجشنبه ساعت ۱۷:۰۰ تا ۲۰:۰۰,https://mftplus.com/lesson/5573/ICDL-2021-Level-2
CCNA 200-301,فناوری اطلاعات و ارتباطات,نیاوران,مشخص نشده,پنجشنبه ۱۴ اسفند ۱۴۰۴,پنجشنبه ۴ تیر ۱۴۰۵,"۶۴,۰۰۰,۰۰۰","۶۴,۰۰۰,۰۰۰",پنجشنبه ساعت ۱۶:۰۰ تا ۲۱:۰۰,https://mftplus.com/lesson/3742/CCNA-200-301
زبان بدن در فروش,مدیریت و کسب و کار,نیاوران,مشخص نشده,پنجشنبه ۱۴ اسفند ۱۴۰۴,پنجشنبه ۱۴ اسفند ۱۴۰۴,"۱۳,۴۰۰,۰۰۰","۱۳,۴۰۰,۰۰۰",پنجشنبه ساعت ۰۹:۰۰ تا ۱۵:۰۰,https://mftplus.com/lesson/5046/زبان-بدن-در-فروش
Wordpress Advanced,فناوری اطلاعات و ارتباطات,سعادت آباد (مرکزی),مشخص نشده,پنجشنبه ۱۴ اسفند ۱۴۰۴,پنجشنبه ۱۰ اردیبهشت ۱۴۰۵,"۵۷,۰۰۰,۰۰۰","۷۰,۰۰۰,۰۰۰",پنجشنبه ساعت ۱۴:۳۰ تا ۱۹:۳۰,https://mftplus.com/lesson/5203/Wordpress-Advanced
طراحی مکانیکی به کمک SOLIDWORKS III,علوم مهندسی,سعادت آباد (مرکزی),مشخص نشده,پنجشنبه ۱۴ اسفند ۱۴۰۴,پنجشنبه ۱۷ اردیبهشت ۱۴۰۵,"۸۹,۰۰۰,۰۰۰","۸۹,۰۰۰,۰۰۰",پنجشنبه ساعت ۱۴:۳۰ تا ۲۰:۳۰,https://mftplus.com/lesson/153718137/طراحی-مکانیکی-به-کمک-SOLIDWORKS-III
MATLAB ویژه مهندسی کنترل,علوم مهندسی,سعادت آباد (مرکزی),مشخص نشده,پنجشنبه ۱۴ اسفند ۱۴۰۴,پنجشنبه ۳ اردیبهشت ۱۴۰۵,"۶۹,۰۰۰,۰۰۰","۶۹,۰۰۰,۰۰۰",پنجشنبه ساعت ۱۴:۳۰ تا ۲۰:۳۰,https://mftplus.com/lesson/153713123/MATLAB-ویژه-مهندسی-کنترل
کاربرد هوش مصنوعی در طراحی و ایده پردازی طلا و جواهر,علوم مهندسی,سعادت آباد (مرکزی),مشخص نشده,پنجشنبه ۱۴ اسفند ۱۴۰۴,پنجشنبه ۲۰ فروردین ۱۴۰۵,"۶۵,۰۰۰,۰۰۰","۶۵,۰۰۰,۰۰۰",پنجشنبه ساعت ۱۴:۳۰ تا ۲۰:۳۰,https://mftplus.com/lesson/5675/کاربرد-هوش-مصنوعی-در-طراحی-و-ایده-پردازی-طلا-و-جواهر
نازکدوزی زنانه,فناوری مد و پوشاک,اسلامشهر,مشخص نشده,پنجشنبه ۱۴ اسفند ۱۴۰۴,پنجشنبه ۲۰ خرداد ۱۴۰۶,"۱۳۱,۰۰۰,۰۰۰","۱۳۱,۰۰۰,۰۰۰",پنجشنبه ساعت ۰۹:۰۰ تا ۱۱:۰۰,https://mftplus.com/lesson/411414164/نازکدوزی-زنانه
پاکسازی پوست با کربوکسی و کلاژن تراپی,دانش سلامت,باملند(شمال غرب),مشخص نشده,پنجشنبه ۱۴ اسفند ۱۴۰۴,پنجشنبه ۲۱ اسفند ۱۴۰۴,"۴۴,۲۰۰,۰۰۰","۴۴,۲۰۰,۰۰۰",پنجشنبه ساعت ۰۸:۰۰ تا ۱۴:۰۰,https://mftplus.com/lesson/6014/پاکسازی-پوست-با-کربوکسی-و-کلاژن-تراپی
گلسازی با فوم بلندر (مقدماتی),هنر و سینما,سعادت آباد (مرکزی),مشخص نشده,پنجشنبه ۱۴ اسفند ۱۴۰۴,جمعه ۱۵ اسفند ۱۴۰۴,"۴۲,۵۰۰,۰۰۰","۴۲,۵۰۰,۰۰۰",جمعه ساعت ۰۹:۰۰ تا ۱۵:۰۰ | پنجشنبه ساعت ۰۹:۰۰ تا ۱۵:۰۰,https://mftplus.com/lesson/6369/گلسازی-با-فوم-بلندر-(مقدماتی)
نرم افزار EPLAN,برق و الکترونیک,اسلامشهر,مشخص نشده,پنجشنبه ۱۴ اسفند ۱۴۰۴,پنجشنبه ۳۱ اردیبهشت ۱۴۰۵,"۷۸,۸۰۰,۰۰۰","۷۸,۸۰۰,۰۰۰",پنجشنبه ساعت ۱۲:۰۰ تا ۱۵:۰۰,https://mftplus.com/lesson/181222127/نرم-افزار-EPLAN
Network+,فناوری اطلاعات و ارتباطات,نارمک,مشخص نشده,پنجشنبه ۱۴ اسفند ۱۴۰۴,پنجشنبه ۳۱ اردیبهشت ۱۴۰۵,"۲۰,۰۰۰,۰۰۰","۲۰,۰۰۰,۰۰۰",پنجشنبه ساعت ۱۳:۰۰ تا ۱۶:۰۰,https://mftplus.com/lesson/131612129/Network+
پتینه مقدماتی تا پیشرفته,هنر و سینما,زعفرانیه,مشخص نشده,پنجشنبه ۱۴ اسفند ۱۴۰۴,پنجشنبه ۲۸ خرداد ۱۴۰۵,"۱۱۴,۰۰۰,۰۰۰","۱۱۴,۰۰۰,۰۰۰",پنجشنبه ساعت ۱۳:۰۰ تا ۱۷:۰۰,https://mftplus.com/lesson/4885/پتینه-مقدماتی-تا-پیشرفته
ماساژ سر و صورت و گردن,دانش سلامت,اکباتان,مشخص نشده,پنجشنبه ۱۴ اسفند ۱۴۰۴,جمعه ۱۵ اسفند ۱۴۰۴,"۵۴,۶۰۰,۰۰۰","۵۴,۶۰۰,۰۰۰",جمعه ساعت ۰۹:۰۰ تا ۱۷:۰۰ | پنجشنبه ساعت ۰۹:۰۰ تا ۱۷:۰۰,https://mftplus.com/lesson/4717/ماساژ-سر-و-صورت-و-گردن
فنگ شویی در معماری داخلی,معماری,نیاوران,مشخص نشده,پنجشنبه ۱۴ اسفند ۱۴۰۴,جمعه ۱۵ اسفند ۱۴۰۴,"۳۰,۰۰۰,۰۰۰","۳۰,۰۰۰,۰۰۰",جمعه ساعت ۰۹:۰۰ تا ۱۷:۰۰ | پنجشنبه ساعت ۰۹:۰۰ تا ۱۷:۰۰,https://mftplus.com/lesson/3782/فنگ-شویی-در-معماری-داخلی
ایلاستریتور,هنر و سینما,انقلاب,مشخص نشده,پنجشنبه ۱۴ اسفند ۱۴۰۴,پنجشنبه ۱۷ اردیبهشت ۱۴۰۵,"۵۴,۰۰۰,۰۰۰","۵۴,۰۰۰,۰۰۰",پنجشنبه ساعت ۱۴:۳۰ تا ۱۹:۳۰,https://mftplus.com/lesson/431314131/ایلاستریتور
حسابداری ویژه بازار کار,علوم مالی و حسابداری,تهرانپارس,نفیسه اشرفی,پنجشنبه ۱۴ اسفند ۱۴۰۴,پنجشنبه ۲۸ آبان ۱۴۰۵,"۱۷۷,۶۰۰,۰۰۰","۱۷۷,۶۰۰,۰۰۰",پنجشنبه ساعت ۱۰:۰۰ تا ۱۵:۰۰,https://mftplus.com/lesson/3869/حسابداری-ویژه-بازار-کار
اتوکد سه بعدی معماری,معماری,سعادت آباد (مرکزی),مشخص نشده,پنجشنبه ۱۴ اسفند ۱۴۰۴,پنجشنبه ۳ اردیبهشت ۱۴۰۵,"۶۲,۰۰۰,۰۰۰","۶۲,۰۰۰,۰۰۰",پنجشنبه ساعت ۰۹:۰۰ تا ۱۴:۰۰,https://mftplus.com/lesson/391412130/اتوکد-سه-بعدی-معماری
Programming with Python,فناوری اطلاعات و ارتباطات,سیدخندان,مشخص نشده,پنجشنبه ۱۴ اسفند ۱۴۰۴,پنجشنبه ۲۱ خرداد ۱۴۰۵,"۸۸,۰۰۰,۰۰۰","۸۸,۰۰۰,۰۰۰",پنجشنبه ساعت ۱۳:۰۰ تا ۱۸:۰۰,https://mftplus.com/lesson/5679/Programming-with-Python
(HTML & CSS (Web Design I,فناوری اطلاعات و ارتباطات,سیدخندان,مشخص نشده,پنجشنبه ۱۴ اسفند ۱۴۰۴,پنجشنبه ۲۱ خرداد ۱۴۰۵,"۴۵,۰۰۰,۰۰۰","۵۶,۰۰۰,۰۰۰",پنجشنبه ساعت ۱۳:۰۰ تا ۱۸:۰۰,https://mftplus.com/lesson/6456/(HTML-&-CSS-(Web-Design-I
ساخت اکسسوری با سنگ مصنوعی,هنر و سینما,اکباتان,مشخص نشده,پنجشنبه ۱۴ اسفند ۱۴۰۴,جمعه ۱۵ اسفند ۱۴۰۴,"۲۵,۵۰۰,۰۰۰","۲۵,۵۰۰,۰۰۰",جمعه ساعت ۰۹:۰۰ تا ۱۴:۰۰ | پنجشنبه ساعت ۰۹:۰۰ تا ۱۴:۰۰,https://mftplus.com/lesson/6453/ساخت-اکسسوری-با-سنگ-مصنوعی
جامع فروشنده حرفه ای (PSP),مدیریت و کسب و کار,زعفرانیه,مشخص نشده,پنجشنبه ۱۴ اسفند ۱۴۰۴,جمعه ۱۹ تیر ۱۴۰۵,"۱۴۷,۷۰۰,۰۰۰","۱۷۵,۳۰۰,۰۰۰",جمعه ساعت ۱۷:۰۰ تا ۲۰:۰۰ | پنجشنبه ساعت ۱۷:۰۰ تا ۲۰:۰۰,https://mftplus.com/lesson/4975/جامع-فروشنده-حرفه-ای-(PSP)
شبیه‌سازی و تحلیل انرژی ساختمان با  DesignBuilder,علوم مهندسی,سعادت آباد (مرکزی),مشخص نشده,پنجشنبه ۱۴ اسفند ۱۴۰۴,پنجشنبه ۳ اردیبهشت ۱۴۰۵,"۶۹,۰۰۰,۰۰۰","۶۹,۰۰۰,۰۰۰",پنجشنبه ساعت ۰۸:۰۰ تا ۱۴:۰۰,https://mftplus.com/lesson/6621/شبیه‌سازی-و-تحلیل-انرژی-ساختمان-با-DesignBuilder
سمینار تخصصی پرزنت حرفه ای برای بازار کار معماری,معماری,سعادت آباد (مرکزی),مشخص نشده,پنجشنبه ۱۴ اسفند ۱۴۰۴,پنجشنبه ۱۴ اسفند ۱۴۰۴,"۱۷,۵۰۰,۰۰۰","۱۷,۵۰۰,۰۰۰",پنجشنبه ساعت ۱۴:۰۰ تا ۲۰:۰۰,https://mftplus.com/lesson/6622/سمینار-تخصصی-پرزنت-حرفه-ای-برای-بازار-کار-معماری
کارگاه تخصصی پرامپت نویسی,تولید محتوا,سعادت آباد (مرکزی),مشخص نشده,پنجشنبه ۱۴ اسفند ۱۴۰۴,پنجشنبه ۱۴ اسفند ۱۴۰۴,"۱۵,۰۰۰,۰۰۰","۱۵,۰۰۰,۰۰۰",پنجشنبه ساعت ۰۹:۰۰ تا ۱۴:۰۰,https://mftplus.com/lesson/6616/کارگاه-تخصصی-پرامپت-نویسی
مدلسازی تاسیسات الکتریکی توسط نرم افزار Revit MEP,برق و الکترونیک,سعادت آباد (مرکزی),مشخص نشده,پنجشنبه ۱۴ اسفند ۱۴۰۴,پنجشنبه ۱۰ اردیبهشت ۱۴۰۵,"۶۱,۰۰۰,۰۰۰","۶۱,۰۰۰,۰۰۰",پنجشنبه ساعت ۱۸:۳۰ تا ۲۱:۳۰,https://mftplus.com/lesson/3253/مدلسازی-تاسیسات-الکتریکی-توسط-نرم-افزار-Revit-MEP
برق صنعتی : تئوری و آزمایشگاه,برق و الکترونیک,سعادت آباد (مرکزی),علی سلیمانی,پنجشنبه ۱۴ اسفند ۱۴۰۴,پنجشنبه ۳ اردیبهشت ۱۴۰۵,"۱۲۴,۰۰۰,۰۰۰","۱۲۴,۰۰۰,۰۰۰",جمعه ساعت ۰۸:۰۰ تا ۱۴:۰۰ | پنجشنبه ساعت ۰۸:۰۰ تا ۱۴:۰۰,https://mftplus.com/lesson/4552/برق-صنعتی-:-تئوری-و-آزمایشگاه
جاوا اسکریپت مقدماتی,کودک و نوجوان,سعادت آباد (مرکزی),مهیار محمدی فر,پنجشنبه ۱۴ اسفند ۱۴۰۴,پنجشنبه ۳۱ اردیبهشت ۱۴۰۵,"۸۱,۴۰۰,۰۰۰","۸۱,۴۰۰,۰۰۰",پنجشنبه ساعت ۱۷:۳۰ تا ۲۰:۳۰,https://mftplus.com/lesson/4638/جاوا-اسکریپت-مقدماتی
نرم افزار Revit معماری,معماری,پارک ساعی,مشخص نشده,پنجشنبه ۱۴ اسفند ۱۴۰۴,پنجشنبه ۷ خرداد ۱۴۰۵,"۸۹,۰۰۰,۰۰۰","۸۹,۰۰۰,۰۰۰",پنجشنبه ساعت ۰۹:۰۰ تا ۱۴:۰۰,https://mftplus.com/lesson/391412129/نرم-افزار-Revit-معماری
Machine Learning with Python,فناوری اطلاعات و ارتباطات,نیاوران,مشخص نشده,پنجشنبه ۱۴ اسفند ۱۴۰۴,جمعه ۲۹ خرداد ۱۴۰۵,"۶۷,۰۰۰,۰۰۰","۶۷,۰۰۰,۰۰۰",جمعه ساعت ۱۴:۰۰ تا ۱۶:۰۰ | پنجشنبه ساعت ۱۴:۰۰ تا ۱۶:۰۰,https://mftplus.com/lesson/5546/Machine-Learning-with-Python
Python Web Development With Django,فناوری اطلاعات و ارتباطات,سعادت آباد (مرکزی),محمد نوذری پاک,پنجشنبه ۱۴ اسفند ۱۴۰۴,پنجشنبه ۳۱ اردیبهشت ۱۴۰۵,"۵۹,۰۰۰,۰۰۰","۷۴,۰۰۰,۰۰۰",پنجشنبه ساعت ۱۴:۰۰ تا ۱۹:۰۰,https://mftplus.com/lesson/4046/Python-Web-Development-With-Django
نرم افزار Revit معماری پیشرفته,معماری,سعادت آباد (مرکزی),مشخص نشده,پنجشنبه ۱۴ اسفند ۱۴۰۴,پنجشنبه ۱۰ اردیبهشت ۱۴۰۵,"۸۱,۰۰۰,۰۰۰","۸۱,۰۰۰,۰۰۰",پنجشنبه ساعت ۱۴:۳۰ تا ۲۰:۳۰,https://mftplus.com/lesson/6367/نرم-افزار-Revit-معماری-پیشرفته
طراحی معماری و دکوراسیون داخلی پیشرفته,معماری,سعادت آباد (مرکزی),مشخص نشده,پنجشنبه ۱۴ اسفند ۱۴۰۴,پنجشنبه ۳۰ مهر ۱۴۰۵,"۲۱۹,۰۰۰,۰۰۰","۲۱۹,۰۰۰,۰۰۰",پنجشنبه ساعت ۰۹:۰۰ تا ۱۴:۰۰,https://mftplus.com/lesson/5998/طراحی-معماری-و-دکوراسیون-داخلی-پیشرفته
تولید محتوا با کپ کات,تولید محتوا,زعفرانیه,مشخص نشده,پنجشنبه ۱۴ اسفند ۱۴۰۴,پنجشنبه ۲۴ اردیبهشت ۱۴۰۵,"۵۰,۰۰۰,۰۰۰","۵۰,۰۰۰,۰۰۰",پنجشنبه ساعت ۱۷:۰۰ تا ۲۰:۰۰,https://mftplus.com/lesson/5968/تولید-محتوا-با-کپ-کات
دوره جامع مدیریت سرمایه گذاری در بازارهای پولی و مالی بین الملل (FX & CFD),علوم مالی و حسابداری,زعفرانیه,مشخص نشده,پنجشنبه ۱۴ اسفند ۱۴۰۴,جمعه ۱۵ خرداد ۱۴۰۵,"۱۸۲,۴۰۰,۰۰۰","۱۸۲,۴۰۰,۰۰۰",جمعه ساعت ۱۴:۰۰ تا ۱۷:۰۰ | پنجشنبه ساعت ۱۴:۰۰ تا ۱۷:۰۰,https://mftplus.com/lesson/4254/دوره-جامع-مدیریت-سرمایه-گذاری-در-بازارهای-پولی-و-مالی-بین-الملل-(FX-&-CFD)
مدیریت زنجیره تامین,علوم مهندسی,سعادت آباد (مرکزی),مشخص نشده,پنجشنبه ۱۴ اسفند ۱۴۰۴,پنجشنبه ۲۷ فروردین ۱۴۰۵,"۶۹,۰۰۰,۰۰۰","۶۹,۰۰۰,۰۰۰",پنجشنبه ساعت ۱۴:۳۰ تا ۲۰:۳۰,https://mftplus.com/lesson/4484/مدیریت-زنجیره-تامین
پکیج عکاسی کاربردی,هنر و سینما,اسلامشهر,مشخص نشده,پنجشنبه ۱۴ اسفند ۱۴۰۴,پنجشنبه ۹ مهر ۱۴۰۵,"۲۶۷,۸۰۰,۰۰۰","۲۶۷,۸۰۰,۰۰۰",جمعه ساعت ۱۷:۰۰ تا ۲۱:۰۰ | پنجشنبه ساعت ۱۷:۰۰ تا ۲۱:۰۰,https://mftplus.com/lesson/3063/پکیج-عکاسی-کاربردی
طراحی روشنایی با نرم‌افزارهای Dialux و Dialux evo,برق و الکترونیک,پارک ساعی,مشخص نشده,پنجشنبه ۱۴ اسفند ۱۴۰۴,پنجشنبه ۳۱ اردیبهشت ۱۴۰۵,"۸۷,۰۰۰,۰۰۰","۹۰,۰۰۰,۰۰۰",پنجشنبه ساعت ۱۴:۰۰ تا ۱۹:۰۰,https://mftplus.com/lesson/4674/طراحی-روشنایی-با-نرم‌افزارهای-Dialux-و-Dialux-evo
طراحی فضای سبز و محوطه سازی  (basic),معماری,پارک ساعی,مشخص نشده,پنجشنبه ۱۴ اسفند ۱۴۰۴,پنجشنبه ۱۶ مهر ۱۴۰۵,"۲۲۷,۰۰۰,۰۰۰","۲۲۷,۰۰۰,۰۰۰",پنجشنبه ساعت ۱۴:۰۰ تا ۱۹:۰۰,https://mftplus.com/lesson/3914/طراحی-فضای-سبز-و-محوطه-سازی-(basic)
شینیون و استایل مو,دانش سلامت,اکباتان,مشخص نشده,پنجشنبه ۱۴ اسفند ۱۴۰۴,پنجشنبه ۲۵ تیر ۱۴۰۵,"۱۰۴,۰۰۰,۰۰۰","۱۰۴,۰۰۰,۰۰۰",پنجشنبه ساعت ۱۴:۰۰ تا ۱۶:۰۰,https://mftplus.com/lesson/5706/شینیون-و-استایل-مو
طراحی و نصب نیروگاههای خورشیدی,برق و الکترونیک,بلوار کاوه(قیطریه),مشخص نشده,پنجشنبه ۱۴ اسفند ۱۴۰۴,شنبه ۱۶ اسفند ۱۴۰۴,"۱۱۴,۰۰۰,۰۰۰","۱۱۴,۰۰۰,۰۰۰",جمعه ساعت ۰۸:۰۰ تا ۱۶:۰۰ | شنبه ساعت ۰۸:۰۰ تا ۱۶:۰۰ | پنجشنبه ساعت ۰۸:۰۰ تا ۱۶:۰۰,https://mftplus.com/lesson/5756/طراحی-و-نصب-نیروگاههای-خورشیدی
کارگاه کاربردهای روزمره هوش مصنوعی,فناوری اطلاعات و ارتباطات,البرز,مشخص نشده,پنجشنبه ۱۴ اسفند ۱۴۰۴,پنجشنبه ۱۴ اسفند ۱۴۰۴,"۸,۰۰۰,۰۰۰","۸,۰۰۰,۰۰۰",پنجشنبه ساعت ۱۳:۰۰ تا ۱۷:۰۰,https://mftplus.com/lesson/6411/کارگاه-کاربردهای-روزمره-هوش-مصنوعی
اصول سرپرستی,مدیریت و کسب و کار,زعفرانیه,مشخص نشده,پنجشنبه ۱۴ اسفند ۱۴۰۴,پنجشنبه ۲۰ فروردین ۱۴۰۵,"۲۶,۴۰۰,۰۰۰","۳۳,۰۰۰,۰۰۰",پنجشنبه ساعت ۱۳:۰۰ تا ۱۷:۰۰,https://mftplus.com/lesson/4385/اصول-سرپرستی
فروشندگی حرفه ای طلا و جواهر,علوم مهندسی,البرز,مشخص نشده,پنجشنبه ۱۴ اسفند ۱۴۰۴,جمعه ۲۲ اسفند ۱۴۰۴,"۶۹,۰۰۰,۰۰۰","۶۹,۰۰۰,۰۰۰",جمعه ساعت ۰۹:۰۰ تا ۱۳:۰۰ | پنجشنبه ساعت ۰۹:۰۰ تا ۱۳:۰۰,https://mftplus.com/lesson/154414126/فروشندگی-حرفه-ای-طلا-و-جواهر
طراحی لباس مقدماتی,فناوری مد و پوشاک,اسلامشهر,مشخص نشده,پنجشنبه ۱۴ اسفند ۱۴۰۴,پنجشنبه ۱ مهر ۱۴۰۶,"۱۳۵,۰۰۰,۰۰۰","۱۳۵,۰۰۰,۰۰۰",پنجشنبه ساعت ۱۱:۰۰ تا ۱۳:۰۰,https://mftplus.com/lesson/6311/طراحی-لباس-مقدماتی
فتوشاپ و ایلاستریتور,هنر و سینما,میرداماد,مشخص نشده,پنجشنبه ۱۴ اسفند ۱۴۰۴,پنجشنبه ۲۵ تیر ۱۴۰۵,"۸۴,۰۰۰,۰۰۰","۹۴,۰۰۰,۰۰۰",پنجشنبه ساعت ۰۹:۰۰ تا ۱۴:۰۰,https://mftplus.com/lesson/431312124/فتوشاپ-و-ایلاستریتور
تخصصی پخت نان,تشریفات و گردشگری,بلوار کاوه(قیطریه),مشخص نشده,پنجشنبه ۱۴ اسفند ۱۴۰۴,پنجشنبه ۲۷ فروردین ۱۴۰۵,"۱۰۰,۰۰۰,۰۰۰","۱۰۰,۰۰۰,۰۰۰",پنجشنبه ساعت ۱۰:۳۰ تا ۱۴:۳۰,https://mftplus.com/lesson/4434/تخصصی-پخت-نان
تخصصی پخت نان,تشریفات و گردشگری,اکباتان,مشخص نشده,پنجشنبه ۱۴ اسفند ۱۴۰۴,پنجشنبه ۲۷ فروردین ۱۴۰۵,"۱۰۰,۰۰۰,۰۰۰","۱۰۰,۰۰۰,۰۰۰",پنجشنبه ساعت ۱۰:۳۰ تا ۱۴:۳۰,https://mftplus.com/lesson/4434/تخصصی-پخت-نان
تخصصی پخت نان,تشریفات و گردشگری,زعفرانیه,مشخص نشده,پنجشنبه ۱۴ اسفند ۱۴۰۴,پنجشنبه ۲۷ فروردین ۱۴۰۵,"۱۰۰,۰۰۰,۰۰۰","۱۰۰,۰۰۰,۰۰۰",پنجشنبه ساعت ۱۰:۳۰ تا ۱۴:۳۰,https://mftplus.com/lesson/4434/تخصصی-پخت-نان
تخصصی پخت نان,تشریفات و گردشگری,نارمک,مشخص نشده,پنجشنبه ۱۴ اسفند ۱۴۰۴,پنجشنبه ۲۷ فروردین ۱۴۰۵,"۱۰۰,۰۰۰,۰۰۰","۱۰۰,۰۰۰,۰۰۰",پنجشنبه ساعت ۱۰:۳۰ تا ۱۴:۳۰,https://mftplus.com/lesson/4434/تخصصی-پخت-نان
نرم افزار ABAQUS (مقدماتی),علوم مهندسی,اکباتان,مشخص نشده,پنجشنبه ۱۴ اسفند ۱۴۰۴,پنجشنبه ۲۴ اردیبهشت ۱۴۰۵,"۷۹,۰۰۰,۰۰۰","۷۹,۰۰۰,۰۰۰",پنجشنبه ساعت ۰۹:۰۰ تا ۱۴:۰۰,https://mftplus.com/lesson/153716125/نرم-افزار-ABAQUS-(مقدماتی)
هوش مصنوعی در زندگی روزمره,فناوری اطلاعات و ارتباطات,پرند,مشخص نشده,پنجشنبه ۱۴ اسفند ۱۴۰۴,شنبه ۱۲ اردیبهشت ۱۴۰۵,"۵۰,۰۰۰,۰۰۰","۵۰,۰۰۰,۰۰۰",شنبه ساعت ۱۴:۰۰ تا ۱۷:۰۰ | پنجشنبه ساعت ۱۴:۰۰ تا ۱۷:۰۰,https://mftplus.com/lesson/6495/هوش-مصنوعی-در-زندگی-روزمره
دوره جامع ساخت انیمیشن دوبعدی و سه بعدی,هنر و سینما,زعفرانیه,مشخص نشده,پنجشنبه ۱۴ اسفند ۱۴۰۴,پنجشنبه ۲۶ آذر ۱۴۰۵,"۳۶۲,۹۰۰,۰۰۰","۳۶۲,۹۰۰,۰۰۰",جمعه ساعت ۱۳:۰۰ تا ۱۷:۰۰ | پنجشنبه ساعت ۱۳:۰۰ تا ۱۷:۰۰,https://mftplus.com/lesson/6146/دوره-جامع-ساخت-انیمیشن-دوبعدی-و-سه-بعدی
حسابداری ویژه بازار کار,علوم مالی و حسابداری,ونک,مشخص نشده,پنجشنبه ۱۴ اسفند ۱۴۰۴,پنجشنبه ۲۹ بهمن ۱۴۰۵,"۱۷۷,۶۰۰,۰۰۰","۱۷۷,۶۰۰,۰۰۰",پنجشنبه ساعت ۱۴:۰۰ تا ۱۸:۰۰,https://mftplus.com/lesson/3869/حسابداری-ویژه-بازار-کار
ادمین تخصصی اینستاگرام,تولید محتوا,ونک,مشخص نشده,پنجشنبه ۱۴ اسفند ۱۴۰۴,پنجشنبه ۳۱ اردیبهشت ۱۴۰۵,"۶۰,۰۰۰,۰۰۰","۶۰,۰۰۰,۰۰۰",پنجشنبه ساعت ۱۴:۰۰ تا ۱۷:۰۰,https://mftplus.com/lesson/5741/ادمین-تخصصی-اینستاگرام
تخصصی پخت نان,تشریفات و گردشگری,نیاوران,مشخص نشده,پنجشنبه ۱۴ اسفند ۱۴۰۴,پنجشنبه ۲۷ فروردین ۱۴۰۵,"۱۰۰,۰۰۰,۰۰۰","۱۰۰,۰۰۰,۰۰۰",پنجشنبه ساعت ۱۰:۳۰ تا ۱۴:۳۰,https://mftplus.com/lesson/4434/تخصصی-پخت-نان
تهیه نقشه های سازه با نرم افزار Revit Structure,علوم مهندسی,سعادت آباد (مرکزی),مشخص نشده,پنجشنبه ۱۴ اسفند ۱۴۰۴,پنجشنبه ۱۷ اردیبهشت ۱۴۰۵,"۷۲,۵۰۰,۰۰۰","۷۲,۵۰۰,۰۰۰",پنجشنبه ساعت ۰۸:۰۰ تا ۱۴:۰۰,https://mftplus.com/lesson/5220/تهیه-نقشه-های-سازه-با-نرم-افزار-Revit-Structure
"مدیریت پروژه حرفه ای – مبانی و نرم افزارهای کاربردی (PMBOK, MSP & Primavera P6)",علوم مهندسی,سعادت آباد (مرکزی),مشخص نشده,پنجشنبه ۱۴ اسفند ۱۴۰۴,جمعه ۱ خرداد ۱۴۰۵,"۱۶۹,۰۰۰,۰۰۰","۱۶۹,۰۰۰,۰۰۰",جمعه ساعت ۱۴:۳۰ تا ۲۰:۳۰ | پنجشنبه ساعت ۱۴:۳۰ تا ۲۰:۳۰,"https://mftplus.com/lesson/154012130/مدیریت-پروژه-حرفه-ای-–-مبانی-و-نرم-افزارهای-کاربردی-(PMBOK,-MSP-&-Primavera-P6)"
برنامه ریزی و کنترل پروژه با نرم افزار MS Project,علوم مهندسی,سعادت آباد (مرکزی),مشخص نشده,پنجشنبه ۱۴ اسفند ۱۴۰۴,پنجشنبه ۱۰ اردیبهشت ۱۴۰۵,"۶۵,۰۰۰,۰۰۰","۶۵,۰۰۰,۰۰۰",پنجشنبه ساعت ۰۸:۰۰ تا ۱۴:۰۰,https://mftplus.com/lesson/154012124/برنامه-ریزی-و-کنترل-پروژه-با-نرم-افزار-MS-Project
مدیریت فروش (SM),مدیریت و کسب و کار,سعادت آباد (مرکزی),مشخص نشده,پنجشنبه ۱۴ اسفند ۱۴۰۴,پنجشنبه ۲۰ فروردین ۱۴۰۵,"۴۴,۲۰۰,۰۰۰","۵۸,۰۰۰,۰۰۰",پنجشنبه ساعت ۱۴:۳۰ تا ۲۰:۳۰,https://mftplus.com/lesson/4941/مدیریت-فروش-(SM)
مدلسازی واحدهای فرایندی و لوله کشی به کمک نرم افزار PDMS – سطح یک,علوم مهندسی,سعادت آباد (مرکزی),مشخص نشده,پنجشنبه ۱۴ اسفند ۱۴۰۴,پنجشنبه ۲۷ فروردین ۱۴۰۵,"۶۵,۰۰۰,۰۰۰","۶۵,۰۰۰,۰۰۰",پنجشنبه ساعت ۱۴:۳۰ تا ۲۰:۳۰,https://mftplus.com/lesson/2979/مدلسازی-واحدهای-فرایندی-و-لوله-کشی-به-کمک-نرم-افزار-PDMS-–-سطح-یک
برنامه ریزی تولید,علوم مهندسی,سعادت آباد (مرکزی),مشخص نشده,پنجشنبه ۱۴ اسفند ۱۴۰۴,پنجشنبه ۲۷ فروردین ۱۴۰۵,"۶۵,۰۰۰,۰۰۰","۶۵,۰۰۰,۰۰۰",پنجشنبه ساعت ۱۴:۳۰ تا ۲۰:۳۰,https://mftplus.com/lesson/153913123/برنامه-ریزی-تولید
طراحی لوگو و هویت بصری,هنر و سینما,ونک,مشخص نشده,پنجشنبه ۱۴ اسفند ۱۴۰۴,پنجشنبه ۲۱ خرداد ۱۴۰۵,"۶۵,۳۰۰,۰۰۰","۶۵,۳۰۰,۰۰۰",پنجشنبه ساعت ۱۷:۰۰ تا ۲۱:۰۰,https://mftplus.com/lesson/431315127/طراحی-لوگو-و-هویت-بصری
قانون کار,علوم مالی و حسابداری,بلوار کاوه(قیطریه),مشخص نشده,پنجشنبه ۱۴ اسفند ۱۴۰۴,پنجشنبه ۱۴ اسفند ۱۴۰۴,"۱۳,۷۰۰,۰۰۰","۱۳,۷۰۰,۰۰۰",پنجشنبه ساعت ۰۸:۰۰ تا ۱۳:۰۰,https://mftplus.com/lesson/5783/قانون-کار
Java SE 8 Programming,فناوری اطلاعات و ارتباطات,نارمک,مشخص نشده,پنجشنبه ۱۴ اسفند ۱۴۰۴,پنجشنبه ۲۱ خرداد ۱۴۰۵,"۶۸,۰۰۰,۰۰۰","۶۸,۰۰۰,۰۰۰",پنجشنبه ساعت ۰۸:۰۰ تا ۱۲:۰۰,https://mftplus.com/lesson/132018136/Java-SE-8-Programming
Java EE 8 programming,فناوری اطلاعات و ارتباطات,نارمک,مشخص نشده,پنجشنبه ۱۴ اسفند ۱۴۰۴,پنجشنبه ۲۱ خرداد ۱۴۰۵,"۸۱,۰۰۰,۰۰۰","۸۱,۰۰۰,۰۰۰",پنجشنبه ساعت ۱۲:۰۰ تا ۱۶:۰۰,https://mftplus.com/lesson/132018137/Java-EE-8-programming
Data Analysis with Python,فناوری اطلاعات و ارتباطات,تهرانپارس,احمد توکلی,پنجشنبه ۱۴ اسفند ۱۴۰۴,پنجشنبه ۱۷ اردیبهشت ۱۴۰۵,"۵۰,۰۰۰,۰۰۰","۵۰,۰۰۰,۰۰۰",پنجشنبه ساعت ۱۶:۰۰ تا ۲۰:۰۰,https://mftplus.com/lesson/5544/Data-Analysis-with-Python
نصب، راه اندازی، تعمیر و نگهداری پکیج,علوم مهندسی,سعادت آباد (مرکزی),مشخص نشده,پنجشنبه ۱۴ اسفند ۱۴۰۴,جمعه ۲۱ فروردین ۱۴۰۵,"۱۰۹,۰۰۰,۰۰۰","۱۰۹,۰۰۰,۰۰۰",جمعه ساعت ۰۸:۰۰ تا ۱۴:۰۰ | پنجشنبه ساعت ۰۸:۰۰ تا ۱۴:۰۰,https://mftplus.com/lesson/4287/نصب،-راه-اندازی،-تعمیر-و-نگهداری-پکیج
طراحی نقاشی مقدماتی,هنر و سینما,سعادت آباد (مرکزی),مشخص نشده,پنجشنبه ۱۴ اسفند ۱۴۰۴,پنجشنبه ۳۱ اردیبهشت ۱۴۰۵,"۴۲,۰۰۰,۰۰۰","۴۲,۰۰۰,۰۰۰",پنجشنبه ساعت ۱۳:۱۵ تا ۱۷:۱۵,https://mftplus.com/lesson/6018/طراحی-نقاشی-مقدماتی
نرم افزار AutoCAD Civil 3D,علوم مهندسی,سعادت آباد (مرکزی),مشخص نشده,پنجشنبه ۱۴ اسفند ۱۴۰۴,پنجشنبه ۲۷ فروردین ۱۴۰۵,"۵۵,۰۰۰,۰۰۰","۵۵,۰۰۰,۰۰۰",پنجشنبه ساعت ۱۴:۳۰ تا ۲۰:۳۰,https://mftplus.com/lesson/153412125/نرم-افزار-AutoCAD-Civil-3D
ارزیابی اقتصادی پروژه ها با نرم افزار COMFAR III,علوم مهندسی,سعادت آباد (مرکزی),مشخص نشده,پنجشنبه ۱۴ اسفند ۱۴۰۴,پنجشنبه ۱۷ اردیبهشت ۱۴۰۵,"۸۵,۰۰۰,۰۰۰","۸۵,۰۰۰,۰۰۰",جمعه ساعت ۱۱:۰۰ تا ۱۴:۰۰ | پنجشنبه ساعت ۱۱:۰۰ تا ۱۴:۰۰,https://mftplus.com/lesson/153912123/ارزیابی-اقتصادی-پروژه-ها-با-نرم-افزار-COMFAR-III
طراحی مکانیکی به کمک INVENTOR II,علوم مهندسی,سعادت آباد (مرکزی),مشخص نشده,پنجشنبه ۱۴ اسفند ۱۴۰۴,پنجشنبه ۲۴ اردیبهشت ۱۴۰۵,"۸۵,۰۰۰,۰۰۰","۸۵,۰۰۰,۰۰۰",پنجشنبه ساعت ۱۴:۳۰ تا ۲۰:۳۰,https://mftplus.com/lesson/153718130/طراحی-مکانیکی-به-کمک-INVENTOR-II
کاربرد Power BI در مدیریت پروژه,علوم مهندسی,سعادت آباد (مرکزی),مشخص نشده,پنجشنبه ۱۴ اسفند ۱۴۰۴,پنجشنبه ۲۸ اسفند ۱۴۰۴,"۴۵,۰۰۰,۰۰۰","۴۵,۰۰۰,۰۰۰",پنجشنبه ساعت ۰۸:۰۰ تا ۱۴:۰۰,https://mftplus.com/lesson/6455/کاربرد-Power-BI-در-مدیریت-پروژه
طراحی برد مدار چاپی با نرم افزارAltium Designer,برق و الکترونیک,سعادت آباد (مرکزی),مشخص نشده,پنجشنبه ۱۴ اسفند ۱۴۰۴,پنجشنبه ۳ اردیبهشت ۱۴۰۵,"۵۹,۰۰۰,۰۰۰","۵۹,۰۰۰,۰۰۰",پنجشنبه ساعت ۱۴:۰۰ تا ۱۹:۰۰,https://mftplus.com/lesson/5305/طراحی-برد-مدار-چاپی-با-نرم-افزارAltium-Designer
کارگاه جامع حسابداری مالی,علوم مالی و حسابداری,سعادت آباد (مرکزی),مشخص نشده,پنجشنبه ۱۴ اسفند ۱۴۰۴,پنجشنبه ۳ دی ۱۴۰۵,"۲۲۵,۷۰۰,۰۰۰","۲۲۵,۷۰۰,۰۰۰",پنجشنبه ساعت ۱۴:۳۰ تا ۲۰:۳۰,https://mftplus.com/lesson/3863/کارگاه-جامع-حسابداری-مالی
حسابداری برای غیر حسابداران,علوم مالی و حسابداری,سعادت آباد (مرکزی),مشخص نشده,پنجشنبه ۱۴ اسفند ۱۴۰۴,پنجشنبه ۲۴ اردیبهشت ۱۴۰۵,"۶۷,۰۰۰,۰۰۰","۶۷,۰۰۰,۰۰۰",پنجشنبه ساعت ۱۴:۳۰ تا ۲۰:۳۰,https://mftplus.com/lesson/3857/حسابداری-برای-غیر-حسابداران
کارگاه جامع حسابداری مالی,علوم مالی و حسابداری,سعادت آباد (مرکزی),مشخص نشده,پنجشنبه ۱۴ اسفند ۱۴۰۴,جمعه ۱۶ مرداد ۱۴۰۵,"۲۲۵,۷۰۰,۰۰۰","۲۲۵,۷۰۰,۰۰۰",جمعه ساعت ۰۸:۰۰ تا ۱۴:۰۰ | پنجشنبه ساعت ۱۴:۳۰ تا ۲۰:۳۰,https://mftplus.com/lesson/3863/کارگاه-جامع-حسابداری-مالی
حسابداری برای غیر حسابداران,علوم مالی و حسابداری,سعادت آباد (مرکزی),مشخص نشده,پنجشنبه ۱۴ اسفند ۱۴۰۴,جمعه ۲۸ فروردین ۱۴۰۵,"۶۷,۰۰۰,۰۰۰","۶۷,۰۰۰,۰۰۰",جمعه ساعت ۰۸:۰۰ تا ۱۴:۰۰ | پنجشنبه ساعت ۱۴:۳۰ تا ۲۰:۳۰,https://mftplus.com/lesson/3857/حسابداری-برای-غیر-حسابداران
حسابداری صنعتی,علوم مالی و حسابداری,اسلامشهر,مشخص نشده,پنجشنبه ۱۴ اسفند ۱۴۰۴,پنجشنبه ۲۸ خرداد ۱۴۰۵,"۷۵,۷۰۰,۰۰۰","۷۵,۷۰۰,۰۰۰",پنجشنبه ساعت ۰۹:۰۰ تا ۱۳:۰۰,https://mftplus.com/lesson/5097/حسابداری-صنعتی
مجموعه قوانین مالیاتی,علوم مالی و حسابداری,اسلامشهر,مشخص نشده,پنجشنبه ۱۴ اسفند ۱۴۰۴,پنجشنبه ۱ مرداد ۱۴۰۵,"۶۶,۵۰۰,۰۰۰","۶۶,۵۰۰,۰۰۰",پنجشنبه ساعت ۱۳:۰۰ تا ۱۶:۰۰,https://mftplus.com/lesson/4018/مجموعه-قوانین-مالیاتی
شمع سازی,هنر و سینما,سعادت آباد (مرکزی),مشخص نشده,پنجشنبه ۱۴ اسفند ۱۴۰۴,جمعه ۱۵ اسفند ۱۴۰۴,"۲۸,۰۰۰,۰۰۰","۲۸,۰۰۰,۰۰۰",جمعه ساعت ۱۴:۰۰ تا ۲۰:۰۰ | پنجشنبه ساعت ۱۴:۰۰ تا ۲۰:۰۰,https://mftplus.com/lesson/4861/شمع-سازی
Programming with Python,فناوری اطلاعات و ارتباطات,انقلاب,مشخص نشده,پنجشنبه ۱۴ اسفند ۱۴۰۴,پنجشنبه ۲۱ خرداد ۱۴۰۵,"۷۰,۰۰۰,۰۰۰","۸۸,۰۰۰,۰۰۰",پنجشنبه ساعت ۱۴:۳۰ تا ۱۹:۳۰,https://mftplus.com/lesson/5679/Programming-with-Python
ابزارهای هوش مصنوعی در معماری,معماری,نیاوران,مشخص نشده,پنجشنبه ۱۴ اسفند ۱۴۰۴,پنجشنبه ۱۷ اردیبهشت ۱۴۰۵,"۷۵,۰۰۰,۰۰۰","۷۵,۰۰۰,۰۰۰",پنجشنبه ساعت ۱۳:۰۰ تا ۱۷:۰۰,https://mftplus.com/lesson/5888/ابزارهای-هوش-مصنوعی-در-معماری
Wordpress & SEO PACK,فناوری اطلاعات و ارتباطات,باملند(شمال غرب),مشخص نشده,پنجشنبه ۱۴ اسفند ۱۴۰۴,پنجشنبه ۲۸ خرداد ۱۴۰۵,"۱۰۰,۰۰۰,۰۰۰","۱۲۴,۰۰۰,۰۰۰",پنجشنبه ساعت ۰۸:۰۰ تا ۱۴:۰۰,https://mftplus.com/lesson/4669/Wordpress-&-SEO-PACK
حسابداری ویژه بازار کار,علوم مالی و حسابداری,پرند,مشخص نشده,پنجشنبه ۱۴ اسفند ۱۴۰۴,پنجشنبه ۱۹ شهریور ۱۴۰۵,"۱۷۷,۶۰۰,۰۰۰","۱۷۷,۶۰۰,۰۰۰",جمعه ساعت ۰۹:۰۰ تا ۱۳:۰۰ | پنجشنبه ساعت ۱۴:۰۰ تا ۱۸:۰۰,https://mftplus.com/lesson/3869/حسابداری-ویژه-بازار-کار
نرم افزار Revit معماری,معماری,بلوار کاوه(قیطریه),مشخص نشده,پنجشنبه ۱۴ اسفند ۱۴۰۴,پنجشنبه ۷ خرداد ۱۴۰۵,"۸۹,۰۰۰,۰۰۰","۸۹,۰۰۰,۰۰۰",پنجشنبه ساعت ۱۴:۰۰ تا ۱۹:۰۰,https://mftplus.com/lesson/391412129/نرم-افزار-Revit-معماری
مراقبت زیبایی پوست و مو سطح 1 و 2,دانش سلامت,باملند(شمال غرب),مشخص نشده,پنجشنبه ۱۴ اسفند ۱۴۰۴,پنجشنبه ۲۴ اردیبهشت ۱۴۰۵,"۱۷۶,۸۰۰,۰۰۰","۱۷۶,۸۰۰,۰۰۰",جمعه ساعت ۰۸:۰۰ تا ۱۴:۰۰ | پنجشنبه ساعت ۰۸:۰۰ تا ۱۴:۰۰,https://mftplus.com/lesson/341518148/مراقبت-زیبایی-پوست-و-مو-سطح-1-و-2
طراحی نقاشی پیشرفته,هنر و سینما,سعادت آباد (مرکزی),پرنیان جدیدی,پنجشنبه ۱۴ اسفند ۱۴۰۴,پنجشنبه ۳۱ اردیبهشت ۱۴۰۵,"۴۶,۰۰۰,۰۰۰","۴۶,۰۰۰,۰۰۰",پنجشنبه ساعت ۱۳:۱۵ تا ۱۷:۱۵,https://mftplus.com/lesson/431512125/طراحی-نقاشی-پیشرفته
طراحی مکانیکی به کمک SOLIDWORKS II,علوم مهندسی,نیاوران,مشخص نشده,پنجشنبه ۱۴ اسفند ۱۴۰۴,پنجشنبه ۳۱ اردیبهشت ۱۴۰۵,"۸۵,۰۰۰,۰۰۰","۸۵,۰۰۰,۰۰۰",پنجشنبه ساعت ۰۹:۰۰ تا ۱۴:۰۰,https://mftplus.com/lesson/153718136/طراحی-مکانیکی-به-کمک-SOLIDWORKS-II
حسابداری ویژه بازار کار,علوم مالی و حسابداری,میرداماد,مشخص نشده,پنجشنبه ۱۴ اسفند ۱۴۰۴,پنجشنبه ۱۹ آذر ۱۴۰۵,"۱۷۷,۶۰۰,۰۰۰","۱۷۷,۶۰۰,۰۰۰",پنجشنبه ساعت ۰۹:۰۰ تا ۱۴:۰۰,https://mftplus.com/lesson/3869/حسابداری-ویژه-بازار-کار
ادمین تخصصی اینستاگرام,تولید محتوا,سعادت آباد (مرکزی),مشخص نشده,پنجشنبه ۱۴ اسفند ۱۴۰۴,پنجشنبه ۳ اردیبهشت ۱۴۰۵,"۶۰,۰۰۰,۰۰۰","۶۰,۰۰۰,۰۰۰",پنجشنبه ساعت ۰۹:۰۰ تا ۱۴:۰۰,https://mftplus.com/lesson/5741/ادمین-تخصصی-اینستاگرام
CCNA 200-301,فناوری اطلاعات و ارتباطات,میرداماد,مشخص نشده,پنجشنبه ۱۴ اسفند ۱۴۰۴,پنجشنبه ۴ تیر ۱۴۰۵,"۶۴,۰۰۰,۰۰۰","۷۸,۰۰۰,۰۰۰",پنجشنبه ساعت ۱۶:۰۰ تا ۲۱:۰۰,https://mftplus.com/lesson/3742/CCNA-200-301
نرم افزار ABAQUS (مقدماتی),علوم مهندسی,ونک,مشخص نشده,پنجشنبه ۱۴ اسفند ۱۴۰۴,پنجشنبه ۱۴ خرداد ۱۴۰۵,"۷۹,۰۰۰,۰۰۰","۷۹,۰۰۰,۰۰۰",پنجشنبه ساعت ۱۳:۰۰ تا ۱۷:۰۰,https://mftplus.com/lesson/153716125/نرم-افزار-ABAQUS-(مقدماتی)
طراحی صنعتی به کمک Rhino,علوم مهندسی,ونک,مشخص نشده,پنجشنبه ۱۴ اسفند ۱۴۰۴,پنجشنبه ۴ تیر ۱۴۰۵,"۷۹,۰۰۰,۰۰۰","۷۹,۰۰۰,۰۰۰",پنجشنبه ساعت ۱۷:۰۰ تا ۲۰:۰۰,https://mftplus.com/lesson/153717123/طراحی-صنعتی-به-کمک-Rhino
Python Programming Advanced,فناوری اطلاعات و ارتباطات,میرداماد,مشخص نشده,پنجشنبه ۱۴ اسفند ۱۴۰۴,پنجشنبه ۱۴ خرداد ۱۴۰۵,"۹۲,۰۰۰,۰۰۰","۱۱۴,۰۰۰,۰۰۰",پنجشنبه ساعت ۰۹:۰۰ تا ۱۴:۰۰,https://mftplus.com/lesson/5681/Python-Programming-Advanced
SQL Server 2022 Database Development,فناوری اطلاعات و ارتباطات,انقلاب,مشخص نشده,پنجشنبه ۱۴ اسفند ۱۴۰۴,پنجشنبه ۱۴ خرداد ۱۴۰۵,"۷۷,۰۰۰,۰۰۰","۹۰,۰۰۰,۰۰۰",پنجشنبه ساعت ۰۹:۰۰ تا ۱۴:۰۰,https://mftplus.com/lesson/5316/SQL-Server-2022-Database-Development
چیدمان فروشگاهی,فناوری مد و پوشاک,اکباتان,مشخص نشده,پنجشنبه ۱۴ اسفند ۱۴۰۴,پنجشنبه ۱۷ اردیبهشت ۱۴۰۵,"۸۵,۰۰۰,۰۰۰","۸۵,۰۰۰,۰۰۰",پنجشنبه ساعت ۱۴:۰۰ تا ۱۸:۰۰,https://mftplus.com/lesson/5723/چیدمان-فروشگاهی
مقدمه ای بر الگوریتم و برنامه نویسی,فناوری اطلاعات و ارتباطات,زعفرانیه,مشخص نشده,پنجشنبه ۱۴ اسفند ۱۴۰۴,پنجشنبه ۳۱ اردیبهشت ۱۴۰۵,"۲۸,۰۰۰,۰۰۰","۳۳,۰۰۰,۰۰۰",پنجشنبه ساعت ۰۹:۰۰ تا ۱۳:۰۰,https://mftplus.com/lesson/132017130/مقدمه-ای-بر-الگوریتم-و-برنامه-نویسی
نرم افزار Revit معماری,معماری,ونک,مشخص نشده,پنجشنبه ۱۴ اسفند ۱۴۰۴,پنجشنبه ۲۱ خرداد ۱۴۰۵,"۸۹,۰۰۰,۰۰۰","۸۹,۰۰۰,۰۰۰",پنجشنبه ساعت ۰۹:۰۰ تا ۱۳:۰۰,https://mftplus.com/lesson/391412129/نرم-افزار-Revit-معماری
ورکشاپ تخصصی شکلات دست ساز,تشریفات و گردشگری,ونک,مشخص نشده,پنجشنبه ۱۴ اسفند ۱۴۰۴,جمعه ۱۵ اسفند ۱۴۰۴,"۸۸,۰۰۰,۰۰۰","۸۸,۰۰۰,۰۰۰",جمعه ساعت ۱۰:۳۰ تا ۱۵:۳۰ | پنجشنبه ساعت ۱۰:۳۰ تا ۱۵:۳۰,https://mftplus.com/lesson/3814/ورکشاپ-تخصصی-شکلات-دست-ساز
تخصصی پخت نان,تشریفات و گردشگری,ونک,مشخص نشده,پنجشنبه ۱۴ اسفند ۱۴۰۴,پنجشنبه ۲۷ فروردین ۱۴۰۵,"۱۰۰,۰۰۰,۰۰۰","۱۰۰,۰۰۰,۰۰۰",پنجشنبه ساعت ۱۰:۳۰ تا ۱۴:۳۰,https://mftplus.com/lesson/4434/تخصصی-پخت-نان
قانون پایانه های فروشگاهی و سامانه مودیان,علوم مالی و حسابداری,اسلامشهر,مشخص نشده,پنجشنبه ۱۴ اسفند ۱۴۰۴,پنجشنبه ۲۸ اسفند ۱۴۰۴,"۱۵,۹۰۰,۰۰۰","۱۵,۹۰۰,۰۰۰",پنجشنبه ساعت ۱۵:۰۰ تا ۱۸:۰۰,https://mftplus.com/lesson/5207/قانون-پایانه-های-فروشگاهی-و-سامانه-مودیان
دوره تحلیل تکنیکال کاربردی,علوم مالی و حسابداری,اسلامشهر,مشخص نشده,پنجشنبه ۱۴ اسفند ۱۴۰۴,پنجشنبه ۱۷ اردیبهشت ۱۴۰۵,"۵۸,۵۰۰,۰۰۰","۵۸,۵۰۰,۰۰۰",پنجشنبه ساعت ۱۰:۰۰ تا ۱۳:۰۰,https://mftplus.com/lesson/3872/دوره-تحلیل-تکنیکال-کاربردی
TIA PORTAL,برق و الکترونیک,سعادت آباد (مرکزی),مشخص نشده,پنجشنبه ۱۴ اسفند ۱۴۰۴,پنجشنبه ۲۷ فروردین ۱۴۰۵,"۱۰۹,۰۰۰,۰۰۰","۱۰۹,۰۰۰,۰۰۰",جمعه ساعت ۱۴:۳۰ تا ۱۸:۳۰ | پنجشنبه ساعت ۱۴:۳۰ تا ۱۸:۳۰,https://mftplus.com/lesson/5541/TIA-PORTAL
سامانه خرید جزئی متوسط در سامانه ستاد,علوم مهندسی,ونک,مشخص نشده,پنجشنبه ۱۴ اسفند ۱۴۰۴,پنجشنبه ۱۴ اسفند ۱۴۰۴,"۱۷,۰۰۰,۰۰۰","۱۷,۰۰۰,۰۰۰",پنجشنبه ساعت ۰۹:۰۰ تا ۱۵:۰۰,https://mftplus.com/lesson/4554/سامانه-خرید-جزئی-متوسط-در-سامانه-ستاد
Responsive & Bootstrap (Web Design II),فناوری اطلاعات و ارتباطات,اسلامشهر,مشخص نشده,پنجشنبه ۱۴ اسفند ۱۴۰۴,پنجشنبه ۱۷ اردیبهشت ۱۴۰۵,"۵۰,۰۰۰,۰۰۰","۶۳,۰۰۰,۰۰۰",پنجشنبه ساعت ۰۹:۰۰ تا ۱۵:۰۰,https://mftplus.com/lesson/6457/Responsive-&-Bootstrap-(Web-Design-II)
MCSA PACK 2025,فناوری اطلاعات و ارتباطات,اسلامشهر,مشخص نشده,پنجشنبه ۱۴ اسفند ۱۴۰۴,پنجشنبه ۶ خرداد ۱۴۰۶,"۱۷۳,۰۰۰,۰۰۰","۲۱۸,۰۰۰,۰۰۰",پنجشنبه ساعت ۱۵:۰۰ تا ۱۹:۰۰,https://mftplus.com/lesson/6364/MCSA-PACK-2025
Microsoft Office Excel 2021 Expert,فناوری اطلاعات و ارتباطات,سیدخندان,مشخص نشده,پنجشنبه ۱۴ اسفند ۱۴۰۴,پنجشنبه ۳ اردیبهشت ۱۴۰۵,"۳۵,۰۰۰,۰۰۰","۴۴,۰۰۰,۰۰۰",پنجشنبه ساعت ۰۸:۰۰ تا ۱۳:۰۰,https://mftplus.com/lesson/5619/Microsoft-Office-Excel-2021-Expert
باریستا,تشریفات و گردشگری,پارک ساعی,مشخص نشده,پنجشنبه ۱۴ اسفند ۱۴۰۴,پنجشنبه ۶ فروردین ۱۴۰۵,"۱۳۴,۰۰۰,۰۰۰","۱۳۴,۰۰۰,۰۰۰",پنجشنبه ساعت ۱۰:۰۰ تا ۱۸:۰۰,https://mftplus.com/lesson/3804/باریستا
ماساژ رفلکسولوژی (بازتاب درمانی),دانش سلامت,بلوار کاوه(قیطریه),مشخص نشده,پنجشنبه ۱۴ اسفند ۱۴۰۴,جمعه ۱۵ اسفند ۱۴۰۴,"۵۴,۶۰۰,۰۰۰","۵۴,۶۰۰,۰۰۰",جمعه ساعت ۰۹:۰۰ تا ۱۷:۰۰ | پنجشنبه ساعت ۰۹:۰۰ تا ۱۷:۰۰,https://mftplus.com/lesson/4714/ماساژ-رفلکسولوژی-(بازتاب-درمانی)
ماساژ سر و صورت و گردن,دانش سلامت,بلوار کاوه(قیطریه),مشخص نشده,پنجشنبه ۱۴ اسفند ۱۴۰۴,جمعه ۱۵ اسفند ۱۴۰۴,"۵۴,۶۰۰,۰۰۰","۵۴,۶۰۰,۰۰۰",جمعه ساعت ۰۹:۰۰ تا ۱۷:۰۰ | پنجشنبه ساعت ۰۹:۰۰ تا ۱۷:۰۰,https://mftplus.com/lesson/4717/ماساژ-سر-و-صورت-و-گردن
نصب، راه اندازی، تعمیر و نگهداری پکیج,علوم مهندسی,پارک ساعی,مشخص نشده,پنجشنبه ۱۴ اسفند ۱۴۰۴,جمعه ۲۱ فروردین ۱۴۰۵,"۱۰۹,۰۰۰,۰۰۰","۱۰۹,۰۰۰,۰۰۰",جمعه ساعت ۱۴:۳۰ تا ۲۰:۳۰ | پنجشنبه ساعت ۱۴:۳۰ تا ۲۰:۳۰,https://mftplus.com/lesson/4287/نصب،-راه-اندازی،-تعمیر-و-نگهداری-پکیج
ورکشاپ تخصصی شکلات دست ساز,تشریفات و گردشگری,زعفرانیه,مشخص نشده,پنجشنبه ۱۴ اسفند ۱۴۰۴,جمعه ۱۵ اسفند ۱۴۰۴,"۸۸,۰۰۰,۰۰۰","۸۸,۰۰۰,۰۰۰",جمعه ساعت ۱۰:۳۰ تا ۱۵:۳۰ | پنجشنبه ساعت ۱۰:۳۰ تا ۱۵:۳۰,https://mftplus.com/lesson/3814/ورکشاپ-تخصصی-شکلات-دست-ساز
ورکشاپ تخصصی شکلات دست ساز,تشریفات و گردشگری,نیاوران,مشخص نشده,پنجشنبه ۱۴ اسفند ۱۴۰۴,جمعه ۱۵ اسفند ۱۴۰۴,"۸۸,۰۰۰,۰۰۰","۸۸,۰۰۰,۰۰۰",جمعه ساعت ۱۰:۳۰ تا ۱۵:۳۰ | پنجشنبه ساعت ۱۰:۳۰ تا ۱۵:۳۰,https://mftplus.com/lesson/3814/ورکشاپ-تخصصی-شکلات-دست-ساز
مانیتورینگ صنعتی با نرم افزار WinCC,برق و الکترونیک,میرداماد,مشخص نشده,پنجشنبه ۱۴ اسفند ۱۴۰۴,پنجشنبه ۳۱ اردیبهشت ۱۴۰۵,"۸۰,۰۰۰,۰۰۰","۸۱,۰۰۰,۰۰۰",پنجشنبه ساعت ۱۷:۳۰ تا ۲۱:۰۰,https://mftplus.com/lesson/5540/مانیتورینگ-صنعتی-با-نرم-افزار-WinCC
Excel مقدماتی,کودک و نوجوان,نیاوران,مشخص نشده,پنجشنبه ۱۴ اسفند ۱۴۰۴,پنجشنبه ۲۸ اسفند ۱۴۰۴,"۲۸,۶۰۰,۰۰۰","۲۸,۶۰۰,۰۰۰",پنجشنبه ساعت ۰۹:۰۰ تا ۱۳:۰۰,https://mftplus.com/lesson/3373/Excel-مقدماتی
SQL Server 2022 Database Development,فناوری اطلاعات و ارتباطات,سعادت آباد (مرکزی),حسین شهرابی فراهانی,پنجشنبه ۱۴ اسفند ۱۴۰۴,پنجشنبه ۲۱ خرداد ۱۴۰۵,"۷۷,۰۰۰,۰۰۰","۹۰,۰۰۰,۰۰۰",پنجشنبه ساعت ۱۴:۳۰ تا ۱۹:۳۰,https://mftplus.com/lesson/5316/SQL-Server-2022-Database-Development
ورکشاپ تخصصی شکلات دست ساز,تشریفات و گردشگری,بلوار کاوه(قیطریه),مشخص نشده,پنجشنبه ۱۴ اسفند ۱۴۰۴,جمعه ۱۵ اسفند ۱۴۰۴,"۸۸,۰۰۰,۰۰۰","۸۸,۰۰۰,۰۰۰",جمعه ساعت ۱۰:۳۰ تا ۱۵:۳۰ | پنجشنبه ساعت ۱۰:۳۰ تا ۱۵:۳۰,https://mftplus.com/lesson/3814/ورکشاپ-تخصصی-شکلات-دست-ساز
نرم افزار Revit معماری,معماری,اکباتان,مشخص نشده,پنجشنبه ۱۴ اسفند ۱۴۰۴,پنجشنبه ۷ خرداد ۱۴۰۵,"۸۹,۰۰۰,۰۰۰","۸۹,۰۰۰,۰۰۰",پنجشنبه ساعت ۰۹:۰۰ تا ۱۴:۰۰,https://mftplus.com/lesson/391412129/نرم-افزار-Revit-معماری
برنامه نویسی پایتون متوسطه 1,کودک و نوجوان,انقلاب,مشخص نشده,پنجشنبه ۱۴ اسفند ۱۴۰۴,پنجشنبه ۱۸ تیر ۱۴۰۵,"۷۹,۲۰۰,۰۰۰","۷۹,۲۰۰,۰۰۰",پنجشنبه ساعت ۱۱:۰۰ تا ۱۴:۰۰,https://mftplus.com/lesson/4600/برنامه-نویسی-پایتون-متوسطه-1
طراحی وب با وردپرس,کودک و نوجوان,انقلاب,مشخص نشده,پنجشنبه ۱۴ اسفند ۱۴۰۴,پنجشنبه ۱۱ تیر ۱۴۰۵,"۷۸,۱۰۰,۰۰۰","۷۸,۱۰۰,۰۰۰",پنجشنبه ساعت ۱۴:۳۰ تا ۱۷:۳۰,https://mftplus.com/lesson/191414130/طراحی-وب-با-وردپرس
"مدیریت پروژه حرفه ای – مبانی و نرم افزارهای کاربردی (PMBOK, MSP & Primavera P6)",علوم مهندسی,نیاوران,مشخص نشده,پنجشنبه ۱۴ اسفند ۱۴۰۴,پنجشنبه ۱۲ شهریور ۱۴۰۵,"۱۶۹,۰۰۰,۰۰۰","۱۶۹,۰۰۰,۰۰۰",پنجشنبه ساعت ۱۴:۰۰ تا ۱۹:۰۰,"https://mftplus.com/lesson/154012130/مدیریت-پروژه-حرفه-ای-–-مبانی-و-نرم-افزارهای-کاربردی-(PMBOK,-MSP-&-Primavera-P6)"
اکسسوری های دست ساز و زیورآلات مفتولی,علوم مهندسی,سعادت آباد (مرکزی),مشخص نشده,پنجشنبه ۱۴ اسفند ۱۴۰۴,پنجشنبه ۱۰ اردیبهشت ۱۴۰۵,"۸۲,۵۰۰,۰۰۰","۸۲,۵۰۰,۰۰۰",پنجشنبه ساعت ۰۸:۰۰ تا ۱۴:۰۰,https://mftplus.com/lesson/5722/اکسسوری-های-دست-ساز-و-زیورآلات-مفتولی
ReactJS,فناوری اطلاعات و ارتباطات,انقلاب,مشخص نشده,پنجشنبه ۱۴ اسفند ۱۴۰۴,پنجشنبه ۱۷ اردیبهشت ۱۴۰۵,"۶۱,۰۰۰,۰۰۰","۷۷,۰۰۰,۰۰۰",پنجشنبه ساعت ۱۴:۳۰ تا ۱۹:۳۰,https://mftplus.com/lesson/4040/ReactJS
Java SE 8 Programming,فناوری اطلاعات و ارتباطات,انقلاب,مشخص نشده,پنجشنبه ۱۴ اسفند ۱۴۰۴,پنجشنبه ۳۱ اردیبهشت ۱۴۰۵,"۵۵,۰۰۰,۰۰۰","۶۸,۰۰۰,۰۰۰",پنجشنبه ساعت ۰۹:۰۰ تا ۱۴:۰۰,https://mftplus.com/lesson/132018136/Java-SE-8-Programming
Network+,فناوری اطلاعات و ارتباطات,انقلاب,مشخص نشده,پنجشنبه ۱۴ اسفند ۱۴۰۴,پنجشنبه ۲۷ فروردین ۱۴۰۵,"۱۵,۰۰۰,۰۰۰","۲۰,۰۰۰,۰۰۰",پنجشنبه ساعت ۰۸:۳۰ تا ۱۴:۳۰,https://mftplus.com/lesson/131612129/Network+
سرویس و تعمیر جعبه دنده و سیستم انتقال قدرت,علوم مهندسی,اسلامشهر,حسین مقدمیان,پنجشنبه ۱۴ اسفند ۱۴۰۴,پنجشنبه ۱۰ اردیبهشت ۱۴۰۵,"۱۲۰,۰۰۰,۰۰۰","۱۲۰,۰۰۰,۰۰۰",جمعه ساعت ۱۷:۰۰ تا ۲۰:۰۰ | پنجشنبه ساعت ۱۷:۰۰ تا ۲۰:۰۰,https://mftplus.com/lesson/6452/سرویس-و-تعمیر-جعبه-دنده-و-سیستم-انتقال-قدرت
3Ds Max Beginners to Advanced & V-Ray,معماری,سعادت آباد (مرکزی),مشخص نشده,پنجشنبه ۱۴ اسفند ۱۴۰۴,پنجشنبه ۱ مرداد ۱۴۰۵,"۱۴۴,۰۰۰,۰۰۰","۱۴۴,۰۰۰,۰۰۰",پنجشنبه ساعت ۰۹:۰۰ تا ۱۴:۰۰,https://mftplus.com/lesson/4542/3Ds-Max-Beginners-to-Advanced-&-V-Ray
ماشینکاری با نرم افزار Power Mill (مقدماتی) به همراه کار عملی با ماشین CNC,علوم مهندسی,سعادت آباد (مرکزی),مشخص نشده,پنجشنبه ۱۴ اسفند ۱۴۰۴,پنجشنبه ۲۴ اردیبهشت ۱۴۰۵,"۸۲,۵۰۰,۰۰۰","۸۲,۵۰۰,۰۰۰",پنجشنبه ساعت ۱۴:۳۰ تا ۲۰:۳۰,https://mftplus.com/lesson/153715123/ماشینکاری-با-نرم-افزار-Power-Mill-(مقدماتی)-به-همراه-کار-عملی-با-ماشین-CNC
Wordpress & SEO PACK,فناوری اطلاعات و ارتباطات,اکباتان,مشخص نشده,پنجشنبه ۱۴ اسفند ۱۴۰۴,پنجشنبه ۱۸ تیر ۱۴۰۵,"۱۰۰,۰۰۰,۰۰۰","۱۲۴,۰۰۰,۰۰۰",پنجشنبه ساعت ۱۴:۳۰ تا ۱۹:۳۰,https://mftplus.com/lesson/4669/Wordpress-&-SEO-PACK
Wordpress & WooCommerce Essential Training,فناوری اطلاعات و ارتباطات,اکباتان,مشخص نشده,پنجشنبه ۱۴ اسفند ۱۴۰۴,پنجشنبه ۱۰ اردیبهشت ۱۴۰۵,"۴۱,۰۰۰,۰۰۰","۵۳,۰۰۰,۰۰۰",پنجشنبه ساعت ۱۴:۳۰ تا ۱۹:۳۰,https://mftplus.com/lesson/5202/Wordpress-&-WooCommerce-Essential-Training
انقلاب دیتا در معماری؛ فراتر از مدلسازی؛ مدیریت داده ها با Revit,معماری,سعادت آباد (مرکزی),مشخص نشده,پنجشنبه ۱۴ اسفند ۱۴۰۴,پنجشنبه ۱۴ اسفند ۱۴۰۴,"۱۷,۵۰۰,۰۰۰","۱۷,۵۰۰,۰۰۰",پنجشنبه ساعت ۱۴:۰۰ تا ۲۰:۰۰,https://mftplus.com/lesson/6674/انقلاب-دیتا-در-معماری؛-فراتر-از-مدلسازی؛-مدیریت-داده-ها-با-Revit
فتوشاپ نسخه مقدماتی تا پیشرفته,هنر و سینما,میرداماد,مشخص نشده,پنجشنبه ۱۴ اسفند ۱۴۰۴,پنجشنبه ۲۱ خرداد ۱۴۰۵,"۵۱,۰۰۰,۰۰۰","۵۶,۰۰۰,۰۰۰",پنجشنبه ساعت ۰۹:۰۰ تا ۱۴:۰۰,https://mftplus.com/lesson/431314130/فتوشاپ-نسخه-مقدماتی-تا-پیشرفته
نرم افزار Arc GIS (سطح یک),علوم مهندسی,میرداماد,مشخص نشده,پنجشنبه ۱۴ اسفند ۱۴۰۴,پنجشنبه ۱۷ اردیبهشت ۱۴۰۵,"۵۹,۰۰۰,۰۰۰","۵۹,۰۰۰,۰۰۰",پنجشنبه ساعت ۱۵:۰۰ تا ۱۹:۰۰,https://mftplus.com/lesson/153412124/نرم-افزار-Arc-GIS-(سطح-یک)
طراحی مکانیکی به کمک CATIA I,علوم مهندسی,میرداماد,مشخص نشده,پنجشنبه ۱۴ اسفند ۱۴۰۴,پنجشنبه ۳۱ اردیبهشت ۱۴۰۵,"۷۹,۰۰۰,۰۰۰","۷۹,۰۰۰,۰۰۰",پنجشنبه ساعت ۰۹:۰۰ تا ۱۴:۰۰,https://mftplus.com/lesson/153718143/طراحی-مکانیکی-به-کمک-CATIA-I
کارگاه سامانه تجارت,مدیریت و کسب و کار,ونک,مشخص نشده,پنجشنبه ۱۴ اسفند ۱۴۰۴,پنجشنبه ۱۴ اسفند ۱۴۰۴,"۱۹,۸۰۰,۰۰۰","۱۹,۸۰۰,۰۰۰",پنجشنبه ساعت ۱۴:۰۰ تا ۲۰:۰۰,https://mftplus.com/lesson/5949/کارگاه-سامانه-تجارت
مدیریت ارتباط با مشتری (CRM),مدیریت و کسب و کار,زعفرانیه,مشخص نشده,پنجشنبه ۱۴ اسفند ۱۴۰۴,جمعه ۱۵ اسفند ۱۴۰۴,"۱۹,۳۰۰,۰۰۰","۲۳,۵۰۰,۰۰۰",جمعه ساعت ۰۹:۰۰ تا ۱۳:۰۰ | پنجشنبه ساعت ۰۹:۰۰ تا ۱۳:۰۰,https://mftplus.com/lesson/4943/مدیریت-ارتباط-با-مشتری-(CRM)
فتوشاپ و ایلاستریتور,هنر و سینما,انقلاب,مشخص نشده,پنجشنبه ۱۴ اسفند ۱۴۰۴,پنجشنبه ۲۵ تیر ۱۴۰۵,"۸۴,۰۰۰,۰۰۰","۹۴,۰۰۰,۰۰۰",پنجشنبه ساعت ۰۹:۰۰ تا ۱۴:۰۰,https://mftplus.com/lesson/431312124/فتوشاپ-و-ایلاستریتور
Wordpress & WooCommerce Essential Training,فناوری اطلاعات و ارتباطات,باملند(شمال غرب),مشخص نشده,پنجشنبه ۱۴ اسفند ۱۴۰۴,پنجشنبه ۳ اردیبهشت ۱۴۰۵,"۵۳,۰۰۰,۰۰۰","۵۳,۰۰۰,۰۰۰",پنجشنبه ساعت ۰۸:۰۰ تا ۱۴:۰۰,https://mftplus.com/lesson/5202/Wordpress-&-WooCommerce-Essential-Training
طراحی مکانیکی به کمک SOLIDWORKS I,علوم مهندسی,اکباتان,مشخص نشده,پنجشنبه ۱۴ اسفند ۱۴۰۴,پنجشنبه ۳۱ اردیبهشت ۱۴۰۵,"۷۹,۰۰۰,۰۰۰","۷۹,۰۰۰,۰۰۰",پنجشنبه ساعت ۰۹:۰۰ تا ۱۴:۰۰,https://mftplus.com/lesson/153718144/طراحی-مکانیکی-به-کمک-SOLIDWORKS-I
جامع مدیریت منابع انسانی (HRM),مدیریت و کسب و کار,میرداماد,مشخص نشده,پنجشنبه ۱۴ اسفند ۱۴۰۴,پنجشنبه ۲۹ مرداد ۱۴۰۵,"۱۲۸,۷۰۰,۰۰۰","۱۶۱,۷۰۰,۰۰۰",پنجشنبه ساعت ۱۴:۳۰ تا ۱۹:۳۰,https://mftplus.com/lesson/4924/جامع-مدیریت-منابع-انسانی-(HRM)
ماساژ سر و صورت و گردن,دانش سلامت,زعفرانیه,مشخص نشده,پنجشنبه ۱۴ اسفند ۱۴۰۴,جمعه ۱۵ اسفند ۱۴۰۴,"۵۴,۶۰۰,۰۰۰","۵۴,۶۰۰,۰۰۰",جمعه ساعت ۰۹:۰۰ تا ۱۷:۰۰ | پنجشنبه ساعت ۰۹:۰۰ تا ۱۷:۰۰,https://mftplus.com/lesson/4717/ماساژ-سر-و-صورت-و-گردن
طراحی برد مدار چاپی با نرم افزارAltium Designer,برق و الکترونیک,میرداماد,مشخص نشده,پنجشنبه ۱۴ اسفند ۱۴۰۴,پنجشنبه ۲۷ فروردین ۱۴۰۵,"۵۹,۰۰۰,۰۰۰","۶۰,۰۰۰,۰۰۰",پنجشنبه ساعت ۱۴:۳۰ تا ۲۰:۳۰,https://mftplus.com/lesson/5305/طراحی-برد-مدار-چاپی-با-نرم-افزارAltium-Designer
دوره جامع اجرای ساختمانهای بتنی و فولادی,علوم مهندسی,سعادت آباد (مرکزی),مشخص نشده,پنجشنبه ۱۴ اسفند ۱۴۰۴,پنجشنبه ۷ خرداد ۱۴۰۵,"۱۷۹,۰۰۰,۰۰۰","۱۷۹,۰۰۰,۰۰۰",جمعه ساعت ۱۴:۳۰ تا ۲۰:۳۰ | پنجشنبه ساعت ۱۴:۳۰ تا ۲۰:۳۰,https://mftplus.com/lesson/3966/دوره-جامع-اجرای-ساختمانهای-بتنی-و-فولادی
ایمنی، بهداشت و محیط زیست (HSE) پیشرفته,علوم مهندسی,سعادت آباد (مرکزی),مشخص نشده,پنجشنبه ۱۴ اسفند ۱۴۰۴,جمعه ۲۲ اسفند ۱۴۰۴,"۶۵,۰۰۰,۰۰۰","۶۵,۰۰۰,۰۰۰",جمعه ساعت ۰۸:۰۰ تا ۱۶:۰۰ | پنجشنبه ساعت ۰۸:۰۰ تا ۱۶:۰۰,https://mftplus.com/lesson/154113124/ایمنی،-بهداشت-و-محیط-زیست-(HSE)-پیشرفته
 نرم افزار سه بعدی در طراحی لباس,فناوری مد و پوشاک,سعادت آباد (مرکزی),مشخص نشده,پنجشنبه ۱۴ اسفند ۱۴۰۴,پنجشنبه ۲۰ فروردین ۱۴۰۵,"۳۶,۰۰۰,۰۰۰","۳۶,۰۰۰,۰۰۰",پنجشنبه ساعت ۱۴:۰۰ تا ۲۰:۰۰,https://mftplus.com/lesson/6315/نرم-افزار-سه-بعدی-در-طراحی-لباس
دوره ی جامع اجرای ساختمان از فونداسیون تا نازک کاری,معماری,نیاوران,مشخص نشده,پنجشنبه ۱۴ اسفند ۱۴۰۴,پنجشنبه ۲۵ تیر ۱۴۰۵,"۱۹۸,۰۰۰,۰۰۰","۱۹۸,۰۰۰,۰۰۰",پنجشنبه ساعت ۰۹:۰۰ تا ۱۴:۰۰,https://mftplus.com/lesson/391612144/دوره-ی-جامع-اجرای-ساختمان-از-فونداسیون-تا-نازک-کاری
برنامه ریزی و کنترل پروژه با نرم افزار MS Project,علوم مهندسی,نیاوران,مشخص نشده,پنجشنبه ۱۴ اسفند ۱۴۰۴,پنجشنبه ۱۷ اردیبهشت ۱۴۰۵,"۶۵,۰۰۰,۰۰۰","۶۵,۰۰۰,۰۰۰",پنجشنبه ساعت ۱۴:۰۰ تا ۱۹:۰۰,https://mftplus.com/lesson/154012124/برنامه-ریزی-و-کنترل-پروژه-با-نرم-افزار-MS-Project
طراحی طلا و جواهرات به کمک نرم افزار MATRIX - سطح دو,علوم مهندسی,سعادت آباد (مرکزی),مشخص نشده,پنجشنبه ۱۴ اسفند ۱۴۰۴,پنجشنبه ۳۱ اردیبهشت ۱۴۰۵,"۱۱۲,۵۰۰,۰۰۰","۱۱۲,۵۰۰,۰۰۰",پنجشنبه ساعت ۰۸:۰۰ تا ۱۴:۰۰,https://mftplus.com/lesson/6278/طراحی-طلا-و-جواهرات-به-کمک-نرم-افزار-MATRIX-سطح-دو
مقدماتی تا پیشرفته اتوکد آرشیتکت,معماری,سعادت آباد (مرکزی),مشخص نشده,پنجشنبه ۱۴ اسفند ۱۴۰۴,پنجشنبه ۲۱ خرداد ۱۴۰۵,"۱۲۲,۰۰۰,۰۰۰","۱۲۲,۰۰۰,۰۰۰",پنجشنبه ساعت ۱۴:۰۰ تا ۱۹:۰۰,https://mftplus.com/lesson/5979/مقدماتی-تا-پیشرفته-اتوکد-آرشیتکت
مبانی مدیریت سرمایه گذاری در بورس,علوم مالی و حسابداری,زعفرانیه,مشخص نشده,پنجشنبه ۱۴ اسفند ۱۴۰۴,جمعه ۲۱ فروردین ۱۴۰۵,"۵۴,۵۰۰,۰۰۰","۵۴,۵۰۰,۰۰۰",جمعه ساعت ۱۷:۰۰ تا ۲۰:۰۰ | پنجشنبه ساعت ۱۷:۰۰ تا ۲۰:۰۰,https://mftplus.com/lesson/3871/مبانی-مدیریت-سرمایه-گذاری-در-بورس
پکیج سرمایه گذاری در بورس,علوم مالی و حسابداری,زعفرانیه,مشخص نشده,پنجشنبه ۱۴ اسفند ۱۴۰۴,پنجشنبه ۱۸ تیر ۱۴۰۵,"۱۸۵,۵۰۰,۰۰۰","۱۸۵,۵۰۰,۰۰۰",جمعه ساعت ۱۷:۰۰ تا ۲۰:۰۰ | پنجشنبه ساعت ۱۷:۰۰ تا ۲۰:۰۰,https://mftplus.com/lesson/3920/پکیج-سرمایه-گذاری-در-بورس
ورکشاپ تخصصی شکلات دست ساز,تشریفات و گردشگری,نارمک,مشخص نشده,پنجشنبه ۱۴ اسفند ۱۴۰۴,جمعه ۱۵ اسفند ۱۴۰۴,"۸۸,۰۰۰,۰۰۰","۸۸,۰۰۰,۰۰۰",جمعه ساعت ۱۰:۳۰ تا ۱۵:۳۰ | پنجشنبه ساعت ۱۰:۳۰ تا ۱۵:۳۰,https://mftplus.com/lesson/3814/ورکشاپ-تخصصی-شکلات-دست-ساز
ICDL Pack 2021,فناوری اطلاعات و ارتباطات,اکباتان,مشخص نشده,پنجشنبه ۱۴ اسفند ۱۴۰۴,پنجشنبه ۱۶ مهر ۱۴۰۵,"۶۳,۰۰۰,۰۰۰","۸۱,۰۰۰,۰۰۰",پنجشنبه ساعت ۰۹:۰۰ تا ۱۴:۰۰,https://mftplus.com/lesson/5575/ICDL-Pack-2021
ICDL 2021 Level 1,فناوری اطلاعات و ارتباطات,اکباتان,مشخص نشده,پنجشنبه ۱۴ اسفند ۱۴۰۴,پنجشنبه ۱۱ تیر ۱۴۰۵,"۳۸,۰۰۰,۰۰۰","۴۹,۰۰۰,۰۰۰",پنجشنبه ساعت ۰۹:۰۰ تا ۱۴:۰۰,https://mftplus.com/lesson/5571/ICDL-2021-Level-1
برنامه نویسی پایتون مقدماتی 2,کودک و نوجوان,سعادت آباد (مرکزی),مشخص نشده,پنجشنبه ۱۴ اسفند ۱۴۰۴,پنجشنبه ۳۱ اردیبهشت ۱۴۰۵,"۶۶,۱۰۰,۰۰۰","۶۶,۱۰۰,۰۰۰",پنجشنبه ساعت ۱۷:۳۰ تا ۲۰:۳۰,https://mftplus.com/lesson/3971/برنامه-نویسی-پایتون-مقدماتی-2
برنامه نویسی پایتون مقدماتی کودکان,کودک و نوجوان,سعادت آباد (مرکزی),مشخص نشده,پنجشنبه ۱۴ اسفند ۱۴۰۴,پنجشنبه ۳۱ اردیبهشت ۱۴۰۵,"۵۵,۲۰۰,۰۰۰","۵۵,۲۰۰,۰۰۰",پنجشنبه ساعت ۱۲:۰۰ تا ۱۴:۰۰,https://mftplus.com/lesson/5443/برنامه-نویسی-پایتون-مقدماتی-کودکان
برنامه نویسی پایتون پیشرفته وب 3,کودک و نوجوان,سعادت آباد (مرکزی),مشخص نشده,پنجشنبه ۱۴ اسفند ۱۴۰۴,پنجشنبه ۱۸ تیر ۱۴۰۵,"۱۳۱,۱۰۰,۰۰۰","۱۳۱,۱۰۰,۰۰۰",پنجشنبه ساعت ۰۸:۰۰ تا ۱۱:۰۰,https://mftplus.com/lesson/5122/برنامه-نویسی-پایتون-پیشرفته-وب-3
پکیج طراحی دکوراسیون داخلی از مقدماتی تا پیشرفته,معماری,البرز,مشخص نشده,پنجشنبه ۱۴ اسفند ۱۴۰۴,پنجشنبه ۱۹ فروردین ۱۴۰۶,"۵۲۹,۰۰۰,۰۰۰","۵۲۹,۰۰۰,۰۰۰",جمعه ساعت ۱۳:۰۰ تا ۱۷:۰۰ | پنجشنبه ساعت ۱۳:۰۰ تا ۱۷:۰۰,https://mftplus.com/lesson/5999/پکیج-طراحی-دکوراسیون-داخلی-از-مقدماتی-تا-پیشرفته
نقشه کشی معماری,معماری,البرز,مشخص نشده,پنجشنبه ۱۴ اسفند ۱۴۰۴,جمعه ۲۸ فروردین ۱۴۰۵,"۶۲,۰۰۰,۰۰۰","۶۲,۰۰۰,۰۰۰",جمعه ساعت ۱۳:۰۰ تا ۱۷:۰۰ | پنجشنبه ساعت ۱۳:۰۰ تا ۱۷:۰۰,https://mftplus.com/lesson/391212129/نقشه-کشی-معماری
طراحی نقاشی متوسط,هنر و سینما,سعادت آباد (مرکزی),مشخص نشده,پنجشنبه ۱۴ اسفند ۱۴۰۴,پنجشنبه ۳۱ اردیبهشت ۱۴۰۵,"۴۶,۰۰۰,۰۰۰","۴۶,۰۰۰,۰۰۰",پنجشنبه ساعت ۱۳:۱۵ تا ۱۷:۱۵,https://mftplus.com/lesson/431512124/طراحی-نقاشی-متوسط
برنامه ریزی و کنترل پروژه با نرم افزار MS Project,علوم مهندسی,اکباتان,مشخص نشده,پنجشنبه ۱۴ اسفند ۱۴۰۴,پنجشنبه ۲۷ فروردین ۱۴۰۵,"۶۵,۰۰۰,۰۰۰","۶۵,۰۰۰,۰۰۰",جمعه ساعت ۰۹:۰۰ تا ۱۴:۰۰ | پنجشنبه ساعت ۰۹:۰۰ تا ۱۴:۰۰,https://mftplus.com/lesson/154012124/برنامه-ریزی-و-کنترل-پروژه-با-نرم-افزار-MS-Project
(HTML & CSS (Web Design I,فناوری اطلاعات و ارتباطات,البرز,مشخص نشده,پنجشنبه ۱۴ اسفند ۱۴۰۴,پنجشنبه ۲۱ خرداد ۱۴۰۵,"۴۵,۰۰۰,۰۰۰","۴۵,۰۰۰,۰۰۰",پنجشنبه ساعت ۱۳:۰۰ تا ۱۸:۰۰,https://mftplus.com/lesson/6456/(HTML-&-CSS-(Web-Design-I
برنامه نویسی به زبان ++C,فناوری اطلاعات و ارتباطات,البرز,مشخص نشده,پنجشنبه ۱۴ اسفند ۱۴۰۴,پنجشنبه ۲۱ خرداد ۱۴۰۵,"۶۵,۰۰۰,۰۰۰","۶۵,۰۰۰,۰۰۰",پنجشنبه ساعت ۰۸:۰۰ تا ۱۳:۰۰,https://mftplus.com/lesson/132017134/برنامه-نویسی-به-زبان-++C
Programming with Python,فناوری اطلاعات و ارتباطات,انقلاب,مشخص نشده,پنجشنبه ۱۴ اسفند ۱۴۰۴,پنجشنبه ۲۱ خرداد ۱۴۰۵,"۷۰,۰۰۰,۰۰۰","۸۸,۰۰۰,۰۰۰",پنجشنبه ساعت ۰۹:۰۰ تا ۱۴:۰۰,https://mftplus.com/lesson/5679/Programming-with-Python
برنامه نویسی پایتون مقدماتی 2,کودک و نوجوان,آیت الله کاشانی (غرب),مشخص نشده,پنجشنبه ۱۴ اسفند ۱۴۰۴,پنجشنبه ۳۱ اردیبهشت ۱۴۰۵,"۶۸,۴۰۰,۰۰۰","۶۸,۴۰۰,۰۰۰",پنجشنبه ساعت ۰۹:۳۰ تا ۱۲:۳۰,https://mftplus.com/lesson/3971/برنامه-نویسی-پایتون-مقدماتی-2
زبان انگلیسی A1.1,زبانهای خارجی,تهرانپارس,مشخص نشده,جمعه ۱۵ اسفند ۱۴۰۴,جمعه ۱۸ اردیبهشت ۱۴۰۵,"۲۶,۶۰۰,۰۰۰","۲۶,۶۰۰,۰۰۰",جمعه ساعت ۰۹:۰۰ تا ۱۳:۰۰,https://mftplus.com/lesson/231215275/زبان-انگلیسی-A1.1
برق ساختمان,برق و الکترونیک,سعادت آباد (مرکزی),مشخص نشده,جمعه ۱۵ اسفند ۱۴۰۴,جمعه ۱۸ اردیبهشت ۱۴۰۵,"۱۰۲,۰۰۰,۰۰۰","۱۰۲,۰۰۰,۰۰۰",جمعه ساعت ۰۸:۰۰ تا ۱۴:۰۰,https://mftplus.com/lesson/4551/برق-ساختمان
مسئول دفتری از نگارش تا مدیریت,مدیریت و کسب و کار,زعفرانیه,مشخص نشده,جمعه ۱۵ اسفند ۱۴۰۴,جمعه ۱۸ اردیبهشت ۱۴۰۵,"۳۸,۴۰۰,۰۰۰","۴۸,۰۰۰,۰۰۰",جمعه ساعت ۱۷:۰۰ تا ۲۰:۰۰,https://mftplus.com/lesson/6467/مسئول-دفتری-از-نگارش-تا-مدیریت
PHP & MYSQL Web Development,فناوری اطلاعات و ارتباطات,سعادت آباد (مرکزی),تورج آرمین پور,جمعه ۱۵ اسفند ۱۴۰۴,جمعه ۲۶ تیر ۱۴۰۵,"۷۹,۰۰۰,۰۰۰","۹۹,۰۰۰,۰۰۰",جمعه ساعت ۰۹:۰۰ تا ۱۴:۰۰,https://mftplus.com/lesson/5352/PHP-&-MYSQL-Web-Development
کارگاه جامع مدیریت سرمایه گذاری در بازار رمز ارزها (ارز دیجیتال),علوم مالی و حسابداری,بلوار کاوه(قیطریه),مشخص نشده,جمعه ۱۵ اسفند ۱۴۰۴,جمعه ۱۵ خرداد ۱۴۰۵,"۱۷۲,۹۰۰,۰۰۰","۱۷۲,۹۰۰,۰۰۰",جمعه ساعت ۰۸:۰۰ تا ۱۴:۰۰,https://mftplus.com/lesson/4446/کارگاه-جامع-مدیریت-سرمایه-گذاری-در-بازار-رمز-ارزها-(ارز-دیجیتال)
اتوماسیون صنعتی با PLC S7-1200,برق و الکترونیک,سعادت آباد (مرکزی),مشخص نشده,جمعه ۱۵ اسفند ۱۴۰۴,جمعه ۱۸ اردیبهشت ۱۴۰۵,"۱۱۰,۰۰۰,۰۰۰","۱۱۰,۰۰۰,۰۰۰",جمعه ساعت ۱۴:۳۰ تا ۲۰:۳۰,https://mftplus.com/lesson/6297/اتوماسیون-صنعتی-با-PLC-S7-1200
طراحی فضای سبز و محوطه سازی  (basic),معماری,زعفرانیه,مشخص نشده,جمعه ۱۵ اسفند ۱۴۰۴,جمعه ۲۳ مرداد ۱۴۰۵,"۲۲۷,۰۰۰,۰۰۰","۲۲۷,۰۰۰,۰۰۰",جمعه ساعت ۱۳:۰۰ تا ۲۰:۰۰,https://mftplus.com/lesson/3914/طراحی-فضای-سبز-و-محوطه-سازی-(basic)
ورقکاری و مهندسی معکوس به کمک CATIA III,علوم مهندسی,سعادت آباد (مرکزی),مشخص نشده,جمعه ۱۵ اسفند ۱۴۰۴,جمعه ۱۸ اردیبهشت ۱۴۰۵,"۸۹,۰۰۰,۰۰۰","۸۹,۰۰۰,۰۰۰",جمعه ساعت ۰۸:۰۰ تا ۱۴:۰۰,https://mftplus.com/lesson/6216/ورقکاری-و-مهندسی-معکوس-به-کمک-CATIA-III
حرفه ای برنامه نویسی قالب وردپرس,فناوری اطلاعات و ارتباطات,سعادت آباد (مرکزی),اسماعیل احمدی میرقائد,جمعه ۱۵ اسفند ۱۴۰۴,جمعه ۲۳ مرداد ۱۴۰۵,"۱۶۵,۰۰۰,۰۰۰","۲۰۷,۰۰۰,۰۰۰",جمعه ساعت ۱۴:۳۰ تا ۱۹:۳۰,https://mftplus.com/lesson/6115/حرفه-ای-برنامه-نویسی-قالب-وردپرس
+Security,فناوری اطلاعات و ارتباطات,نیاوران,مشخص نشده,جمعه ۱۵ اسفند ۱۴۰۴,جمعه ۱۸ اردیبهشت ۱۴۰۵,"۲۹,۰۰۰,۰۰۰","۲۹,۰۰۰,۰۰۰",جمعه ساعت ۱۴:۰۰ تا ۱۸:۰۰,https://mftplus.com/lesson/132117129/+Security
AVR مقدماتی,برق و الکترونیک,سعادت آباد (مرکزی),مشخص نشده,جمعه ۱۵ اسفند ۱۴۰۴,جمعه ۵ تیر ۱۴۰۵,"۶۷,۲۰۰,۰۰۰","۶۷,۲۰۰,۰۰۰",جمعه ساعت ۰۸:۰۰ تا ۱۲:۰۰,https://mftplus.com/lesson/4586/AVR-مقدماتی
گریم و چهره پردازی سطح 1 و ٢,دانش سلامت,باملند(شمال غرب),مشخص نشده,جمعه ۱۵ اسفند ۱۴۰۴,جمعه ۲ مرداد ۱۴۰۵,"۱۲۱,۷۰۰,۰۰۰","۱۲۱,۷۰۰,۰۰۰",جمعه ساعت ۱۴:۰۰ تا ۲۰:۰۰,https://mftplus.com/lesson/341812133/گریم-و-چهره-پردازی-سطح-1-و-٢
طراحی مکانیکی به کمک NX I  به همراه کار عملی با دستگاه پرینتر سه بعدی,علوم مهندسی,سعادت آباد (مرکزی),مشخص نشده,جمعه ۱۵ اسفند ۱۴۰۴,جمعه ۲۵ اردیبهشت ۱۴۰۵,"۸۲,۵۰۰,۰۰۰","۸۲,۵۰۰,۰۰۰",جمعه ساعت ۱۴:۳۰ تا ۲۰:۳۰,https://mftplus.com/lesson/153718131/طراحی-مکانیکی-به-کمک-NX-I-به-همراه-کار-عملی-با-دستگاه-پرینتر-سه-بعدی
طراحی مکانیکی به کمک NX II,علوم مهندسی,سعادت آباد (مرکزی),مشخص نشده,جمعه ۱۵ اسفند ۱۴۰۴,جمعه ۲۵ اردیبهشت ۱۴۰۵,"۸۵,۰۰۰,۰۰۰","۸۵,۰۰۰,۰۰۰",جمعه ساعت ۱۴:۳۰ تا ۲۰:۳۰,https://mftplus.com/lesson/153718132/طراحی-مکانیکی-به-کمک-NX-II
ادمین تخصصی اینستاگرام,تولید محتوا,باملند(شمال غرب),مشخص نشده,جمعه ۱۵ اسفند ۱۴۰۴,جمعه ۴ اردیبهشت ۱۴۰۵,"۶۰,۰۰۰,۰۰۰","۶۰,۰۰۰,۰۰۰",جمعه ساعت ۱۴:۰۰ تا ۲۰:۰۰,https://mftplus.com/lesson/5741/ادمین-تخصصی-اینستاگرام
شبیه سازی دینامیکی فرایند با نرم افزار HYSYS DYNAMIC,علوم مهندسی,سعادت آباد (مرکزی),مشخص نشده,جمعه ۱۵ اسفند ۱۴۰۴,جمعه ۴ اردیبهشت ۱۴۰۵,"۶۵,۰۰۰,۰۰۰","۶۵,۰۰۰,۰۰۰",جمعه ساعت ۱۴:۳۰ تا ۲۰:۳۰,https://mftplus.com/lesson/153515123/شبیه-سازی-دینامیکی-فرایند-با-نرم-افزار-HYSYS-DYNAMIC
شبیه سازی فرایند با نرم افزار HYSYS سطح یک,علوم مهندسی,سعادت آباد (مرکزی),مشخص نشده,جمعه ۱۵ اسفند ۱۴۰۴,جمعه ۱۱ اردیبهشت ۱۴۰۵,"۶۵,۰۰۰,۰۰۰","۶۵,۰۰۰,۰۰۰",جمعه ساعت ۱۴:۳۰ تا ۲۰:۳۰,https://mftplus.com/lesson/153515128/شبیه-سازی-فرایند-با-نرم-افزار-HYSYS-سطح-یک
دوره جامع آزاد کار دیجیتال مارکتینگ,تولید محتوا,سعادت آباد (مرکزی),مشخص نشده,جمعه ۱۵ اسفند ۱۴۰۴,جمعه ۲۷ آذر ۱۴۰۵,"۱۹۰,۰۰۰,۰۰۰","۱۹۰,۰۰۰,۰۰۰",جمعه ساعت ۱۴:۳۰ تا ۱۹:۳۰,https://mftplus.com/lesson/5206/دوره-جامع-آزاد-کار-دیجیتال-مارکتینگ
Wordpress & SEO PACK,فناوری اطلاعات و ارتباطات,نارمک,مشخص نشده,جمعه ۱۵ اسفند ۱۴۰۴,جمعه ۱۹ تیر ۱۴۰۵,"۱۲۴,۰۰۰,۰۰۰","۱۲۴,۰۰۰,۰۰۰",جمعه ساعت ۱۴:۰۰ تا ۱۹:۰۰,https://mftplus.com/lesson/4669/Wordpress-&-SEO-PACK
اصول علمی و عملی  فروش تلفنی,مدیریت و کسب و کار,بلوار کاوه(قیطریه),مشخص نشده,جمعه ۱۵ اسفند ۱۴۰۴,جمعه ۱۵ اسفند ۱۴۰۴,"۱۹,۰۰۰,۰۰۰","۲۰,۰۰۰,۰۰۰",جمعه ساعت ۰۹:۰۰ تا ۱۷:۰۰,https://mftplus.com/lesson/6267/اصول-علمی-و-عملی-فروش-تلفنی
طراحی تابلوهای MV و LV,برق و الکترونیک,پارک ساعی,مشخص نشده,جمعه ۱۵ اسفند ۱۴۰۴,جمعه ۱۸ اردیبهشت ۱۴۰۵,"۷۵,۰۰۰,۰۰۰","۷۵,۰۰۰,۰۰۰",جمعه ساعت ۱۴:۰۰ تا ۱۸:۰۰,https://mftplus.com/lesson/181215150/طراحی-تابلوهای-MV-و-LV
ترفندهای اکسل در حسابداری,علوم مالی و حسابداری,زعفرانیه,مشخص نشده,جمعه ۱۵ اسفند ۱۴۰۴,جمعه ۲۵ اردیبهشت ۱۴۰۵,"۳۴,۵۰۰,۰۰۰","۳۴,۵۰۰,۰۰۰",جمعه ساعت ۱۰:۰۰ تا ۱۳:۰۰,https://mftplus.com/lesson/6164/ترفندهای-اکسل-در-حسابداری
دوره جامع نقشه‌خوانی تاسیسات ساختمان,علوم مهندسی,سعادت آباد (مرکزی),مشخص نشده,جمعه ۱۵ اسفند ۱۴۰۴,جمعه ۴ اردیبهشت ۱۴۰۵,"۶۵,۰۰۰,۰۰۰","۶۵,۰۰۰,۰۰۰",جمعه ساعت ۰۸:۰۰ تا ۱۴:۰۰,https://mftplus.com/lesson/6392/دوره-جامع-نقشه‌خوانی-تاسیسات-ساختمان
کارگاه کاربردی مدلسازی تجهیزات صنعتی با نرم افزار Autodesk Inventor,علوم مهندسی,سعادت آباد (مرکزی),مشخص نشده,جمعه ۱۵ اسفند ۱۴۰۴,جمعه ۲۸ فروردین ۱۴۰۵,"۵۵,۰۰۰,۰۰۰","۵۵,۰۰۰,۰۰۰",جمعه ساعت ۰۸:۰۰ تا ۱۴:۰۰,https://mftplus.com/lesson/5347/کارگاه-کاربردی-مدلسازی-تجهیزات-صنعتی-با-نرم-افزار-Autodesk-Inventor
Machine Learning with Python,فناوری اطلاعات و ارتباطات,نارمک,مشخص نشده,جمعه ۱۵ اسفند ۱۴۰۴,جمعه ۵ تیر ۱۴۰۵,"۸۴,۰۰۰,۰۰۰","۸۴,۰۰۰,۰۰۰",جمعه ساعت ۱۶:۰۰ تا ۲۰:۰۰,https://mftplus.com/lesson/5546/Machine-Learning-with-Python
تهیه و سرو حرفه ای نوشیدنی های سرد,تشریفات و گردشگری,نیاوران,مشخص نشده,جمعه ۱۵ اسفند ۱۴۰۴,جمعه ۲۱ فروردین ۱۴۰۵,"۱۰۴,۰۰۰,۰۰۰","۱۰۴,۰۰۰,۰۰۰",جمعه ساعت ۱۰:۳۰ تا ۱۸:۳۰,https://mftplus.com/lesson/3832/تهیه-و-سرو-حرفه-ای-نوشیدنی-های-سرد
ایمنی ، بهداشت و محیط زیست (HSE) مقدماتی,علوم مهندسی,پارک ساعی,مشخص نشده,جمعه ۱۵ اسفند ۱۴۰۴,جمعه ۱۸ اردیبهشت ۱۴۰۵,"۶۲,۵۰۰,۰۰۰","۶۲,۵۰۰,۰۰۰",جمعه ساعت ۰۹:۰۰ تا ۱۴:۰۰,https://mftplus.com/lesson/154113123/ایمنی-،-بهداشت-و-محیط-زیست-(HSE)-مقدماتی
دوره جامع نقشه خوانی ساختمان,علوم مهندسی,سعادت آباد (مرکزی),مشخص نشده,جمعه ۱۵ اسفند ۱۴۰۴,جمعه ۲۵ اردیبهشت ۱۴۰۵,"۷۹,۰۰۰,۰۰۰","۷۹,۰۰۰,۰۰۰",جمعه ساعت ۰۸:۰۰ تا ۱۴:۰۰,https://mftplus.com/lesson/5613/دوره-جامع-نقشه-خوانی-ساختمان
نرم افزار FLUENT (پیشرفته),علوم مهندسی,سعادت آباد (مرکزی),مشخص نشده,جمعه ۱۵ اسفند ۱۴۰۴,جمعه ۲۵ اردیبهشت ۱۴۰۵,"۸۵,۰۰۰,۰۰۰","۸۵,۰۰۰,۰۰۰",جمعه ساعت ۰۸:۰۰ تا ۱۴:۰۰,https://mftplus.com/lesson/153714126/نرم-افزار-FLUENT-(پیشرفته)
نرم افزار ANSYS WORKBENCH (پیشرفته),علوم مهندسی,سعادت آباد (مرکزی),مشخص نشده,جمعه ۱۵ اسفند ۱۴۰۴,جمعه ۲۵ اردیبهشت ۱۴۰۵,"۸۵,۰۰۰,۰۰۰","۸۵,۰۰۰,۰۰۰",جمعه ساعت ۰۸:۰۰ تا ۱۴:۰۰,https://mftplus.com/lesson/153716124/نرم-افزار-ANSYS-WORKBENCH-(پیشرفته)
طراحی مخازن تحت فشار بر اساس ASME Sec.VIII Div.1 به همراه نرم افزار PV ELITE,علوم مهندسی,سعادت آباد (مرکزی),مشخص نشده,جمعه ۱۵ اسفند ۱۴۰۴,جمعه ۱ خرداد ۱۴۰۵,"۸۹,۰۰۰,۰۰۰","۸۹,۰۰۰,۰۰۰",جمعه ساعت ۱۴:۳۰ تا ۲۰:۳۰,https://mftplus.com/lesson/4693/طراحی-مخازن-تحت-فشار-بر-اساس-ASME-Sec.VIII-Div.1-به-همراه-نرم-افزار-PV-ELITE
Data Analysis with Python,فناوری اطلاعات و ارتباطات,نیاوران,مشخص نشده,جمعه ۱۵ اسفند ۱۴۰۴,جمعه ۲۵ اردیبهشت ۱۴۰۵,"۴۰,۰۰۰,۰۰۰","۴۰,۰۰۰,۰۰۰",جمعه ساعت ۰۹:۰۰ تا ۱۳:۰۰,https://mftplus.com/lesson/5544/Data-Analysis-with-Python
کاربرد هوش مصنوعی در تولید محتوا و بازاریابی محتوایی,تولید محتوا,نیاوران,مشخص نشده,جمعه ۱۵ اسفند ۱۴۰۴,جمعه ۴ اردیبهشت ۱۴۰۵,"۵۲,۰۰۰,۰۰۰","۵۲,۰۰۰,۰۰۰",جمعه ساعت ۰۹:۰۰ تا ۱۴:۰۰,https://mftplus.com/lesson/6025/کاربرد-هوش-مصنوعی-در-تولید-محتوا-و-بازاریابی-محتوایی
اسکیس و راندو,معماری,باملند(شمال غرب),مشخص نشده,جمعه ۱۵ اسفند ۱۴۰۴,پنجشنبه ۲۰ فروردین ۱۴۰۵,"۵۹,۰۰۰,۰۰۰","۵۹,۰۰۰,۰۰۰",جمعه ساعت ۰۸:۰۰ تا ۱۴:۰۰ | پنجشنبه ساعت ۰۸:۰۰ تا ۱۴:۰۰,https://mftplus.com/lesson/5233/اسکیس-و-راندو
کاربرد Excel در مدیریت پروژه,علوم مهندسی,سعادت آباد (مرکزی),مشخص نشده,جمعه ۱۵ اسفند ۱۴۰۴,جمعه ۲۸ فروردین ۱۴۰۵,"۵۵,۰۰۰,۰۰۰","۵۵,۰۰۰,۰۰۰",جمعه ساعت ۰۸:۰۰ تا ۱۴:۰۰,https://mftplus.com/lesson/3818/کاربرد-Excel-در-مدیریت-پروژه
مانیتورینگ صنعتی با نرم افزار WinCC,برق و الکترونیک,سعادت آباد (مرکزی),مشخص نشده,جمعه ۱۵ اسفند ۱۴۰۴,جمعه ۱۱ اردیبهشت ۱۴۰۵,"۸۱,۰۰۰,۰۰۰","۸۱,۰۰۰,۰۰۰",جمعه ساعت ۱۴:۳۰ تا ۲۰:۳۰,https://mftplus.com/lesson/5540/مانیتورینگ-صنعتی-با-نرم-افزار-WinCC
AVR پیشرفته,برق و الکترونیک,سعادت آباد (مرکزی),مشخص نشده,جمعه ۱۵ اسفند ۱۴۰۴,جمعه ۲۵ اردیبهشت ۱۴۰۵,"۶۰,۰۰۰,۰۰۰","۶۰,۰۰۰,۰۰۰",جمعه ساعت ۱۶:۳۰ تا ۲۱:۰۰,https://mftplus.com/lesson/4587/AVR-پیشرفته
تهیه و سرو حرفه ای نوشیدنی های سرد,تشریفات و گردشگری,زعفرانیه,مشخص نشده,جمعه ۱۵ اسفند ۱۴۰۴,جمعه ۲۱ فروردین ۱۴۰۵,"۱۰۴,۰۰۰,۰۰۰","۱۰۴,۰۰۰,۰۰۰",جمعه ساعت ۱۰:۳۰ تا ۱۸:۳۰,https://mftplus.com/lesson/3832/تهیه-و-سرو-حرفه-ای-نوشیدنی-های-سرد
تهیه و سرو حرفه ای نوشیدنی های سرد,تشریفات و گردشگری,بلوار کاوه(قیطریه),مشخص نشده,جمعه ۱۵ اسفند ۱۴۰۴,جمعه ۲۱ فروردین ۱۴۰۵,"۱۰۴,۰۰۰,۰۰۰","۱۰۴,۰۰۰,۰۰۰",جمعه ساعت ۱۰:۳۰ تا ۱۸:۳۰,https://mftplus.com/lesson/3832/تهیه-و-سرو-حرفه-ای-نوشیدنی-های-سرد
تهیه و سرو حرفه ای نوشیدنی های سرد,تشریفات و گردشگری,تهرانپارس,مشخص نشده,جمعه ۱۵ اسفند ۱۴۰۴,جمعه ۲۱ فروردین ۱۴۰۵,"۱۰۴,۰۰۰,۰۰۰","۱۰۴,۰۰۰,۰۰۰",جمعه ساعت ۱۰:۳۰ تا ۱۸:۳۰,https://mftplus.com/lesson/3832/تهیه-و-سرو-حرفه-ای-نوشیدنی-های-سرد
تهیه و سرو حرفه ای نوشیدنی های سرد,تشریفات و گردشگری,نارمک,مشخص نشده,جمعه ۱۵ اسفند ۱۴۰۴,جمعه ۲۱ فروردین ۱۴۰۵,"۱۰۴,۰۰۰,۰۰۰","۱۰۴,۰۰۰,۰۰۰",جمعه ساعت ۱۰:۳۰ تا ۱۸:۳۰,https://mftplus.com/lesson/3832/تهیه-و-سرو-حرفه-ای-نوشیدنی-های-سرد
اپراتور فرز CNC,علوم مهندسی,البرز,مشخص نشده,جمعه ۱۵ اسفند ۱۴۰۴,جمعه ۱۸ اردیبهشت ۱۴۰۵,"۷۲,۵۰۰,۰۰۰","۷۲,۵۰۰,۰۰۰",جمعه ساعت ۱۳:۰۰ تا ۱۷:۰۰,https://mftplus.com/lesson/4671/اپراتور-فرز-CNC
تهیه و سرو حرفه ای نوشیدنی های سرد,تشریفات و گردشگری,اکباتان,مشخص نشده,جمعه ۱۵ اسفند ۱۴۰۴,جمعه ۲۱ فروردین ۱۴۰۵,"۱۰۴,۰۰۰,۰۰۰","۱۰۴,۰۰۰,۰۰۰",جمعه ساعت ۱۰:۳۰ تا ۱۸:۳۰,https://mftplus.com/lesson/3832/تهیه-و-سرو-حرفه-ای-نوشیدنی-های-سرد
قانون پایانه های فروشگاهی و سامانه مودیان,علوم مالی و حسابداری,نیاوران,مشخص نشده,جمعه ۱۵ اسفند ۱۴۰۴,جمعه ۱۵ اسفند ۱۴۰۴,"۱۵,۹۰۰,۰۰۰","۱۵,۹۰۰,۰۰۰",جمعه ساعت ۰۹:۰۰ تا ۱۷:۰۰,https://mftplus.com/lesson/5207/قانون-پایانه-های-فروشگاهی-و-سامانه-مودیان
Programming with Python,فناوری اطلاعات و ارتباطات,نیاوران,مشخص نشده,جمعه ۱۵ اسفند ۱۴۰۴,جمعه ۲۹ خرداد ۱۴۰۵,"۷۰,۰۰۰,۰۰۰","۸۸,۰۰۰,۰۰۰",جمعه ساعت ۰۸:۰۰ تا ۱۳:۰۰,https://mftplus.com/lesson/5679/Programming-with-Python
طراحی داشبوردهای هوش تجاری با PowerBI,فناوری اطلاعات و ارتباطات,نیاوران,مشخص نشده,جمعه ۱۵ اسفند ۱۴۰۴,جمعه ۱۱ اردیبهشت ۱۴۰۵,"۴۰,۰۰۰,۰۰۰","۵۰,۰۰۰,۰۰۰",جمعه ساعت ۰۹:۰۰ تا ۱۴:۰۰,https://mftplus.com/lesson/6057/طراحی-داشبوردهای-هوش-تجاری-با-PowerBI
تصویربرداری,هنر و سینما,زعفرانیه,مشخص نشده,جمعه ۱۵ اسفند ۱۴۰۴,جمعه ۸ خرداد ۱۴۰۵,"۸۸,۰۰۰,۰۰۰","۸۸,۰۰۰,۰۰۰",جمعه ساعت ۰۹:۰۰ تا ۱۳:۰۰,https://mftplus.com/lesson/431213173/تصویربرداری
آئین نگارش مکاتبات اداری,مدیریت و کسب و کار,زعفرانیه,مشخص نشده,جمعه ۱۵ اسفند ۱۴۰۴,جمعه ۴ اردیبهشت ۱۴۰۵,"۲۰,۹۰۰,۰۰۰","۲۶,۴۰۰,۰۰۰",جمعه ساعت ۱۷:۰۰ تا ۲۰:۰۰,https://mftplus.com/lesson/4386/آئین-نگارش-مکاتبات-اداری
اصول تهیه و تدوین قراردادها و مبانی حقوقی کسب و کار,مدیریت و کسب و کار,پارک ساعی,مشخص نشده,جمعه ۱۵ اسفند ۱۴۰۴,جمعه ۲۸ فروردین ۱۴۰۵,"۲۶,۴۰۰,۰۰۰","۲۶,۴۰۰,۰۰۰",جمعه ساعت ۱۵:۰۰ تا ۱۹:۰۰,https://mftplus.com/lesson/4397/اصول-تهیه-و-تدوین-قراردادها-و-مبانی-حقوقی-کسب-و-کار
مهارت های نرم ویژه ی مدیران و کارشناسان,مدیریت و کسب و کار,پارک ساعی,مشخص نشده,جمعه ۱۵ اسفند ۱۴۰۴,جمعه ۱۲ تیر ۱۴۰۵,"۶۸,۰۰۰,۰۰۰","۶۸,۰۰۰,۰۰۰",جمعه ساعت ۱۷:۳۰ تا ۲۰:۳۰,https://mftplus.com/lesson/6136/مهارت-های-نرم-ویژه-ی-مدیران-و-کارشناسان
فروشندگی حرفه ای طلا و جواهر,علوم مهندسی,زعفرانیه,مشخص نشده,جمعه ۱۵ اسفند ۱۴۰۴,جمعه ۲۲ اسفند ۱۴۰۴,"۶۹,۰۰۰,۰۰۰","۶۹,۰۰۰,۰۰۰",جمعه ساعت ۰۹:۰۰ تا ۱۷:۰۰,https://mftplus.com/lesson/154414126/فروشندگی-حرفه-ای-طلا-و-جواهر
حسابداری مالی بازرگانی,علوم مالی و حسابداری,اکباتان,مشخص نشده,جمعه ۱۵ اسفند ۱۴۰۴,جمعه ۱۸ اردیبهشت ۱۴۰۵,"۴۳,۸۰۰,۰۰۰","۴۳,۸۰۰,۰۰۰",جمعه ساعت ۱۴:۰۰ تا ۱۹:۰۰,https://mftplus.com/lesson/3866/حسابداری-مالی-بازرگانی
نقشه کشی صنعتی,علوم مهندسی,سعادت آباد (مرکزی),مشخص نشده,جمعه ۱۵ اسفند ۱۴۰۴,جمعه ۱۸ اردیبهشت ۱۴۰۵,"۶۷,۵۰۰,۰۰۰","۶۷,۵۰۰,۰۰۰",جمعه ساعت ۱۴:۳۰ تا ۲۰:۳۰,https://mftplus.com/lesson/153718140/نقشه-کشی-صنعتی
تهیه و سرو حرفه ای نوشیدنی های سرد,تشریفات و گردشگری,ونک,مشخص نشده,جمعه ۱۵ اسفند ۱۴۰۴,جمعه ۲۸ فروردین ۱۴۰۵,"۱۰۴,۰۰۰,۰۰۰","۱۰۴,۰۰۰,۰۰۰",جمعه ساعت ۱۰:۳۰ تا ۱۸:۳۰,https://mftplus.com/lesson/3832/تهیه-و-سرو-حرفه-ای-نوشیدنی-های-سرد
طراحی تاسیسات مکانیکی ساختمان 2,علوم مهندسی,سعادت آباد (مرکزی),مشخص نشده,جمعه ۱۵ اسفند ۱۴۰۴,جمعه ۱۱ اردیبهشت ۱۴۰۵,"۵۵,۰۰۰,۰۰۰","۵۵,۰۰۰,۰۰۰",جمعه ساعت ۰۸:۰۰ تا ۱۴:۰۰,https://mftplus.com/lesson/154312126/طراحی-تاسیسات-مکانیکی-ساختمان-2
تحلیل های آماری داده ها به کمک نرم افزار SPSS - سطح دو,علوم مهندسی,سعادت آباد (مرکزی),مشخص نشده,جمعه ۱۵ اسفند ۱۴۰۴,جمعه ۲۸ فروردین ۱۴۰۵,"۴۹,۰۰۰,۰۰۰","۴۹,۰۰۰,۰۰۰",جمعه ساعت ۰۸:۰۰ تا ۱۴:۰۰,https://mftplus.com/lesson/154212126/تحلیل-های-آماری-داده-ها-به-کمک-نرم-افزار-SPSS-سطح-دو
متره، برآورد و صورت وضعیت نویسی عمران,علوم مهندسی,سعادت آباد (مرکزی),مشخص نشده,جمعه ۱۵ اسفند ۱۴۰۴,جمعه ۱ خرداد ۱۴۰۵,"۷۵,۰۰۰,۰۰۰","۷۵,۰۰۰,۰۰۰",جمعه ساعت ۱۴:۳۰ تا ۲۰:۳۰,https://mftplus.com/lesson/153813123/متره،-برآورد-و-صورت-وضعیت-نویسی-عمران
نرم افزار EPLAN,برق و الکترونیک,سعادت آباد (مرکزی),مشخص نشده,جمعه ۱۵ اسفند ۱۴۰۴,جمعه ۱۱ اردیبهشت ۱۴۰۵,"۷۸,۸۰۰,۰۰۰","۷۸,۸۰۰,۰۰۰",جمعه ساعت ۰۹:۰۰ تا ۱۴:۰۰,https://mftplus.com/lesson/181222127/نرم-افزار-EPLAN
دوره جامع نرم افزار Arc GIS,علوم مهندسی,زعفرانیه,مشخص نشده,جمعه ۱۵ اسفند ۱۴۰۴,جمعه ۲۹ خرداد ۱۴۰۵,"۹۹,۰۰۰,۰۰۰","۹۹,۰۰۰,۰۰۰",جمعه ساعت ۱۳:۰۰ تا ۱۷:۰۰,https://mftplus.com/lesson/5348/دوره-جامع-نرم-افزار-Arc-GIS
Python Programming Advanced,فناوری اطلاعات و ارتباطات,انقلاب,مشخص نشده,جمعه ۱۵ اسفند ۱۴۰۴,جمعه ۲۹ خرداد ۱۴۰۵,"۹۲,۰۰۰,۰۰۰","۱۱۴,۰۰۰,۰۰۰",جمعه ساعت ۱۴:۳۰ تا ۱۹:۳۰,https://mftplus.com/lesson/5681/Python-Programming-Advanced
Data Analysis with Python,فناوری اطلاعات و ارتباطات,نارمک,مشخص نشده,جمعه ۱۵ اسفند ۱۴۰۴,جمعه ۱۸ اردیبهشت ۱۴۰۵,"۵۰,۰۰۰,۰۰۰","۵۰,۰۰۰,۰۰۰",جمعه ساعت ۰۸:۰۰ تا ۱۲:۰۰,https://mftplus.com/lesson/5544/Data-Analysis-with-Python
نرم افزار Arc GIS (سطح دو),علوم مهندسی,سعادت آباد (مرکزی),مشخص نشده,جمعه ۱۵ اسفند ۱۴۰۴,جمعه ۴ اردیبهشت ۱۴۰۵,"۶۵,۰۰۰,۰۰۰","۶۵,۰۰۰,۰۰۰",جمعه ساعت ۰۸:۰۰ تا ۱۴:۰۰,https://mftplus.com/lesson/153412123/نرم-افزار-Arc-GIS-(سطح-دو)
دوره جامع سرمایه گذاری در بازارهای رمز ارز، فارکس و طلا,علوم مالی و حسابداری,سعادت آباد (مرکزی),مشخص نشده,جمعه ۱۵ اسفند ۱۴۰۴,جمعه ۲ مرداد ۱۴۰۵,"۲۰۷,۵۰۰,۰۰۰","۲۰۷,۵۰۰,۰۰۰",جمعه ساعت ۱۴:۳۰ تا ۲۰:۳۰,https://mftplus.com/lesson/6473/دوره-جامع-سرمایه-گذاری-در-بازارهای-رمز-ارز،-فارکس-و-طلا
کمک های اولیه و فوریت های پزشکی,دانش سلامت,بلوار کاوه(قیطریه),مشخص نشده,جمعه ۱۵ اسفند ۱۴۰۴,جمعه ۱ خرداد ۱۴۰۵,"۴۵,۵۰۰,۰۰۰","۴۵,۵۰۰,۰۰۰",جمعه ساعت ۱۵:۰۰ تا ۲۰:۰۰,https://mftplus.com/lesson/341612128/کمک-های-اولیه-و-فوریت-های-پزشکی
Python Programming Advanced,فناوری اطلاعات و ارتباطات,انقلاب,مشخص نشده,جمعه ۱۵ اسفند ۱۴۰۴,جمعه ۱۵ خرداد ۱۴۰۵,"۹۲,۰۰۰,۰۰۰","۱۱۴,۰۰۰,۰۰۰",جمعه ساعت ۰۹:۰۰ تا ۱۴:۰۰,https://mftplus.com/lesson/5681/Python-Programming-Advanced
دوره جامع طراحی طلا و جواهرات به کمک نرم افزار MATRIX,علوم مهندسی,ونک,مشخص نشده,جمعه ۱۵ اسفند ۱۴۰۴,جمعه ۱۳ آذر ۱۴۰۵,"۱۹۹,۰۰۰,۰۰۰","۱۹۹,۰۰۰,۰۰۰",جمعه ساعت ۰۹:۰۰ تا ۱۳:۰۰,https://mftplus.com/lesson/4502/دوره-جامع-طراحی-طلا-و-جواهرات-به-کمک-نرم-افزار-MATRIX
نرم افزار FLUENT (مقدماتی),علوم مهندسی,ونک,مشخص نشده,جمعه ۱۵ اسفند ۱۴۰۴,جمعه ۱۵ خرداد ۱۴۰۵,"۷۹,۰۰۰,۰۰۰","۷۹,۰۰۰,۰۰۰",جمعه ساعت ۱۳:۰۰ تا ۱۷:۰۰,https://mftplus.com/lesson/153714127/نرم-افزار-FLUENT-(مقدماتی)
ماشینکاری با نرم افزار Power Mill (مقدماتی) به همراه کار عملی با ماشین CNC,علوم مهندسی,سعادت آباد (مرکزی),مشخص نشده,جمعه ۱۵ اسفند ۱۴۰۴,جمعه ۲۵ اردیبهشت ۱۴۰۵,"۸۲,۵۰۰,۰۰۰","۸۲,۵۰۰,۰۰۰",جمعه ساعت ۰۸:۰۰ تا ۱۴:۰۰,https://mftplus.com/lesson/153715123/ماشینکاری-با-نرم-افزار-Power-Mill-(مقدماتی)-به-همراه-کار-عملی-با-ماشین-CNC
دوره جامع تراش CNC به همراه کار عملی و آموزش نرم افزار MASTERCAM,علوم مهندسی,سعادت آباد (مرکزی),مشخص نشده,جمعه ۱۵ اسفند ۱۴۰۴,جمعه ۱ خرداد ۱۴۰۵,"۹۹,۰۰۰,۰۰۰","۹۹,۰۰۰,۰۰۰",جمعه ساعت ۰۸:۰۰ تا ۱۴:۰۰,https://mftplus.com/lesson/5041/دوره-جامع-تراش-CNC-به-همراه-کار-عملی-و-آموزش-نرم-افزار-MASTERCAM
دوره جامع طراحی تاسیسات مکانیکی ساختمان,علوم مهندسی,سعادت آباد (مرکزی),مشخص نشده,جمعه ۱۵ اسفند ۱۴۰۴,جمعه ۲۹ خرداد ۱۴۰۵,"۸۹,۰۰۰,۰۰۰","۸۹,۰۰۰,۰۰۰",جمعه ساعت ۰۸:۰۰ تا ۱۴:۰۰,https://mftplus.com/lesson/5340/دوره-جامع-طراحی-تاسیسات-مکانیکی-ساختمان
حسابداری ویژه بازار کار,علوم مالی و حسابداری,ونک,مشخص نشده,جمعه ۱۵ اسفند ۱۴۰۴,جمعه ۳۰ بهمن ۱۴۰۵,"۱۷۷,۶۰۰,۰۰۰","۱۷۷,۶۰۰,۰۰۰",جمعه ساعت ۱۳:۰۰ تا ۱۷:۰۰,https://mftplus.com/lesson/3869/حسابداری-ویژه-بازار-کار
اجرا، فن بیان و سخنوری,هنر و سینما,اسلامشهر,مشخص نشده,جمعه ۱۵ اسفند ۱۴۰۴,جمعه ۲۵ اردیبهشت ۱۴۰۵,"۴۹,۰۰۰,۰۰۰","۵۶,۰۰۰,۰۰۰",جمعه ساعت ۱۵:۰۰ تا ۱۸:۰۰,https://mftplus.com/lesson/3962/اجرا،-فن-بیان-و-سخنوری
برنامه ریزی تولید,علوم مهندسی,اسلامشهر,مشخص نشده,جمعه ۱۵ اسفند ۱۴۰۴,جمعه ۲۵ اردیبهشت ۱۴۰۵,"۶۵,۰۰۰,۰۰۰","۶۵,۰۰۰,۰۰۰",جمعه ساعت ۱۵:۰۰ تا ۱۹:۰۰,https://mftplus.com/lesson/153913123/برنامه-ریزی-تولید
نرم افزار مالی سپیدار سیستم,علوم مالی و حسابداری,اکباتان,مشخص نشده,جمعه ۱۵ اسفند ۱۴۰۴,جمعه ۱۱ اردیبهشت ۱۴۰۵,"۴۰,۰۰۰,۰۰۰","۴۰,۰۰۰,۰۰۰",جمعه ساعت ۱۴:۰۰ تا ۱۹:۰۰,https://mftplus.com/lesson/3999/نرم-افزار-مالی-سپیدار-سیستم
Java SE 8 Programming,فناوری اطلاعات و ارتباطات,سیدخندان,مشخص نشده,جمعه ۱۵ اسفند ۱۴۰۴,جمعه ۸ خرداد ۱۴۰۵,"۶۸,۰۰۰,۰۰۰","۶۸,۰۰۰,۰۰۰",جمعه ساعت ۱۳:۰۰ تا ۱۸:۰۰,https://mftplus.com/lesson/132018136/Java-SE-8-Programming
فروشندگی حرفه ای طلا و جواهر,علوم مهندسی,بلوار کاوه(قیطریه),مشخص نشده,جمعه ۱۵ اسفند ۱۴۰۴,جمعه ۲۲ اسفند ۱۴۰۴,"۶۹,۰۰۰,۰۰۰","۶۹,۰۰۰,۰۰۰",جمعه ساعت ۰۹:۰۰ تا ۱۷:۰۰,https://mftplus.com/lesson/154414126/فروشندگی-حرفه-ای-طلا-و-جواهر
اصول روابط عمومی و تشریفات,مدیریت و کسب و کار,پارک ساعی,مشخص نشده,جمعه ۱۵ اسفند ۱۴۰۴,جمعه ۲۸ فروردین ۱۴۰۵,"۳۰,۰۰۰,۰۰۰","۳۰,۰۰۰,۰۰۰",جمعه ساعت ۱۰:۰۰ تا ۱۴:۰۰,https://mftplus.com/lesson/4387/اصول-روابط-عمومی-و-تشریفات
دوره جامع نقشه خوانی ساختمان,علوم مهندسی,پارک ساعی,مشخص نشده,جمعه ۱۵ اسفند ۱۴۰۴,جمعه ۱۹ تیر ۱۴۰۵,"۷۹,۰۰۰,۰۰۰","۷۹,۰۰۰,۰۰۰",جمعه ساعت ۱۴:۰۰ تا ۱۷:۰۰,https://mftplus.com/lesson/5613/دوره-جامع-نقشه-خوانی-ساختمان
آموزش تخصصی لینکدین,تولید محتوا,سعادت آباد (مرکزی),مشخص نشده,جمعه ۱۵ اسفند ۱۴۰۴,جمعه ۲۲ اسفند ۱۴۰۴,"۲۵,۰۰۰,۰۰۰","۲۵,۰۰۰,۰۰۰",جمعه ساعت ۱۴:۳۰ تا ۱۹:۳۰,https://mftplus.com/lesson/4873/آموزش-تخصصی-لینکدین
ایمنی، بهداشت و محیط زیست (HSE) پیشرفته,علوم مهندسی,پارک ساعی,مشخص نشده,جمعه ۱۵ اسفند ۱۴۰۴,جمعه ۱۸ اردیبهشت ۱۴۰۵,"۶۵,۰۰۰,۰۰۰","۶۵,۰۰۰,۰۰۰",جمعه ساعت ۱۴:۰۰ تا ۱۹:۰۰,https://mftplus.com/lesson/154113124/ایمنی،-بهداشت-و-محیط-زیست-(HSE)-پیشرفته
اتوکد الکتریکال,برق و الکترونیک,میرداماد,مشخص نشده,جمعه ۱۵ اسفند ۱۴۰۴,جمعه ۱۸ اردیبهشت ۱۴۰۵,"۷۱,۳۰۰,۰۰۰","۹۵,۰۰۰,۰۰۰",جمعه ساعت ۰۸:۳۰ تا ۱۴:۳۰,https://mftplus.com/lesson/181222132/اتوکد-الکتریکال
دوره جامع اجرای ساختمانهای بتنی و فولادی,علوم مهندسی,اکباتان,مشخص نشده,جمعه ۱۵ اسفند ۱۴۰۴,جمعه ۲۵ دی ۱۴۰۵,"۱۷۹,۰۰۰,۰۰۰","۱۷۹,۰۰۰,۰۰۰",جمعه ساعت ۱۰:۰۰ تا ۱۳:۰۰,https://mftplus.com/lesson/3966/دوره-جامع-اجرای-ساختمانهای-بتنی-و-فولادی
ارزیابی اقتصادی پروژه ها با نرم افزار COMFAR III,علوم مهندسی,اکباتان,مشخص نشده,جمعه ۱۵ اسفند ۱۴۰۴,جمعه ۸ خرداد ۱۴۰۵,"۸۵,۰۰۰,۰۰۰","۸۵,۰۰۰,۰۰۰",جمعه ساعت ۰۹:۰۰ تا ۱۳:۰۰,https://mftplus.com/lesson/153912123/ارزیابی-اقتصادی-پروژه-ها-با-نرم-افزار-COMFAR-III
اصول طراحی، انتخاب و محاسبات اجزای ماشین آلات صنعتی– سطح سه,علوم مهندسی,سعادت آباد (مرکزی),مشخص نشده,جمعه ۱۵ اسفند ۱۴۰۴,جمعه ۱ خرداد ۱۴۰۵,"۷۹,۰۰۰,۰۰۰","۷۹,۰۰۰,۰۰۰",جمعه ساعت ۰۸:۰۰ تا ۱۴:۰۰,https://mftplus.com/lesson/4811/اصول-طراحی،-انتخاب-و-محاسبات-اجزای-ماشین-آلات-صنعتی–-سطح-سه
MCSA PACK 2025,فناوری اطلاعات و ارتباطات,شهریار,مشخص نشده,جمعه ۱۵ اسفند ۱۴۰۴,جمعه ۷ اسفند ۱۴۰۵,"۱۹۶,۲۰۰,۰۰۰","۱۹۶,۲۰۰,۰۰۰",جمعه ساعت ۰۹:۰۰ تا ۱۴:۰۰,https://mftplus.com/lesson/6364/MCSA-PACK-2025
کارگاه جامع حسابداری مالی,علوم مالی و حسابداری,سعادت آباد (مرکزی),مشخص نشده,جمعه ۱۵ اسفند ۱۴۰۴,جمعه ۱۱ دی ۱۴۰۵,"۲۲۵,۷۰۰,۰۰۰","۲۲۵,۷۰۰,۰۰۰",جمعه ساعت ۱۵:۰۰ تا ۲۱:۰۰,https://mftplus.com/lesson/3863/کارگاه-جامع-حسابداری-مالی
حسابداری برای غیر حسابداران,علوم مالی و حسابداری,سعادت آباد (مرکزی),مشخص نشده,جمعه ۱۵ اسفند ۱۴۰۴,جمعه ۱ خرداد ۱۴۰۵,"۶۷,۰۰۰,۰۰۰","۶۷,۰۰۰,۰۰۰",جمعه ساعت ۱۵:۰۰ تا ۲۱:۰۰,https://mftplus.com/lesson/3857/حسابداری-برای-غیر-حسابداران
نرم افزار Corel Draw,هنر و سینما,اسلامشهر,مشخص نشده,جمعه ۱۵ اسفند ۱۴۰۴,جمعه ۸ خرداد ۱۴۰۵,"۳۴,۰۰۰,۰۰۰","۴۷,۰۰۰,۰۰۰",جمعه ساعت ۱۸:۰۰ تا ۲۱:۰۰,https://mftplus.com/lesson/431314123/نرم-افزار-Corel-Draw
فروش و بازاریابی بین الملل,مدیریت و کسب و کار,پارک ساعی,مشخص نشده,جمعه ۱۵ اسفند ۱۴۰۴,جمعه ۲۲ اسفند ۱۴۰۴,"۲۱,۶۰۰,۰۰۰","۲۱,۶۰۰,۰۰۰",جمعه ساعت ۰۹:۰۰ تا ۱۴:۰۰,https://mftplus.com/lesson/6157/فروش-و-بازاریابی-بین-الملل
وکیل مالیاتی,علوم مالی و حسابداری,سعادت آباد (مرکزی),مشخص نشده,جمعه ۱۵ اسفند ۱۴۰۴,جمعه ۲۹ خرداد ۱۴۰۵,"۸۵,۵۰۰,۰۰۰","۸۵,۵۰۰,۰۰۰",جمعه ساعت ۰۹:۰۰ تا ۱۴:۰۰,https://mftplus.com/lesson/6395/وکیل-مالیاتی
نرم افزار AutoCAD Civil 3D,علوم مهندسی,سیدخندان,مشخص نشده,جمعه ۱۵ اسفند ۱۴۰۴,جمعه ۲۱ فروردین ۱۴۰۵,"۵۵,۰۰۰,۰۰۰","۵۵,۰۰۰,۰۰۰",جمعه ساعت ۱۳:۰۰ تا ۱۸:۰۰,https://mftplus.com/lesson/153412125/نرم-افزار-AutoCAD-Civil-3D
درب اتوماتیک و کرکره برقی,برق و الکترونیک,سعادت آباد (مرکزی),مشخص نشده,جمعه ۱۵ اسفند ۱۴۰۴,جمعه ۲۱ فروردین ۱۴۰۵,"۴۰,۰۰۰,۰۰۰","۴۰,۰۰۰,۰۰۰",جمعه ساعت ۰۸:۰۰ تا ۱۴:۰۰,https://mftplus.com/lesson/6090/درب-اتوماتیک-و-کرکره-برقی
دوره جامع محاسبات ساختمان : ETABS/SAFE سطح یک,علوم مهندسی,میرداماد,مشخص نشده,جمعه ۱۵ اسفند ۱۴۰۴,جمعه ۲۹ خرداد ۱۴۰۵,"۱۶۹,۰۰۰,۰۰۰","۱۶۹,۰۰۰,۰۰۰",جمعه ساعت ۰۹:۰۰ تا ۱۴:۰۰ | پنجشنبه ساعت ۰۹:۰۰ تا ۱۴:۰۰,https://mftplus.com/lesson/153812123/دوره-جامع-محاسبات-ساختمان-:-ETABS/SAFE-سطح-یک
متره، برآورد و صورت وضعیت نویسی عمران,علوم مهندسی,میرداماد,مشخص نشده,جمعه ۱۵ اسفند ۱۴۰۴,جمعه ۸ خرداد ۱۴۰۵,"۷۵,۰۰۰,۰۰۰","۷۵,۰۰۰,۰۰۰",جمعه ساعت ۱۴:۳۰ تا ۱۹:۳۰,https://mftplus.com/lesson/153813123/متره،-برآورد-و-صورت-وضعیت-نویسی-عمران
ماشینکاری با نرم افزار Power Mill (مقدماتی) به همراه کار عملی با ماشین CNC,علوم مهندسی,اسلامشهر,مشخص نشده,جمعه ۱۵ اسفند ۱۴۰۴,جمعه ۹ مرداد ۱۴۰۵,"۸۲,۵۰۰,۰۰۰","۸۲,۵۰۰,۰۰۰",جمعه ساعت ۱۸:۰۰ تا ۲۱:۰۰,https://mftplus.com/lesson/153715123/ماشینکاری-با-نرم-افزار-Power-Mill-(مقدماتی)-به-همراه-کار-عملی-با-ماشین-CNC
تلفیقی Word+Excel 2021,فناوری اطلاعات و ارتباطات,ونک,مشخص نشده,جمعه ۱۵ اسفند ۱۴۰۴,جمعه ۲۹ خرداد ۱۴۰۵,"۳۸,۰۰۰,۰۰۰","۴۵,۰۰۰,۰۰۰",جمعه ساعت ۱۳:۰۰ تا ۱۷:۰۰,https://mftplus.com/lesson/5976/تلفیقی-Word+Excel-2021
ICDL Pack 2021,فناوری اطلاعات و ارتباطات,باملند(شمال غرب),مشخص نشده,جمعه ۱۵ اسفند ۱۴۰۴,جمعه ۱۳ شهریور ۱۴۰۵,"۶۳,۰۰۰,۰۰۰","۸۱,۰۰۰,۰۰۰",جمعه ساعت ۰۸:۰۰ تا ۱۴:۰۰,https://mftplus.com/lesson/5575/ICDL-Pack-2021
Programming with Python,فناوری اطلاعات و ارتباطات,ونک,مشخص نشده,جمعه ۱۵ اسفند ۱۴۰۴,جمعه ۱۹ تیر ۱۴۰۵,"۷۰,۰۰۰,۰۰۰","۸۸,۰۰۰,۰۰۰",جمعه ساعت ۰۹:۰۰ تا ۱۳:۰۰,https://mftplus.com/lesson/5679/Programming-with-Python
پکیج طراحی دکوراسیون داخلی از مقدماتی تا پیشرفته,معماری,باملند(شمال غرب),مشخص نشده,جمعه ۱۵ اسفند ۱۴۰۴,جمعه ۱۳ آذر ۱۴۰۵,"۵۲۹,۰۰۰,۰۰۰","۵۲۹,۰۰۰,۰۰۰",جمعه ساعت ۰۸:۰۰ تا ۱۴:۰۰ | پنجشنبه ساعت ۰۸:۰۰ تا ۱۴:۰۰,https://mftplus.com/lesson/5999/پکیج-طراحی-دکوراسیون-داخلی-از-مقدماتی-تا-پیشرفته
3Ds Max Beginners to Advanced & V-Ray,معماری,باملند(شمال غرب),مشخص نشده,جمعه ۱۵ اسفند ۱۴۰۴,جمعه ۱۲ تیر ۱۴۰۵,"۱۴۴,۰۰۰,۰۰۰","۱۴۴,۰۰۰,۰۰۰",جمعه ساعت ۰۸:۰۰ تا ۱۴:۰۰,https://mftplus.com/lesson/4542/3Ds-Max-Beginners-to-Advanced-&-V-Ray
عکاسی دیجیتال,هنر و سینما,باملند(شمال غرب),مشخص نشده,جمعه ۱۵ اسفند ۱۴۰۴,جمعه ۲۶ تیر ۱۴۰۵,"۸۵,۹۰۰,۰۰۰","۸۵,۹۰۰,۰۰۰",جمعه ساعت ۰۹:۰۰ تا ۱۴:۰۰,https://mftplus.com/lesson/4919/عکاسی-دیجیتال
شینیون و استایل مو,دانش سلامت,پارک ساعی,مشخص نشده,جمعه ۱۵ اسفند ۱۴۰۴,جمعه ۱۸ اردیبهشت ۱۴۰۵,"۱۰۴,۰۰۰,۰۰۰","۱۰۴,۰۰۰,۰۰۰",جمعه ساعت ۱۰:۰۰ تا ۱۵:۰۰,https://mftplus.com/lesson/5706/شینیون-و-استایل-مو
الکترونیک صنعتی,برق و الکترونیک,سعادت آباد (مرکزی),مشخص نشده,جمعه ۱۵ اسفند ۱۴۰۴,جمعه ۸ خرداد ۱۴۰۵,"۷۴,۰۰۰,۰۰۰","۷۴,۰۰۰,۰۰۰",جمعه ساعت ۰۹:۰۰ تا ۱۴:۰۰,https://mftplus.com/lesson/5596/الکترونیک-صنعتی
FPGA,برق و الکترونیک,سعادت آباد (مرکزی),مشخص نشده,جمعه ۱۵ اسفند ۱۴۰۴,جمعه ۱ خرداد ۱۴۰۵,"۹۱,۲۰۰,۰۰۰","۹۱,۲۰۰,۰۰۰",جمعه ساعت ۰۸:۰۰ تا ۱۴:۰۰,https://mftplus.com/lesson/4630/FPGA
PLC Advanced: Siemens S7/300 & 400,برق و الکترونیک,سعادت آباد (مرکزی),مشخص نشده,جمعه ۱۵ اسفند ۱۴۰۴,جمعه ۲۸ فروردین ۱۴۰۵,"۷۶,۰۰۰,۰۰۰","۷۶,۰۰۰,۰۰۰",جمعه ساعت ۱۴:۳۰ تا ۲۰:۳۰,https://mftplus.com/lesson/4550/PLC-Advanced:-Siemens-S7/300-&-400
بازرگانی بین الملل,مدیریت و کسب و کار,ونک,مشخص نشده,جمعه ۱۵ اسفند ۱۴۰۴,جمعه ۱۱ اردیبهشت ۱۴۰۵,"۳۶,۸۰۰,۰۰۰","۳۶,۸۰۰,۰۰۰",جمعه ساعت ۱۵:۰۰ تا ۱۹:۰۰,https://mftplus.com/lesson/4937/بازرگانی-بین-الملل
اتوکد سه بعدی معماری,معماری,نیاوران,مشخص نشده,جمعه ۱۵ اسفند ۱۴۰۴,جمعه ۱۱ اردیبهشت ۱۴۰۵,"۶۲,۰۰۰,۰۰۰","۶۲,۰۰۰,۰۰۰",جمعه ساعت ۱۴:۰۰ تا ۱۹:۰۰,https://mftplus.com/lesson/391412130/اتوکد-سه-بعدی-معماری
Python Programming Advanced,فناوری اطلاعات و ارتباطات,بلوار کاوه(قیطریه),مشخص نشده,جمعه ۱۵ اسفند ۱۴۰۴,جمعه ۱۹ تیر ۱۴۰۵,"۱۱۴,۰۰۰,۰۰۰","۱۱۴,۰۰۰,۰۰۰",جمعه ساعت ۱۴:۰۰ تا ۱۸:۰۰,https://mftplus.com/lesson/5681/Python-Programming-Advanced
طراحی معماری و دکوراسیون داخلی پیشرفته,معماری,نیاوران,مشخص نشده,جمعه ۱۵ اسفند ۱۴۰۴,جمعه ۹ مرداد ۱۴۰۵,"۲۱۹,۰۰۰,۰۰۰","۲۱۹,۰۰۰,۰۰۰",جمعه ساعت ۰۹:۰۰ تا ۱۷:۰۰,https://mftplus.com/lesson/5998/طراحی-معماری-و-دکوراسیون-داخلی-پیشرفته
کارگاه کاربردی برش و دوخت کیف چرمی,فناوری مد و پوشاک,نیاوران,مشخص نشده,جمعه ۱۵ اسفند ۱۴۰۴,جمعه ۸ خرداد ۱۴۰۵,"۶۵,۰۰۰,۰۰۰","۶۵,۰۰۰,۰۰۰",جمعه ساعت ۰۹:۰۰ تا ۱۳:۰۰,https://mftplus.com/lesson/6649/کارگاه-کاربردی-برش-و-دوخت-کیف-چرمی
ورکشاپ منجوق بافی میوکی با دستگاه,فناوری مد و پوشاک,نیاوران,مشخص نشده,جمعه ۱۵ اسفند ۱۴۰۴,جمعه ۲۲ اسفند ۱۴۰۴,"۳۲,۰۰۰,۰۰۰","۳۲,۰۰۰,۰۰۰",جمعه ساعت ۰۹:۰۰ تا ۱۳:۰۰,https://mftplus.com/lesson/6290/ورکشاپ-منجوق-بافی-میوکی-با-دستگاه
تهیه و سرو حرفه ای نوشیدنی های سرد,تشریفات و گردشگری,باملند(شمال غرب),مشخص نشده,جمعه ۱۵ اسفند ۱۴۰۴,جمعه ۲۸ فروردین ۱۴۰۵,"۱۰۴,۰۰۰,۰۰۰","۱۰۴,۰۰۰,۰۰۰",جمعه ساعت ۱۰:۳۰ تا ۱۸:۳۰,https://mftplus.com/lesson/3832/تهیه-و-سرو-حرفه-ای-نوشیدنی-های-سرد
V-Ray Rendering,معماری,سعادت آباد (مرکزی),مشخص نشده,جمعه ۱۵ اسفند ۱۴۰۴,جمعه ۱۱ اردیبهشت ۱۴۰۵,"۵۳,۰۰۰,۰۰۰","۵۳,۰۰۰,۰۰۰",جمعه ساعت ۱۴:۰۰ تا ۱۹:۰۰,https://mftplus.com/lesson/391412125/V-Ray-Rendering
نقشه برداری زمینی با دوربین توتال استیشن,علوم مهندسی,سعادت آباد (مرکزی),مشخص نشده,جمعه ۱۵ اسفند ۱۴۰۴,جمعه ۲۸ فروردین ۱۴۰۵,"۸۹,۰۰۰,۰۰۰","۸۹,۰۰۰,۰۰۰",جمعه ساعت ۰۸:۰۰ تا ۱۷:۰۰,https://mftplus.com/lesson/153412126/نقشه-برداری-زمینی-با-دوربین-توتال-استیشن
طراحی دستی جواهرات,علوم مهندسی,بلوار کاوه(قیطریه),مشخص نشده,جمعه ۱۵ اسفند ۱۴۰۴,جمعه ۵ تیر ۱۴۰۵,"۹۹,۰۰۰,۰۰۰","۹۹,۰۰۰,۰۰۰",جمعه ساعت ۱۴:۰۰ تا ۱۹:۰۰,https://mftplus.com/lesson/154412123/طراحی-دستی-جواهرات
مدیریت فروش (SM),مدیریت و کسب و کار,ونک,مشخص نشده,جمعه ۱۵ اسفند ۱۴۰۴,جمعه ۱۱ اردیبهشت ۱۴۰۵,"۴۴,۲۰۰,۰۰۰","۵۸,۰۰۰,۰۰۰",جمعه ساعت ۱۳:۰۰ تا ۱۷:۰۰,https://mftplus.com/lesson/4941/مدیریت-فروش-(SM)
فروشندگی حرفه ای طلا و جواهر,علوم مهندسی,سعادت آباد (مرکزی),مشخص نشده,جمعه ۱۵ اسفند ۱۴۰۴,جمعه ۲۸ فروردین ۱۴۰۵,"۶۹,۰۰۰,۰۰۰","۶۹,۰۰۰,۰۰۰",جمعه ساعت ۰۹:۰۰ تا ۱۴:۰۰,https://mftplus.com/lesson/154414126/فروشندگی-حرفه-ای-طلا-و-جواهر
Responsive Web Design with Tailwind & Bootstrap,کودک و نوجوان,سعادت آباد (مرکزی),مشخص نشده,جمعه ۱۵ اسفند ۱۴۰۴,جمعه ۱۱ اردیبهشت ۱۴۰۵,"۶۷,۱۰۰,۰۰۰","۶۷,۱۰۰,۰۰۰",جمعه ساعت ۰۹:۰۰ تا ۱۴:۰۰,https://mftplus.com/lesson/4637/Responsive-Web-Design-with-Tailwind-&-Bootstrap
موشن گرافیک,هنر و سینما,اکباتان,مشخص نشده,جمعه ۱۵ اسفند ۱۴۰۴,جمعه ۱۰ مهر ۱۴۰۵,"۱۷۴,۰۰۰,۰۰۰","۱۷۴,۰۰۰,۰۰۰",جمعه ساعت ۰۹:۰۰ تا ۱۴:۰۰,https://mftplus.com/lesson/3064/موشن-گرافیک
مدیریت ارتباط با مشتری (CRM),مدیریت و کسب و کار,نیاوران,دکتر علیرضا طاهرزاده دیزجی,جمعه ۱۵ اسفند ۱۴۰۴,جمعه ۱۵ اسفند ۱۴۰۴,"۲۳,۵۰۰,۰۰۰","۲۳,۵۰۰,۰۰۰",جمعه ساعت ۰۹:۰۰ تا ۱۷:۰۰,https://mftplus.com/lesson/4943/مدیریت-ارتباط-با-مشتری-(CRM)
افترافکت (After Effects),هنر و سینما,اکباتان,مشخص نشده,جمعه ۱۵ اسفند ۱۴۰۴,جمعه ۲۶ تیر ۱۴۰۵,"۸۳,۰۰۰,۰۰۰","۹۸,۰۰۰,۰۰۰",جمعه ساعت ۰۹:۰۰ تا ۱۴:۰۰,https://mftplus.com/lesson/431213154/افترافکت-(After-Effects)
نرم افزار Indesign,هنر و سینما,اکباتان,مشخص نشده,جمعه ۱۵ اسفند ۱۴۰۴,جمعه ۱۱ اردیبهشت ۱۴۰۵,"۳۹,۰۰۰,۰۰۰","۴۷,۰۰۰,۰۰۰",جمعه ساعت ۰۹:۰۰ تا ۱۴:۰۰,https://mftplus.com/lesson/431313132/نرم-افزار-Indesign
ترفندهای اکسل در حسابداری,علوم مالی و حسابداری,سعادت آباد (مرکزی),مشخص نشده,جمعه ۱۵ اسفند ۱۴۰۴,جمعه ۲۸ فروردین ۱۴۰۵,"۳۴,۵۰۰,۰۰۰","۳۴,۵۰۰,۰۰۰",جمعه ساعت ۰۸:۰۰ تا ۱۴:۰۰,https://mftplus.com/lesson/6164/ترفندهای-اکسل-در-حسابداری
تصویربرداری,هنر و سینما,نیاوران,مشخص نشده,جمعه ۱۵ اسفند ۱۴۰۴,جمعه ۸ خرداد ۱۴۰۵,"۸۸,۰۰۰,۰۰۰","۸۸,۰۰۰,۰۰۰",جمعه ساعت ۱۰:۰۰ تا ۱۴:۰۰,https://mftplus.com/lesson/431213173/تصویربرداری
تکنسین داروخانه (نسخه خوانی),دانش سلامت,اکباتان,مشخص نشده,جمعه ۱۵ اسفند ۱۴۰۴,جمعه ۲۹ خرداد ۱۴۰۵,"۷۱,۵۰۰,۰۰۰","۷۱,۵۰۰,۰۰۰",جمعه ساعت ۰۹:۰۰ تا ۱۴:۰۰,https://mftplus.com/lesson/341615130/تکنسین-داروخانه-(نسخه-خوانی)
طراحی معماری و دکوراسیون داخلی پیشرفته,معماری,اکباتان,مشخص نشده,شنبه ۱۶ اسفند ۱۴۰۴,شنبه ۲۱ شهریور ۱۴۰۵,"۲۱۹,۰۰۰,۰۰۰","۲۱۹,۰۰۰,۰۰۰",شنبه ساعت ۱۷:۳۰ تا ۲۰:۳۰ | چهارشنبه ساعت ۱۷:۳۰ تا ۲۰:۳۰,https://mftplus.com/lesson/5998/طراحی-معماری-و-دکوراسیون-داخلی-پیشرفته
Wordpress & WooCommerce Essential Training,فناوری اطلاعات و ارتباطات,نیاوران,مشخص نشده,شنبه ۱۶ اسفند ۱۴۰۴,شنبه ۱۶ خرداد ۱۴۰۵,"۴۱,۰۰۰,۰۰۰","۵۳,۰۰۰,۰۰۰",شنبه ساعت ۱۷:۰۰ تا ۲۰:۰۰,https://mftplus.com/lesson/5202/Wordpress-&-WooCommerce-Essential-Training
دوره تخصصی کوکی و آیسینگ,تشریفات و گردشگری,نیاوران,مشخص نشده,شنبه ۱۶ اسفند ۱۴۰۴,شنبه ۲۹ فروردین ۱۴۰۵,"۱۲۹,۰۰۰,۰۰۰","۱۲۹,۰۰۰,۰۰۰",شنبه ساعت ۱۰:۳۰ تا ۱۴:۳۰,https://mftplus.com/lesson/5757/دوره-تخصصی-کوکی-و-آیسینگ
دکوراتور داخلی,معماری,زعفرانیه,مشخص نشده,شنبه ۱۶ اسفند ۱۴۰۴,شنبه ۱۰ مرداد ۱۴۰۵,"۱۸۸,۰۰۰,۰۰۰","۱۸۸,۰۰۰,۰۰۰",شنبه ساعت ۱۷:۳۰ تا ۲۱:۰۰ | چهارشنبه ساعت ۱۷:۳۰ تا ۲۱:۰۰,https://mftplus.com/lesson/391212131/دکوراتور-داخلی
ICDL Pack 2021,فناوری اطلاعات و ارتباطات,پارک ساعی,مشخص نشده,شنبه ۱۶ اسفند ۱۴۰۴,شنبه ۲ خرداد ۱۴۰۵,"۶۳,۰۰۰,۰۰۰","۸۱,۰۰۰,۰۰۰",شنبه ساعت ۰۹:۰۰ تا ۱۴:۰۰ | دوشنبه ساعت ۰۹:۰۰ تا ۱۴:۰۰ | چهارشنبه ساعت ۰۹:۰۰ تا ۱۴:۰۰,https://mftplus.com/lesson/5575/ICDL-Pack-2021
دوره تخصصی کوکی و آیسینگ,تشریفات و گردشگری,اکباتان,مشخص نشده,شنبه ۱۶ اسفند ۱۴۰۴,شنبه ۲۹ فروردین ۱۴۰۵,"۱۲۹,۰۰۰,۰۰۰","۱۲۹,۰۰۰,۰۰۰",شنبه ساعت ۱۵:۳۰ تا ۱۹:۳۰,https://mftplus.com/lesson/5757/دوره-تخصصی-کوکی-و-آیسینگ
کالیبراسیون عمومی,علوم مهندسی,سعادت آباد (مرکزی),مشخص نشده,شنبه ۱۶ اسفند ۱۴۰۴,یکشنبه ۱۷ اسفند ۱۴۰۴,"۴۹,۰۰۰,۰۰۰","۴۹,۰۰۰,۰۰۰",شنبه ساعت ۰۸:۰۰ تا ۱۶:۰۰ | یکشنبه ساعت ۰۸:۰۰ تا ۱۶:۰۰,https://mftplus.com/lesson/154112124/کالیبراسیون-عمومی
برق ساختمان,برق و الکترونیک,سعادت آباد (مرکزی),مشخص نشده,شنبه ۱۶ اسفند ۱۴۰۴,دوشنبه ۳۱ فروردین ۱۴۰۵,"۱۰۲,۰۰۰,۰۰۰","۱۰۲,۰۰۰,۰۰۰",شنبه ساعت ۱۴:۳۰ تا ۱۹:۳۰ | دوشنبه ساعت ۱۴:۳۰ تا ۱۹:۳۰,https://mftplus.com/lesson/4551/برق-ساختمان
عکاسی دیجیتال,هنر و سینما,زعفرانیه,مشخص نشده,شنبه ۱۶ اسفند ۱۴۰۴,چهارشنبه ۱۳ خرداد ۱۴۰۵,"۸۵,۹۰۰,۰۰۰","۸۵,۹۰۰,۰۰۰",شنبه ساعت ۱۷:۰۰ تا ۲۱:۰۰ | چهارشنبه ساعت ۱۷:۰۰ تا ۲۱:۰۰,https://mftplus.com/lesson/4919/عکاسی-دیجیتال
راینو در معماری,معماری,سعادت آباد (مرکزی),مشخص نشده,شنبه ۱۶ اسفند ۱۴۰۴,شنبه ۱۶ خرداد ۱۴۰۵,"۱۲۰,۰۰۰,۰۰۰","۱۲۰,۰۰۰,۰۰۰",شنبه ساعت ۱۴:۳۰ تا ۱۹:۳۰,https://mftplus.com/lesson/391412135/راینو-در-معماری
ادمین تخصصی اینستاگرام,تولید محتوا,پارک ساعی,مشخص نشده,شنبه ۱۶ اسفند ۱۴۰۴,دوشنبه ۳۱ فروردین ۱۴۰۵,"۶۰,۰۰۰,۰۰۰","۶۰,۰۰۰,۰۰۰",شنبه ساعت ۱۲:۳۰ تا ۱۵:۳۰ | دوشنبه ساعت ۱۲:۳۰ تا ۱۵:۳۰,https://mftplus.com/lesson/5741/ادمین-تخصصی-اینستاگرام
دوره پروگرام هارد تلفن‌های هوشمند آیفون و اندروید,برق و الکترونیک,سعادت آباد (مرکزی),مشخص نشده,شنبه ۱۶ اسفند ۱۴۰۴,یکشنبه ۱۷ اسفند ۱۴۰۴,"۸۰,۰۰۰,۰۰۰","۸۰,۰۰۰,۰۰۰",شنبه ساعت ۱۱:۰۰ تا ۱۷:۰۰ | یکشنبه ساعت ۱۱:۰۰ تا ۱۷:۰۰,https://mftplus.com/lesson/6590/دوره-پروگرام-هارد-تلفن‌های-هوشمند-آیفون-و-اندروید
Programming with Python,فناوری اطلاعات و ارتباطات,سعادت آباد (مرکزی),آرشام حاجب,شنبه ۱۶ اسفند ۱۴۰۴,دوشنبه ۱۸ خرداد ۱۴۰۵,"۷۰,۰۰۰,۰۰۰","۸۸,۰۰۰,۰۰۰",شنبه ساعت ۱۷:۳۰ تا ۲۰:۰۰ | دوشنبه ساعت ۱۷:۳۰ تا ۲۰:۰۰,https://mftplus.com/lesson/5679/Programming-with-Python
طراحی فضای سبز و محوطه سازی (Advance),معماری,زعفرانیه,مشخص نشده,شنبه ۱۶ اسفند ۱۴۰۴,شنبه ۲۵ مهر ۱۴۰۵,"۱۷۹,۰۰۰,۰۰۰","۱۷۹,۰۰۰,۰۰۰",شنبه ساعت ۱۷:۳۰ تا ۲۱:۰۰,https://mftplus.com/lesson/3915/طراحی-فضای-سبز-و-محوطه-سازی-(Advance)
طراحی نما ویژه بازار کار,معماری,زعفرانیه,مشخص نشده,شنبه ۱۶ اسفند ۱۴۰۴,شنبه ۱۲ اردیبهشت ۱۴۰۵,"۱۰۲,۰۰۰,۰۰۰","۱۰۲,۰۰۰,۰۰۰",شنبه ساعت ۱۷:۳۰ تا ۲۱:۰۰ | دوشنبه ساعت ۱۷:۳۰ تا ۲۱:۰۰,https://mftplus.com/lesson/4431/طراحی-نما-ویژه-بازار-کار
اصول طراحی اتاق تمیز (Clean Room),علوم مهندسی,سعادت آباد (مرکزی),مشخص نشده,شنبه ۱۶ اسفند ۱۴۰۴,یکشنبه ۱۷ اسفند ۱۴۰۴,"۴۹,۰۰۰,۰۰۰","۴۹,۰۰۰,۰۰۰",شنبه ساعت ۰۸:۰۰ تا ۱۶:۰۰ | یکشنبه ساعت ۰۸:۰۰ تا ۱۶:۰۰,https://mftplus.com/lesson/6393/اصول-طراحی-اتاق-تمیز-(Clean-Room)
تراش دستی,علوم مهندسی,سعادت آباد (مرکزی),مشخص نشده,شنبه ۱۶ اسفند ۱۴۰۴,شنبه ۲۹ فروردین ۱۴۰۵,"۹۵,۰۰۰,۰۰۰","۹۵,۰۰۰,۰۰۰",شنبه ساعت ۰۸:۰۰ تا ۱۴:۰۰ | دوشنبه ساعت ۰۸:۰۰ تا ۱۴:۰۰,https://mftplus.com/lesson/6213/تراش-دستی
اصول و ضوابط چیدمان,معماری,سعادت آباد (مرکزی),مشخص نشده,شنبه ۱۶ اسفند ۱۴۰۴,دوشنبه ۲۴ فروردین ۱۴۰۵,"۵۹,۰۰۰,۰۰۰","۵۹,۰۰۰,۰۰۰",شنبه ساعت ۱۱:۰۰ تا ۱۴:۰۰ | دوشنبه ساعت ۱۱:۰۰ تا ۱۴:۰۰ | چهارشنبه ساعت ۱۱:۰۰ تا ۱۴:۰۰,https://mftplus.com/lesson/391212168/اصول-و-ضوابط-چیدمان
ICDL 2021 Level 2,فناوری اطلاعات و ارتباطات,بلوار کاوه(قیطریه),مشخص نشده,شنبه ۱۶ اسفند ۱۴۰۴,چهارشنبه ۲۶ فروردین ۱۴۰۵,"۳۵,۰۰۰,۰۰۰","۴۴,۰۰۰,۰۰۰",شنبه ساعت ۰۸:۰۰ تا ۱۴:۰۰ | دوشنبه ساعت ۰۸:۰۰ تا ۱۴:۰۰ | چهارشنبه ساعت ۰۸:۰۰ تا ۱۴:۰۰,https://mftplus.com/lesson/5573/ICDL-2021-Level-2
نرم افزار Cinema 4D,هنر و سینما,پارک ساعی,مشخص نشده,شنبه ۱۶ اسفند ۱۴۰۴,چهارشنبه ۱۶ اردیبهشت ۱۴۰۵,"۹۷,۰۰۰,۰۰۰","۱۱۰,۰۰۰,۰۰۰",شنبه ساعت ۱۷:۰۰ تا ۲۰:۰۰ | دوشنبه ساعت ۱۷:۰۰ تا ۲۰:۰۰ | چهارشنبه ساعت ۱۷:۰۰ تا ۲۰:۰۰,https://mftplus.com/lesson/431213145/نرم-افزار-Cinema-4D
ICDL Pack 2021,فناوری اطلاعات و ارتباطات,تهرانپارس,مشخص نشده,شنبه ۱۶ اسفند ۱۴۰۴,شنبه ۱۷ مرداد ۱۴۰۵,"۶۳,۰۰۰,۰۰۰","۶۳,۰۰۰,۰۰۰",شنبه ساعت ۲۰:۳۰ تا ۲۲:۳۰ | دوشنبه ساعت ۲۰:۳۰ تا ۲۲:۳۰ | چهارشنبه ساعت ۲۰:۳۰ تا ۲۲:۳۰,https://mftplus.com/lesson/5575/ICDL-Pack-2021
لحیم‌کاری و مونتاژ برد و کانکتورهای صنعتی,برق و الکترونیک,سعادت آباد (مرکزی),مشخص نشده,شنبه ۱۶ اسفند ۱۴۰۴,سه شنبه ۱۹ اسفند ۱۴۰۴,"۵۵,۰۰۰,۰۰۰","۵۵,۰۰۰,۰۰۰",شنبه ساعت ۰۸:۰۰ تا ۱۴:۰۰ | یکشنبه ساعت ۰۸:۰۰ تا ۱۴:۰۰ | دوشنبه ساعت ۰۸:۰۰ تا ۱۴:۰۰ | سه شنبه ساعت ۰۸:۰۰ تا ۱۴:۰۰,https://mftplus.com/lesson/6417/لحیم‌کاری-و-مونتاژ-برد-و-کانکتورهای-صنعتی
دوره تخصصی کوکی و آیسینگ,تشریفات و گردشگری,زعفرانیه,مشخص نشده,شنبه ۱۶ اسفند ۱۴۰۴,شنبه ۲۹ فروردین ۱۴۰۵,"۱۲۹,۰۰۰,۰۰۰","۱۲۹,۰۰۰,۰۰۰",شنبه ساعت ۱۵:۳۰ تا ۱۹:۳۰,https://mftplus.com/lesson/5757/دوره-تخصصی-کوکی-و-آیسینگ
دوره تخصصی کوکی و آیسینگ,تشریفات و گردشگری,ونک,مشخص نشده,شنبه ۱۶ اسفند ۱۴۰۴,شنبه ۲۹ فروردین ۱۴۰۵,"۱۲۹,۰۰۰,۰۰۰","۱۲۹,۰۰۰,۰۰۰",شنبه ساعت ۱۵:۳۰ تا ۱۹:۳۰,https://mftplus.com/lesson/5757/دوره-تخصصی-کوکی-و-آیسینگ
دوره تخصصی کوکی و آیسینگ,تشریفات و گردشگری,بلوار کاوه(قیطریه),مشخص نشده,شنبه ۱۶ اسفند ۱۴۰۴,شنبه ۲۹ فروردین ۱۴۰۵,"۱۲۹,۰۰۰,۰۰۰","۱۲۹,۰۰۰,۰۰۰",شنبه ساعت ۱۵:۳۰ تا ۱۹:۳۰,https://mftplus.com/lesson/5757/دوره-تخصصی-کوکی-و-آیسینگ
کارگاه شیرینی و دسرهای کافه ای,تشریفات و گردشگری,بلوار کاوه(قیطریه),مشخص نشده,شنبه ۱۶ اسفند ۱۴۰۴,یکشنبه ۱۷ اسفند ۱۴۰۴,"۶۳,۰۰۰,۰۰۰","۶۳,۰۰۰,۰۰۰",شنبه ساعت ۱۰:۳۰ تا ۱۵:۰۰ | یکشنبه ساعت ۱۰:۳۰ تا ۱۵:۰۰,https://mftplus.com/lesson/3979/کارگاه-شیرینی-و-دسرهای-کافه-ای
دوره تخصصی کوکی و آیسینگ,تشریفات و گردشگری,تهرانپارس,مشخص نشده,شنبه ۱۶ اسفند ۱۴۰۴,شنبه ۲۹ فروردین ۱۴۰۵,"۱۲۹,۰۰۰,۰۰۰","۱۲۹,۰۰۰,۰۰۰",شنبه ساعت ۱۵:۳۰ تا ۱۹:۳۰,https://mftplus.com/lesson/5757/دوره-تخصصی-کوکی-و-آیسینگ
کارگاه شیرینی و دسرهای کافه ای,تشریفات و گردشگری,تهرانپارس,مشخص نشده,شنبه ۱۶ اسفند ۱۴۰۴,یکشنبه ۱۷ اسفند ۱۴۰۴,"۶۳,۰۰۰,۰۰۰","۶۳,۰۰۰,۰۰۰",شنبه ساعت ۱۰:۳۰ تا ۱۵:۰۰ | یکشنبه ساعت ۱۰:۳۰ تا ۱۵:۰۰,https://mftplus.com/lesson/3979/کارگاه-شیرینی-و-دسرهای-کافه-ای
پکیج مراقبت زیبایی پوست و مو,دانش سلامت,سعادت آباد (مرکزی),مشخص نشده,شنبه ۱۶ اسفند ۱۴۰۴,شنبه ۱۳ تیر ۱۴۰۵,"۲۴۷,۰۰۰,۰۰۰","۲۴۷,۰۰۰,۰۰۰",شنبه ساعت ۱۵:۰۰ تا ۲۰:۰۰ | چهارشنبه ساعت ۱۵:۰۰ تا ۲۰:۰۰,https://mftplus.com/lesson/6072/پکیج-مراقبت-زیبایی-پوست-و-مو
طراحی بافت پارچه,فناوری مد و پوشاک,ونک,مشخص نشده,شنبه ۱۶ اسفند ۱۴۰۴,شنبه ۲ خرداد ۱۴۰۵,"۶۱,۰۰۰,۰۰۰","۶۱,۰۰۰,۰۰۰",شنبه ساعت ۱۵:۰۰ تا ۲۰:۰۰,https://mftplus.com/lesson/6004/طراحی-بافت-پارچه
برنامه ریزی و کنترل پروژه با نرم افزار Oracle Primavera P6,علوم مهندسی,اکباتان,مشخص نشده,شنبه ۱۶ اسفند ۱۴۰۴,شنبه ۱۹ اردیبهشت ۱۴۰۵,"۷۵,۰۰۰,۰۰۰","۷۵,۰۰۰,۰۰۰",شنبه ساعت ۱۷:۳۰ تا ۲۰:۳۰ | دوشنبه ساعت ۱۷:۳۰ تا ۲۰:۳۰,https://mftplus.com/lesson/154012133/برنامه-ریزی-و-کنترل-پروژه-با-نرم-افزار-Oracle-Primavera-P6
پاکسازی و رفع مشکلات پوستی,دانش سلامت,بلوار کاوه(قیطریه),مشخص نشده,شنبه ۱۶ اسفند ۱۴۰۴,شنبه ۱۹ اردیبهشت ۱۴۰۵,"۵۹,۸۰۰,۰۰۰","۵۹,۸۰۰,۰۰۰",شنبه ساعت ۱۶:۰۰ تا ۲۰:۰۰,https://mftplus.com/lesson/5222/پاکسازی-و-رفع-مشکلات-پوستی
اتوکد دوبعدی معماری,معماری,سعادت آباد (مرکزی),مشخص نشده,شنبه ۱۶ اسفند ۱۴۰۴,چهارشنبه ۲ اردیبهشت ۱۴۰۵,"۷۵,۰۰۰,۰۰۰","۷۵,۰۰۰,۰۰۰",شنبه ساعت ۱۷:۳۰ تا ۲۰:۳۰ | دوشنبه ساعت ۱۷:۳۰ تا ۲۰:۳۰ | چهارشنبه ساعت ۱۷:۳۰ تا ۲۰:۳۰,https://mftplus.com/lesson/391412131/اتوکد-دوبعدی-معماری
MTCNA,فناوری اطلاعات و ارتباطات,پارک ساعی,مشخص نشده,شنبه ۱۶ اسفند ۱۴۰۴,شنبه ۱۹ اردیبهشت ۱۴۰۵,"۳۶,۰۰۰,۰۰۰","۴۷,۰۰۰,۰۰۰",شنبه ساعت ۱۷:۰۰ تا ۲۱:۰۰,https://mftplus.com/lesson/5690/MTCNA
عکاسی دیجیتال,هنر و سینما,پارک ساعی,مشخص نشده,شنبه ۱۶ اسفند ۱۴۰۴,دوشنبه ۲۵ خرداد ۱۴۰۵,"۸۵,۹۰۰,۰۰۰","۸۵,۹۰۰,۰۰۰",شنبه ساعت ۱۷:۳۰ تا ۲۰:۳۰ | دوشنبه ساعت ۱۷:۳۰ تا ۲۰:۳۰,https://mftplus.com/lesson/4919/عکاسی-دیجیتال
Microsoft Office Excel 2021 Expert,فناوری اطلاعات و ارتباطات,بلوار کاوه(قیطریه),مشخص نشده,شنبه ۱۶ اسفند ۱۴۰۴,شنبه ۲۲ فروردین ۱۴۰۵,"۳۵,۰۰۰,۰۰۰","۴۴,۰۰۰,۰۰۰",شنبه ساعت ۰۹:۰۰ تا ۱۴:۰۰ | چهارشنبه ساعت ۰۹:۰۰ تا ۱۴:۰۰,https://mftplus.com/lesson/5619/Microsoft-Office-Excel-2021-Expert
طراحی وب سایت (Web Design Pack),فناوری اطلاعات و ارتباطات,نیاوران,مشخص نشده,شنبه ۱۶ اسفند ۱۴۰۴,شنبه ۲۵ مهر ۱۴۰۵,"۱۵۰,۰۰۰,۰۰۰","۱۸۷,۰۰۰,۰۰۰",شنبه ساعت ۱۴:۰۰ تا ۱۷:۰۰ | چهارشنبه ساعت ۱۴:۰۰ تا ۱۷:۰۰,https://mftplus.com/lesson/6459/طراحی-وب-سایت-(Web-Design-Pack)
نقشه کشی معماری,معماری,سعادت آباد (مرکزی),مشخص نشده,شنبه ۱۶ اسفند ۱۴۰۴,شنبه ۲۹ فروردین ۱۴۰۵,"۶۲,۰۰۰,۰۰۰","۶۲,۰۰۰,۰۰۰",شنبه ساعت ۱۱:۰۰ تا ۱۴:۰۰ | دوشنبه ساعت ۱۱:۰۰ تا ۱۴:۰۰ | چهارشنبه ساعت ۱۱:۰۰ تا ۱۴:۰۰,https://mftplus.com/lesson/391212129/نقشه-کشی-معماری
زبان انگلیسی A2.4,زبانهای خارجی,سعادت آباد (مرکزی),مشخص نشده,شنبه ۱۶ اسفند ۱۴۰۴,دوشنبه ۷ اردیبهشت ۱۴۰۵,"۲۷,۳۰۰,۰۰۰","۲۷,۳۰۰,۰۰۰",شنبه ساعت ۱۷:۳۰ تا ۲۰:۳۰ | دوشنبه ساعت ۱۷:۳۰ تا ۲۰:۳۰,https://mftplus.com/lesson/231215285/زبان-انگلیسی-A2.4
Machine Learning with Python,فناوری اطلاعات و ارتباطات,سعادت آباد (مرکزی),سید احمد مصباح,شنبه ۱۶ اسفند ۱۴۰۴,دوشنبه ۴ خرداد ۱۴۰۵,"۶۷,۰۰۰,۰۰۰","۸۴,۰۰۰,۰۰۰",شنبه ساعت ۲۰:۰۰ تا ۲۲:۳۰ | دوشنبه ساعت ۲۰:۰۰ تا ۲۲:۳۰,https://mftplus.com/lesson/5546/Machine-Learning-with-Python
کارگاه فیلم نامه نویسی,هنر و سینما,زعفرانیه,مشخص نشده,شنبه ۱۶ اسفند ۱۴۰۴,شنبه ۲ خرداد ۱۴۰۵,"۴۸,۶۰۰,۰۰۰","۴۸,۶۰۰,۰۰۰",شنبه ساعت ۱۷:۰۰ تا ۲۰:۰۰,https://mftplus.com/lesson/4882/کارگاه-فیلم-نامه-نویسی
حسابداری ویژه بازار کار,علوم مالی و حسابداری,باملند(شمال غرب),مشخص نشده,شنبه ۱۶ اسفند ۱۴۰۴,شنبه ۱۷ مرداد ۱۴۰۵,"۱۷۷,۶۰۰,۰۰۰","۱۷۷,۶۰۰,۰۰۰",شنبه ساعت ۱۷:۰۰ تا ۲۰:۰۰ | دوشنبه ساعت ۱۷:۰۰ تا ۲۰:۰۰ | چهارشنبه ساعت ۱۷:۰۰ تا ۲۰:۰۰,https://mftplus.com/lesson/3869/حسابداری-ویژه-بازار-کار
کارگاه شیرینی و دسرهای کافه ای,تشریفات و گردشگری,زعفرانیه,مشخص نشده,شنبه ۱۶ اسفند ۱۴۰۴,یکشنبه ۱۷ اسفند ۱۴۰۴,"۶۳,۰۰۰,۰۰۰","۶۳,۰۰۰,۰۰۰",شنبه ساعت ۱۰:۳۰ تا ۱۵:۰۰ | یکشنبه ساعت ۱۰:۳۰ تا ۱۵:۰۰,https://mftplus.com/lesson/3979/کارگاه-شیرینی-و-دسرهای-کافه-ای
دوره تخصصی کوکی و آیسینگ,تشریفات و گردشگری,نارمک,مشخص نشده,شنبه ۱۶ اسفند ۱۴۰۴,شنبه ۲۹ فروردین ۱۴۰۵,"۱۲۹,۰۰۰,۰۰۰","۱۲۹,۰۰۰,۰۰۰",شنبه ساعت ۱۵:۳۰ تا ۱۹:۳۰,https://mftplus.com/lesson/5757/دوره-تخصصی-کوکی-و-آیسینگ
کارگاه شیرینی و دسرهای کافه ای,تشریفات و گردشگری,نارمک,مشخص نشده,شنبه ۱۶ اسفند ۱۴۰۴,یکشنبه ۱۷ اسفند ۱۴۰۴,"۶۳,۰۰۰,۰۰۰","۶۳,۰۰۰,۰۰۰",شنبه ساعت ۱۰:۳۰ تا ۱۵:۰۰ | یکشنبه ساعت ۱۰:۳۰ تا ۱۵:۰۰,https://mftplus.com/lesson/3979/کارگاه-شیرینی-و-دسرهای-کافه-ای
کارگاه شیرینی و دسرهای کافه ای,تشریفات و گردشگری,ونک,مشخص نشده,شنبه ۱۶ اسفند ۱۴۰۴,یکشنبه ۱۷ اسفند ۱۴۰۴,"۶۳,۰۰۰,۰۰۰","۶۳,۰۰۰,۰۰۰",شنبه ساعت ۱۰:۳۰ تا ۱۵:۰۰ | یکشنبه ساعت ۱۰:۳۰ تا ۱۵:۰۰,https://mftplus.com/lesson/3979/کارگاه-شیرینی-و-دسرهای-کافه-ای
کارگاه شیرینی و دسرهای کافه ای,تشریفات و گردشگری,نیاوران,مشخص نشده,شنبه ۱۶ اسفند ۱۴۰۴,یکشنبه ۱۷ اسفند ۱۴۰۴,"۶۳,۰۰۰,۰۰۰","۶۳,۰۰۰,۰۰۰",شنبه ساعت ۱۰:۳۰ تا ۱۵:۰۰ | یکشنبه ساعت ۱۰:۳۰ تا ۱۵:۰۰,https://mftplus.com/lesson/3979/کارگاه-شیرینی-و-دسرهای-کافه-ای
کارگاه شیرینی و دسرهای کافه ای,تشریفات و گردشگری,اکباتان,مشخص نشده,شنبه ۱۶ اسفند ۱۴۰۴,یکشنبه ۱۷ اسفند ۱۴۰۴,"۶۳,۰۰۰,۰۰۰","۶۳,۰۰۰,۰۰۰",شنبه ساعت ۱۰:۳۰ تا ۱۵:۰۰ | یکشنبه ساعت ۱۰:۳۰ تا ۱۵:۰۰,https://mftplus.com/lesson/3979/کارگاه-شیرینی-و-دسرهای-کافه-ای
مدیریت بازاریابی دیجیتال,مدیریت و کسب و کار,ونک,مشخص نشده,شنبه ۱۶ اسفند ۱۴۰۴,دوشنبه ۳۱ فروردین ۱۴۰۵,"۱۰۸,۰۰۰,۰۰۰","۱۱۸,۸۰۰,۰۰۰",شنبه ساعت ۱۳:۰۰ تا ۱۷:۰۰ | دوشنبه ساعت ۱۳:۰۰ تا ۱۷:۰۰ | چهارشنبه ساعت ۱۳:۰۰ تا ۱۷:۰۰,https://mftplus.com/lesson/4375/مدیریت-بازاریابی-دیجیتال
مدیریت اضطراب,دانش سلامت,سعادت آباد (مرکزی),مشخص نشده,شنبه ۱۶ اسفند ۱۴۰۴,شنبه ۲۳ اسفند ۱۴۰۴,"۴۰,۰۰۰,۰۰۰","۴۰,۰۰۰,۰۰۰",شنبه ساعت ۰۹:۰۰ تا ۱۴:۰۰ | سه شنبه ساعت ۰۹:۰۰ تا ۱۴:۰۰,https://mftplus.com/lesson/6349/مدیریت-اضطراب
طراحی وب سایت (Web Design Pack),فناوری اطلاعات و ارتباطات,سعادت آباد (مرکزی),دانیال بختیاری نژاد,شنبه ۱۶ اسفند ۱۴۰۴,شنبه ۱۰ بهمن ۱۴۰۵,"۱۵۰,۰۰۰,۰۰۰","۱۸۷,۰۰۰,۰۰۰",شنبه ساعت ۲۰:۳۰ تا ۲۲:۳۰ | چهارشنبه ساعت ۲۰:۳۰ تا ۲۲:۳۰,https://mftplus.com/lesson/6459/طراحی-وب-سایت-(Web-Design-Pack)
(HTML & CSS (Web Design I,فناوری اطلاعات و ارتباطات,سعادت آباد (مرکزی),دانیال بختیاری نژاد,شنبه ۱۶ اسفند ۱۴۰۴,شنبه ۲۰ تیر ۱۴۰۵,"۴۵,۰۰۰,۰۰۰","۵۶,۰۰۰,۰۰۰",شنبه ساعت ۲۰:۳۰ تا ۲۲:۳۰ | چهارشنبه ساعت ۲۰:۳۰ تا ۲۲:۳۰,https://mftplus.com/lesson/6456/(HTML-&-CSS-(Web-Design-I
سبک شناسی,معماری,سعادت آباد (مرکزی),مشخص نشده,شنبه ۱۶ اسفند ۱۴۰۴,دوشنبه ۱۷ فروردین ۱۴۰۵,"۴۵,۰۰۰,۰۰۰","۴۵,۰۰۰,۰۰۰",شنبه ساعت ۱۷:۳۰ تا ۲۰:۳۰ | دوشنبه ساعت ۱۷:۳۰ تا ۲۰:۳۰ | چهارشنبه ساعت ۱۷:۳۰ تا ۲۰:۳۰,https://mftplus.com/lesson/391212167/سبک-شناسی
Sketchup & Vray,معماری,سعادت آباد (مرکزی),مشخص نشده,شنبه ۱۶ اسفند ۱۴۰۴,چهارشنبه ۲ اردیبهشت ۱۴۰۵,"۶۹,۰۰۰,۰۰۰","۶۹,۰۰۰,۰۰۰",شنبه ساعت ۱۷:۳۰ تا ۲۰:۳۰ | دوشنبه ساعت ۱۷:۳۰ تا ۲۰:۳۰ | چهارشنبه ساعت ۱۷:۳۰ تا ۲۰:۳۰,https://mftplus.com/lesson/391412133/Sketchup-&-Vray
نازکدوزی زنانه,فناوری مد و پوشاک,انقلاب,مشخص نشده,شنبه ۱۶ اسفند ۱۴۰۴,شنبه ۱۸ مهر ۱۴۰۵,"۱۳۱,۰۰۰,۰۰۰","۱۳۱,۰۰۰,۰۰۰",شنبه ساعت ۱۵:۰۰ تا ۱۹:۰۰,https://mftplus.com/lesson/411414164/نازکدوزی-زنانه
دوره جامع محاسبات ساختمان : ETABS/SAFE سطح دو (ویژه سازه های بتنی),علوم مهندسی,سیدخندان,مشخص نشده,شنبه ۱۶ اسفند ۱۴۰۴,دوشنبه ۱۸ خرداد ۱۴۰۵,"۱۲۵,۰۰۰,۰۰۰","۱۲۵,۰۰۰,۰۰۰",شنبه ساعت ۱۷:۳۰ تا ۲۰:۳۰ | دوشنبه ساعت ۱۷:۳۰ تا ۲۰:۳۰,https://mftplus.com/lesson/153812130/دوره-جامع-محاسبات-ساختمان-:-ETABS/SAFE-سطح-دو-(ویژه-سازه-های-بتنی)
جامع مدیریت منابع انسانی (HRM),مدیریت و کسب و کار,ونک,مشخص نشده,شنبه ۱۶ اسفند ۱۴۰۴,دوشنبه ۲۲ تیر ۱۴۰۵,"۱۲۸,۷۰۰,۰۰۰","۱۶۱,۷۰۰,۰۰۰",شنبه ساعت ۱۷:۳۰ تا ۲۰:۳۰ | دوشنبه ساعت ۱۷:۳۰ تا ۲۰:۳۰,https://mftplus.com/lesson/4924/جامع-مدیریت-منابع-انسانی-(HRM)
پریمیر,هنر و سینما,پارک ساعی,امیرحسین تحسینی,شنبه ۱۶ اسفند ۱۴۰۴,دوشنبه ۷ اردیبهشت ۱۴۰۵,"۵۷,۰۰۰,۰۰۰","۶۶,۰۰۰,۰۰۰",شنبه ساعت ۱۷:۰۰ تا ۲۰:۰۰ | دوشنبه ساعت ۱۷:۰۰ تا ۲۰:۰۰ | چهارشنبه ساعت ۱۷:۰۰ تا ۲۰:۰۰,https://mftplus.com/lesson/431213156/پریمیر
دوره پیشرفته تحلیل و معامله‌گری رمز ارزها (ارز دیجیتال),علوم مالی و حسابداری,میرداماد,مشخص نشده,شنبه ۱۶ اسفند ۱۴۰۴,شنبه ۳۰ خرداد ۱۴۰۵,"۱۰۹,۵۰۰,۰۰۰","۱۰۹,۵۰۰,۰۰۰",شنبه ساعت ۱۷:۳۰ تا ۲۰:۳۰,https://mftplus.com/lesson/4997/دوره-پیشرفته-تحلیل-و-معامله‌گری-رمز-ارزها-(ارز-دیجیتال)
ICDL Pack 2021,فناوری اطلاعات و ارتباطات,نارمک,مشخص نشده,شنبه ۱۶ اسفند ۱۴۰۴,دوشنبه ۱۸ خرداد ۱۴۰۵,"۸۱,۰۰۰,۰۰۰","۸۱,۰۰۰,۰۰۰",شنبه ساعت ۱۷:۰۰ تا ۲۱:۰۰ | دوشنبه ساعت ۱۷:۰۰ تا ۲۱:۰۰ | چهارشنبه ساعت ۱۷:۰۰ تا ۲۱:۰۰,https://mftplus.com/lesson/5575/ICDL-Pack-2021
ICDL Pack 2021,فناوری اطلاعات و ارتباطات,میرداماد,مشخص نشده,شنبه ۱۶ اسفند ۱۴۰۴,چهارشنبه ۱۰ تیر ۱۴۰۵,"۶۳,۰۰۰,۰۰۰","۸۱,۰۰۰,۰۰۰",شنبه ساعت ۱۶:۰۰ تا ۲۱:۰۰ | چهارشنبه ساعت ۱۶:۰۰ تا ۲۱:۰۰,https://mftplus.com/lesson/5575/ICDL-Pack-2021
ICDL 2021 Level 1,فناوری اطلاعات و ارتباطات,میرداماد,مشخص نشده,شنبه ۱۶ اسفند ۱۴۰۴,شنبه ۱۹ اردیبهشت ۱۴۰۵,"۳۸,۰۰۰,۰۰۰","۴۹,۰۰۰,۰۰۰",شنبه ساعت ۱۶:۰۰ تا ۲۱:۰۰ | چهارشنبه ساعت ۱۶:۰۰ تا ۲۱:۰۰,https://mftplus.com/lesson/5571/ICDL-2021-Level-1
(HTML & CSS (Web Design I,فناوری اطلاعات و ارتباطات,نیاوران,مشخص نشده,شنبه ۱۶ اسفند ۱۴۰۴,چهارشنبه ۱۳ خرداد ۱۴۰۵,"۴۵,۰۰۰,۰۰۰","۵۶,۰۰۰,۰۰۰",شنبه ساعت ۱۴:۰۰ تا ۱۷:۰۰ | چهارشنبه ساعت ۱۴:۰۰ تا ۱۷:۰۰,https://mftplus.com/lesson/6456/(HTML-&-CSS-(Web-Design-I
نازکدوزی زنانه,فناوری مد و پوشاک,نیاوران,مشخص نشده,شنبه ۱۶ اسفند ۱۴۰۴,دوشنبه ۱۸ خرداد ۱۴۰۵,"۱۳۱,۰۰۰,۰۰۰","۱۳۱,۰۰۰,۰۰۰",شنبه ساعت ۰۹:۰۰ تا ۱۴:۰۰ | دوشنبه ساعت ۰۹:۰۰ تا ۱۴:۰۰,https://mftplus.com/lesson/411414164/نازکدوزی-زنانه
عکاسی معماری و معماری داخلی  و هنرهای تجسمی,معماری,سعادت آباد (مرکزی),مشخص نشده,شنبه ۱۶ اسفند ۱۴۰۴,دوشنبه ۲۴ فروردین ۱۴۰۵,"۴۶,۰۰۰,۰۰۰","۴۶,۰۰۰,۰۰۰",شنبه ساعت ۱۷:۳۰ تا ۲۰:۳۰ | دوشنبه ساعت ۱۷:۳۰ تا ۲۰:۳۰,https://mftplus.com/lesson/3784/عکاسی-معماری-و-معماری-داخلی-و-هنرهای-تجسمی
ایلاستریتور,هنر و سینما,اکباتان,مشخص نشده,شنبه ۱۶ اسفند ۱۴۰۴,شنبه ۱۹ اردیبهشت ۱۴۰۵,"۴۴,۰۰۰,۰۰۰","۵۴,۰۰۰,۰۰۰",شنبه ساعت ۱۴:۰۰ تا ۱۹:۰۰,https://mftplus.com/lesson/431314131/ایلاستریتور
برنامه نویسی پایتون مقدماتی 2,کودک و نوجوان,سعادت آباد (مرکزی),مشخص نشده,شنبه ۱۶ اسفند ۱۴۰۴,شنبه ۲ خرداد ۱۴۰۵,"۶۶,۱۰۰,۰۰۰","۶۶,۱۰۰,۰۰۰",شنبه ساعت ۱۷:۳۰ تا ۲۰:۳۰,https://mftplus.com/lesson/3971/برنامه-نویسی-پایتون-مقدماتی-2
ICDL 2021 Level 2,فناوری اطلاعات و ارتباطات,بلوار کاوه(قیطریه),مشخص نشده,یکشنبه ۱۷ اسفند ۱۴۰۴,یکشنبه ۶ اردیبهشت ۱۴۰۵,"۳۵,۰۰۰,۰۰۰","۴۴,۰۰۰,۰۰۰",یکشنبه ساعت ۰۸:۰۰ تا ۱۴:۰۰ | سه شنبه ساعت ۰۸:۰۰ تا ۱۴:۰۰,https://mftplus.com/lesson/5573/ICDL-2021-Level-2
ماشینکاری با نرم افزار Power Mill (مقدماتی) به همراه کار عملی با ماشین CNC,علوم مهندسی,سعادت آباد (مرکزی),مشخص نشده,یکشنبه ۱۷ اسفند ۱۴۰۴,سه شنبه ۱ اردیبهشت ۱۴۰۵,"۸۲,۵۰۰,۰۰۰","۸۲,۵۰۰,۰۰۰",یکشنبه ساعت ۱۴:۳۰ تا ۲۰:۳۰ | سه شنبه ساعت ۱۴:۳۰ تا ۲۰:۳۰,https://mftplus.com/lesson/153715123/ماشینکاری-با-نرم-افزار-Power-Mill-(مقدماتی)-به-همراه-کار-عملی-با-ماشین-CNC
تبدیل نقشه های فاز یک به فاز دو,معماری,سعادت آباد (مرکزی),مشخص نشده,یکشنبه ۱۷ اسفند ۱۴۰۴,یکشنبه ۳۰ فروردین ۱۴۰۵,"۵۹,۰۰۰,۰۰۰","۵۹,۰۰۰,۰۰۰",یکشنبه ساعت ۱۷:۳۰ تا ۲۰:۳۰ | سه شنبه ساعت ۱۷:۳۰ تا ۲۰:۳۰,https://mftplus.com/lesson/391412142/تبدیل-نقشه-های-فاز-یک-به-فاز-دو
اتوکد دوبعدی معماری,معماری,تهرانپارس,مشخص نشده,یکشنبه ۱۷ اسفند ۱۴۰۴,یکشنبه ۱۰ خرداد ۱۴۰۵,"۷۵,۰۰۰,۰۰۰","۷۵,۰۰۰,۰۰۰",یکشنبه ساعت ۲۰:۳۰ تا ۲۲:۳۰ | سه شنبه ساعت ۲۰:۳۰ تا ۲۲:۳۰,https://mftplus.com/lesson/391412131/اتوکد-دوبعدی-معماری
طراحی لباس مفهومی,فناوری مد و پوشاک,ونک,مشخص نشده,یکشنبه ۱۷ اسفند ۱۴۰۴,یکشنبه ۳۱ خرداد ۱۴۰۵,"۴۸,۰۰۰,۰۰۰","۴۸,۰۰۰,۰۰۰",یکشنبه ساعت ۱۲:۰۰ تا ۱۵:۰۰,https://mftplus.com/lesson/411414138/طراحی-لباس-مفهومی
تایپ و تندزنی,فناوری اطلاعات و ارتباطات,تهرانپارس,عبدالحسن اشیاع,یکشنبه ۱۷ اسفند ۱۴۰۴,یکشنبه ۱۶ فروردین ۱۴۰۵,"۱۰,۸۰۰,۰۰۰","۱۰,۸۰۰,۰۰۰",یکشنبه ساعت ۱۶:۳۰ تا ۱۹:۳۰ | سه شنبه ساعت ۱۶:۳۰ تا ۱۹:۳۰,https://mftplus.com/lesson/131514123/تایپ-و-تندزنی
ایلاستریتور,هنر و سینما,زعفرانیه,مشخص نشده,یکشنبه ۱۷ اسفند ۱۴۰۴,یکشنبه ۶ اردیبهشت ۱۴۰۵,"۴۴,۰۰۰,۰۰۰","۵۴,۰۰۰,۰۰۰",یکشنبه ساعت ۱۳:۳۰ تا ۱۷:۳۰ | سه شنبه ساعت ۱۳:۳۰ تا ۱۷:۳۰,https://mftplus.com/lesson/431314131/ایلاستریتور
طراحی معماری و دکوراسیون داخلی پیشرفته,معماری,سعادت آباد (مرکزی),مشخص نشده,یکشنبه ۱۷ اسفند ۱۴۰۴,سه شنبه ۱۷ شهریور ۱۴۰۵,"۲۱۹,۰۰۰,۰۰۰","۲۱۹,۰۰۰,۰۰۰",یکشنبه ساعت ۱۱:۰۰ تا ۱۴:۰۰ | سه شنبه ساعت ۱۱:۰۰ تا ۱۴:۰۰,https://mftplus.com/lesson/5998/طراحی-معماری-و-دکوراسیون-داخلی-پیشرفته
برنامه ریزی و کنترل پروژه با نرم افزار MS Project,علوم مهندسی,زعفرانیه,مشخص نشده,یکشنبه ۱۷ اسفند ۱۴۰۴,یکشنبه ۱۳ اردیبهشت ۱۴۰۵,"۶۵,۰۰۰,۰۰۰","۶۵,۰۰۰,۰۰۰",یکشنبه ساعت ۱۷:۳۰ تا ۲۱:۰۰ | سه شنبه ساعت ۱۷:۳۰ تا ۲۱:۰۰,https://mftplus.com/lesson/154012124/برنامه-ریزی-و-کنترل-پروژه-با-نرم-افزار-MS-Project
"مدیریت پروژه حرفه ای – مبانی و نرم افزارهای کاربردی (PMBOK, MSP & Primavera P6)",علوم مهندسی,زعفرانیه,مشخص نشده,یکشنبه ۱۷ اسفند ۱۴۰۴,یکشنبه ۲۱ تیر ۱۴۰۵,"۱۶۹,۰۰۰,۰۰۰","۱۶۹,۰۰۰,۰۰۰",یکشنبه ساعت ۱۷:۳۰ تا ۲۱:۰۰ | سه شنبه ساعت ۱۷:۳۰ تا ۲۱:۰۰,"https://mftplus.com/lesson/154012130/مدیریت-پروژه-حرفه-ای-–-مبانی-و-نرم-افزارهای-کاربردی-(PMBOK,-MSP-&-Primavera-P6)"
مدیریت بازاریابی,مدیریت و کسب و کار,زعفرانیه,مشخص نشده,یکشنبه ۱۷ اسفند ۱۴۰۴,یکشنبه ۱۶ فروردین ۱۴۰۵,"۴۶,۲۰۰,۰۰۰","۵۹,۴۰۰,۰۰۰",یکشنبه ساعت ۱۷:۰۰ تا ۲۱:۰۰ | سه شنبه ساعت ۱۷:۰۰ تا ۲۱:۰۰,https://mftplus.com/lesson/4930/مدیریت-بازاریابی
فیزیک صوت,هنر و سینما,زعفرانیه,مشخص نشده,یکشنبه ۱۷ اسفند ۱۴۰۴,سه شنبه ۱۸ فروردین ۱۴۰۵,"۲۸,۸۰۰,۰۰۰","۲۸,۸۰۰,۰۰۰",یکشنبه ساعت ۱۷:۳۰ تا ۲۱:۰۰ | سه شنبه ساعت ۱۷:۳۰ تا ۲۱:۰۰,https://mftplus.com/lesson/6138/فیزیک-صوت
اصول آکوستیک,هنر و سینما,زعفرانیه,مشخص نشده,یکشنبه ۱۷ اسفند ۱۴۰۴,سه شنبه ۲۶ اسفند ۱۴۰۴,"۱۹,۲۰۰,۰۰۰","۱۹,۲۰۰,۰۰۰",یکشنبه ساعت ۱۷:۳۰ تا ۲۱:۰۰ | سه شنبه ساعت ۱۷:۳۰ تا ۲۱:۰۰,https://mftplus.com/lesson/6142/اصول-آکوستیک
Sketchup & Vray,معماری,زعفرانیه,مشخص نشده,یکشنبه ۱۷ اسفند ۱۴۰۴,یکشنبه ۱۳ اردیبهشت ۱۴۰۵,"۶۹,۰۰۰,۰۰۰","۶۹,۰۰۰,۰۰۰",یکشنبه ساعت ۱۷:۳۰ تا ۲۱:۰۰ | سه شنبه ساعت ۱۷:۳۰ تا ۲۱:۰۰,https://mftplus.com/lesson/391412133/Sketchup-&-Vray
پکیج طراحی دکوراسیون داخلی از مقدماتی تا پیشرفته,معماری,سعادت آباد (مرکزی),مشخص نشده,یکشنبه ۱۷ اسفند ۱۴۰۴,سه شنبه ۲۹ تیر ۱۴۰۶,"۵۲۹,۰۰۰,۰۰۰","۵۲۹,۰۰۰,۰۰۰",یکشنبه ساعت ۱۱:۰۰ تا ۱۴:۰۰ | سه شنبه ساعت ۱۱:۰۰ تا ۱۴:۰۰,https://mftplus.com/lesson/5999/پکیج-طراحی-دکوراسیون-داخلی-از-مقدماتی-تا-پیشرفته
زبان ایتالیایی A2,زبانهای خارجی,سعادت آباد (مرکزی),مشخص نشده,یکشنبه ۱۷ اسفند ۱۴۰۴,سه شنبه ۵ خرداد ۱۴۰۵,"۶۴,۰۰۰,۰۰۰","۶۴,۰۰۰,۰۰۰",یکشنبه ساعت ۱۴:۳۰ تا ۱۷:۳۰ | سه شنبه ساعت ۱۴:۳۰ تا ۱۷:۳۰,https://mftplus.com/lesson/5910/زبان-ایتالیایی-A2
الگو سازی و دوخت تخصصی لباس مردانه,فناوری مد و پوشاک,ونک,مشخص نشده,یکشنبه ۱۷ اسفند ۱۴۰۴,یکشنبه ۴ بهمن ۱۴۰۵,"۱۳۲,۰۰۰,۰۰۰","۱۳۲,۰۰۰,۰۰۰",یکشنبه ساعت ۱۶:۰۰ تا ۲۰:۰۰,https://mftplus.com/lesson/4279/الگو-سازی-و-دوخت-تخصصی-لباس-مردانه
دوره جامع محاسبات ساختمان : ETABS/SAFE سطح یک,علوم مهندسی,سعادت آباد (مرکزی),مشخص نشده,یکشنبه ۱۷ اسفند ۱۴۰۴,یکشنبه ۱۴ تیر ۱۴۰۵,"۱۶۹,۰۰۰,۰۰۰","۱۶۹,۰۰۰,۰۰۰",یکشنبه ساعت ۱۵:۳۰ تا ۱۹:۳۰ | سه شنبه ساعت ۱۵:۳۰ تا ۱۹:۳۰,https://mftplus.com/lesson/153812123/دوره-جامع-محاسبات-ساختمان-:-ETABS/SAFE-سطح-یک
طراحی معماری و دکوراسیون داخلی پیشرفته,معماری,تهرانپارس,مشخص نشده,یکشنبه ۱۷ اسفند ۱۴۰۴,یکشنبه ۷ تیر ۱۴۰۵,"۲۱۹,۰۰۰,۰۰۰","۲۱۹,۰۰۰,۰۰۰",یکشنبه ساعت ۰۹:۰۰ تا ۱۴:۰۰ | سه شنبه ساعت ۰۹:۰۰ تا ۱۴:۰۰,https://mftplus.com/lesson/5998/طراحی-معماری-و-دکوراسیون-داخلی-پیشرفته
مهندسی صدا و صدابرداری دیجیتال,هنر و سینما,زعفرانیه,مشخص نشده,یکشنبه ۱۷ اسفند ۱۴۰۴,یکشنبه ۵ مهر ۱۴۰۵,"۲۸۸,۰۰۰,۰۰۰","۲۸۸,۰۰۰,۰۰۰",یکشنبه ساعت ۱۷:۳۰ تا ۲۱:۰۰ | سه شنبه ساعت ۱۷:۳۰ تا ۲۱:۰۰,https://mftplus.com/lesson/6144/مهندسی-صدا-و-صدابرداری-دیجیتال
طراحی دستی جواهرات,علوم مهندسی,پارک ساعی,مشخص نشده,یکشنبه ۱۷ اسفند ۱۴۰۴,سه شنبه ۵ خرداد ۱۴۰۵,"۹۹,۰۰۰,۰۰۰","۹۹,۰۰۰,۰۰۰",یکشنبه ساعت ۱۷:۰۰ تا ۲۰:۳۰ | سه شنبه ساعت ۱۷:۰۰ تا ۲۰:۳۰,https://mftplus.com/lesson/154412123/طراحی-دستی-جواهرات
دوره تخصصی تعویض گلس ال سی دی گوشی‌های هوشمند,برق و الکترونیک,سعادت آباد (مرکزی),مشخص نشده,یکشنبه ۱۷ اسفند ۱۴۰۴,یکشنبه ۱۶ فروردین ۱۴۰۵,"۲۰۰,۰۰۰,۰۰۰","۲۰۰,۰۰۰,۰۰۰",شنبه ساعت ۱۱:۰۰ تا ۱۷:۰۰ | یکشنبه ساعت ۱۱:۰۰ تا ۱۷:۰۰ | دوشنبه ساعت ۱۱:۰۰ تا ۱۷:۰۰ | سه شنبه ساعت ۱۱:۰۰ تا ۱۷:۰۰ | چهارشنبه ساعت ۱۱:۰۰ تا ۱۷:۰۰,https://mftplus.com/lesson/6506/دوره-تخصصی-تعویض-گلس-ال-سی-دی-گوشی‌های-هوشمند
دوره تخصصی تعمیرات پیشرفته تلفن‌های هوشمندآیفون,برق و الکترونیک,سعادت آباد (مرکزی),مشخص نشده,یکشنبه ۱۷ اسفند ۱۴۰۴,دوشنبه ۳۱ فروردین ۱۴۰۵,"۴۵۰,۰۰۰,۰۰۰","۴۵۰,۰۰۰,۰۰۰",شنبه ساعت ۱۱:۰۰ تا ۱۷:۰۰ | یکشنبه ساعت ۱۱:۰۰ تا ۱۷:۰۰ | دوشنبه ساعت ۱۱:۰۰ تا ۱۷:۰۰ | سه شنبه ساعت ۱۱:۰۰ تا ۱۷:۰۰ | چهارشنبه ساعت ۱۱:۰۰ تا ۱۷:۰۰ | پنجشنبه ساعت ۱۱:۰۰ تا ۱۷:۰۰,https://mftplus.com/lesson/6508/دوره-تخصصی-تعمیرات-پیشرفته-تلفن‌های-هوشمندآیفون
دوره تخصصی تعمیرات پیشرفته تلفن‌های هوشمند اندروید,برق و الکترونیک,سعادت آباد (مرکزی),مشخص نشده,یکشنبه ۱۷ اسفند ۱۴۰۴,چهارشنبه ۱۹ فروردین ۱۴۰۵,"۳۵۰,۰۰۰,۰۰۰","۳۵۰,۰۰۰,۰۰۰",شنبه ساعت ۱۱:۰۰ تا ۱۷:۰۰ | یکشنبه ساعت ۱۱:۰۰ تا ۱۷:۰۰ | دوشنبه ساعت ۱۱:۰۰ تا ۱۷:۰۰ | سه شنبه ساعت ۱۱:۰۰ تا ۱۷:۰۰ | چهارشنبه ساعت ۱۱:۰۰ تا ۱۷:۰۰ | پنجشنبه ساعت ۱۱:۰۰ تا ۱۷:۰۰,https://mftplus.com/lesson/6507/دوره-تخصصی-تعمیرات-پیشرفته-تلفن‌های-هوشمند-اندروید
نقشه کشی معماری,معماری,سعادت آباد (مرکزی),مشخص نشده,یکشنبه ۱۷ اسفند ۱۴۰۴,یکشنبه ۱۳ اردیبهشت ۱۴۰۵,"۶۲,۰۰۰,۰۰۰","۶۲,۰۰۰,۰۰۰",یکشنبه ساعت ۱۱:۰۰ تا ۱۴:۰۰ | سه شنبه ساعت ۱۱:۰۰ تا ۱۴:۰۰,https://mftplus.com/lesson/391212129/نقشه-کشی-معماری
PLC Basics:  Siemens S7/300 & 400,برق و الکترونیک,سعادت آباد (مرکزی),مشخص نشده,یکشنبه ۱۷ اسفند ۱۴۰۴,یکشنبه ۳۰ فروردین ۱۴۰۵,"۷۰,۰۰۰,۰۰۰","۷۰,۰۰۰,۰۰۰",یکشنبه ساعت ۱۷:۳۰ تا ۲۰:۳۰ | سه شنبه ساعت ۱۷:۳۰ تا ۲۰:۳۰,https://mftplus.com/lesson/4549/PLC-Basics:-Siemens-S7/300-&-400
PLC Advanced: Siemens S7/300 & 400,برق و الکترونیک,سعادت آباد (مرکزی),مشخص نشده,یکشنبه ۱۷ اسفند ۱۴۰۴,سه شنبه ۲۵ فروردین ۱۴۰۵,"۷۶,۰۰۰,۰۰۰","۷۶,۰۰۰,۰۰۰",یکشنبه ساعت ۱۷:۳۰ تا ۲۰:۳۰ | سه شنبه ساعت ۱۷:۳۰ تا ۲۰:۳۰,https://mftplus.com/lesson/4550/PLC-Advanced:-Siemens-S7/300-&-400
طراحی طلا و جواهرات به کمک نرم افزار MATRIX - سطح یک,علوم مهندسی,تهرانپارس,مشخص نشده,یکشنبه ۱۷ اسفند ۱۴۰۴,سه شنبه ۹ تیر ۱۴۰۵,"۱۵۵,۰۰۰,۰۰۰","۱۵۵,۰۰۰,۰۰۰",یکشنبه ساعت ۱۷:۰۰ تا ۲۰:۰۰ | سه شنبه ساعت ۱۷:۰۰ تا ۲۰:۰۰,https://mftplus.com/lesson/6277/طراحی-طلا-و-جواهرات-به-کمک-نرم-افزار-MATRIX-سطح-یک
C# Programming,فناوری اطلاعات و ارتباطات,پارک ساعی,مشخص نشده,یکشنبه ۱۷ اسفند ۱۴۰۴,یکشنبه ۱۰ خرداد ۱۴۰۵,"۶۷,۰۰۰,۰۰۰","۸۳,۰۰۰,۰۰۰",یکشنبه ساعت ۱۷:۳۰ تا ۲۰:۳۰ | سه شنبه ساعت ۱۷:۳۰ تا ۲۰:۳۰,https://mftplus.com/lesson/132027124/C#-Programming
فتوشاپ نسخه مقدماتی تا پیشرفته,هنر و سینما,پارک ساعی,مشخص نشده,یکشنبه ۱۷ اسفند ۱۴۰۴,سه شنبه ۲۲ اردیبهشت ۱۴۰۵,"۵۱,۰۰۰,۰۰۰","۵۶,۰۰۰,۰۰۰",یکشنبه ساعت ۰۹:۰۰ تا ۱۳:۰۰ | سه شنبه ساعت ۰۹:۰۰ تا ۱۳:۰۰,https://mftplus.com/lesson/431314130/فتوشاپ-نسخه-مقدماتی-تا-پیشرفته
طراحی مکانیکی به کمک CATIA I,علوم مهندسی,پارک ساعی,مشخص نشده,یکشنبه ۱۷ اسفند ۱۴۰۴,سه شنبه ۲۹ اردیبهشت ۱۴۰۵,"۷۹,۰۰۰,۰۰۰","۷۹,۰۰۰,۰۰۰",یکشنبه ساعت ۱۷:۳۰ تا ۲۰:۳۰ | سه شنبه ساعت ۱۷:۳۰ تا ۲۰:۳۰,https://mftplus.com/lesson/153718143/طراحی-مکانیکی-به-کمک-CATIA-I
Cisco Enterprise Advanced Routing and Services (ENARSI) 300-410,فناوری اطلاعات و ارتباطات,انقلاب,مشخص نشده,یکشنبه ۱۷ اسفند ۱۴۰۴,سه شنبه ۲ تیر ۱۴۰۵,"۹۱,۰۰۰,۰۰۰","۹۱,۰۰۰,۰۰۰",یکشنبه ساعت ۱۷:۳۰ تا ۲۰:۳۰ | سه شنبه ساعت ۱۷:۳۰ تا ۲۰:۳۰,https://mftplus.com/lesson/4620/Cisco-Enterprise-Advanced-Routing-and-Services-(ENARSI)-300-410
ضخیم دوزی زنانه,فناوری مد و پوشاک,زعفرانیه,مشخص نشده,یکشنبه ۱۷ اسفند ۱۴۰۴,سه شنبه ۲۶ خرداد ۱۴۰۵,"۱۴۴,۰۰۰,۰۰۰","۱۴۴,۰۰۰,۰۰۰",یکشنبه ساعت ۰۹:۰۰ تا ۱۳:۰۰ | سه شنبه ساعت ۰۹:۰۰ تا ۱۳:۰۰,https://mftplus.com/lesson/411414165/ضخیم-دوزی-زنانه
MATLAB سطح یک,علوم مهندسی,زعفرانیه,مشخص نشده,یکشنبه ۱۷ اسفند ۱۴۰۴,یکشنبه ۳ خرداد ۱۴۰۵,"۵۹,۰۰۰,۰۰۰","۵۹,۰۰۰,۰۰۰",یکشنبه ساعت ۱۷:۳۰ تا ۲۱:۰۰,https://mftplus.com/lesson/154212123/MATLAB-سطح-یک
دوره تخصصی صفر تا صد اصول  طراحی ویلا,معماری,بلوار کاوه(قیطریه),مشخص نشده,یکشنبه ۱۷ اسفند ۱۴۰۴,یکشنبه ۲۰ اردیبهشت ۱۴۰۵,"۱۱۴,۰۰۰,۰۰۰","۱۱۴,۰۰۰,۰۰۰",یکشنبه ساعت ۰۹:۰۰ تا ۱۴:۰۰ | سه شنبه ساعت ۰۹:۰۰ تا ۱۴:۰۰,https://mftplus.com/lesson/4862/دوره-تخصصی-صفر-تا-صد-اصول-طراحی-ویلا
درک معماری,معماری,بلوار کاوه(قیطریه),مشخص نشده,یکشنبه ۱۷ اسفند ۱۴۰۴,سه شنبه ۱۸ فروردین ۱۴۰۵,"۴۷,۰۰۰,۰۰۰","۴۷,۰۰۰,۰۰۰",یکشنبه ساعت ۰۹:۰۰ تا ۱۳:۰۰ | سه شنبه ساعت ۰۹:۰۰ تا ۱۳:۰۰,https://mftplus.com/lesson/391212130/درک-معماری
تولید محتوای ویدیویی,هنر و سینما,زعفرانیه,مشخص نشده,یکشنبه ۱۷ اسفند ۱۴۰۴,یکشنبه ۳ خرداد ۱۴۰۵,"۹۷,۰۰۰,۰۰۰","۹۷,۰۰۰,۰۰۰",یکشنبه ساعت ۱۷:۳۰ تا ۲۱:۰۰ | سه شنبه ساعت ۱۷:۳۰ تا ۲۱:۰۰,https://mftplus.com/lesson/6518/تولید-محتوای-ویدیویی
3Ds Max Beginners to Advanced & V-Ray,معماری,بلوار کاوه(قیطریه),مشخص نشده,یکشنبه ۱۷ اسفند ۱۴۰۴,یکشنبه ۲۷ اردیبهشت ۱۴۰۵,"۱۴۴,۰۰۰,۰۰۰","۱۴۴,۰۰۰,۰۰۰",یکشنبه ساعت ۰۹:۰۰ تا ۱۴:۰۰ | سه شنبه ساعت ۰۹:۰۰ تا ۱۴:۰۰,https://mftplus.com/lesson/4542/3Ds-Max-Beginners-to-Advanced-&-V-Ray
طراحی وب سایت (Web Design Pack),فناوری اطلاعات و ارتباطات,پارک ساعی,مشخص نشده,یکشنبه ۱۷ اسفند ۱۴۰۴,سه شنبه ۲۱ مهر ۱۴۰۵,"۱۵۰,۰۰۰,۰۰۰","۱۸۷,۰۰۰,۰۰۰",یکشنبه ساعت ۱۷:۳۰ تا ۲۰:۳۰ | سه شنبه ساعت ۱۷:۳۰ تا ۲۰:۳۰,https://mftplus.com/lesson/6459/طراحی-وب-سایت-(Web-Design-Pack)
تدوین و ساخت تیزرهای تبلیغاتی,هنر و سینما,پارک ساعی,مشخص نشده,یکشنبه ۱۷ اسفند ۱۴۰۴,یکشنبه ۱۰ آبان ۱۴۰۵,"۲۷۸,۰۰۰,۰۰۰","۲۷۸,۰۰۰,۰۰۰",یکشنبه ساعت ۱۷:۰۰ تا ۲۱:۰۰ | سه شنبه ساعت ۱۷:۰۰ تا ۲۱:۰۰,https://mftplus.com/lesson/431213124/تدوین-و-ساخت-تیزرهای-تبلیغاتی
حسابداری ویژه بازار کار,علوم مالی و حسابداری,انقلاب,کامبیز خواجوند,یکشنبه ۱۷ اسفند ۱۴۰۴,یکشنبه ۳ آبان ۱۴۰۵,"۱۷۷,۶۰۰,۰۰۰","۱۷۷,۶۰۰,۰۰۰",یکشنبه ساعت ۱۷:۳۰ تا ۲۰:۳۰ | سه شنبه ساعت ۱۷:۳۰ تا ۲۰:۳۰,https://mftplus.com/lesson/3869/حسابداری-ویژه-بازار-کار
نقشه کشی معماری,معماری,انقلاب,مشخص نشده,یکشنبه ۱۷ اسفند ۱۴۰۴,یکشنبه ۳۰ فروردین ۱۴۰۵,"۶۲,۰۰۰,۰۰۰","۶۲,۰۰۰,۰۰۰",یکشنبه ساعت ۱۷:۳۰ تا ۲۰:۳۰ | سه شنبه ساعت ۱۷:۳۰ تا ۲۰:۳۰ | پنجشنبه ساعت ۱۷:۳۰ تا ۲۰:۳۰,https://mftplus.com/lesson/391212129/نقشه-کشی-معماری
Python Web Development With Django,فناوری اطلاعات و ارتباطات,تهرانپارس,علی اصغر صالحی,یکشنبه ۱۷ اسفند ۱۴۰۴,یکشنبه ۳ خرداد ۱۴۰۵,"۷۴,۰۰۰,۰۰۰","۷۴,۰۰۰,۰۰۰",یکشنبه ساعت ۱۶:۰۰ تا ۲۱:۰۰,https://mftplus.com/lesson/4046/Python-Web-Development-With-Django
PLC Advanced: Siemens S7/300 & 400,برق و الکترونیک,میرداماد,مشخص نشده,یکشنبه ۱۷ اسفند ۱۴۰۴,یکشنبه ۱۳ اردیبهشت ۱۴۰۵,"۷۶,۰۰۰,۰۰۰","۸۰,۰۰۰,۰۰۰",یکشنبه ساعت ۱۷:۳۰ تا ۲۱:۰۰,https://mftplus.com/lesson/4550/PLC-Advanced:-Siemens-S7/300-&-400
دوره جامع محاسبات ساختمان : ETABS/SAFE سطح یک,علوم مهندسی,اکباتان,مشخص نشده,یکشنبه ۱۷ اسفند ۱۴۰۴,سه شنبه ۲۰ مرداد ۱۴۰۵,"۱۶۹,۰۰۰,۰۰۰","۱۶۹,۰۰۰,۰۰۰",یکشنبه ساعت ۱۷:۳۰ تا ۲۰:۳۰ | سه شنبه ساعت ۱۷:۳۰ تا ۲۰:۳۰,https://mftplus.com/lesson/153812123/دوره-جامع-محاسبات-ساختمان-:-ETABS/SAFE-سطح-یک
فتوشاپ و ایلاستریتور,هنر و سینما,پارک ساعی,مشخص نشده,یکشنبه ۱۷ اسفند ۱۴۰۴,سه شنبه ۲ تیر ۱۴۰۵,"۸۴,۰۰۰,۰۰۰","۹۴,۰۰۰,۰۰۰",یکشنبه ساعت ۱۷:۰۰ تا ۲۰:۰۰ | سه شنبه ساعت ۱۷:۰۰ تا ۲۰:۰۰,https://mftplus.com/lesson/431312124/فتوشاپ-و-ایلاستریتور
فتوشاپ نسخه مقدماتی تا پیشرفته,هنر و سینما,پارک ساعی,مشخص نشده,یکشنبه ۱۷ اسفند ۱۴۰۴,یکشنبه ۱۰ خرداد ۱۴۰۵,"۵۱,۰۰۰,۰۰۰","۵۶,۰۰۰,۰۰۰",یکشنبه ساعت ۱۷:۰۰ تا ۲۰:۰۰ | سه شنبه ساعت ۱۷:۰۰ تا ۲۰:۰۰,https://mftplus.com/lesson/431314130/فتوشاپ-نسخه-مقدماتی-تا-پیشرفته
MATLAB سطح یک,علوم مهندسی,پارک ساعی,مشخص نشده,یکشنبه ۱۷ اسفند ۱۴۰۴,سه شنبه ۸ اردیبهشت ۱۴۰۵,"۵۹,۰۰۰,۰۰۰","۵۹,۰۰۰,۰۰۰",یکشنبه ساعت ۱۷:۳۰ تا ۲۰:۳۰ | سه شنبه ساعت ۱۷:۳۰ تا ۲۰:۳۰,https://mftplus.com/lesson/154212123/MATLAB-سطح-یک
دوره جامع ساخت انیمیشن دوبعدی و سه بعدی,هنر و سینما,پارک ساعی,مشخص نشده,یکشنبه ۱۷ اسفند ۱۴۰۴,یکشنبه ۱۶ اسفند ۱۴۰۵,"۳۶۲,۹۰۰,۰۰۰","۳۶۲,۹۰۰,۰۰۰",یکشنبه ساعت ۱۷:۰۰ تا ۲۰:۰۰ | سه شنبه ساعت ۱۷:۰۰ تا ۲۰:۰۰,https://mftplus.com/lesson/6146/دوره-جامع-ساخت-انیمیشن-دوبعدی-و-سه-بعدی
موشن گرافیک,هنر و سینما,پارک ساعی,مشخص نشده,یکشنبه ۱۷ اسفند ۱۴۰۴,سه شنبه ۳ شهریور ۱۴۰۵,"۱۷۴,۰۰۰,۰۰۰","۱۷۴,۰۰۰,۰۰۰",یکشنبه ساعت ۱۷:۰۰ تا ۲۰:۰۰ | سه شنبه ساعت ۱۷:۰۰ تا ۲۰:۰۰,https://mftplus.com/lesson/3064/موشن-گرافیک
اصول برنامه ریزی نگهداری، تعمیرات (نت) و پایش وضعیت,علوم مهندسی,سعادت آباد (مرکزی),مشخص نشده,یکشنبه ۱۷ اسفند ۱۴۰۴,یکشنبه ۶ اردیبهشت ۱۴۰۵,"۶۵,۰۰۰,۰۰۰","۶۵,۰۰۰,۰۰۰",یکشنبه ساعت ۱۷:۳۰ تا ۲۰:۳۰ | سه شنبه ساعت ۱۷:۳۰ تا ۲۰:۳۰,https://mftplus.com/lesson/5856/اصول-برنامه-ریزی-نگهداری،-تعمیرات-(نت)-و-پایش-وضعیت
درک معماری,معماری,میرداماد,مشخص نشده,یکشنبه ۱۷ اسفند ۱۴۰۴,یکشنبه ۶ اردیبهشت ۱۴۰۵,"۴۷,۰۰۰,۰۰۰","۴۷,۰۰۰,۰۰۰",یکشنبه ساعت ۰۹:۳۰ تا ۱۳:۳۰,https://mftplus.com/lesson/391212130/درک-معماری
جامع مدیریت منابع انسانی (HRM),مدیریت و کسب و کار,زعفرانیه,مشخص نشده,یکشنبه ۱۷ اسفند ۱۴۰۴,سه شنبه ۹ تیر ۱۴۰۵,"۱۲۸,۷۰۰,۰۰۰","۱۶۱,۷۰۰,۰۰۰",یکشنبه ساعت ۱۷:۳۰ تا ۲۱:۰۰ | سه شنبه ساعت ۱۷:۳۰ تا ۲۱:۰۰,https://mftplus.com/lesson/4924/جامع-مدیریت-منابع-انسانی-(HRM)
زبان انگلیسی A2.3,زبانهای خارجی,سعادت آباد (مرکزی),مشخص نشده,یکشنبه ۱۷ اسفند ۱۴۰۴,یکشنبه ۱۳ اردیبهشت ۱۴۰۵,"۲۷,۳۰۰,۰۰۰","۲۷,۳۰۰,۰۰۰",یکشنبه ساعت ۱۱:۰۰ تا ۱۴:۰۰ | سه شنبه ساعت ۱۱:۰۰ تا ۱۴:۰۰,https://mftplus.com/lesson/231215284/زبان-انگلیسی-A2.3
زبان اسپانیایی B2.3,زبانهای خارجی,سعادت آباد (مرکزی),مشخص نشده,یکشنبه ۱۷ اسفند ۱۴۰۴,یکشنبه ۶ اردیبهشت ۱۴۰۵,"۳۶,۶۰۰,۰۰۰","۳۶,۶۰۰,۰۰۰",یکشنبه ساعت ۱۴:۳۰ تا ۱۷:۳۰ | سه شنبه ساعت ۱۴:۳۰ تا ۱۷:۳۰,https://mftplus.com/lesson/231612164/زبان-اسپانیایی-B2.3
الکترونیک مقدماتی,برق و الکترونیک,پارک ساعی,مشخص نشده,یکشنبه ۱۷ اسفند ۱۴۰۴,سه شنبه ۱۵ اردیبهشت ۱۴۰۵,"۶۳,۰۰۰,۰۰۰","۶۳,۰۰۰,۰۰۰",یکشنبه ساعت ۱۶:۳۰ تا ۲۰:۳۰ | سه شنبه ساعت ۱۶:۳۰ تا ۲۰:۳۰,https://mftplus.com/lesson/5230/الکترونیک-مقدماتی
(HTML & CSS (Web Design I,فناوری اطلاعات و ارتباطات,پارک ساعی,مشخص نشده,یکشنبه ۱۷ اسفند ۱۴۰۴,یکشنبه ۱۰ خرداد ۱۴۰۵,"۴۵,۰۰۰,۰۰۰","۵۶,۰۰۰,۰۰۰",یکشنبه ساعت ۱۷:۳۰ تا ۲۰:۳۰ | سه شنبه ساعت ۱۷:۳۰ تا ۲۰:۳۰,https://mftplus.com/lesson/6456/(HTML-&-CSS-(Web-Design-I
Network+,فناوری اطلاعات و ارتباطات,تهرانپارس,حامد خورشیدی,یکشنبه ۱۷ اسفند ۱۴۰۴,سه شنبه ۱۸ فروردین ۱۴۰۵,"۲۰,۰۰۰,۰۰۰","۲۰,۰۰۰,۰۰۰",یکشنبه ساعت ۱۵:۰۰ تا ۲۰:۰۰ | سه شنبه ساعت ۱۵:۰۰ تا ۲۰:۰۰,https://mftplus.com/lesson/131612129/Network+
MCSA PACK 2025,فناوری اطلاعات و ارتباطات,تهرانپارس,حامد خورشیدی,یکشنبه ۱۷ اسفند ۱۴۰۴,یکشنبه ۱۵ شهریور ۱۴۰۵,"۲۱۸,۰۰۰,۰۰۰","۲۱۸,۰۰۰,۰۰۰",یکشنبه ساعت ۱۵:۰۰ تا ۲۰:۰۰ | سه شنبه ساعت ۱۵:۰۰ تا ۲۰:۰۰,https://mftplus.com/lesson/6364/MCSA-PACK-2025
آشپزی ملل,تشریفات و گردشگری,نارمک,مشخص نشده,یکشنبه ۱۷ اسفند ۱۴۰۴,یکشنبه ۳ خرداد ۱۴۰۵,"۲۹۳,۰۰۰,۰۰۰","۲۹۳,۰۰۰,۰۰۰",یکشنبه ساعت ۱۵:۳۰ تا ۱۹:۳۰,https://mftplus.com/lesson/4017/آشپزی-ملل
کمک های اولیه و فوریت های پزشکی,دانش سلامت,سعادت آباد (مرکزی),مشخص نشده,یکشنبه ۱۷ اسفند ۱۴۰۴,یکشنبه ۶ اردیبهشت ۱۴۰۵,"۴۵,۵۰۰,۰۰۰","۴۵,۵۰۰,۰۰۰",یکشنبه ساعت ۰۹:۰۰ تا ۱۴:۰۰ | سه شنبه ساعت ۰۹:۰۰ تا ۱۴:۰۰,https://mftplus.com/lesson/341612128/کمک-های-اولیه-و-فوریت-های-پزشکی
نرم افزار Revit معماری,معماری,اکباتان,مشخص نشده,یکشنبه ۱۷ اسفند ۱۴۰۴,سه شنبه ۲۹ اردیبهشت ۱۴۰۵,"۸۹,۰۰۰,۰۰۰","۸۹,۰۰۰,۰۰۰",یکشنبه ساعت ۱۷:۳۰ تا ۲۰:۳۰ | سه شنبه ساعت ۱۷:۳۰ تا ۲۰:۳۰,https://mftplus.com/lesson/391412129/نرم-افزار-Revit-معماری
مجموعه قوانین کاربردی در حسابداری,علوم مالی و حسابداری,سعادت آباد (مرکزی),مشخص نشده,یکشنبه ۱۷ اسفند ۱۴۰۴,سه شنبه ۲۹ اردیبهشت ۱۴۰۵,"۶۲,۶۰۰,۰۰۰","۶۲,۶۰۰,۰۰۰",یکشنبه ساعت ۱۷:۳۰ تا ۲۰:۳۰ | سه شنبه ساعت ۱۷:۳۰ تا ۲۰:۳۰,https://mftplus.com/lesson/3861/مجموعه-قوانین-کاربردی-در-حسابداری
پریمیر,هنر و سینما,زعفرانیه,مشخص نشده,یکشنبه ۱۷ اسفند ۱۴۰۴,یکشنبه ۱۳ اردیبهشت ۱۴۰۵,"۵۷,۰۰۰,۰۰۰","۶۶,۰۰۰,۰۰۰",یکشنبه ساعت ۱۷:۰۰ تا ۲۱:۰۰ | سه شنبه ساعت ۱۷:۰۰ تا ۲۱:۰۰,https://mftplus.com/lesson/431213156/پریمیر
طراحی معماری و دکوراسیون داخلی مقدماتی,معماری,پارک ساعی,مشخص نشده,دوشنبه ۱۸ اسفند ۱۴۰۴,چهارشنبه ۳۱ تیر ۱۴۰۵,"۱۷۱,۰۰۰,۰۰۰","۱۷۱,۰۰۰,۰۰۰",دوشنبه ساعت ۱۷:۰۰ تا ۲۱:۰۰ | چهارشنبه ساعت ۱۷:۰۰ تا ۲۱:۰۰,https://mftplus.com/lesson/391212125/طراحی-معماری-و-دکوراسیون-داخلی-مقدماتی
دوره ی جامع اجرای ساختمان از فونداسیون تا نازک کاری,معماری,زعفرانیه,مشخص نشده,دوشنبه ۱۸ اسفند ۱۴۰۴,دوشنبه ۲ شهریور ۱۴۰۵,"۱۹۸,۰۰۰,۰۰۰","۱۹۸,۰۰۰,۰۰۰",دوشنبه ساعت ۱۷:۳۰ تا ۲۱:۰۰,https://mftplus.com/lesson/391612144/دوره-ی-جامع-اجرای-ساختمان-از-فونداسیون-تا-نازک-کاری
چیدمان فروشگاهی,فناوری مد و پوشاک,ونک,مشخص نشده,دوشنبه ۱۸ اسفند ۱۴۰۴,دوشنبه ۴ خرداد ۱۴۰۵,"۸۵,۰۰۰,۰۰۰","۸۵,۰۰۰,۰۰۰",دوشنبه ساعت ۱۵:۰۰ تا ۱۸:۰۰,https://mftplus.com/lesson/5723/چیدمان-فروشگاهی
کارگاه نصب و راه اندازی ویندوز 10 &11,فناوری اطلاعات و ارتباطات,زعفرانیه,مشخص نشده,دوشنبه ۱۸ اسفند ۱۴۰۴,دوشنبه ۲۵ اسفند ۱۴۰۴,"۱۲,۰۰۰,۰۰۰","۱۵,۰۰۰,۰۰۰",دوشنبه ساعت ۱۳:۰۰ تا ۱۷:۰۰,https://mftplus.com/lesson/5933/کارگاه-نصب-و-راه-اندازی-ویندوز-10-&11
مقدمه ای بر الگوریتم و برنامه نویسی,فناوری اطلاعات و ارتباطات,سعادت آباد (مرکزی),آرشام حاجب,دوشنبه ۱۸ اسفند ۱۴۰۴,شنبه ۱۲ اردیبهشت ۱۴۰۵,"۲۸,۰۰۰,۰۰۰","۳۳,۰۰۰,۰۰۰",شنبه ساعت ۲۰:۰۰ تا ۲۲:۳۰ | دوشنبه ساعت ۲۰:۰۰ تا ۲۲:۳۰,https://mftplus.com/lesson/132017130/مقدمه-ای-بر-الگوریتم-و-برنامه-نویسی
دوره تخصصی صفر تا صد اصول  طراحی ویلا,معماری,زعفرانیه,مشخص نشده,دوشنبه ۱۸ اسفند ۱۴۰۴,دوشنبه ۲۶ مرداد ۱۴۰۵,"۱۱۴,۰۰۰,۰۰۰","۱۱۴,۰۰۰,۰۰۰",دوشنبه ساعت ۱۷:۳۰ تا ۲۱:۰۰,https://mftplus.com/lesson/4862/دوره-تخصصی-صفر-تا-صد-اصول-طراحی-ویلا
نرم افزار Revit معماری پیشرفته,معماری,زعفرانیه,مشخص نشده,دوشنبه ۱۸ اسفند ۱۴۰۴,دوشنبه ۱۸ خرداد ۱۴۰۵,"۸۱,۰۰۰,۰۰۰","۸۱,۰۰۰,۰۰۰",دوشنبه ساعت ۱۷:۳۰ تا ۲۱:۰۰,https://mftplus.com/lesson/6367/نرم-افزار-Revit-معماری-پیشرفته
دوخت تخصصی مانتو,فناوری مد و پوشاک,ونک,مشخص نشده,دوشنبه ۱۸ اسفند ۱۴۰۴,دوشنبه ۱۶ شهریور ۱۴۰۵,"۹۲,۰۰۰,۰۰۰","۹۲,۰۰۰,۰۰۰",دوشنبه ساعت ۱۵:۰۰ تا ۱۹:۰۰,https://mftplus.com/lesson/3947/دوخت-تخصصی-مانتو
فن بیان و سخنرانی,کودک و نوجوان,بلوار کاوه(قیطریه),مشخص نشده,دوشنبه ۱۸ اسفند ۱۴۰۴,دوشنبه ۳۱ فروردین ۱۴۰۵,"۵۴,۱۰۰,۰۰۰","۵۴,۱۰۰,۰۰۰",دوشنبه ساعت ۱۴:۰۰ تا ۱۹:۰۰,https://mftplus.com/lesson/3744/فن-بیان-و-سخنرانی
طراحی معماری و دکوراسیون داخلی متوسط,معماری,تهرانپارس,علی سلیمانی,دوشنبه ۱۸ اسفند ۱۴۰۴,دوشنبه ۳۰ شهریور ۱۴۰۵,"۲۰۶,۰۰۰,۰۰۰","۲۰۶,۰۰۰,۰۰۰",دوشنبه ساعت ۰۹:۳۰ تا ۱۴:۳۰,https://mftplus.com/lesson/391212126/طراحی-معماری-و-دکوراسیون-داخلی-متوسط
دوخت تخصصی مانتو,فناوری مد و پوشاک,زعفرانیه,مشخص نشده,دوشنبه ۱۸ اسفند ۱۴۰۴,دوشنبه ۱۲ مرداد ۱۴۰۵,"۹۲,۰۰۰,۰۰۰","۹۲,۰۰۰,۰۰۰",دوشنبه ساعت ۱۰:۰۰ تا ۱۵:۰۰,https://mftplus.com/lesson/3947/دوخت-تخصصی-مانتو
تغذیه و تناسب اندام,دانش سلامت,بلوار کاوه(قیطریه),مشخص نشده,دوشنبه ۱۸ اسفند ۱۴۰۴,شنبه ۱۹ اردیبهشت ۱۴۰۵,"۵۴,۹۰۰,۰۰۰","۵۴,۹۰۰,۰۰۰",شنبه ساعت ۱۵:۰۰ تا ۲۰:۰۰ | دوشنبه ساعت ۱۵:۰۰ تا ۲۰:۰۰,https://mftplus.com/lesson/4263/تغذیه-و-تناسب-اندام
نرم افزار Lumion,معماری,زعفرانیه,مشخص نشده,دوشنبه ۱۸ اسفند ۱۴۰۴,دوشنبه ۲۸ اردیبهشت ۱۴۰۵,"۶۶,۰۰۰,۰۰۰","۶۶,۰۰۰,۰۰۰",دوشنبه ساعت ۱۷:۳۰ تا ۲۱:۰۰,https://mftplus.com/lesson/391412154/نرم-افزار-Lumion
تکنسین داروخانه (نسخه خوانی),دانش سلامت,سعادت آباد (مرکزی),مشخص نشده,دوشنبه ۱۸ اسفند ۱۴۰۴,سه شنبه ۲۲ اردیبهشت ۱۴۰۵,"۷۱,۵۰۰,۰۰۰","۷۱,۵۰۰,۰۰۰",دوشنبه ساعت ۱۰:۰۰ تا ۱۴:۰۰ | سه شنبه ساعت ۱۰:۰۰ تا ۱۴:۰۰,https://mftplus.com/lesson/341615130/تکنسین-داروخانه-(نسخه-خوانی)
اتوکد سه بعدی معماری,معماری,بلوار کاوه(قیطریه),مشخص نشده,دوشنبه ۱۸ اسفند ۱۴۰۴,دوشنبه ۷ اردیبهشت ۱۴۰۵,"۶۲,۰۰۰,۰۰۰","۶۲,۰۰۰,۰۰۰",دوشنبه ساعت ۱۵:۰۰ تا ۲۰:۰۰,https://mftplus.com/lesson/391412130/اتوکد-سه-بعدی-معماری
برنامه ریزی و کنترل پروژه با نرم افزار Oracle Primavera P6,علوم مهندسی,سیدخندان,مشخص نشده,دوشنبه ۱۸ اسفند ۱۴۰۴,دوشنبه ۲۱ اردیبهشت ۱۴۰۵,"۷۵,۰۰۰,۰۰۰","۷۵,۰۰۰,۰۰۰",شنبه ساعت ۱۷:۳۰ تا ۲۰:۳۰ | دوشنبه ساعت ۱۷:۳۰ تا ۲۰:۳۰,https://mftplus.com/lesson/154012133/برنامه-ریزی-و-کنترل-پروژه-با-نرم-افزار-Oracle-Primavera-P6
طراحی نما ویژه بازار کار,معماری,بلوار کاوه(قیطریه),مشخص نشده,دوشنبه ۱۸ اسفند ۱۴۰۴,دوشنبه ۲۸ اردیبهشت ۱۴۰۵,"۱۰۲,۰۰۰,۰۰۰","۱۰۲,۰۰۰,۰۰۰",دوشنبه ساعت ۰۹:۰۰ تا ۱۴:۰۰,https://mftplus.com/lesson/4431/طراحی-نما-ویژه-بازار-کار
مدیریت و راه اندازی کافه و رستوران,تشریفات و گردشگری,زعفرانیه,مشخص نشده,دوشنبه ۱۸ اسفند ۱۴۰۴,دوشنبه ۷ اردیبهشت ۱۴۰۵,"۱۱۹,۰۰۰,۰۰۰","۱۱۹,۰۰۰,۰۰۰",دوشنبه ساعت ۱۰:۳۰ تا ۱۶:۳۰,https://mftplus.com/lesson/3815/مدیریت-و-راه-اندازی-کافه-و-رستوران
طراحی فضای سبز و محوطه سازی  (basic),معماری,ونک,مشخص نشده,دوشنبه ۱۸ اسفند ۱۴۰۴,دوشنبه ۲۹ تیر ۱۴۰۵,"۲۲۷,۰۰۰,۰۰۰","۲۲۷,۰۰۰,۰۰۰",دوشنبه ساعت ۱۳:۰۰ تا ۱۷:۰۰ | چهارشنبه ساعت ۱۳:۰۰ تا ۱۷:۰۰,https://mftplus.com/lesson/3914/طراحی-فضای-سبز-و-محوطه-سازی-(basic)
اتوکد دوبعدی معماری,معماری,ونک,مشخص نشده,دوشنبه ۱۸ اسفند ۱۴۰۴,شنبه ۱۹ اردیبهشت ۱۴۰۵,"۷۵,۰۰۰,۰۰۰","۷۵,۰۰۰,۰۰۰",شنبه ساعت ۱۸:۰۰ تا ۲۱:۰۰ | دوشنبه ساعت ۱۸:۰۰ تا ۲۱:۰۰,https://mftplus.com/lesson/391412131/اتوکد-دوبعدی-معماری
مدیریت و راه اندازی کافه و رستوران,تشریفات و گردشگری,اکباتان,مشخص نشده,دوشنبه ۱۸ اسفند ۱۴۰۴,دوشنبه ۷ اردیبهشت ۱۴۰۵,"۱۱۹,۰۰۰,۰۰۰","۱۱۹,۰۰۰,۰۰۰",دوشنبه ساعت ۱۰:۳۰ تا ۱۶:۳۰,https://mftplus.com/lesson/3815/مدیریت-و-راه-اندازی-کافه-و-رستوران
مدیریت و راه اندازی کافه و رستوران,تشریفات و گردشگری,بلوار کاوه(قیطریه),مشخص نشده,دوشنبه ۱۸ اسفند ۱۴۰۴,دوشنبه ۷ اردیبهشت ۱۴۰۵,"۱۱۹,۰۰۰,۰۰۰","۱۱۹,۰۰۰,۰۰۰",دوشنبه ساعت ۱۰:۳۰ تا ۱۶:۳۰,https://mftplus.com/lesson/3815/مدیریت-و-راه-اندازی-کافه-و-رستوران
حسابداری ویژه بازار کار,علوم مالی و حسابداری,زعفرانیه,مشخص نشده,دوشنبه ۱۸ اسفند ۱۴۰۴,چهارشنبه ۶ آبان ۱۴۰۵,"۱۷۷,۶۰۰,۰۰۰","۱۷۷,۶۰۰,۰۰۰",دوشنبه ساعت ۱۷:۳۰ تا ۲۰:۳۰ | چهارشنبه ساعت ۱۷:۳۰ تا ۲۰:۳۰,https://mftplus.com/lesson/3869/حسابداری-ویژه-بازار-کار
نرم افزار Revit معماری,معماری,نیاوران,مشخص نشده,دوشنبه ۱۸ اسفند ۱۴۰۴,دوشنبه ۲۵ خرداد ۱۴۰۵,"۸۹,۰۰۰,۰۰۰","۸۹,۰۰۰,۰۰۰",دوشنبه ساعت ۱۶:۳۰ تا ۲۰:۳۰,https://mftplus.com/lesson/391412129/نرم-افزار-Revit-معماری
Sketchup & Vray,معماری,بلوار کاوه(قیطریه),مشخص نشده,دوشنبه ۱۸ اسفند ۱۴۰۴,دوشنبه ۲۸ اردیبهشت ۱۴۰۵,"۶۹,۰۰۰,۰۰۰","۶۹,۰۰۰,۰۰۰",دوشنبه ساعت ۰۹:۰۰ تا ۱۴:۰۰,https://mftplus.com/lesson/391412133/Sketchup-&-Vray
ICDL Pack 2021,فناوری اطلاعات و ارتباطات,اسلامشهر,مشخص نشده,دوشنبه ۱۸ اسفند ۱۴۰۴,چهارشنبه ۱۷ تیر ۱۴۰۵,"۶۳,۰۰۰,۰۰۰","۸۱,۰۰۰,۰۰۰",شنبه ساعت ۱۵:۰۰ تا ۱۸:۰۰ | دوشنبه ساعت ۱۵:۰۰ تا ۱۸:۰۰ | چهارشنبه ساعت ۱۵:۰۰ تا ۱۸:۰۰,https://mftplus.com/lesson/5575/ICDL-Pack-2021
حسابداری مالی خدماتی,علوم مالی و حسابداری,زعفرانیه,مشخص نشده,دوشنبه ۱۸ اسفند ۱۴۰۴,چهارشنبه ۳۰ اردیبهشت ۱۴۰۵,"۵۳,۹۰۰,۰۰۰","۵۳,۹۰۰,۰۰۰",دوشنبه ساعت ۱۷:۳۰ تا ۲۰:۳۰ | چهارشنبه ساعت ۱۷:۳۰ تا ۲۰:۳۰,https://mftplus.com/lesson/3865/حسابداری-مالی-خدماتی
دوره جامع سرمایه گذاری در بازارهای رمز ارز، فارکس و طلا,علوم مالی و حسابداری,سعادت آباد (مرکزی),مشخص نشده,دوشنبه ۱۸ اسفند ۱۴۰۴,دوشنبه ۵ مرداد ۱۴۰۵,"۲۰۷,۵۰۰,۰۰۰","۲۰۷,۵۰۰,۰۰۰",دوشنبه ساعت ۱۷:۳۰ تا ۲۰:۳۰ | چهارشنبه ساعت ۱۷:۳۰ تا ۲۰:۳۰,https://mftplus.com/lesson/6473/دوره-جامع-سرمایه-گذاری-در-بازارهای-رمز-ارز،-فارکس-و-طلا
پکیج طراحی دکوراسیون داخلی از مقدماتی تا پیشرفته,معماری,پارک ساعی,مشخص نشده,دوشنبه ۱۸ اسفند ۱۴۰۴,دوشنبه ۱۶ فروردین ۱۴۰۶,"۵۲۹,۰۰۰,۰۰۰","۵۲۹,۰۰۰,۰۰۰",دوشنبه ساعت ۱۷:۰۰ تا ۲۱:۰۰ | چهارشنبه ساعت ۱۷:۰۰ تا ۲۱:۰۰,https://mftplus.com/lesson/5999/پکیج-طراحی-دکوراسیون-داخلی-از-مقدماتی-تا-پیشرفته
طراحی فضای سبز و محوطه سازی (Advance),معماری,نیاوران,مشخص نشده,دوشنبه ۱۸ اسفند ۱۴۰۴,دوشنبه ۳۰ شهریور ۱۴۰۵,"۱۷۹,۰۰۰,۰۰۰","۱۷۹,۰۰۰,۰۰۰",دوشنبه ساعت ۱۷:۰۰ تا ۲۱:۰۰,https://mftplus.com/lesson/3915/طراحی-فضای-سبز-و-محوطه-سازی-(Advance)
تایپ و تندزنی,فناوری اطلاعات و ارتباطات,میرداماد,مشخص نشده,دوشنبه ۱۸ اسفند ۱۴۰۴,دوشنبه ۳۱ فروردین ۱۴۰۵,"۸,۶۵۰,۰۰۰","۱۰,۸۰۰,۰۰۰",دوشنبه ساعت ۱۴:۰۰ تا ۱۷:۰۰,https://mftplus.com/lesson/131514123/تایپ-و-تندزنی
طراحی نقاشی مقدماتی,هنر و سینما,زعفرانیه,مشخص نشده,دوشنبه ۱۸ اسفند ۱۴۰۴,دوشنبه ۱۲ مرداد ۱۴۰۵,"۳۹,۹۰۰,۰۰۰","۳۹,۹۰۰,۰۰۰",دوشنبه ساعت ۱۷:۰۰ تا ۲۰:۰۰,https://mftplus.com/lesson/431512135/طراحی-نقاشی-مقدماتی
Network+,فناوری اطلاعات و ارتباطات,سعادت آباد (مرکزی),پدرام حسین نخعی,سه شنبه ۱۹ اسفند ۱۴۰۴,سه شنبه ۸ اردیبهشت ۱۴۰۵,"۱۵,۰۰۰,۰۰۰","۲۰,۰۰۰,۰۰۰",سه شنبه ساعت ۱۷:۳۰ تا ۲۱:۳۰,https://mftplus.com/lesson/131612129/Network+
MCSA PACK 2025,فناوری اطلاعات و ارتباطات,سعادت آباد (مرکزی),پدرام حسین نخعی,سه شنبه ۱۹ اسفند ۱۴۰۴,سه شنبه ۲۴ فروردین ۱۴۰۶,"۱۷۳,۰۰۰,۰۰۰","۲۱۸,۰۰۰,۰۰۰",سه شنبه ساعت ۱۷:۳۰ تا ۲۱:۳۰,https://mftplus.com/lesson/6364/MCSA-PACK-2025
دوره تخصصی Tech Pach,فناوری مد و پوشاک,ونک,مشخص نشده,سه شنبه ۱۹ اسفند ۱۴۰۴,سه شنبه ۵ خرداد ۱۴۰۵,"۸۴,۰۰۰,۰۰۰","۸۴,۰۰۰,۰۰۰",سه شنبه ساعت ۰۹:۰۰ تا ۱۲:۰۰,https://mftplus.com/lesson/6113/دوره-تخصصی-Tech-Pach
تبدیل نقشه های فاز یک به فاز دو,معماری,زعفرانیه,مشخص نشده,سه شنبه ۱۹ اسفند ۱۴۰۴,سه شنبه ۲۲ اردیبهشت ۱۴۰۵,"۵۹,۰۰۰,۰۰۰","۵۹,۰۰۰,۰۰۰",سه شنبه ساعت ۱۷:۳۰ تا ۲۱:۰۰,https://mftplus.com/lesson/391412142/تبدیل-نقشه-های-فاز-یک-به-فاز-دو
JavaScript (Web Design III),فناوری اطلاعات و ارتباطات,سعادت آباد (مرکزی),مریم رفیع فرحزادی,سه شنبه ۱۹ اسفند ۱۴۰۴,یکشنبه ۳ خرداد ۱۴۰۵,"۸۱,۰۰۰,۰۰۰","۱۰۱,۵۰۰,۰۰۰",یکشنبه ساعت ۱۱:۰۰ تا ۱۴:۰۰ | سه شنبه ساعت ۱۱:۰۰ تا ۱۴:۰۰,https://mftplus.com/lesson/6458/JavaScript-(Web-Design-III)
کاربرد نرم افزار ایلاستریتور در طراحی لباس,فناوری مد و پوشاک,زعفرانیه,مشخص نشده,سه شنبه ۱۹ اسفند ۱۴۰۴,سه شنبه ۲۹ اردیبهشت ۱۴۰۵,"۳۹,۰۰۰,۰۰۰","۳۹,۰۰۰,۰۰۰",سه شنبه ساعت ۱۳:۰۰ تا ۱۷:۰۰,https://mftplus.com/lesson/6310/کاربرد-نرم-افزار-ایلاستریتور-در-طراحی-لباس
Responsive & Bootstrap (Web Design II),فناوری اطلاعات و ارتباطات,سعادت آباد (مرکزی),تورج آرمین پور,سه شنبه ۱۹ اسفند ۱۴۰۴,سه شنبه ۱۵ اردیبهشت ۱۴۰۵,"۵۰,۰۰۰,۰۰۰","۶۳,۰۰۰,۰۰۰",سه شنبه ساعت ۱۵:۰۰ تا ۲۰:۰۰,https://mftplus.com/lesson/6457/Responsive-&-Bootstrap-(Web-Design-II)
الگو و مدلسازی دوخت لباس کودک,فناوری مد و پوشاک,ونک,مشخص نشده,سه شنبه ۱۹ اسفند ۱۴۰۴,سه شنبه ۹ تیر ۱۴۰۵,"۸۰,۰۰۰,۰۰۰","۸۰,۰۰۰,۰۰۰",سه شنبه ساعت ۰۹:۰۰ تا ۱۵:۰۰,https://mftplus.com/lesson/411412159/الگو-و-مدلسازی-دوخت-لباس-کودک
دوره ی جامع بازسازی و اجرای پروژه های طراحی داخلی,معماری,پارک ساعی,مشخص نشده,سه شنبه ۱۹ اسفند ۱۴۰۴,سه شنبه ۲۲ اردیبهشت ۱۴۰۵,"۱۴۸,۰۰۰,۰۰۰","۱۴۸,۰۰۰,۰۰۰",یکشنبه ساعت ۱۷:۰۰ تا ۲۰:۰۰ | سه شنبه ساعت ۱۷:۰۰ تا ۲۰:۰۰,https://mftplus.com/lesson/391612165/دوره-ی-جامع-بازسازی-و-اجرای-پروژه-های-طراحی-داخلی
حسابداری ویژه بازار کار,علوم مالی و حسابداری,نیاوران,مشخص نشده,سه شنبه ۱۹ اسفند ۱۴۰۴,یکشنبه ۴ مرداد ۱۴۰۵,"۱۷۷,۶۰۰,۰۰۰","۱۷۷,۶۰۰,۰۰۰",یکشنبه ساعت ۰۹:۰۰ تا ۱۴:۰۰ | سه شنبه ساعت ۰۹:۰۰ تا ۱۴:۰۰,https://mftplus.com/lesson/3869/حسابداری-ویژه-بازار-کار
تمبور دوزی تخصصی,فناوری مد و پوشاک,زعفرانیه,مشخص نشده,سه شنبه ۱۹ اسفند ۱۴۰۴,سه شنبه ۱۵ اردیبهشت ۱۴۰۵,"۳۶,۰۰۰,۰۰۰","۳۶,۰۰۰,۰۰۰",سه شنبه ساعت ۱۴:۰۰ تا ۱۷:۰۰,https://mftplus.com/lesson/3961/تمبور-دوزی-تخصصی
Java SE 8 Programming,فناوری اطلاعات و ارتباطات,بلوار کاوه(قیطریه),مشخص نشده,سه شنبه ۱۹ اسفند ۱۴۰۴,سه شنبه ۲۹ اردیبهشت ۱۴۰۵,"۵۵,۰۰۰,۰۰۰","۶۸,۰۰۰,۰۰۰",یکشنبه ساعت ۱۷:۰۰ تا ۲۰:۰۰ | سه شنبه ساعت ۱۷:۰۰ تا ۲۰:۰۰,https://mftplus.com/lesson/132018136/Java-SE-8-Programming
Programming with Python,فناوری اطلاعات و ارتباطات,میرداماد,مشخص نشده,سه شنبه ۱۹ اسفند ۱۴۰۴,سه شنبه ۱۲ خرداد ۱۴۰۵,"۷۰,۰۰۰,۰۰۰","۸۸,۰۰۰,۰۰۰",یکشنبه ساعت ۱۷:۳۰ تا ۲۰:۳۰ | سه شنبه ساعت ۱۷:۳۰ تا ۲۰:۳۰,https://mftplus.com/lesson/5679/Programming-with-Python
 نرم افزار سه بعدی در طراحی لباس,فناوری مد و پوشاک,زعفرانیه,مشخص نشده,سه شنبه ۱۹ اسفند ۱۴۰۴,سه شنبه ۸ اردیبهشت ۱۴۰۵,"۳۶,۰۰۰,۰۰۰","۳۶,۰۰۰,۰۰۰",سه شنبه ساعت ۱۰:۰۰ تا ۱۵:۰۰,https://mftplus.com/lesson/6315/نرم-افزار-سه-بعدی-در-طراحی-لباس
Microsoft Office Excel 2021,فناوری اطلاعات و ارتباطات,انقلاب,مشخص نشده,سه شنبه ۱۹ اسفند ۱۴۰۴,سه شنبه ۱ اردیبهشت ۱۴۰۵,"۲۳,۰۰۰,۰۰۰","۲۸,۰۰۰,۰۰۰",یکشنبه ساعت ۱۴:۳۰ تا ۱۷:۳۰ | سه شنبه ساعت ۱۴:۳۰ تا ۱۷:۳۰,https://mftplus.com/lesson/5578/Microsoft-Office-Excel-2021
Microsoft Office Excel 2021 Expert,فناوری اطلاعات و ارتباطات,انقلاب,مشخص نشده,سه شنبه ۱۹ اسفند ۱۴۰۴,سه شنبه ۸ اردیبهشت ۱۴۰۵,"۳۵,۰۰۰,۰۰۰","۴۴,۰۰۰,۰۰۰",یکشنبه ساعت ۱۷:۳۰ تا ۲۰:۳۰ | سه شنبه ساعت ۱۷:۳۰ تا ۲۰:۳۰,https://mftplus.com/lesson/5619/Microsoft-Office-Excel-2021-Expert
تحلیل روانشناختی بازارهای بین المللی,علوم مالی و حسابداری,میرداماد,مشخص نشده,سه شنبه ۱۹ اسفند ۱۴۰۴,سه شنبه ۱۵ اردیبهشت ۱۴۰۵,"۸۳,۱۰۰,۰۰۰","۸۳,۱۰۰,۰۰۰",سه شنبه ساعت ۱۷:۳۰ تا ۲۰:۳۰,https://mftplus.com/lesson/3950/تحلیل-روانشناختی-بازارهای-بین-المللی
نقشه برداری زمینی با دوربین توتال استیشن,علوم مهندسی,سعادت آباد (مرکزی),مشخص نشده,سه شنبه ۱۹ اسفند ۱۴۰۴,جمعه ۲۲ اسفند ۱۴۰۴,"۸۹,۰۰۰,۰۰۰","۸۹,۰۰۰,۰۰۰",جمعه ساعت ۰۸:۰۰ تا ۱۷:۰۰ | سه شنبه ساعت ۰۸:۰۰ تا ۱۷:۰۰ | چهارشنبه ساعت ۰۸:۰۰ تا ۱۷:۰۰ | پنجشنبه ساعت ۰۸:۰۰ تا ۱۷:۰۰,https://mftplus.com/lesson/153412126/نقشه-برداری-زمینی-با-دوربین-توتال-استیشن
بلندر-مقدماتی,هنر و سینما,اکباتان,مشخص نشده,سه شنبه ۱۹ اسفند ۱۴۰۴,سه شنبه ۸ اردیبهشت ۱۴۰۵,"۵۷,۳۰۰,۰۰۰","۵۷,۳۰۰,۰۰۰",یکشنبه ساعت ۱۷:۳۰ تا ۲۰:۳۰ | سه شنبه ساعت ۱۷:۳۰ تا ۲۰:۳۰,https://mftplus.com/lesson/6017/بلندر-مقدماتی
مدیریت ارتباط با مشتری (CRM),مدیریت و کسب و کار,میرداماد,مشخص نشده,سه شنبه ۱۹ اسفند ۱۴۰۴,سه شنبه ۱۹ اسفند ۱۴۰۴,"۲۳,۵۰۰,۰۰۰","۲۳,۵۰۰,۰۰۰",سه شنبه ساعت ۰۹:۰۰ تا ۱۷:۰۰,https://mftplus.com/lesson/4943/مدیریت-ارتباط-با-مشتری-(CRM)
CCNA 200-301,فناوری اطلاعات و ارتباطات,سعادت آباد (مرکزی),سینا رجائی,پنجشنبه ۲۱ اسفند ۱۴۰۴,پنجشنبه ۲۵ تیر ۱۴۰۵,"۶۴,۰۰۰,۰۰۰","۷۸,۰۰۰,۰۰۰",پنجشنبه ساعت ۱۴:۳۰ تا ۱۹:۳۰,https://mftplus.com/lesson/3742/CCNA-200-301
نرم افزار Revit معماری,معماری,پرند,مشخص نشده,پنجشنبه ۲۱ اسفند ۱۴۰۴,پنجشنبه ۱۴ خرداد ۱۴۰۵,"۸۹,۰۰۰,۰۰۰","۸۹,۰۰۰,۰۰۰",پنجشنبه ساعت ۰۸:۰۰ تا ۱۳:۰۰,https://mftplus.com/lesson/391412129/نرم-افزار-Revit-معماری
ایمنی، بهداشت و محیط زیست (HSE) پیشرفته,علوم مهندسی,زعفرانیه,مشخص نشده,پنجشنبه ۲۱ اسفند ۱۴۰۴,پنجشنبه ۲۰ فروردین ۱۴۰۵,"۶۵,۰۰۰,۰۰۰","۶۵,۰۰۰,۰۰۰",جمعه ساعت ۰۹:۰۰ تا ۱۷:۰۰ | پنجشنبه ساعت ۰۹:۰۰ تا ۱۷:۰۰,https://mftplus.com/lesson/154113124/ایمنی،-بهداشت-و-محیط-زیست-(HSE)-پیشرفته
دوره جامع طراحی طلا و جواهرات به کمک نرم افزار MATRIX,علوم مهندسی,زعفرانیه,مشخص نشده,پنجشنبه ۲۱ اسفند ۱۴۰۴,پنجشنبه ۱۴ آبان ۱۴۰۵,"۱۹۹,۰۰۰,۰۰۰","۱۹۹,۰۰۰,۰۰۰",پنجشنبه ساعت ۱۵:۰۰ تا ۲۰:۰۰,https://mftplus.com/lesson/4502/دوره-جامع-طراحی-طلا-و-جواهرات-به-کمک-نرم-افزار-MATRIX
PHP & MYSQL Web Development,فناوری اطلاعات و ارتباطات,نارمک,مشخص نشده,پنجشنبه ۲۱ اسفند ۱۴۰۴,پنجشنبه ۱۵ مرداد ۱۴۰۵,"۹۹,۰۰۰,۰۰۰","۹۹,۰۰۰,۰۰۰",پنجشنبه ساعت ۱۶:۰۰ تا ۲۰:۰۰,https://mftplus.com/lesson/5352/PHP-&-MYSQL-Web-Development
اصول مناقصات و قراردادها,مدیریت و کسب و کار,زعفرانیه,مشخص نشده,پنجشنبه ۲۱ اسفند ۱۴۰۴,پنجشنبه ۱۰ اردیبهشت ۱۴۰۵,"۸۰,۰۰۰,۰۰۰","۹۲,۰۰۰,۰۰۰",پنجشنبه ساعت ۱۷:۰۰ تا ۲۰:۰۰,https://mftplus.com/lesson/4398/اصول-مناقصات-و-قراردادها
عکاسی با موبایل,تولید محتوا,زعفرانیه,مشخص نشده,پنجشنبه ۲۱ اسفند ۱۴۰۴,پنجشنبه ۳۱ اردیبهشت ۱۴۰۵,"۴۶,۱۰۰,۰۰۰","۴۶,۱۰۰,۰۰۰",پنجشنبه ساعت ۱۳:۰۰ تا ۱۷:۰۰,https://mftplus.com/lesson/6519/عکاسی-با-موبایل
دوخت تخصصی شلوار,فناوری مد و پوشاک,زعفرانیه,مشخص نشده,پنجشنبه ۲۱ اسفند ۱۴۰۴,پنجشنبه ۲۱ خرداد ۱۴۰۵,"۵۷,۰۰۰,۰۰۰","۵۷,۰۰۰,۰۰۰",پنجشنبه ساعت ۰۹:۰۰ تا ۱۳:۰۰,https://mftplus.com/lesson/4440/دوخت-تخصصی-شلوار
طراحی مکانیکی به کمک SOLIDWORKS I,علوم مهندسی,پارک ساعی,مشخص نشده,پنجشنبه ۲۱ اسفند ۱۴۰۴,پنجشنبه ۱۰ اردیبهشت ۱۴۰۵,"۷۹,۰۰۰,۰۰۰","۷۹,۰۰۰,۰۰۰",جمعه ساعت ۱۴:۰۰ تا ۱۹:۰۰ | پنجشنبه ساعت ۱۴:۰۰ تا ۱۹:۰۰,https://mftplus.com/lesson/153718144/طراحی-مکانیکی-به-کمک-SOLIDWORKS-I
کمک های اولیه و فوریت های پزشکی,دانش سلامت,زعفرانیه,مشخص نشده,پنجشنبه ۲۱ اسفند ۱۴۰۴,پنجشنبه ۷ خرداد ۱۴۰۵,"۴۵,۵۰۰,۰۰۰","۴۵,۵۰۰,۰۰۰",پنجشنبه ساعت ۱۵:۰۰ تا ۲۰:۰۰,https://mftplus.com/lesson/341612128/کمک-های-اولیه-و-فوریت-های-پزشکی
تکنسین داروخانه (نسخه خوانی),دانش سلامت,زعفرانیه,مشخص نشده,پنجشنبه ۲۱ اسفند ۱۴۰۴,پنجشنبه ۲۸ خرداد ۱۴۰۵,"۷۱,۵۰۰,۰۰۰","۷۱,۵۰۰,۰۰۰",پنجشنبه ساعت ۱۰:۰۰ تا ۱۵:۰۰,https://mftplus.com/lesson/341615130/تکنسین-داروخانه-(نسخه-خوانی)
3Ds Max Beginners to Advanced & V-Ray,معماری,تهرانپارس,مشخص نشده,پنجشنبه ۲۱ اسفند ۱۴۰۴,پنجشنبه ۸ مرداد ۱۴۰۵,"۱۴۴,۰۰۰,۰۰۰","۱۴۴,۰۰۰,۰۰۰",پنجشنبه ساعت ۰۸:۰۰ تا ۱۳:۰۰,https://mftplus.com/lesson/4542/3Ds-Max-Beginners-to-Advanced-&-V-Ray
ضخیم دوزی زنانه,فناوری مد و پوشاک,پارک ساعی,مشخص نشده,پنجشنبه ۲۱ اسفند ۱۴۰۴,پنجشنبه ۱۶ مهر ۱۴۰۵,"۱۴۴,۰۰۰,۰۰۰","۱۴۴,۰۰۰,۰۰۰",پنجشنبه ساعت ۱۱:۰۰ تا ۱۵:۰۰,https://mftplus.com/lesson/411414165/ضخیم-دوزی-زنانه
کاربرد هوش مصنوعی در طراحی و ایده پردازی طلا و جواهر,علوم مهندسی,زعفرانیه,مشخص نشده,پنجشنبه ۲۱ اسفند ۱۴۰۴,پنجشنبه ۲۴ اردیبهشت ۱۴۰۵,"۶۵,۰۰۰,۰۰۰","۶۵,۰۰۰,۰۰۰",پنجشنبه ساعت ۱۳:۰۰ تا ۱۶:۰۰,https://mftplus.com/lesson/5675/کاربرد-هوش-مصنوعی-در-طراحی-و-ایده-پردازی-طلا-و-جواهر
پریمیر,هنر و سینما,زعفرانیه,مشخص نشده,پنجشنبه ۲۱ اسفند ۱۴۰۴,پنجشنبه ۱۷ اردیبهشت ۱۴۰۵,"۵۷,۰۰۰,۰۰۰","۶۶,۰۰۰,۰۰۰",جمعه ساعت ۱۳:۰۰ تا ۱۷:۰۰ | پنجشنبه ساعت ۱۳:۰۰ تا ۱۷:۰۰,https://mftplus.com/lesson/431213156/پریمیر
نرم افزار ABAQUS (مقدماتی),علوم مهندسی,زعفرانیه,مشخص نشده,پنجشنبه ۲۱ اسفند ۱۴۰۴,پنجشنبه ۲۸ خرداد ۱۴۰۵,"۷۹,۰۰۰,۰۰۰","۷۹,۰۰۰,۰۰۰",پنجشنبه ساعت ۱۴:۰۰ تا ۱۸:۰۰,https://mftplus.com/lesson/153716125/نرم-افزار-ABAQUS-(مقدماتی)
کارگاه جامع مدیریت سرمایه گذاری در بازار رمز ارزها (ارز دیجیتال),علوم مالی و حسابداری,زعفرانیه,مشخص نشده,پنجشنبه ۲۱ اسفند ۱۴۰۴,پنجشنبه ۳۱ اردیبهشت ۱۴۰۵,"۱۷۲,۹۰۰,۰۰۰","۱۷۲,۹۰۰,۰۰۰",جمعه ساعت ۰۹:۰۰ تا ۱۳:۰۰ | پنجشنبه ساعت ۰۹:۰۰ تا ۱۳:۰۰,https://mftplus.com/lesson/4446/کارگاه-جامع-مدیریت-سرمایه-گذاری-در-بازار-رمز-ارزها-(ارز-دیجیتال)
PLC LOGO,برق و الکترونیک,پارک ساعی,مشخص نشده,پنجشنبه ۲۱ اسفند ۱۴۰۴,پنجشنبه ۲۴ اردیبهشت ۱۴۰۵,"۶۱,۱۰۰,۰۰۰","۶۱,۱۰۰,۰۰۰",پنجشنبه ساعت ۱۴:۳۰ تا ۱۸:۳۰,https://mftplus.com/lesson/4611/PLC-LOGO
سیستم های کنترلی الکتروهیدرولیک,برق و الکترونیک,پارک ساعی,مشخص نشده,پنجشنبه ۲۱ اسفند ۱۴۰۴,پنجشنبه ۲۴ اردیبهشت ۱۴۰۵,"۱۰۶,۰۰۰,۰۰۰","۱۰۶,۰۰۰,۰۰۰",پنجشنبه ساعت ۱۴:۰۰ تا ۱۸:۰۰,https://mftplus.com/lesson/6330/سیستم-های-کنترلی-الکتروهیدرولیک
اصلاح رنگ و نور سینمایی با داوینچی,هنر و سینما,زعفرانیه,مشخص نشده,پنجشنبه ۲۱ اسفند ۱۴۰۴,پنجشنبه ۸ مرداد ۱۴۰۵,"۷۶,۰۰۰,۰۰۰","۷۶,۰۰۰,۰۰۰",پنجشنبه ساعت ۱۷:۰۰ تا ۲۰:۰۰,https://mftplus.com/lesson/3017/اصلاح-رنگ-و-نور-سینمایی-با-داوینچی
"VMware vSphere Install,Configure,Manage (ICM) V8",فناوری اطلاعات و ارتباطات,سعادت آباد (مرکزی),محمدحسن حق پناه,پنجشنبه ۲۱ اسفند ۱۴۰۴,پنجشنبه ۳۱ اردیبهشت ۱۴۰۵,"۵۸,۰۰۰,۰۰۰","۷۳,۰۰۰,۰۰۰",پنجشنبه ساعت ۰۹:۰۰ تا ۱۴:۰۰,"https://mftplus.com/lesson/6091/VMware-vSphere-Install,Configure,Manage-(ICM)-V8"
مقدمه ای بر الگوریتم و برنامه نویسی,فناوری اطلاعات و ارتباطات,سعادت آباد (مرکزی),سید احمد مصباح,پنجشنبه ۲۱ اسفند ۱۴۰۴,پنجشنبه ۱۰ اردیبهشت ۱۴۰۵,"۲۸,۰۰۰,۰۰۰","۳۳,۰۰۰,۰۰۰",پنجشنبه ساعت ۱۴:۳۰ تا ۱۹:۳۰,https://mftplus.com/lesson/132017130/مقدمه-ای-بر-الگوریتم-و-برنامه-نویسی
دوره مقدماتی تعمیرات بردهای الکترونیکی,برق و الکترونیک,سعادت آباد (مرکزی),پژمان شاه حسینی مهدوی,پنجشنبه ۲۱ اسفند ۱۴۰۴,پنجشنبه ۱۰ اردیبهشت ۱۴۰۵,"۵۳,۰۰۰,۰۰۰","۵۳,۰۰۰,۰۰۰",پنجشنبه ساعت ۰۸:۰۰ تا ۱۲:۰۰,https://mftplus.com/lesson/4690/دوره-مقدماتی-تعمیرات-بردهای-الکترونیکی
فتوشاپ نسخه مقدماتی تا پیشرفته,هنر و سینما,زعفرانیه,مشخص نشده,پنجشنبه ۲۱ اسفند ۱۴۰۴,جمعه ۲۵ اردیبهشت ۱۴۰۵,"۵۱,۰۰۰,۰۰۰","۵۶,۰۰۰,۰۰۰",جمعه ساعت ۰۹:۰۰ تا ۱۳:۰۰ | پنجشنبه ساعت ۰۹:۰۰ تا ۱۳:۰۰,https://mftplus.com/lesson/431314130/فتوشاپ-نسخه-مقدماتی-تا-پیشرفته
فتوشاپ و ایلاستریتور,هنر و سینما,زعفرانیه,مشخص نشده,پنجشنبه ۲۱ اسفند ۱۴۰۴,پنجشنبه ۲۱ خرداد ۱۴۰۵,"۸۴,۰۰۰,۰۰۰","۹۴,۰۰۰,۰۰۰",جمعه ساعت ۰۹:۰۰ تا ۱۳:۰۰ | پنجشنبه ساعت ۰۹:۰۰ تا ۱۳:۰۰,https://mftplus.com/lesson/431312124/فتوشاپ-و-ایلاستریتور
عکاسی دیجیتال,هنر و سینما,زعفرانیه,مشخص نشده,پنجشنبه ۲۱ اسفند ۱۴۰۴,پنجشنبه ۲۱ خرداد ۱۴۰۵,"۸۵,۹۰۰,۰۰۰","۸۵,۹۰۰,۰۰۰",جمعه ساعت ۱۳:۰۰ تا ۱۷:۰۰ | پنجشنبه ساعت ۱۳:۰۰ تا ۱۷:۰۰,https://mftplus.com/lesson/4919/عکاسی-دیجیتال
طراحی دستی جواهرات,علوم مهندسی,زعفرانیه,مشخص نشده,پنجشنبه ۲۱ اسفند ۱۴۰۴,پنجشنبه ۱ مرداد ۱۴۰۵,"۹۹,۰۰۰,۰۰۰","۹۹,۰۰۰,۰۰۰",پنجشنبه ساعت ۰۹:۰۰ تا ۱۳:۰۰,https://mftplus.com/lesson/154412123/طراحی-دستی-جواهرات
شبیه سازی فرایند با نرم افزار HYSYS سطح سه,علوم مهندسی,سعادت آباد (مرکزی),مشخص نشده,پنجشنبه ۲۱ اسفند ۱۴۰۴,پنجشنبه ۱۷ اردیبهشت ۱۴۰۵,"۶۹,۰۰۰,۰۰۰","۶۹,۰۰۰,۰۰۰",پنجشنبه ساعت ۰۸:۰۰ تا ۱۴:۰۰,https://mftplus.com/lesson/153515127/شبیه-سازی-فرایند-با-نرم-افزار-HYSYS-سطح-سه
تکنسین داروخانه (نسخه خوانی),دانش سلامت,سعادت آباد (مرکزی),مشخص نشده,پنجشنبه ۲۱ اسفند ۱۴۰۴,پنجشنبه ۲۸ خرداد ۱۴۰۵,"۷۱,۵۰۰,۰۰۰","۷۱,۵۰۰,۰۰۰",پنجشنبه ساعت ۰۹:۰۰ تا ۱۴:۰۰,https://mftplus.com/lesson/341615130/تکنسین-داروخانه-(نسخه-خوانی)
مدلسازی واحدهای فرایندی و لوله کشی به کمک نرم افزار PDMS – سطح یک,علوم مهندسی,سیدخندان,مشخص نشده,پنجشنبه ۲۱ اسفند ۱۴۰۴,پنجشنبه ۱۰ اردیبهشت ۱۴۰۵,"۶۵,۰۰۰,۰۰۰","۶۵,۰۰۰,۰۰۰",پنجشنبه ساعت ۱۳:۰۰ تا ۱۸:۰۰,https://mftplus.com/lesson/2979/مدلسازی-واحدهای-فرایندی-و-لوله-کشی-به-کمک-نرم-افزار-PDMS-–-سطح-یک
ساخت صابون های دست ساز گیاهی 1,هنر و سینما,سعادت آباد (مرکزی),مشخص نشده,پنجشنبه ۲۱ اسفند ۱۴۰۴,جمعه ۲۲ اسفند ۱۴۰۴,"۲۶,۰۰۰,۰۰۰","۲۶,۰۰۰,۰۰۰",جمعه ساعت ۰۹:۳۰ تا ۱۳:۳۰ | پنجشنبه ساعت ۰۹:۳۰ تا ۱۳:۳۰,https://mftplus.com/lesson/6240/ساخت-صابون-های-دست-ساز-گیاهی-1
دوره مقدماتی تعمیرات بردهای الکترونیکی,برق و الکترونیک,بلوار کاوه(قیطریه),مشخص نشده,پنجشنبه ۲۱ اسفند ۱۴۰۴,پنجشنبه ۱۰ اردیبهشت ۱۴۰۵,"۵۳,۰۰۰,۰۰۰","۵۳,۰۰۰,۰۰۰",پنجشنبه ساعت ۰۸:۰۰ تا ۱۲:۰۰,https://mftplus.com/lesson/4690/دوره-مقدماتی-تعمیرات-بردهای-الکترونیکی
موشن گرافیک,هنر و سینما,زعفرانیه,مشخص نشده,پنجشنبه ۲۱ اسفند ۱۴۰۴,پنجشنبه ۸ مرداد ۱۴۰۵,"۱۷۴,۰۰۰,۰۰۰","۱۷۴,۰۰۰,۰۰۰",جمعه ساعت ۰۹:۰۰ تا ۱۳:۰۰ | پنجشنبه ساعت ۰۹:۰۰ تا ۱۳:۰۰,https://mftplus.com/lesson/3064/موشن-گرافیک
ICDL Pack 2021,فناوری اطلاعات و ارتباطات,زعفرانیه,مشخص نشده,پنجشنبه ۲۱ اسفند ۱۴۰۴,پنجشنبه ۸ مرداد ۱۴۰۵,"۶۳,۰۰۰,۰۰۰","۸۱,۰۰۰,۰۰۰",جمعه ساعت ۱۳:۰۰ تا ۱۷:۰۰ | پنجشنبه ساعت ۱۳:۰۰ تا ۱۷:۰۰,https://mftplus.com/lesson/5575/ICDL-Pack-2021
ICDL 2021 Level 1,فناوری اطلاعات و ارتباطات,زعفرانیه,مشخص نشده,پنجشنبه ۲۱ اسفند ۱۴۰۴,جمعه ۱ خرداد ۱۴۰۵,"۳۸,۰۰۰,۰۰۰","۴۹,۰۰۰,۰۰۰",جمعه ساعت ۱۳:۰۰ تا ۱۷:۰۰ | پنجشنبه ساعت ۱۳:۰۰ تا ۱۷:۰۰,https://mftplus.com/lesson/5571/ICDL-2021-Level-1
طراحی مکانیکی به کمک CATIA I,علوم مهندسی,سیدخندان,مشخص نشده,پنجشنبه ۲۱ اسفند ۱۴۰۴,پنجشنبه ۷ خرداد ۱۴۰۵,"۷۹,۰۰۰,۰۰۰","۷۹,۰۰۰,۰۰۰",پنجشنبه ساعت ۱۳:۰۰ تا ۱۸:۰۰,https://mftplus.com/lesson/153718143/طراحی-مکانیکی-به-کمک-CATIA-I
طراحی داشبوردهای هوش تجاری با PowerBI,فناوری اطلاعات و ارتباطات,پارک ساعی,مشخص نشده,پنجشنبه ۲۱ اسفند ۱۴۰۴,پنجشنبه ۲۴ اردیبهشت ۱۴۰۵,"۴۰,۰۰۰,۰۰۰","۵۰,۰۰۰,۰۰۰",پنجشنبه ساعت ۱۴:۳۰ تا ۱۸:۳۰,https://mftplus.com/lesson/6057/طراحی-داشبوردهای-هوش-تجاری-با-PowerBI
حسابداری ویژه بازار کار,علوم مالی و حسابداری,نارمک,مشخص نشده,پنجشنبه ۲۱ اسفند ۱۴۰۴,پنجشنبه ۵ شهریور ۱۴۰۵,"۱۷۷,۶۰۰,۰۰۰","۱۷۷,۶۰۰,۰۰۰",جمعه ساعت ۱۳:۰۰ تا ۱۷:۰۰ | پنجشنبه ساعت ۱۳:۰۰ تا ۱۷:۰۰,https://mftplus.com/lesson/3869/حسابداری-ویژه-بازار-کار
حسابداری مالی خدماتی,علوم مالی و حسابداری,نارمک,مشخص نشده,پنجشنبه ۲۱ اسفند ۱۴۰۴,پنجشنبه ۱۷ اردیبهشت ۱۴۰۵,"۵۳,۹۰۰,۰۰۰","۵۳,۹۰۰,۰۰۰",جمعه ساعت ۱۳:۰۰ تا ۱۷:۰۰ | پنجشنبه ساعت ۱۳:۰۰ تا ۱۷:۰۰,https://mftplus.com/lesson/3865/حسابداری-مالی-خدماتی
طراحی وب سایت (Web Design Pack),فناوری اطلاعات و ارتباطات,تهرانپارس,علی سعادت وند,پنجشنبه ۲۱ اسفند ۱۴۰۴,پنجشنبه ۷ آبان ۱۴۰۵,"۱۸۷,۰۰۰,۰۰۰","۱۸۷,۰۰۰,۰۰۰",پنجشنبه ساعت ۰۹:۰۰ تا ۱۵:۰۰,https://mftplus.com/lesson/6459/طراحی-وب-سایت-(Web-Design-Pack)
طراحی مکانیکی به کمک SOLIDWORKS I,علوم مهندسی,البرز,مشخص نشده,پنجشنبه ۲۱ اسفند ۱۴۰۴,جمعه ۱۸ اردیبهشت ۱۴۰۵,"۷۹,۰۰۰,۰۰۰","۷۹,۰۰۰,۰۰۰",جمعه ساعت ۰۹:۰۰ تا ۱۳:۰۰ | پنجشنبه ساعت ۱۳:۰۰ تا ۱۷:۰۰,https://mftplus.com/lesson/153718144/طراحی-مکانیکی-به-کمک-SOLIDWORKS-I
افترافکت (After Effects),هنر و سینما,سعادت آباد (مرکزی),مشخص نشده,پنجشنبه ۲۱ اسفند ۱۴۰۴,پنجشنبه ۱ مرداد ۱۴۰۵,"۹۸,۰۰۰,۰۰۰","۹۸,۰۰۰,۰۰۰",پنجشنبه ساعت ۰۹:۰۰ تا ۱۴:۰۰,https://mftplus.com/lesson/431213154/افترافکت-(After-Effects)
تولید محتوای ویدیویی,هنر و سینما,انقلاب,مشخص نشده,پنجشنبه ۲۱ اسفند ۱۴۰۴,پنجشنبه ۱۱ تیر ۱۴۰۵,"۹۷,۰۰۰,۰۰۰","۹۷,۰۰۰,۰۰۰",پنجشنبه ساعت ۱۴:۳۰ تا ۱۹:۳۰,https://mftplus.com/lesson/6518/تولید-محتوای-ویدیویی
تکنیکهای آبستره رزین,هنر و سینما,سعادت آباد (مرکزی),مشخص نشده,پنجشنبه ۲۱ اسفند ۱۴۰۴,جمعه ۲۲ اسفند ۱۴۰۴,"۴۱,۰۰۰,۰۰۰","۴۱,۰۰۰,۰۰۰",جمعه ساعت ۰۹:۰۰ تا ۱۵:۰۰ | پنجشنبه ساعت ۰۹:۰۰ تا ۱۵:۰۰,https://mftplus.com/lesson/3819/تکنیکهای-آبستره-رزین
طراحی مکانیکی به کمک SOLIDWORKS I,علوم مهندسی,انقلاب,مشخص نشده,پنجشنبه ۲۱ اسفند ۱۴۰۴,پنجشنبه ۷ خرداد ۱۴۰۵,"۷۹,۰۰۰,۰۰۰","۷۹,۰۰۰,۰۰۰",پنجشنبه ساعت ۱۴:۳۰ تا ۱۹:۳۰,https://mftplus.com/lesson/153718144/طراحی-مکانیکی-به-کمک-SOLIDWORKS-I
3Ds Max Beginners to Advanced & V-Ray,معماری,نارمک,مشخص نشده,پنجشنبه ۲۱ اسفند ۱۴۰۴,پنجشنبه ۳۱ اردیبهشت ۱۴۰۵,"۱۴۴,۰۰۰,۰۰۰","۱۴۴,۰۰۰,۰۰۰",جمعه ساعت ۰۹:۰۰ تا ۱۳:۰۰ | پنجشنبه ساعت ۰۹:۰۰ تا ۱۳:۰۰,https://mftplus.com/lesson/4542/3Ds-Max-Beginners-to-Advanced-&-V-Ray
رفتار سازمانی,مدیریت و کسب و کار,سعادت آباد (مرکزی),مشخص نشده,پنجشنبه ۲۱ اسفند ۱۴۰۴,پنجشنبه ۲۰ فروردین ۱۴۰۵,"۳۴,۲۰۰,۰۰۰","۴۳,۰۰۰,۰۰۰",پنجشنبه ساعت ۰۸:۰۰ تا ۱۴:۰۰,https://mftplus.com/lesson/4945/رفتار-سازمانی
تکنسین دستگاههای زیبایی,دانش سلامت,باملند(شمال غرب),مشخص نشده,پنجشنبه ۲۱ اسفند ۱۴۰۴,پنجشنبه ۲۸ اسفند ۱۴۰۴,"۴۹,۴۰۰,۰۰۰","۴۹,۴۰۰,۰۰۰",پنجشنبه ساعت ۰۸:۰۰ تا ۱۴:۰۰,https://mftplus.com/lesson/5975/تکنسین-دستگاههای-زیبایی
نقاشی حرفه ای 1,هنر و سینما,ونک,مشخص نشده,پنجشنبه ۲۱ اسفند ۱۴۰۴,پنجشنبه ۷ خرداد ۱۴۰۵,"۴۸,۰۰۰,۰۰۰","۴۸,۰۰۰,۰۰۰",پنجشنبه ساعت ۱۳:۰۰ تا ۱۷:۰۰,https://mftplus.com/lesson/3946/نقاشی-حرفه-ای-1
نقاشی خط 1 (کالیگرافی مدرن),هنر و سینما,ونک,مشخص نشده,پنجشنبه ۲۱ اسفند ۱۴۰۴,پنجشنبه ۲۷ فروردین ۱۴۰۵,"۴۶,۸۰۰,۰۰۰","۴۶,۸۰۰,۰۰۰",جمعه ساعت ۰۹:۰۰ تا ۱۲:۰۰ | پنجشنبه ساعت ۰۹:۰۰ تا ۱۲:۰۰,https://mftplus.com/lesson/4456/نقاشی-خط-1-(کالیگرافی-مدرن)
نقاشی خط 2 (کالیگرافی مدرن),هنر و سینما,ونک,مشخص نشده,پنجشنبه ۲۱ اسفند ۱۴۰۴,پنجشنبه ۲۰ فروردین ۱۴۰۵,"۴۲,۰۰۰,۰۰۰","۴۲,۰۰۰,۰۰۰",جمعه ساعت ۱۴:۰۰ تا ۱۷:۰۰ | پنجشنبه ساعت ۱۴:۰۰ تا ۱۷:۰۰,https://mftplus.com/lesson/4517/نقاشی-خط-2-(کالیگرافی-مدرن)
پکیج مراقبت زیبایی پوست و مو,دانش سلامت,سعادت آباد (مرکزی),مشخص نشده,پنجشنبه ۲۱ اسفند ۱۴۰۴,پنجشنبه ۲۶ شهریور ۱۴۰۵,"۲۴۷,۰۰۰,۰۰۰","۲۴۷,۰۰۰,۰۰۰",پنجشنبه ساعت ۱۴:۰۰ تا ۲۰:۰۰,https://mftplus.com/lesson/6072/پکیج-مراقبت-زیبایی-پوست-و-مو
اصول طراحی سیستم های لوله کشی (Piping),علوم مهندسی,سیدخندان,مشخص نشده,پنجشنبه ۲۱ اسفند ۱۴۰۴,پنجشنبه ۲۴ اردیبهشت ۱۴۰۵,"۶۵,۰۰۰,۰۰۰","۶۵,۰۰۰,۰۰۰",پنجشنبه ساعت ۰۸:۰۰ تا ۱۳:۰۰,https://mftplus.com/lesson/153512123/اصول-طراحی-سیستم-های-لوله-کشی-(Piping)
عکاسی با موبایل,تولید محتوا,بلوار کاوه(قیطریه),مشخص نشده,پنجشنبه ۲۱ اسفند ۱۴۰۴,پنجشنبه ۱۰ اردیبهشت ۱۴۰۵,"۴۶,۱۰۰,۰۰۰","۴۶,۱۰۰,۰۰۰",پنجشنبه ساعت ۰۸:۰۰ تا ۱۴:۰۰,https://mftplus.com/lesson/6519/عکاسی-با-موبایل
عکاسی دیجیتال,هنر و سینما,بلوار کاوه(قیطریه),مشخص نشده,پنجشنبه ۲۱ اسفند ۱۴۰۴,پنجشنبه ۲۸ خرداد ۱۴۰۵,"۸۵,۹۰۰,۰۰۰","۸۵,۹۰۰,۰۰۰",پنجشنبه ساعت ۰۸:۰۰ تا ۱۴:۰۰,https://mftplus.com/lesson/4919/عکاسی-دیجیتال
Microsoft Office Excel 2021 Expert,فناوری اطلاعات و ارتباطات,نارمک,مشخص نشده,پنجشنبه ۲۱ اسفند ۱۴۰۴,پنجشنبه ۲۴ اردیبهشت ۱۴۰۵,"۴۴,۰۰۰,۰۰۰","۴۴,۰۰۰,۰۰۰",پنجشنبه ساعت ۰۹:۰۰ تا ۱۳:۰۰,https://mftplus.com/lesson/5619/Microsoft-Office-Excel-2021-Expert
Sketchup & Vray,معماری,ونک,مشخص نشده,پنجشنبه ۲۱ اسفند ۱۴۰۴,پنجشنبه ۱۴ خرداد ۱۴۰۵,"۶۹,۰۰۰,۰۰۰","۶۹,۰۰۰,۰۰۰",پنجشنبه ساعت ۱۳:۰۰ تا ۱۷:۰۰,https://mftplus.com/lesson/391412133/Sketchup-&-Vray
Advanced Developing IOS apps with Swift,فناوری اطلاعات و ارتباطات,زعفرانیه,مشخص نشده,پنجشنبه ۲۱ اسفند ۱۴۰۴,پنجشنبه ۲۴ اردیبهشت ۱۴۰۵,"۴۵,۰۰۰,۰۰۰","۴۵,۰۰۰,۰۰۰",پنجشنبه ساعت ۰۹:۰۰ تا ۱۳:۰۰,https://mftplus.com/lesson/6409/Advanced-Developing-IOS-apps-with-Swift
Programming with Python,فناوری اطلاعات و ارتباطات,نارمک,مشخص نشده,پنجشنبه ۲۱ اسفند ۱۴۰۴,جمعه ۲۵ اردیبهشت ۱۴۰۵,"۸۸,۰۰۰,۰۰۰","۸۸,۰۰۰,۰۰۰",جمعه ساعت ۱۶:۰۰ تا ۲۰:۰۰ | پنجشنبه ساعت ۱۶:۰۰ تا ۲۰:۰۰,https://mftplus.com/lesson/5679/Programming-with-Python
ماساژ سوئدی (ریلکسی),دانش سلامت,اکباتان,مشخص نشده,پنجشنبه ۲۱ اسفند ۱۴۰۴,جمعه ۲۲ اسفند ۱۴۰۴,"۵۴,۶۰۰,۰۰۰","۵۴,۶۰۰,۰۰۰",جمعه ساعت ۰۹:۰۰ تا ۱۷:۰۰ | پنجشنبه ساعت ۰۹:۰۰ تا ۱۷:۰۰,https://mftplus.com/lesson/4723/ماساژ-سوئدی-(ریلکسی)
ماساژ سنگ داغ,دانش سلامت,اکباتان,مشخص نشده,پنجشنبه ۲۱ اسفند ۱۴۰۴,پنجشنبه ۲۸ اسفند ۱۴۰۴,"۵۴,۶۰۰,۰۰۰","۵۴,۶۰۰,۰۰۰",جمعه ساعت ۰۹:۰۰ تا ۱۷:۰۰ | پنجشنبه ساعت ۰۹:۰۰ تا ۱۷:۰۰,https://mftplus.com/lesson/4716/ماساژ-سنگ-داغ
تکنسین فیبرنوری FOA,فناوری اطلاعات و ارتباطات,زعفرانیه,مشخص نشده,پنجشنبه ۲۱ اسفند ۱۴۰۴,چهارشنبه ۲۷ اسفند ۱۴۰۴,"۸۶,۰۰۰,۰۰۰","۸۶,۰۰۰,۰۰۰",جمعه ساعت ۰۹:۰۰ تا ۱۹:۰۰ | سه شنبه ساعت ۰۹:۰۰ تا ۱۹:۰۰ | چهارشنبه ساعت ۰۹:۰۰ تا ۱۹:۰۰ | پنجشنبه ساعت ۰۹:۰۰ تا ۱۹:۰۰,https://mftplus.com/lesson/6068/تکنسین-فیبرنوری-FOA
مهارت های زندگی(بزرگسال),دانش سلامت,سعادت آباد (مرکزی),مشخص نشده,پنجشنبه ۲۱ اسفند ۱۴۰۴,پنجشنبه ۳ اردیبهشت ۱۴۰۵,"۴۴,۳۰۰,۰۰۰","۴۴,۳۰۰,۰۰۰",پنجشنبه ساعت ۰۹:۰۰ تا ۱۴:۰۰,https://mftplus.com/lesson/6026/مهارت-های-زندگی(بزرگسال)
Programming with Python,فناوری اطلاعات و ارتباطات,نیاوران,مشخص نشده,پنجشنبه ۲۱ اسفند ۱۴۰۴,پنجشنبه ۲۸ خرداد ۱۴۰۵,"۷۰,۰۰۰,۰۰۰","۸۸,۰۰۰,۰۰۰",پنجشنبه ساعت ۰۸:۰۰ تا ۱۳:۰۰,https://mftplus.com/lesson/5679/Programming-with-Python
زبان انگلیسی B2.5,زبانهای خارجی,انقلاب,مشخص نشده,پنجشنبه ۲۱ اسفند ۱۴۰۴,پنجشنبه ۲۱ خرداد ۱۴۰۵,"۲۸,۹۰۰,۰۰۰","۲۸,۹۰۰,۰۰۰",پنجشنبه ساعت ۱۶:۰۰ تا ۱۹:۳۰,https://mftplus.com/lesson/231215295/زبان-انگلیسی-B2.5
شیرینی و دسرهای کاربردی,تشریفات و گردشگری,پارک ساعی,مشخص نشده,پنجشنبه ۲۱ اسفند ۱۴۰۴,پنجشنبه ۱۷ اردیبهشت ۱۴۰۵,"۱۲۹,۰۰۰,۰۰۰","۱۲۹,۰۰۰,۰۰۰",پنجشنبه ساعت ۱۵:۳۰ تا ۱۹:۳۰,https://mftplus.com/lesson/3812/شیرینی-و-دسرهای-کاربردی
کاربرد نرم افزار ایلاستریتور و فتوشاپ در طراحی لباس,فناوری مد و پوشاک,میرداماد,مشخص نشده,پنجشنبه ۲۱ اسفند ۱۴۰۴,پنجشنبه ۲۴ اردیبهشت ۱۴۰۵,"۴۳,۰۰۰,۰۰۰","۴۳,۰۰۰,۰۰۰",پنجشنبه ساعت ۱۰:۳۰ تا ۱۴:۳۰,https://mftplus.com/lesson/5625/کاربرد-نرم-افزار-ایلاستریتور-و-فتوشاپ-در-طراحی-لباس
Python Programming Advanced,فناوری اطلاعات و ارتباطات,اسلامشهر,مشخص نشده,پنجشنبه ۲۱ اسفند ۱۴۰۴,پنجشنبه ۲۵ تیر ۱۴۰۵,"۹۲,۰۰۰,۰۰۰","۱۱۴,۰۰۰,۰۰۰",پنجشنبه ساعت ۱۰:۰۰ تا ۱۴:۰۰,https://mftplus.com/lesson/5681/Python-Programming-Advanced
Data Analysis with Python,فناوری اطلاعات و ارتباطات,انقلاب,مشخص نشده,پنجشنبه ۲۱ اسفند ۱۴۰۴,پنجشنبه ۱۰ اردیبهشت ۱۴۰۵,"۴۰,۰۰۰,۰۰۰","۵۰,۰۰۰,۰۰۰",پنجشنبه ساعت ۰۹:۰۰ تا ۱۴:۰۰,https://mftplus.com/lesson/5544/Data-Analysis-with-Python
سبک شناسی,معماری,سعادت آباد (مرکزی),مشخص نشده,پنجشنبه ۲۱ اسفند ۱۴۰۴,پنجشنبه ۳ اردیبهشت ۱۴۰۵,"۴۵,۰۰۰,۰۰۰","۴۵,۰۰۰,۰۰۰",پنجشنبه ساعت ۱۴:۰۰ تا ۱۹:۰۰,https://mftplus.com/lesson/391212167/سبک-شناسی
برنامه ریزی و کنترل پروژه با نرم افزار Oracle Primavera P6,علوم مهندسی,پارک ساعی,مشخص نشده,پنجشنبه ۲۱ اسفند ۱۴۰۴,جمعه ۴ اردیبهشت ۱۴۰۵,"۷۵,۰۰۰,۰۰۰","۷۵,۰۰۰,۰۰۰",جمعه ساعت ۰۹:۰۰ تا ۱۴:۰۰ | پنجشنبه ساعت ۰۹:۰۰ تا ۱۴:۰۰,https://mftplus.com/lesson/154012133/برنامه-ریزی-و-کنترل-پروژه-با-نرم-افزار-Oracle-Primavera-P6
"مدیریت پروژه حرفه ای – مبانی و نرم افزارهای کاربردی (PMBOK, MSP & Primavera P6)",علوم مهندسی,پارک ساعی,مشخص نشده,پنجشنبه ۲۱ اسفند ۱۴۰۴,پنجشنبه ۲۸ خرداد ۱۴۰۵,"۱۶۹,۰۰۰,۰۰۰","۱۶۹,۰۰۰,۰۰۰",جمعه ساعت ۰۹:۰۰ تا ۱۴:۰۰ | پنجشنبه ساعت ۰۹:۰۰ تا ۱۴:۰۰,"https://mftplus.com/lesson/154012130/مدیریت-پروژه-حرفه-ای-–-مبانی-و-نرم-افزارهای-کاربردی-(PMBOK,-MSP-&-Primavera-P6)"
MTCNA,فناوری اطلاعات و ارتباطات,انقلاب,مشخص نشده,پنجشنبه ۲۱ اسفند ۱۴۰۴,پنجشنبه ۱۷ اردیبهشت ۱۴۰۵,"۳۶,۰۰۰,۰۰۰","۴۷,۰۰۰,۰۰۰",پنجشنبه ساعت ۱۴:۳۰ تا ۱۹:۳۰,https://mftplus.com/lesson/5690/MTCNA
دوره جامع محاسبات ساختمان : ETABS/SAFE سطح یک,علوم مهندسی,نارمک,مشخص نشده,پنجشنبه ۲۱ اسفند ۱۴۰۴,جمعه ۲۶ تیر ۱۴۰۵,"۱۶۹,۰۰۰,۰۰۰","۱۶۹,۰۰۰,۰۰۰",جمعه ساعت ۱۳:۰۰ تا ۱۷:۰۰ | پنجشنبه ساعت ۱۳:۰۰ تا ۱۷:۰۰,https://mftplus.com/lesson/153812123/دوره-جامع-محاسبات-ساختمان-:-ETABS/SAFE-سطح-یک
طراحی وب سایت (Web Design Pack),فناوری اطلاعات و ارتباطات,باملند(شمال غرب),مشخص نشده,پنجشنبه ۲۱ اسفند ۱۴۰۴,پنجشنبه ۷ آبان ۱۴۰۵,"۱۸۷,۰۰۰,۰۰۰","۱۸۷,۰۰۰,۰۰۰",پنجشنبه ساعت ۰۸:۰۰ تا ۱۴:۰۰,https://mftplus.com/lesson/6459/طراحی-وب-سایت-(Web-Design-Pack)
(HTML & CSS (Web Design I,فناوری اطلاعات و ارتباطات,باملند(شمال غرب),مشخص نشده,پنجشنبه ۲۱ اسفند ۱۴۰۴,پنجشنبه ۷ خرداد ۱۴۰۵,"۵۶,۰۰۰,۰۰۰","۵۶,۰۰۰,۰۰۰",پنجشنبه ساعت ۰۸:۰۰ تا ۱۴:۰۰,https://mftplus.com/lesson/6456/(HTML-&-CSS-(Web-Design-I
ادمین تخصصی اینستاگرام,تولید محتوا,نارمک,مشخص نشده,پنجشنبه ۲۱ اسفند ۱۴۰۴,پنجشنبه ۲۴ اردیبهشت ۱۴۰۵,"۶۰,۰۰۰,۰۰۰","۶۰,۰۰۰,۰۰۰",پنجشنبه ساعت ۰۹:۰۰ تا ۱۳:۰۰,https://mftplus.com/lesson/5741/ادمین-تخصصی-اینستاگرام
طراحی مکانیکی به کمک INVENTOR I به همراه کار عملی با دستگاه پرینتر سه بعدی,علوم مهندسی,سعادت آباد (مرکزی),مشخص نشده,پنجشنبه ۲۱ اسفند ۱۴۰۴,پنجشنبه ۳۱ اردیبهشت ۱۴۰۵,"۷۹,۰۰۰,۰۰۰","۷۹,۰۰۰,۰۰۰",پنجشنبه ساعت ۱۴:۳۰ تا ۲۰:۳۰,https://mftplus.com/lesson/153718129/طراحی-مکانیکی-به-کمک-INVENTOR-I-به-همراه-کار-عملی-با-دستگاه-پرینتر-سه-بعدی
برندینگ و مارکتینگ طلا و جواهر (دوره جامع فروش),علوم مهندسی,انقلاب,مشخص نشده,پنجشنبه ۲۱ اسفند ۱۴۰۴,پنجشنبه ۱۵ مرداد ۱۴۰۵,"۱۵۰,۰۰۰,۰۰۰","۱۵۰,۰۰۰,۰۰۰",پنجشنبه ساعت ۱۰:۰۰ تا ۱۴:۰۰,https://mftplus.com/lesson/4871/برندینگ-و-مارکتینگ-طلا-و-جواهر-(دوره-جامع-فروش)
طراحی نما با اصول ضوابط شهرداری,معماری,سعادت آباد (مرکزی),مشخص نشده,پنجشنبه ۲۱ اسفند ۱۴۰۴,پنجشنبه ۲۹ بهمن ۱۴۰۵,"۳۶۴,۰۰۰,۰۰۰","۳۶۴,۰۰۰,۰۰۰",پنجشنبه ساعت ۰۹:۰۰ تا ۱۴:۰۰,https://mftplus.com/lesson/3785/طراحی-نما-با-اصول-ضوابط-شهرداری
ثبت سفارش و ترخیص کالا,مدیریت و کسب و کار,میرداماد,مشخص نشده,پنجشنبه ۲۱ اسفند ۱۴۰۴,چهارشنبه ۲۷ اسفند ۱۴۰۴,"۷۱,۵۰۰,۰۰۰","۷۱,۵۰۰,۰۰۰",جمعه ساعت ۰۸:۰۰ تا ۱۷:۰۰ | چهارشنبه ساعت ۰۸:۰۰ تا ۱۷:۰۰ | پنجشنبه ساعت ۰۸:۰۰ تا ۱۷:۰۰,https://mftplus.com/lesson/6053/ثبت-سفارش-و-ترخیص-کالا
زبان انگلیسی A1.6,زبانهای خارجی,انقلاب,مشخص نشده,پنجشنبه ۲۱ اسفند ۱۴۰۴,پنجشنبه ۲۸ خرداد ۱۴۰۵,"۲۶,۶۰۰,۰۰۰","۲۶,۶۰۰,۰۰۰",پنجشنبه ساعت ۱۷:۰۰ تا ۲۰:۰۰,https://mftplus.com/lesson/231215280/زبان-انگلیسی-A1.6
مکالمه آزاد انگلیسی سطح متوسط 1,زبانهای خارجی,انقلاب,مشخص نشده,پنجشنبه ۲۱ اسفند ۱۴۰۴,پنجشنبه ۷ خرداد ۱۴۰۵,"۲۷,۸۰۰,۰۰۰","۲۷,۸۰۰,۰۰۰",پنجشنبه ساعت ۱۶:۰۰ تا ۱۹:۰۰,https://mftplus.com/lesson/5427/مکالمه-آزاد-انگلیسی-سطح-متوسط-1
بسته بندی و چاپ,هنر و سینما,اکباتان,مشخص نشده,پنجشنبه ۲۱ اسفند ۱۴۰۴,پنجشنبه ۱۰ اردیبهشت ۱۴۰۵,"۶۳,۰۰۰,۰۰۰","۶۳,۰۰۰,۰۰۰",پنجشنبه ساعت ۱۴:۰۰ تا ۱۹:۰۰,https://mftplus.com/lesson/5087/بسته-بندی-و-چاپ
برنامه نویسی پایتون مقدماتی 1,کودک و نوجوان,سعادت آباد (مرکزی),مشخص نشده,پنجشنبه ۲۱ اسفند ۱۴۰۴,پنجشنبه ۷ خرداد ۱۴۰۵,"۵۵,۷۰۰,۰۰۰","۵۵,۷۰۰,۰۰۰",پنجشنبه ساعت ۱۰:۰۰ تا ۱۳:۰۰,https://mftplus.com/lesson/3931/برنامه-نویسی-پایتون-مقدماتی-1
اتوکد دوبعدی معماری,معماری,اکباتان,مشخص نشده,پنجشنبه ۲۱ اسفند ۱۴۰۴,پنجشنبه ۳۱ اردیبهشت ۱۴۰۵,"۷۵,۰۰۰,۰۰۰","۷۵,۰۰۰,۰۰۰",پنجشنبه ساعت ۰۹:۰۰ تا ۱۴:۰۰,https://mftplus.com/lesson/391412131/اتوکد-دوبعدی-معماری
قوانین بازرگانی و تجارت با چین,مدیریت و کسب و کار,زعفرانیه,مشخص نشده,جمعه ۲۲ اسفند ۱۴۰۴,جمعه ۲۱ فروردین ۱۴۰۵,"۶۹,۰۰۰,۰۰۰","۷۵,۹۰۰,۰۰۰",جمعه ساعت ۱۷:۰۰ تا ۲۱:۰۰,https://mftplus.com/lesson/6099/قوانین-بازرگانی-و-تجارت-با-چین
Python Web Development With Django,فناوری اطلاعات و ارتباطات,زعفرانیه,مشخص نشده,جمعه ۲۲ اسفند ۱۴۰۴,جمعه ۲۹ خرداد ۱۴۰۵,"۵۹,۰۰۰,۰۰۰","۷۴,۰۰۰,۰۰۰",جمعه ساعت ۰۹:۰۰ تا ۱۳:۰۰,https://mftplus.com/lesson/4046/Python-Web-Development-With-Django
طراحی دستی جواهرات,علوم مهندسی,سعادت آباد (مرکزی),مشخص نشده,جمعه ۲۲ اسفند ۱۴۰۴,جمعه ۱۲ تیر ۱۴۰۵,"۹۹,۰۰۰,۰۰۰","۹۹,۰۰۰,۰۰۰",جمعه ساعت ۰۹:۰۰ تا ۱۴:۰۰,https://mftplus.com/lesson/154412123/طراحی-دستی-جواهرات
مدیریت بازاریابی دیجیتال,مدیریت و کسب و کار,نیاوران,مشخص نشده,جمعه ۲۲ اسفند ۱۴۰۴,جمعه ۲۲ خرداد ۱۴۰۵,"۱۱۸,۸۰۰,۰۰۰","۱۱۸,۸۰۰,۰۰۰",جمعه ساعت ۱۴:۰۰ تا ۱۹:۰۰,https://mftplus.com/lesson/4375/مدیریت-بازاریابی-دیجیتال
جامع مدیریت منابع انسانی (HRM),مدیریت و کسب و کار,نیاوران,مشخص نشده,جمعه ۲۲ اسفند ۱۴۰۴,جمعه ۱۶ مرداد ۱۴۰۵,"۱۶۱,۷۰۰,۰۰۰","۱۶۱,۷۰۰,۰۰۰",جمعه ساعت ۰۹:۰۰ تا ۱۴:۰۰,https://mftplus.com/lesson/4924/جامع-مدیریت-منابع-انسانی-(HRM)
ادمین تخصصی اینستاگرام,تولید محتوا,نیاوران,مشخص نشده,جمعه ۲۲ اسفند ۱۴۰۴,جمعه ۱۸ اردیبهشت ۱۴۰۵,"۶۰,۰۰۰,۰۰۰","۶۰,۰۰۰,۰۰۰",جمعه ساعت ۰۹:۰۰ تا ۱۴:۰۰,https://mftplus.com/lesson/5741/ادمین-تخصصی-اینستاگرام
نرم افزار AutoCAD Civil 3D,علوم مهندسی,اسلامشهر,مشخص نشده,جمعه ۲۲ اسفند ۱۴۰۴,جمعه ۱۸ اردیبهشت ۱۴۰۵,"۵۵,۰۰۰,۰۰۰","۵۵,۰۰۰,۰۰۰",جمعه ساعت ۱۵:۰۰ تا ۲۰:۰۰,https://mftplus.com/lesson/153412125/نرم-افزار-AutoCAD-Civil-3D
الکترونیک مقدماتی,برق و الکترونیک,پارک ساعی,مشخص نشده,جمعه ۲۲ اسفند ۱۴۰۴,جمعه ۲۲ خرداد ۱۴۰۵,"۶۳,۰۰۰,۰۰۰","۶۳,۰۰۰,۰۰۰",جمعه ساعت ۰۹:۰۰ تا ۱۴:۰۰,https://mftplus.com/lesson/5230/الکترونیک-مقدماتی
نرم افزار ABAQUS (پیشرفته),علوم مهندسی,سعادت آباد (مرکزی),مشخص نشده,جمعه ۲۲ اسفند ۱۴۰۴,جمعه ۱ خرداد ۱۴۰۵,"۸۵,۰۰۰,۰۰۰","۸۵,۰۰۰,۰۰۰",جمعه ساعت ۱۴:۳۰ تا ۲۰:۳۰,https://mftplus.com/lesson/153716126/نرم-افزار-ABAQUS-(پیشرفته)
Network+,فناوری اطلاعات و ارتباطات,زعفرانیه,مشخص نشده,جمعه ۲۲ اسفند ۱۴۰۴,جمعه ۱ خرداد ۱۴۰۵,"۱۵,۰۰۰,۰۰۰","۲۰,۰۰۰,۰۰۰",جمعه ساعت ۰۹:۰۰ تا ۱۳:۰۰,https://mftplus.com/lesson/131612129/Network+
مالیات و عوارض ارزش افزوده,علوم مالی و حسابداری,سیدخندان,مشخص نشده,جمعه ۲۲ اسفند ۱۴۰۴,جمعه ۱۴ فروردین ۱۴۰۵,"۱۱,۷۰۰,۰۰۰","۱۱,۷۰۰,۰۰۰",جمعه ساعت ۱۴:۰۰ تا ۱۸:۰۰,https://mftplus.com/lesson/3859/مالیات-و-عوارض-ارزش-افزوده
مدیریت ارتباط با مشتری (CRM),مدیریت و کسب و کار,بلوار کاوه(قیطریه),مشخص نشده,جمعه ۲۲ اسفند ۱۴۰۴,جمعه ۲۲ اسفند ۱۴۰۴,"۱۹,۳۰۰,۰۰۰","۲۳,۵۰۰,۰۰۰",جمعه ساعت ۰۹:۰۰ تا ۱۷:۰۰,https://mftplus.com/lesson/4943/مدیریت-ارتباط-با-مشتری-(CRM)
جامع بازرگانی بین الملل (ITP),مدیریت و کسب و کار,اسلامشهر,مشخص نشده,جمعه ۲۲ اسفند ۱۴۰۴,جمعه ۱۰ مهر ۱۴۰۵,"۱۴۷,۰۰۰,۰۰۰","۱۶۷,۰۰۰,۰۰۰",جمعه ساعت ۰۹:۰۰ تا ۱۳:۰۰,https://mftplus.com/lesson/4923/جامع-بازرگانی-بین-الملل-(ITP)
کارگاه جامع مدیریت سرمایه گذاری در بازار رمز ارزها (ارز دیجیتال),علوم مالی و حسابداری,نیاوران,مشخص نشده,جمعه ۲۲ اسفند ۱۴۰۴,جمعه ۱۹ تیر ۱۴۰۵,"۱۷۲,۹۰۰,۰۰۰","۱۷۲,۹۰۰,۰۰۰",جمعه ساعت ۱۴:۰۰ تا ۱۹:۰۰,https://mftplus.com/lesson/4446/کارگاه-جامع-مدیریت-سرمایه-گذاری-در-بازار-رمز-ارزها-(ارز-دیجیتال)
ICDL Pack 2021,فناوری اطلاعات و ارتباطات,سعادت آباد (مرکزی),مشخص نشده,جمعه ۲۲ اسفند ۱۴۰۴,جمعه ۲۷ شهریور ۱۴۰۵,"۶۳,۰۰۰,۰۰۰","۸۱,۰۰۰,۰۰۰",جمعه ساعت ۰۹:۰۰ تا ۱۴:۰۰,https://mftplus.com/lesson/5575/ICDL-Pack-2021
ICDL 2021 Level 1,فناوری اطلاعات و ارتباطات,سعادت آباد (مرکزی),مشخص نشده,جمعه ۲۲ اسفند ۱۴۰۴,جمعه ۲۹ خرداد ۱۴۰۵,"۳۸,۰۰۰,۰۰۰","۴۹,۰۰۰,۰۰۰",جمعه ساعت ۰۹:۰۰ تا ۱۴:۰۰,https://mftplus.com/lesson/5571/ICDL-2021-Level-1
مقدمه ای بر الگوریتم و برنامه نویسی,فناوری اطلاعات و ارتباطات,سعادت آباد (مرکزی),امیرحسین احمدی کمازانی,جمعه ۲۲ اسفند ۱۴۰۴,جمعه ۱۸ اردیبهشت ۱۴۰۵,"۲۸,۰۰۰,۰۰۰","۳۳,۰۰۰,۰۰۰",جمعه ساعت ۱۴:۳۰ تا ۱۹:۳۰,https://mftplus.com/lesson/132017130/مقدمه-ای-بر-الگوریتم-و-برنامه-نویسی
آئین نگارش مکاتبات اداری,مدیریت و کسب و کار,نیاوران,مشخص نشده,جمعه ۲۲ اسفند ۱۴۰۴,جمعه ۴ اردیبهشت ۱۴۰۵,"۲۶,۴۰۰,۰۰۰","۲۶,۴۰۰,۰۰۰",جمعه ساعت ۱۴:۰۰ تا ۱۹:۰۰,https://mftplus.com/lesson/4386/آئین-نگارش-مکاتبات-اداری
دوره جامع تعمیرات تخصصی تلفن همراه,برق و الکترونیک,سعادت آباد (مرکزی),مهدی زارع محمدجانی,جمعه ۲۲ اسفند ۱۴۰۴,جمعه ۲۲ خرداد ۱۴۰۵,"۲۳۶,۰۰۰,۰۰۰","۲۳۶,۰۰۰,۰۰۰",جمعه ساعت ۱۴:۰۰ تا ۲۰:۳۰,https://mftplus.com/lesson/4891/دوره-جامع-تعمیرات-تخصصی-تلفن-همراه
برنامه نویسی به زبان ++C,فناوری اطلاعات و ارتباطات,زعفرانیه,مشخص نشده,جمعه ۲۲ اسفند ۱۴۰۴,جمعه ۲۶ تیر ۱۴۰۵,"۶۵,۰۰۰,۰۰۰","۸۰,۰۰۰,۰۰۰",جمعه ساعت ۱۳:۰۰ تا ۱۷:۰۰,https://mftplus.com/lesson/132017134/برنامه-نویسی-به-زبان-++C
Network+,فناوری اطلاعات و ارتباطات,پارک ساعی,مشخص نشده,جمعه ۲۲ اسفند ۱۴۰۴,جمعه ۱ خرداد ۱۴۰۵,"۱۵,۰۰۰,۰۰۰","۲۰,۰۰۰,۰۰۰",جمعه ساعت ۱۴:۰۰ تا ۱۸:۰۰,https://mftplus.com/lesson/131612129/Network+
جامع بازرگانی بین الملل (ITP),مدیریت و کسب و کار,نیاوران,مشخص نشده,جمعه ۲۲ اسفند ۱۴۰۴,جمعه ۱۶ مرداد ۱۴۰۵,"۱۶۷,۰۰۰,۰۰۰","۱۶۷,۰۰۰,۰۰۰",جمعه ساعت ۰۹:۰۰ تا ۱۴:۰۰,https://mftplus.com/lesson/4923/جامع-بازرگانی-بین-الملل-(ITP)
ICDL Pack 2021,فناوری اطلاعات و ارتباطات,پرند,مشخص نشده,جمعه ۲۲ اسفند ۱۴۰۴,جمعه ۱۳ آذر ۱۴۰۵,"۸۱,۰۰۰,۰۰۰","۸۱,۰۰۰,۰۰۰",جمعه ساعت ۰۹:۰۰ تا ۱۳:۰۰,https://mftplus.com/lesson/5575/ICDL-Pack-2021
اصول مدیریت پروژه بر اساس استاندارد PMBOK 8,علوم مهندسی,بلوار کاوه(قیطریه),مشخص نشده,جمعه ۲۲ اسفند ۱۴۰۴,جمعه ۱۱ اردیبهشت ۱۴۰۵,"۵۲,۵۰۰,۰۰۰","۵۲,۵۰۰,۰۰۰",جمعه ساعت ۰۹:۰۰ تا ۱۴:۰۰,https://mftplus.com/lesson/6578/اصول-مدیریت-پروژه-بر-اساس-استاندارد-PMBOK-8
حسابداری صنعتی,علوم مالی و حسابداری,سعادت آباد (مرکزی),مشخص نشده,جمعه ۲۲ اسفند ۱۴۰۴,جمعه ۸ خرداد ۱۴۰۵,"۷۵,۷۰۰,۰۰۰","۷۵,۷۰۰,۰۰۰",جمعه ساعت ۱۴:۳۰ تا ۲۰:۳۰,https://mftplus.com/lesson/5097/حسابداری-صنعتی
دوره جامع عکاسی و فیلم‌برداری با موبایل,تولید محتوا,سعادت آباد (مرکزی),مشخص نشده,جمعه ۲۲ اسفند ۱۴۰۴,جمعه ۱ خرداد ۱۴۰۵,"۷۰,۰۰۰,۰۰۰","۷۰,۰۰۰,۰۰۰",جمعه ساعت ۰۹:۰۰ تا ۱۴:۰۰,https://mftplus.com/lesson/6566/دوره-جامع-عکاسی-و-فیلم‌برداری-با-موبایل
رباتیک متوسط,کودک و نوجوان,پارک ساعی,مشخص نشده,جمعه ۲۲ اسفند ۱۴۰۴,جمعه ۸ خرداد ۱۴۰۵,"۵۶,۴۰۰,۰۰۰","۵۶,۴۰۰,۰۰۰",جمعه ساعت ۱۲:۰۰ تا ۱۴:۰۰,https://mftplus.com/lesson/191712131/رباتیک-متوسط
رباتیک پیشرفته,کودک و نوجوان,پارک ساعی,مشخص نشده,جمعه ۲۲ اسفند ۱۴۰۴,جمعه ۱۵ خرداد ۱۴۰۵,"۶۲,۱۰۰,۰۰۰","۶۲,۱۰۰,۰۰۰",جمعه ساعت ۱۰:۰۰ تا ۱۲:۰۰,https://mftplus.com/lesson/191712132/رباتیک-پیشرفته
پتینه مقدماتی,هنر و سینما,سعادت آباد (مرکزی),مشخص نشده,جمعه ۲۲ اسفند ۱۴۰۴,جمعه ۱۱ اردیبهشت ۱۴۰۵,"۵۸,۶۰۰,۰۰۰","۵۸,۶۰۰,۰۰۰",جمعه ساعت ۰۹:۰۰ تا ۱۴:۰۰,https://mftplus.com/lesson/4538/پتینه-مقدماتی
پتینه مقدماتی تا پیشرفته,هنر و سینما,سعادت آباد (مرکزی),مشخص نشده,جمعه ۲۲ اسفند ۱۴۰۴,جمعه ۸ خرداد ۱۴۰۵,"۱۱۴,۰۰۰,۰۰۰","۱۱۴,۰۰۰,۰۰۰",جمعه ساعت ۰۹:۰۰ تا ۱۴:۰۰,https://mftplus.com/lesson/4885/پتینه-مقدماتی-تا-پیشرفته
مقدمه ای بر الگوریتم و برنامه نویسی,فناوری اطلاعات و ارتباطات,نارمک,مشخص نشده,جمعه ۲۲ اسفند ۱۴۰۴,پنجشنبه ۱۰ اردیبهشت ۱۴۰۵,"۳۳,۰۰۰,۰۰۰","۳۳,۰۰۰,۰۰۰",جمعه ساعت ۱۶:۰۰ تا ۲۰:۰۰ | پنجشنبه ساعت ۱۶:۰۰ تا ۲۰:۰۰,https://mftplus.com/lesson/132017130/مقدمه-ای-بر-الگوریتم-و-برنامه-نویسی
Programming with Python,فناوری اطلاعات و ارتباطات,باملند(شمال غرب),مشخص نشده,جمعه ۲۲ اسفند ۱۴۰۴,جمعه ۲۶ تیر ۱۴۰۵,"۸۸,۰۰۰,۰۰۰","۸۸,۰۰۰,۰۰۰",جمعه ساعت ۱۲:۰۰ تا ۱۶:۰۰,https://mftplus.com/lesson/5679/Programming-with-Python
TypeScript,فناوری اطلاعات و ارتباطات,سعادت آباد (مرکزی),خشایار اصغری,جمعه ۲۲ اسفند ۱۴۰۴,جمعه ۱۸ اردیبهشت ۱۴۰۵,"۳۶,۰۰۰,۰۰۰","۴۵,۰۰۰,۰۰۰",جمعه ساعت ۱۴:۰۰ تا ۱۹:۰۰,https://mftplus.com/lesson/6443/TypeScript
طراحی دستی جواهرات,علوم مهندسی,ونک,مشخص نشده,جمعه ۲۲ اسفند ۱۴۰۴,جمعه ۱۹ تیر ۱۴۰۵,"۹۹,۰۰۰,۰۰۰","۹۹,۰۰۰,۰۰۰",جمعه ساعت ۱۳:۰۰ تا ۱۷:۰۰,https://mftplus.com/lesson/154412123/طراحی-دستی-جواهرات
نازکدوزی زنانه,فناوری مد و پوشاک,زعفرانیه,مشخص نشده,جمعه ۲۲ اسفند ۱۴۰۴,جمعه ۶ شهریور ۱۴۰۵,"۱۳۱,۰۰۰,۰۰۰","۱۳۱,۰۰۰,۰۰۰",جمعه ساعت ۰۹:۰۰ تا ۱۵:۰۰,https://mftplus.com/lesson/411414164/نازکدوزی-زنانه
دوره جامع طراحی طلا و جواهرات به کمک نرم افزار MATRIX,علوم مهندسی,اکباتان,مشخص نشده,جمعه ۲۲ اسفند ۱۴۰۴,جمعه ۱۵ آبان ۱۴۰۵,"۱۹۹,۰۰۰,۰۰۰","۱۹۹,۰۰۰,۰۰۰",جمعه ساعت ۰۹:۰۰ تا ۱۴:۰۰,https://mftplus.com/lesson/4502/دوره-جامع-طراحی-طلا-و-جواهرات-به-کمک-نرم-افزار-MATRIX
SQL Server 2022 Database Development,فناوری اطلاعات و ارتباطات,نیاوران,مشخص نشده,جمعه ۲۲ اسفند ۱۴۰۴,جمعه ۵ تیر ۱۴۰۵,"۷۷,۰۰۰,۰۰۰","۷۷,۰۰۰,۰۰۰",جمعه ساعت ۰۹:۰۰ تا ۱۴:۰۰,https://mftplus.com/lesson/5316/SQL-Server-2022-Database-Development
طراحی لباس مقدماتی,فناوری مد و پوشاک,پارک ساعی,مشخص نشده,جمعه ۲۲ اسفند ۱۴۰۴,پنجشنبه ۱۶ مهر ۱۴۰۵,"۱۳۵,۰۰۰,۰۰۰","۱۳۵,۰۰۰,۰۰۰",جمعه ساعت ۱۴:۰۰ تا ۱۷:۰۰ | پنجشنبه ساعت ۱۴:۰۰ تا ۱۷:۰۰,https://mftplus.com/lesson/6311/طراحی-لباس-مقدماتی
تکنیک های کنترل مدارک در پروژه های مهندسی,علوم مهندسی,پارک ساعی,مشخص نشده,جمعه ۲۲ اسفند ۱۴۰۴,جمعه ۴ اردیبهشت ۱۴۰۵,"۵۲,۵۰۰,۰۰۰","۵۲,۵۰۰,۰۰۰",جمعه ساعت ۱۴:۰۰ تا ۱۷:۰۰,https://mftplus.com/lesson/154012132/تکنیک-های-کنترل-مدارک-در-پروژه-های-مهندسی
Deep Learning with Python,فناوری اطلاعات و ارتباطات,باملند(شمال غرب),مشخص نشده,جمعه ۲۲ اسفند ۱۴۰۴,جمعه ۲۶ تیر ۱۴۰۵,"۱۱۷,۰۰۰,۰۰۰","۱۱۷,۰۰۰,۰۰۰",جمعه ساعت ۰۸:۰۰ تا ۱۲:۰۰,https://mftplus.com/lesson/5542/Deep-Learning-with-Python
قانون پایانه های فروشگاهی و سامانه مودیان,علوم مالی و حسابداری,نارمک,مشخص نشده,جمعه ۲۲ اسفند ۱۴۰۴,جمعه ۲۱ فروردین ۱۴۰۵,"۱۵,۹۰۰,۰۰۰","۱۵,۹۰۰,۰۰۰",جمعه ساعت ۱۶:۰۰ تا ۲۰:۰۰,https://mftplus.com/lesson/5207/قانون-پایانه-های-فروشگاهی-و-سامانه-مودیان
حسابداری صنعتی,علوم مالی و حسابداری,نارمک,مشخص نشده,جمعه ۲۲ اسفند ۱۴۰۴,پنجشنبه ۲۴ اردیبهشت ۱۴۰۵,"۷۵,۷۰۰,۰۰۰","۷۵,۷۰۰,۰۰۰",جمعه ساعت ۱۳:۰۰ تا ۱۷:۰۰ | پنجشنبه ساعت ۱۳:۰۰ تا ۱۷:۰۰,https://mftplus.com/lesson/5097/حسابداری-صنعتی
توسعه وب اپلیکیشن های مدرن با Next.js,فناوری اطلاعات و ارتباطات,نارمک,مشخص نشده,جمعه ۲۲ اسفند ۱۴۰۴,جمعه ۱ خرداد ۱۴۰۵,"۸۸,۰۰۰,۰۰۰","۸۸,۰۰۰,۰۰۰",جمعه ساعت ۱۵:۰۰ تا ۲۰:۰۰,https://mftplus.com/lesson/6062/توسعه-وب-اپلیکیشن-های-مدرن-با-Next.js
بازاریابی B2B,مدیریت و کسب و کار,نیاوران,مشخص نشده,جمعه ۲۲ اسفند ۱۴۰۴,جمعه ۲۲ اسفند ۱۴۰۴,"۲۳,۵۰۰,۰۰۰","۲۳,۵۰۰,۰۰۰",جمعه ساعت ۰۹:۰۰ تا ۱۷:۰۰,https://mftplus.com/lesson/5210/بازاریابی-B2B
برنامه نویسی پایتون متوسطه 2,کودک و نوجوان,سعادت آباد (مرکزی),مشخص نشده,جمعه ۲۲ اسفند ۱۴۰۴,جمعه ۲۶ تیر ۱۴۰۵,"۸۶,۹۰۰,۰۰۰","۸۶,۹۰۰,۰۰۰",جمعه ساعت ۱۱:۰۰ تا ۱۴:۰۰,https://mftplus.com/lesson/4845/برنامه-نویسی-پایتون-متوسطه-2
پرایس اکشن ال بروکس,علوم مالی و حسابداری,نیاوران,مشخص نشده,جمعه ۲۲ اسفند ۱۴۰۴,جمعه ۲۲ خرداد ۱۴۰۵,"۱۴۰,۰۰۰,۰۰۰","۱۴۰,۰۰۰,۰۰۰",جمعه ساعت ۰۹:۰۰ تا ۱۴:۰۰,https://mftplus.com/lesson/6345/پرایس-اکشن-ال-بروکس
بازرگانی بین الملل,مدیریت و کسب و کار,نیاوران,مشخص نشده,جمعه ۲۲ اسفند ۱۴۰۴,جمعه ۱۱ اردیبهشت ۱۴۰۵,"۴۸,۳۰۰,۰۰۰","۴۸,۳۰۰,۰۰۰",جمعه ساعت ۰۹:۰۰ تا ۱۴:۰۰,https://mftplus.com/lesson/4937/بازرگانی-بین-الملل
بازاریابی بین الملل,مدیریت و کسب و کار,نیاوران,مشخص نشده,جمعه ۲۲ اسفند ۱۴۰۴,جمعه ۲۲ اسفند ۱۴۰۴,"۲۲,۸۰۰,۰۰۰","۲۲,۸۰۰,۰۰۰",جمعه ساعت ۰۹:۰۰ تا ۱۷:۰۰,https://mftplus.com/lesson/5312/بازاریابی-بین-الملل
ترفندهای اکسل در حسابداری,علوم مالی و حسابداری,نیاوران,مشخص نشده,جمعه ۲۲ اسفند ۱۴۰۴,جمعه ۱۱ اردیبهشت ۱۴۰۵,"۳۴,۵۰۰,۰۰۰","۳۴,۵۰۰,۰۰۰",جمعه ساعت ۱۴:۰۰ تا ۱۹:۰۰,https://mftplus.com/lesson/6164/ترفندهای-اکسل-در-حسابداری
JavaScript (Web Design III),فناوری اطلاعات و ارتباطات,سعادت آباد (مرکزی),کبری حیدری,جمعه ۲۲ اسفند ۱۴۰۴,جمعه ۱۹ تیر ۱۴۰۵,"۸۱,۰۰۰,۰۰۰","۱۰۱,۵۰۰,۰۰۰",جمعه ساعت ۱۴:۳۰ تا ۱۹:۳۰,https://mftplus.com/lesson/6458/JavaScript-(Web-Design-III)
MCSA PACK 2025,فناوری اطلاعات و ارتباطات,انقلاب,مشخص نشده,جمعه ۲۲ اسفند ۱۴۰۴,جمعه ۱۴ اسفند ۱۴۰۵,"۱۷۳,۰۰۰,۰۰۰","۲۱۸,۰۰۰,۰۰۰",جمعه ساعت ۰۹:۰۰ تا ۱۴:۰۰,https://mftplus.com/lesson/6364/MCSA-PACK-2025
پروداکت انیمیشن (انیمیشن معرفی محصول),هنر و سینما,زعفرانیه,حمید رضا منصف,جمعه ۲۲ اسفند ۱۴۰۴,جمعه ۲ بهمن ۱۴۰۵,"۱۹۵,۰۰۰,۰۰۰","۱۹۵,۰۰۰,۰۰۰",جمعه ساعت ۱۷:۰۰ تا ۲۰:۰۰,https://mftplus.com/lesson/6418/پروداکت-انیمیشن-(انیمیشن-معرفی-محصول)
نرم افزار جمینی,فناوری مد و پوشاک,زعفرانیه,مشخص نشده,شنبه ۲۳ اسفند ۱۴۰۴,شنبه ۹ خرداد ۱۴۰۵,"۶۱,۰۰۰,۰۰۰","۶۱,۰۰۰,۰۰۰",شنبه ساعت ۱۴:۳۰ تا ۱۷:۳۰,https://mftplus.com/lesson/411412171/نرم-افزار-جمینی
پکیج طراحی کاراکتر و نقاشی دیجیتال 1,هنر و سینما,پارک ساعی,مشخص نشده,شنبه ۲۳ اسفند ۱۴۰۴,شنبه ۳۰ خرداد ۱۴۰۵,"۹۴,۰۰۰,۰۰۰","۹۴,۰۰۰,۰۰۰",شنبه ساعت ۱۷:۰۰ تا ۲۰:۰۰ | چهارشنبه ساعت ۱۷:۰۰ تا ۲۰:۰۰,https://mftplus.com/lesson/3811/پکیج-طراحی-کاراکتر-و-نقاشی-دیجیتال-1
حسابداری با نرم افزار هلو,علوم مالی و حسابداری,نارمک,مشخص نشده,شنبه ۲۳ اسفند ۱۴۰۴,دوشنبه ۲۴ فروردین ۱۴۰۵,"۴۰,۴۰۰,۰۰۰","۴۰,۴۰۰,۰۰۰",شنبه ساعت ۱۷:۰۰ تا ۲۱:۰۰ | دوشنبه ساعت ۱۷:۰۰ تا ۲۱:۰۰ | چهارشنبه ساعت ۱۷:۰۰ تا ۲۱:۰۰,https://mftplus.com/lesson/3901/حسابداری-با-نرم-افزار-هلو
راینو در معماری,معماری,زعفرانیه,مشخص نشده,شنبه ۲۳ اسفند ۱۴۰۴,شنبه ۹ خرداد ۱۴۰۵,"۱۲۰,۰۰۰,۰۰۰","۱۲۰,۰۰۰,۰۰۰",شنبه ساعت ۱۷:۳۰ تا ۲۱:۰۰ | چهارشنبه ساعت ۱۷:۳۰ تا ۲۱:۰۰,https://mftplus.com/lesson/391412135/راینو-در-معماری
ICDL Pack 2021,فناوری اطلاعات و ارتباطات,سعادت آباد (مرکزی),معصومه فاتح,شنبه ۲۳ اسفند ۱۴۰۴,دوشنبه ۱۹ مرداد ۱۴۰۵,"۶۳,۰۰۰,۰۰۰","۸۱,۰۰۰,۰۰۰",شنبه ساعت ۱۷:۳۰ تا ۲۰:۳۰ | دوشنبه ساعت ۱۷:۳۰ تا ۲۰:۳۰,https://mftplus.com/lesson/5575/ICDL-Pack-2021
ICDL 2021 Level 1,فناوری اطلاعات و ارتباطات,سعادت آباد (مرکزی),معصومه فاتح,شنبه ۲۳ اسفند ۱۴۰۴,شنبه ۹ خرداد ۱۴۰۵,"۳۸,۰۰۰,۰۰۰","۴۹,۰۰۰,۰۰۰",شنبه ساعت ۱۷:۳۰ تا ۲۰:۳۰ | دوشنبه ساعت ۱۷:۳۰ تا ۲۰:۳۰,https://mftplus.com/lesson/5571/ICDL-2021-Level-1
پاکسازی پوست با کربوکسی،کلاژن،اسیدتراپی,دانش سلامت,سعادت آباد (مرکزی),مشخص نشده,شنبه ۲۳ اسفند ۱۴۰۴,سه شنبه ۸ اردیبهشت ۱۴۰۵,"۱۰۰,۰۰۰,۰۰۰","۱۰۰,۰۰۰,۰۰۰",شنبه ساعت ۱۰:۰۰ تا ۱۴:۰۰ | سه شنبه ساعت ۱۰:۰۰ تا ۱۴:۰۰,https://mftplus.com/lesson/6600/پاکسازی-پوست-با-کربوکسی،کلاژن،اسیدتراپی
کپی‌رایتینگ و محتوای خلاق,تولید محتوا,زعفرانیه,مشخص نشده,شنبه ۲۳ اسفند ۱۴۰۴,شنبه ۵ اردیبهشت ۱۴۰۵,"۳۰,۰۰۰,۰۰۰","۳۰,۰۰۰,۰۰۰",شنبه ساعت ۱۷:۳۰ تا ۲۰:۳۰,https://mftplus.com/lesson/4490/کپی‌رایتینگ-و-محتوای-خلاق
Programming with Python,فناوری اطلاعات و ارتباطات,پارک ساعی,مشخص نشده,شنبه ۲۳ اسفند ۱۴۰۴,دوشنبه ۱۱ خرداد ۱۴۰۵,"۷۰,۰۰۰,۰۰۰","۸۸,۰۰۰,۰۰۰",شنبه ساعت ۱۷:۳۰ تا ۲۰:۳۰ | دوشنبه ساعت ۱۷:۳۰ تا ۲۰:۳۰,https://mftplus.com/lesson/5679/Programming-with-Python
الگوسازی و دوخت لباس شب و عروس,فناوری مد و پوشاک,زعفرانیه,مشخص نشده,شنبه ۲۳ اسفند ۱۴۰۴,شنبه ۱۷ مرداد ۱۴۰۵,"۱۶۷,۰۰۰,۰۰۰","۱۶۷,۰۰۰,۰۰۰",شنبه ساعت ۰۹:۰۰ تا ۱۵:۰۰,https://mftplus.com/lesson/411414133/الگوسازی-و-دوخت-لباس-شب-و-عروس
Deep Learning with Python,فناوری اطلاعات و ارتباطات,سعادت آباد (مرکزی),سید احمد مصباح,شنبه ۲۳ اسفند ۱۴۰۴,دوشنبه ۲۵ خرداد ۱۴۰۵,"۹۴,۰۰۰,۰۰۰","۱۱۷,۰۰۰,۰۰۰",شنبه ساعت ۱۷:۳۰ تا ۲۰:۰۰ | دوشنبه ساعت ۱۷:۳۰ تا ۲۰:۰۰,https://mftplus.com/lesson/5542/Deep-Learning-with-Python
تدوین و ساخت تیزرهای تبلیغاتی,هنر و سینما,زعفرانیه,مشخص نشده,شنبه ۲۳ اسفند ۱۴۰۴,دوشنبه ۲۳ شهریور ۱۴۰۵,"۲۷۸,۰۰۰,۰۰۰","۲۷۸,۰۰۰,۰۰۰",شنبه ساعت ۱۷:۳۰ تا ۲۱:۰۰ | دوشنبه ساعت ۱۷:۳۰ تا ۲۱:۰۰ | چهارشنبه ساعت ۱۷:۳۰ تا ۲۱:۰۰,https://mftplus.com/lesson/431213124/تدوین-و-ساخت-تیزرهای-تبلیغاتی
استفاده از هوش مصنوعی در ساخت و تحلیل موسیقی,هنر و سینما,زعفرانیه,مشخص نشده,شنبه ۲۳ اسفند ۱۴۰۴,شنبه ۲۷ تیر ۱۴۰۵,"۸۰,۰۰۰,۰۰۰","۸۰,۰۰۰,۰۰۰",شنبه ساعت ۱۸:۰۰ تا ۲۱:۰۰,https://mftplus.com/lesson/6221/استفاده-از-هوش-مصنوعی-در-ساخت-و-تحلیل-موسیقی
حسابداری مالی خدماتی,علوم مالی و حسابداری,باملند(شمال غرب),مشخص نشده,شنبه ۲۳ اسفند ۱۴۰۴,دوشنبه ۱۴ اردیبهشت ۱۴۰۵,"۵۳,۹۰۰,۰۰۰","۵۳,۹۰۰,۰۰۰",شنبه ساعت ۱۷:۰۰ تا ۲۰:۰۰ | دوشنبه ساعت ۱۷:۰۰ تا ۲۰:۰۰ | چهارشنبه ساعت ۱۷:۰۰ تا ۲۰:۰۰,https://mftplus.com/lesson/3865/حسابداری-مالی-خدماتی
چرخه کامل حسابداری شرکت های بازرگانی,علوم مالی و حسابداری,پارک ساعی,عباس دین محمدی,شنبه ۲۳ اسفند ۱۴۰۴,دوشنبه ۲۵ خرداد ۱۴۰۵,"۹۲,۹۰۰,۰۰۰","۹۲,۹۰۰,۰۰۰",شنبه ساعت ۱۷:۳۰ تا ۲۰:۳۰ | دوشنبه ساعت ۱۷:۳۰ تا ۲۰:۳۰,https://mftplus.com/lesson/3868/چرخه-کامل-حسابداری-شرکت-های-بازرگانی
تکنیک های مدلسازی و نورپردازی در مایا,هنر و سینما,ونک,مشخص نشده,شنبه ۲۳ اسفند ۱۴۰۴,شنبه ۱۶ خرداد ۱۴۰۵,"۱۵۳,۶۰۰,۰۰۰","۱۵۳,۶۰۰,۰۰۰",شنبه ساعت ۱۷:۰۰ تا ۲۱:۰۰ | دوشنبه ساعت ۱۷:۰۰ تا ۲۱:۰۰ | چهارشنبه ساعت ۱۷:۰۰ تا ۲۱:۰۰,https://mftplus.com/lesson/431214127/تکنیک-های-مدلسازی-و-نورپردازی-در-مایا
فیلم برداری با موبایل,تولید محتوا,بلوار کاوه(قیطریه),مشخص نشده,شنبه ۲۳ اسفند ۱۴۰۴,شنبه ۵ اردیبهشت ۱۴۰۵,"۴۴,۱۰۰,۰۰۰","۴۴,۱۰۰,۰۰۰",شنبه ساعت ۰۹:۰۰ تا ۱۴:۰۰,https://mftplus.com/lesson/6520/فیلم-برداری-با-موبایل
مقدمه ای بر الگوریتم و برنامه نویسی,فناوری اطلاعات و ارتباطات,سعادت آباد (مرکزی),مشخص نشده,شنبه ۲۳ اسفند ۱۴۰۴,دوشنبه ۲۱ اردیبهشت ۱۴۰۵,"۲۸,۰۰۰,۰۰۰","۳۳,۰۰۰,۰۰۰",شنبه ساعت ۱۷:۳۰ تا ۲۰:۳۰ | دوشنبه ساعت ۱۷:۳۰ تا ۲۰:۳۰,https://mftplus.com/lesson/132017130/مقدمه-ای-بر-الگوریتم-و-برنامه-نویسی
زبان انگلیسی A1.7,زبانهای خارجی,سعادت آباد (مرکزی),مشخص نشده,شنبه ۲۳ اسفند ۱۴۰۴,چهارشنبه ۱۶ اردیبهشت ۱۴۰۵,"۲۶,۶۰۰,۰۰۰","۲۶,۶۰۰,۰۰۰",شنبه ساعت ۱۷:۳۰ تا ۲۰:۳۰ | چهارشنبه ساعت ۱۷:۳۰ تا ۲۰:۳۰,https://mftplus.com/lesson/2949/زبان-انگلیسی-A1.7
طراحی و نصب نیروگاههای خورشیدی,برق و الکترونیک,بلوار کاوه(قیطریه),مشخص نشده,شنبه ۲۳ اسفند ۱۴۰۴,دوشنبه ۲۵ اسفند ۱۴۰۴,"۱۱۴,۰۰۰,۰۰۰","۱۱۴,۰۰۰,۰۰۰",شنبه ساعت ۰۸:۰۰ تا ۱۶:۰۰ | یکشنبه ساعت ۰۸:۰۰ تا ۱۶:۰۰ | دوشنبه ساعت ۰۸:۰۰ تا ۱۶:۰۰,https://mftplus.com/lesson/5756/طراحی-و-نصب-نیروگاههای-خورشیدی
ترفندهای اکسل در حسابداری,علوم مالی و حسابداری,اسلامشهر,مشخص نشده,شنبه ۲۳ اسفند ۱۴۰۴,چهارشنبه ۲ اردیبهشت ۱۴۰۵,"۳۴,۵۰۰,۰۰۰","۳۴,۵۰۰,۰۰۰",شنبه ساعت ۱۸:۰۰ تا ۲۱:۰۰ | چهارشنبه ساعت ۱۸:۰۰ تا ۲۱:۰۰,https://mftplus.com/lesson/6164/ترفندهای-اکسل-در-حسابداری
پایان نامه,معماری,بلوار کاوه(قیطریه),مشخص نشده,شنبه ۲۳ اسفند ۱۴۰۴,شنبه ۵ اردیبهشت ۱۴۰۵,"۴۷,۰۰۰,۰۰۰","۴۷,۰۰۰,۰۰۰",شنبه ساعت ۰۹:۰۰ تا ۱۴:۰۰,https://mftplus.com/lesson/391212169/پایان-نامه
افترافکت (After Effects),هنر و سینما,زعفرانیه,مشخص نشده,شنبه ۲۳ اسفند ۱۴۰۴,دوشنبه ۲۱ اردیبهشت ۱۴۰۵,"۸۳,۰۰۰,۰۰۰","۹۸,۰۰۰,۰۰۰",شنبه ساعت ۱۷:۰۰ تا ۲۱:۰۰ | دوشنبه ساعت ۱۷:۰۰ تا ۲۱:۰۰ | چهارشنبه ساعت ۱۷:۰۰ تا ۲۱:۰۰,https://mftplus.com/lesson/431213154/افترافکت-(After-Effects)
اجرای زنده صوت و تصویر حرفه ای,هنر و سینما,زعفرانیه,مشخص نشده,شنبه ۲۳ اسفند ۱۴۰۴,شنبه ۲۷ تیر ۱۴۰۵,"۹۹,۰۰۰,۰۰۰","۹۹,۰۰۰,۰۰۰",شنبه ساعت ۱۶:۰۰ تا ۱۸:۰۰,https://mftplus.com/lesson/6219/اجرای-زنده-صوت-و-تصویر-حرفه-ای
طراحی داشبوردهای هوش تجاری با PowerBI,فناوری اطلاعات و ارتباطات,سعادت آباد (مرکزی),سید سعید جهان مراد نوری,شنبه ۲۳ اسفند ۱۴۰۴,چهارشنبه ۹ اردیبهشت ۱۴۰۵,"۴۰,۰۰۰,۰۰۰","۵۰,۰۰۰,۰۰۰",شنبه ساعت ۱۷:۳۰ تا ۲۰:۳۰ | چهارشنبه ساعت ۱۷:۳۰ تا ۲۰:۳۰,https://mftplus.com/lesson/6057/طراحی-داشبوردهای-هوش-تجاری-با-PowerBI
Microsoft Office Excel 2021,فناوری اطلاعات و ارتباطات,انقلاب,مشخص نشده,شنبه ۲۳ اسفند ۱۴۰۴,شنبه ۱۵ فروردین ۱۴۰۵,"۲۳,۰۰۰,۰۰۰","۲۸,۰۰۰,۰۰۰",شنبه ساعت ۰۸:۳۰ تا ۱۴:۳۰ | دوشنبه ساعت ۰۸:۳۰ تا ۱۴:۳۰ | چهارشنبه ساعت ۰۸:۳۰ تا ۱۴:۳۰,https://mftplus.com/lesson/5578/Microsoft-Office-Excel-2021
ایلاستریتور,هنر و سینما,پارک ساعی,مشخص نشده,شنبه ۲۳ اسفند ۱۴۰۴,چهارشنبه ۲ اردیبهشت ۱۴۰۵,"۴۴,۰۰۰,۰۰۰","۵۴,۰۰۰,۰۰۰",شنبه ساعت ۱۷:۰۰ تا ۲۰:۳۰ | دوشنبه ساعت ۱۷:۰۰ تا ۲۰:۳۰ | چهارشنبه ساعت ۱۷:۰۰ تا ۲۰:۳۰,https://mftplus.com/lesson/431314131/ایلاستریتور
فتوشاپ مقدماتی تا پیشرفته,هنر و سینما,سعادت آباد (مرکزی),مشخص نشده,شنبه ۲۳ اسفند ۱۴۰۴,شنبه ۲ خرداد ۱۴۰۵,"۵۶,۰۰۰,۰۰۰","۵۶,۰۰۰,۰۰۰",شنبه ساعت ۱۴:۳۰ تا ۱۷:۳۰ | چهارشنبه ساعت ۱۴:۳۰ تا ۱۷:۳۰,https://mftplus.com/lesson/4810/فتوشاپ-مقدماتی-تا-پیشرفته
Network+,فناوری اطلاعات و ارتباطات,انقلاب,مشخص نشده,شنبه ۲۳ اسفند ۱۴۰۴,چهارشنبه ۹ اردیبهشت ۱۴۰۵,"۱۵,۰۰۰,۰۰۰","۲۰,۰۰۰,۰۰۰",شنبه ساعت ۱۷:۳۰ تا ۲۰:۳۰ | چهارشنبه ساعت ۱۷:۳۰ تا ۲۰:۳۰,https://mftplus.com/lesson/131612129/Network+
دوخت تخصصی مانتو,فناوری مد و پوشاک,نیاوران,مشخص نشده,شنبه ۲۳ اسفند ۱۴۰۴,دوشنبه ۱۱ خرداد ۱۴۰۵,"۹۲,۰۰۰,۰۰۰","۹۲,۰۰۰,۰۰۰",شنبه ساعت ۰۹:۰۰ تا ۱۴:۰۰ | دوشنبه ساعت ۰۹:۰۰ تا ۱۴:۰۰,https://mftplus.com/lesson/3947/دوخت-تخصصی-مانتو
حسابداری ویژه بازار کار,علوم مالی و حسابداری,باملند(شمال غرب),مشخص نشده,شنبه ۲۳ اسفند ۱۴۰۴,چهارشنبه ۲۸ مرداد ۱۴۰۵,"۱۷۷,۶۰۰,۰۰۰","۱۷۷,۶۰۰,۰۰۰",شنبه ساعت ۱۷:۰۰ تا ۲۰:۰۰ | دوشنبه ساعت ۱۷:۰۰ تا ۲۰:۰۰ | چهارشنبه ساعت ۱۷:۰۰ تا ۲۰:۰۰,https://mftplus.com/lesson/3869/حسابداری-ویژه-بازار-کار
Microsoft Office Excel 2021,فناوری اطلاعات و ارتباطات,میرداماد,مشخص نشده,شنبه ۲۳ اسفند ۱۴۰۴,چهارشنبه ۹ اردیبهشت ۱۴۰۵,"۲۳,۰۰۰,۰۰۰","۲۸,۰۰۰,۰۰۰",شنبه ساعت ۱۸:۳۰ تا ۲۱:۰۰ | چهارشنبه ساعت ۱۸:۳۰ تا ۲۱:۰۰,https://mftplus.com/lesson/5578/Microsoft-Office-Excel-2021
زبان انگلیسی A1.4,زبانهای خارجی,انقلاب,مشخص نشده,شنبه ۲۳ اسفند ۱۴۰۴,شنبه ۹ خرداد ۱۴۰۵,"۲۶,۶۰۰,۰۰۰","۲۶,۶۰۰,۰۰۰",شنبه ساعت ۱۷:۳۰ تا ۱۹:۳۰ | چهارشنبه ساعت ۱۷:۳۰ تا ۱۹:۳۰,https://mftplus.com/lesson/231215278/زبان-انگلیسی-A1.4
زبان انگلیسی A1.6,زبانهای خارجی,انقلاب,مشخص نشده,شنبه ۲۳ اسفند ۱۴۰۴,شنبه ۹ خرداد ۱۴۰۵,"۲۶,۶۰۰,۰۰۰","۲۶,۶۰۰,۰۰۰",شنبه ساعت ۱۷:۳۰ تا ۱۹:۳۰ | چهارشنبه ساعت ۱۷:۳۰ تا ۱۹:۳۰,https://mftplus.com/lesson/231215280/زبان-انگلیسی-A1.6
ایلاستریتور,هنر و سینما,ونک,مشخص نشده,شنبه ۲۳ اسفند ۱۴۰۴,شنبه ۲۹ فروردین ۱۴۰۵,"۵۴,۰۰۰,۰۰۰","۵۴,۰۰۰,۰۰۰",شنبه ساعت ۱۷:۰۰ تا ۲۱:۰۰ | دوشنبه ساعت ۱۷:۰۰ تا ۲۱:۰۰ | چهارشنبه ساعت ۱۷:۰۰ تا ۲۱:۰۰,https://mftplus.com/lesson/431314131/ایلاستریتور
Zbrush,هنر و سینما,ونک,مشخص نشده,شنبه ۲۳ اسفند ۱۴۰۴,شنبه ۲۹ فروردین ۱۴۰۵,"۶۲,۴۰۰,۰۰۰","۶۲,۴۰۰,۰۰۰",شنبه ساعت ۱۷:۰۰ تا ۲۱:۰۰ | دوشنبه ساعت ۱۷:۰۰ تا ۲۱:۰۰ | چهارشنبه ساعت ۱۷:۰۰ تا ۲۱:۰۰,https://mftplus.com/lesson/431214134/Zbrush
ICDL 2021 Level 1,فناوری اطلاعات و ارتباطات,زعفرانیه,مشخص نشده,یکشنبه ۲۴ اسفند ۱۴۰۴,سه شنبه ۵ خرداد ۱۴۰۵,"۴۹,۰۰۰,۰۰۰","۴۹,۰۰۰,۰۰۰",یکشنبه ساعت ۰۹:۰۰ تا ۱۳:۰۰ | سه شنبه ساعت ۰۹:۰۰ تا ۱۳:۰۰,https://mftplus.com/lesson/5571/ICDL-2021-Level-1
ICDL Pack 2021,فناوری اطلاعات و ارتباطات,زعفرانیه,مشخص نشده,یکشنبه ۲۴ اسفند ۱۴۰۴,سه شنبه ۳۰ تیر ۱۴۰۵,"۶۳,۰۰۰,۰۰۰","۸۱,۰۰۰,۰۰۰",یکشنبه ساعت ۰۹:۰۰ تا ۱۳:۰۰ | سه شنبه ساعت ۰۹:۰۰ تا ۱۳:۰۰,https://mftplus.com/lesson/5575/ICDL-Pack-2021
دوره ی جامع بازسازی و اجرای پروژه های طراحی داخلی,معماری,پارک ساعی,مشخص نشده,یکشنبه ۲۴ اسفند ۱۴۰۴,یکشنبه ۲۰ اردیبهشت ۱۴۰۵,"۱۴۸,۰۰۰,۰۰۰","۱۴۸,۰۰۰,۰۰۰",یکشنبه ساعت ۱۷:۰۰ تا ۲۰:۳۰ | سه شنبه ساعت ۱۷:۰۰ تا ۲۰:۳۰,https://mftplus.com/lesson/391612165/دوره-ی-جامع-بازسازی-و-اجرای-پروژه-های-طراحی-داخلی
فتوشاپ و ایلاستریتور,هنر و سینما,باملند(شمال غرب),مشخص نشده,یکشنبه ۲۴ اسفند ۱۴۰۴,سه شنبه ۹ تیر ۱۴۰۵,"۹۴,۰۰۰,۰۰۰","۹۴,۰۰۰,۰۰۰",یکشنبه ساعت ۱۷:۰۰ تا ۲۰:۰۰ | سه شنبه ساعت ۱۷:۰۰ تا ۲۰:۰۰,https://mftplus.com/lesson/431312124/فتوشاپ-و-ایلاستریتور
Wordpress & SEO PACK,فناوری اطلاعات و ارتباطات,سعادت آباد (مرکزی),اسماعیل احمدی میرقائد,یکشنبه ۲۴ اسفند ۱۴۰۴,سه شنبه ۲ تیر ۱۴۰۵,"۱۰۰,۰۰۰,۰۰۰","۱۲۴,۰۰۰,۰۰۰",یکشنبه ساعت ۱۷:۳۰ تا ۲۰:۳۰ | سه شنبه ساعت ۱۷:۳۰ تا ۲۰:۳۰,https://mftplus.com/lesson/4669/Wordpress-&-SEO-PACK
Wordpress & WooCommerce Essential Training,فناوری اطلاعات و ارتباطات,سعادت آباد (مرکزی),اسماعیل احمدی میرقائد,یکشنبه ۲۴ اسفند ۱۴۰۴,یکشنبه ۲۰ اردیبهشت ۱۴۰۵,"۴۱,۰۰۰,۰۰۰","۵۳,۰۰۰,۰۰۰",یکشنبه ساعت ۱۷:۳۰ تا ۲۰:۳۰ | سه شنبه ساعت ۱۷:۳۰ تا ۲۰:۳۰,https://mftplus.com/lesson/5202/Wordpress-&-WooCommerce-Essential-Training
الگوسازی و دوخت لباس شب و عروس,فناوری مد و پوشاک,بلوار کاوه(قیطریه),مشخص نشده,یکشنبه ۲۴ اسفند ۱۴۰۴,یکشنبه ۳ آبان ۱۴۰۵,"۱۶۷,۰۰۰,۰۰۰","۱۶۷,۰۰۰,۰۰۰",یکشنبه ساعت ۰۸:۰۰ تا ۱۲:۰۰,https://mftplus.com/lesson/411414133/الگوسازی-و-دوخت-لباس-شب-و-عروس
Wordpress & SEO PACK,فناوری اطلاعات و ارتباطات,زعفرانیه,مشخص نشده,یکشنبه ۲۴ اسفند ۱۴۰۴,یکشنبه ۲۴ خرداد ۱۴۰۵,"۱۰۰,۰۰۰,۰۰۰","۱۲۴,۰۰۰,۰۰۰",یکشنبه ساعت ۱۷:۳۰ تا ۲۱:۰۰ | سه شنبه ساعت ۱۷:۳۰ تا ۲۱:۰۰,https://mftplus.com/lesson/4669/Wordpress-&-SEO-PACK
Wordpress & WooCommerce Essential Training,فناوری اطلاعات و ارتباطات,زعفرانیه,مشخص نشده,یکشنبه ۲۴ اسفند ۱۴۰۴,یکشنبه ۱۳ اردیبهشت ۱۴۰۵,"۴۱,۰۰۰,۰۰۰","۵۳,۰۰۰,۰۰۰",یکشنبه ساعت ۱۷:۳۰ تا ۲۱:۰۰ | سه شنبه ساعت ۱۷:۳۰ تا ۲۱:۰۰,https://mftplus.com/lesson/5202/Wordpress-&-WooCommerce-Essential-Training
دکوراتور داخلی,معماری,پارک ساعی,مشخص نشده,یکشنبه ۲۴ اسفند ۱۴۰۴,یکشنبه ۱ شهریور ۱۴۰۵,"۱۸۸,۰۰۰,۰۰۰","۱۸۸,۰۰۰,۰۰۰",یکشنبه ساعت ۱۷:۰۰ تا ۲۰:۰۰ | سه شنبه ساعت ۱۷:۰۰ تا ۲۰:۰۰,https://mftplus.com/lesson/391212131/دکوراتور-داخلی
نرم افزار Revit معماری,معماری,نارمک,مشخص نشده,یکشنبه ۲۴ اسفند ۱۴۰۴,یکشنبه ۶ اردیبهشت ۱۴۰۵,"۸۹,۰۰۰,۰۰۰","۸۹,۰۰۰,۰۰۰",یکشنبه ساعت ۱۷:۰۰ تا ۲۱:۰۰ | سه شنبه ساعت ۱۷:۰۰ تا ۲۱:۰۰,https://mftplus.com/lesson/391412129/نرم-افزار-Revit-معماری
JavaScript (Web Design III),فناوری اطلاعات و ارتباطات,سعادت آباد (مرکزی),تورج آرمین پور,یکشنبه ۲۴ اسفند ۱۴۰۴,یکشنبه ۷ تیر ۱۴۰۵,"۸۱,۰۰۰,۰۰۰","۱۰۱,۵۰۰,۰۰۰",یکشنبه ساعت ۱۵:۰۰ تا ۲۰:۰۰,https://mftplus.com/lesson/6458/JavaScript-(Web-Design-III)
افترافکت (After Effects),هنر و سینما,ونک,مشخص نشده,یکشنبه ۲۴ اسفند ۱۴۰۴,یکشنبه ۱۷ خرداد ۱۴۰۵,"۹۸,۰۰۰,۰۰۰","۹۸,۰۰۰,۰۰۰",یکشنبه ساعت ۱۷:۰۰ تا ۲۱:۰۰ | سه شنبه ساعت ۱۷:۰۰ تا ۲۱:۰۰,https://mftplus.com/lesson/431213154/افترافکت-(After-Effects)
تولید محتوای ویدیویی,هنر و سینما,ونک,مشخص نشده,یکشنبه ۲۴ اسفند ۱۴۰۴,سه شنبه ۵ خرداد ۱۴۰۵,"۹۷,۰۰۰,۰۰۰","۹۷,۰۰۰,۰۰۰",یکشنبه ساعت ۱۷:۰۰ تا ۲۱:۰۰ | سه شنبه ساعت ۱۷:۰۰ تا ۲۱:۰۰,https://mftplus.com/lesson/6518/تولید-محتوای-ویدیویی
C# Programming,فناوری اطلاعات و ارتباطات,پارک ساعی,مشخص نشده,یکشنبه ۲۴ اسفند ۱۴۰۴,یکشنبه ۱۷ خرداد ۱۴۰۵,"۶۷,۰۰۰,۰۰۰","۸۳,۰۰۰,۰۰۰",یکشنبه ساعت ۱۷:۳۰ تا ۲۰:۳۰ | سه شنبه ساعت ۱۷:۳۰ تا ۲۰:۳۰,https://mftplus.com/lesson/132027124/C#-Programming
Data Analysis with Python,فناوری اطلاعات و ارتباطات,سعادت آباد (مرکزی),فاطمه رفیع پور,یکشنبه ۲۴ اسفند ۱۴۰۴,سه شنبه ۸ اردیبهشت ۱۴۰۵,"۴۰,۰۰۰,۰۰۰","۵۰,۰۰۰,۰۰۰",یکشنبه ساعت ۱۴:۳۰ تا ۱۷:۳۰ | سه شنبه ساعت ۱۴:۳۰ تا ۱۷:۳۰,https://mftplus.com/lesson/5544/Data-Analysis-with-Python
طراحی وب سایت (Web Design Pack),فناوری اطلاعات و ارتباطات,زعفرانیه,مشخص نشده,یکشنبه ۲۴ اسفند ۱۴۰۴,سه شنبه ۳۱ شهریور ۱۴۰۵,"۱۵۰,۰۰۰,۰۰۰","۱۸۷,۰۰۰,۰۰۰",یکشنبه ساعت ۱۷:۳۰ تا ۲۱:۰۰ | سه شنبه ساعت ۱۷:۳۰ تا ۲۱:۰۰,https://mftplus.com/lesson/6459/طراحی-وب-سایت-(Web-Design-Pack)
(HTML & CSS (Web Design I,فناوری اطلاعات و ارتباطات,زعفرانیه,مشخص نشده,یکشنبه ۲۴ اسفند ۱۴۰۴,یکشنبه ۱۰ خرداد ۱۴۰۵,"۴۵,۰۰۰,۰۰۰","۵۶,۰۰۰,۰۰۰",یکشنبه ساعت ۱۷:۳۰ تا ۲۱:۰۰ | سه شنبه ساعت ۱۷:۳۰ تا ۲۱:۰۰,https://mftplus.com/lesson/6456/(HTML-&-CSS-(Web-Design-I
Internet Browser & Outlook,فناوری اطلاعات و ارتباطات,انقلاب,مشخص نشده,یکشنبه ۲۴ اسفند ۱۴۰۴,سه شنبه ۲۶ اسفند ۱۴۰۴,"۷,۰۰۰,۰۰۰","۹,۰۰۰,۰۰۰",یکشنبه ساعت ۰۸:۳۰ تا ۱۴:۳۰ | سه شنبه ساعت ۰۸:۳۰ تا ۱۴:۳۰,https://mftplus.com/lesson/5718/Internet-Browser-&-Outlook
Microsoft Office Excel 2021 Expert,فناوری اطلاعات و ارتباطات,زعفرانیه,مشخص نشده,یکشنبه ۲۴ اسفند ۱۴۰۴,یکشنبه ۶ اردیبهشت ۱۴۰۵,"۳۵,۰۰۰,۰۰۰","۴۴,۰۰۰,۰۰۰",یکشنبه ساعت ۱۳:۰۰ تا ۱۷:۰۰ | سه شنبه ساعت ۱۳:۰۰ تا ۱۷:۰۰,https://mftplus.com/lesson/5619/Microsoft-Office-Excel-2021-Expert
موشن گرافیک,هنر و سینما,باملند(شمال غرب),مشخص نشده,یکشنبه ۲۴ اسفند ۱۴۰۴,یکشنبه ۱۵ شهریور ۱۴۰۵,"۱۷۴,۰۰۰,۰۰۰","۱۷۴,۰۰۰,۰۰۰",یکشنبه ساعت ۱۷:۰۰ تا ۲۰:۰۰ | سه شنبه ساعت ۱۷:۰۰ تا ۲۰:۰۰,https://mftplus.com/lesson/3064/موشن-گرافیک
کمک های اولیه و فوریت های پزشکی,دانش سلامت,زعفرانیه,مشخص نشده,یکشنبه ۲۴ اسفند ۱۴۰۴,یکشنبه ۲۰ اردیبهشت ۱۴۰۵,"۴۵,۵۰۰,۰۰۰","۴۵,۵۰۰,۰۰۰",یکشنبه ساعت ۱۰:۰۰ تا ۱۴:۰۰ | سه شنبه ساعت ۱۰:۰۰ تا ۱۴:۰۰,https://mftplus.com/lesson/341612128/کمک-های-اولیه-و-فوریت-های-پزشکی
Microsoft Office Excel 2021,فناوری اطلاعات و ارتباطات,سعادت آباد (مرکزی),معصومه فاتح,یکشنبه ۲۴ اسفند ۱۴۰۴,یکشنبه ۶ اردیبهشت ۱۴۰۵,"۲۳,۰۰۰,۰۰۰","۲۸,۰۰۰,۰۰۰",یکشنبه ساعت ۱۷:۳۰ تا ۲۰:۳۰ | سه شنبه ساعت ۱۷:۳۰ تا ۲۰:۳۰,https://mftplus.com/lesson/5578/Microsoft-Office-Excel-2021
زبان انگلیسی A1.4,زبانهای خارجی,انقلاب,مشخص نشده,یکشنبه ۲۴ اسفند ۱۴۰۴,یکشنبه ۱۰ خرداد ۱۴۰۵,"۲۶,۶۰۰,۰۰۰","۲۶,۶۰۰,۰۰۰",یکشنبه ساعت ۱۷:۳۰ تا ۱۹:۳۰ | سه شنبه ساعت ۱۷:۳۰ تا ۱۹:۳۰,https://mftplus.com/lesson/231215278/زبان-انگلیسی-A1.4
زبان انگلیسی B1.3,زبانهای خارجی,انقلاب,مشخص نشده,یکشنبه ۲۴ اسفند ۱۴۰۴,یکشنبه ۱۰ خرداد ۱۴۰۵,"۲۸,۱۰۰,۰۰۰","۲۸,۱۰۰,۰۰۰",یکشنبه ساعت ۱۷:۳۰ تا ۱۹:۳۰ | چهارشنبه ساعت ۱۷:۳۰ تا ۱۹:۳۰,https://mftplus.com/lesson/231215288/زبان-انگلیسی-B1.3
Move 8,زبانهای خارجی,انقلاب,مشخص نشده,یکشنبه ۲۴ اسفند ۱۴۰۴,یکشنبه ۲۴ خرداد ۱۴۰۵,"۱۹,۳۰۰,۰۰۰","۱۹,۳۰۰,۰۰۰",یکشنبه ساعت ۱۶:۰۰ تا ۱۷:۳۰ | سه شنبه ساعت ۱۶:۰۰ تا ۱۷:۳۰,https://mftplus.com/lesson/231712136/Move-8
زبان انگلیسی A1.1,زبانهای خارجی,انقلاب,مشخص نشده,یکشنبه ۲۴ اسفند ۱۴۰۴,یکشنبه ۱۰ خرداد ۱۴۰۵,"۲۶,۶۰۰,۰۰۰","۲۶,۶۰۰,۰۰۰",یکشنبه ساعت ۱۷:۳۰ تا ۱۹:۳۰ | سه شنبه ساعت ۱۷:۳۰ تا ۱۹:۳۰,https://mftplus.com/lesson/231215275/زبان-انگلیسی-A1.1
تصویر سازی دیجیتال با پروکریت,فناوری مد و پوشاک,زعفرانیه,مشخص نشده,یکشنبه ۲۴ اسفند ۱۴۰۴,یکشنبه ۳ خرداد ۱۴۰۵,"۵۳,۰۰۰,۰۰۰","۵۳,۰۰۰,۰۰۰",یکشنبه ساعت ۱۷:۳۰ تا ۲۱:۰۰,https://mftplus.com/lesson/5341/تصویر-سازی-دیجیتال-با-پروکریت
فتوشاپ نسخه مقدماتی تا پیشرفته,هنر و سینما,پارک ساعی,مشخص نشده,دوشنبه ۲۵ اسفند ۱۴۰۴,شنبه ۱۲ اردیبهشت ۱۴۰۵,"۵۱,۰۰۰,۰۰۰","۵۶,۰۰۰,۰۰۰",شنبه ساعت ۰۹:۰۰ تا ۱۳:۰۰ | دوشنبه ساعت ۰۹:۰۰ تا ۱۳:۰۰ | چهارشنبه ساعت ۰۹:۰۰ تا ۱۳:۰۰,https://mftplus.com/lesson/431314130/فتوشاپ-نسخه-مقدماتی-تا-پیشرفته
فتوشاپ و ایلاستریتور,هنر و سینما,پارک ساعی,مشخص نشده,دوشنبه ۲۵ اسفند ۱۴۰۴,چهارشنبه ۲۳ اردیبهشت ۱۴۰۵,"۸۴,۰۰۰,۰۰۰","۹۴,۰۰۰,۰۰۰",شنبه ساعت ۰۹:۰۰ تا ۱۳:۰۰ | دوشنبه ساعت ۰۹:۰۰ تا ۱۳:۰۰ | چهارشنبه ساعت ۰۹:۰۰ تا ۱۳:۰۰,https://mftplus.com/lesson/431312124/فتوشاپ-و-ایلاستریتور
استایلینگ,فناوری مد و پوشاک,زعفرانیه,مشخص نشده,دوشنبه ۲۵ اسفند ۱۴۰۴,دوشنبه ۱۴ اردیبهشت ۱۴۰۵,"۶۰,۰۰۰,۰۰۰","۶۰,۰۰۰,۰۰۰",دوشنبه ساعت ۱۰:۰۰ تا ۱۵:۰۰,https://mftplus.com/lesson/6316/استایلینگ
فتوشاپ و ایلاستریتور,هنر و سینما,تهرانپارس,مشخص نشده,دوشنبه ۲۵ اسفند ۱۴۰۴,چهارشنبه ۲۱ مرداد ۱۴۰۵,"۸۴,۰۰۰,۰۰۰","۸۴,۰۰۰,۰۰۰",دوشنبه ساعت ۲۱:۰۰ تا ۲۳:۰۰ | چهارشنبه ساعت ۲۱:۰۰ تا ۲۳:۰۰,https://mftplus.com/lesson/431312124/فتوشاپ-و-ایلاستریتور
نازکدوزی زنانه,فناوری مد و پوشاک,زعفرانیه,مشخص نشده,دوشنبه ۲۵ اسفند ۱۴۰۴,دوشنبه ۱۶ شهریور ۱۴۰۵,"۱۳۱,۰۰۰,۰۰۰","۱۳۱,۰۰۰,۰۰۰",دوشنبه ساعت ۱۰:۰۰ تا ۱۵:۰۰,https://mftplus.com/lesson/411414164/نازکدوزی-زنانه
Microsoft Office Excel 2021,فناوری اطلاعات و ارتباطات,زعفرانیه,مشخص نشده,دوشنبه ۲۵ اسفند ۱۴۰۴,دوشنبه ۳۱ فروردین ۱۴۰۵,"۲۳,۰۰۰,۰۰۰","۲۸,۰۰۰,۰۰۰",شنبه ساعت ۱۷:۳۰ تا ۲۱:۰۰ | دوشنبه ساعت ۱۷:۳۰ تا ۲۱:۰۰,https://mftplus.com/lesson/5578/Microsoft-Office-Excel-2021
ICDL 2021 Level 2,فناوری اطلاعات و ارتباطات,زعفرانیه,مشخص نشده,دوشنبه ۲۵ اسفند ۱۴۰۴,شنبه ۹ خرداد ۱۴۰۵,"۳۵,۰۰۰,۰۰۰","۴۴,۰۰۰,۰۰۰",شنبه ساعت ۱۷:۳۰ تا ۲۱:۰۰ | دوشنبه ساعت ۱۷:۳۰ تا ۲۱:۰۰,https://mftplus.com/lesson/5573/ICDL-2021-Level-2
فنگ شویی در معماری داخلی,معماری,پارک ساعی,مشخص نشده,دوشنبه ۲۵ اسفند ۱۴۰۴,چهارشنبه ۱۹ فروردین ۱۴۰۵,"۳۰,۰۰۰,۰۰۰","۳۰,۰۰۰,۰۰۰",دوشنبه ساعت ۱۷:۰۰ تا ۲۰:۰۰ | چهارشنبه ساعت ۱۷:۰۰ تا ۲۰:۰۰,https://mftplus.com/lesson/3782/فنگ-شویی-در-معماری-داخلی
MCSA PACK 2025,فناوری اطلاعات و ارتباطات,پارک ساعی,مشخص نشده,دوشنبه ۲۵ اسفند ۱۴۰۴,شنبه ۲۵ مهر ۱۴۰۵,"۱۷۳,۰۰۰,۰۰۰","۲۱۸,۰۰۰,۰۰۰",شنبه ساعت ۱۷:۰۰ تا ۲۱:۰۰ | دوشنبه ساعت ۱۷:۰۰ تا ۲۱:۰۰,https://mftplus.com/lesson/6364/MCSA-PACK-2025
زبان آلمانی A1.1,زبانهای خارجی,انقلاب,مشخص نشده,دوشنبه ۲۵ اسفند ۱۴۰۴,دوشنبه ۴ خرداد ۱۴۰۵,"۵۵,۱۰۰,۰۰۰","۵۵,۱۰۰,۰۰۰",دوشنبه ساعت ۱۷:۳۰ تا ۲۰:۳۰ | چهارشنبه ساعت ۱۷:۳۰ تا ۲۰:۳۰,https://mftplus.com/lesson/231412143/زبان-آلمانی-A1.1
زبان آلمانی A2.1,زبانهای خارجی,انقلاب,مشخص نشده,دوشنبه ۲۵ اسفند ۱۴۰۴,شنبه ۹ خرداد ۱۴۰۵,"۵۷,۵۰۰,۰۰۰","۵۷,۵۰۰,۰۰۰",شنبه ساعت ۱۶:۰۰ تا ۱۸:۰۰ | دوشنبه ساعت ۱۶:۰۰ تا ۱۸:۰۰ | چهارشنبه ساعت ۱۶:۰۰ تا ۱۸:۰۰,https://mftplus.com/lesson/231412145/زبان-آلمانی-A2.1
سئو و بهینه سازی موتورهای جست و جو (SEO),فناوری اطلاعات و ارتباطات,بلوار کاوه(قیطریه),مشخص نشده,دوشنبه ۲۵ اسفند ۱۴۰۴,چهارشنبه ۹ اردیبهشت ۱۴۰۵,"۶۵,۰۰۰,۰۰۰","۸۳,۰۰۰,۰۰۰",دوشنبه ساعت ۱۶:۰۰ تا ۲۰:۰۰ | چهارشنبه ساعت ۱۶:۰۰ تا ۲۰:۰۰,https://mftplus.com/lesson/5303/سئو-و-بهینه-سازی-موتورهای-جست-و-جو-(SEO)
Object Design,معماری,بلوار کاوه(قیطریه),مشخص نشده,دوشنبه ۲۵ اسفند ۱۴۰۴,دوشنبه ۲۸ اردیبهشت ۱۴۰۵,"۴۶,۰۰۰,۰۰۰","۴۶,۰۰۰,۰۰۰",دوشنبه ساعت ۰۹:۰۰ تا ۱۴:۰۰,https://mftplus.com/lesson/3251/Object-Design
Network+,فناوری اطلاعات و ارتباطات,سعادت آباد (مرکزی),بدری نقیب پور,دوشنبه ۲۵ اسفند ۱۴۰۴,دوشنبه ۱۴ اردیبهشت ۱۴۰۵,"۱۵,۰۰۰,۰۰۰","۲۰,۰۰۰,۰۰۰",دوشنبه ساعت ۱۶:۳۰ تا ۲۱:۳۰,https://mftplus.com/lesson/131612129/Network+
MCSA PACK 2025,فناوری اطلاعات و ارتباطات,سعادت آباد (مرکزی),بدری نقیب پور,دوشنبه ۲۵ اسفند ۱۴۰۴,دوشنبه ۱۹ بهمن ۱۴۰۵,"۱۷۳,۰۰۰,۰۰۰","۲۱۸,۰۰۰,۰۰۰",دوشنبه ساعت ۱۶:۳۰ تا ۲۱:۳۰,https://mftplus.com/lesson/6364/MCSA-PACK-2025
نازکدوزی زنانه,فناوری مد و پوشاک,نارمک,مشخص نشده,دوشنبه ۲۵ اسفند ۱۴۰۴,شنبه ۶ تیر ۱۴۰۵,"۱۳۱,۰۰۰,۰۰۰","۱۳۱,۰۰۰,۰۰۰",شنبه ساعت ۱۴:۳۰ تا ۱۸:۳۰ | دوشنبه ساعت ۱۴:۳۰ تا ۱۸:۳۰,https://mftplus.com/lesson/411414164/نازکدوزی-زنانه
پریمیر,هنر و سینما,سعادت آباد (مرکزی),مشخص نشده,دوشنبه ۲۵ اسفند ۱۴۰۴,دوشنبه ۱۱ خرداد ۱۴۰۵,"۶۶,۰۰۰,۰۰۰","۶۶,۰۰۰,۰۰۰",دوشنبه ساعت ۰۹:۰۰ تا ۱۴:۰۰,https://mftplus.com/lesson/431213156/پریمیر
تدوین و ساخت تیزرهای تبلیغاتی,هنر و سینما,سعادت آباد (مرکزی),مشخص نشده,دوشنبه ۲۵ اسفند ۱۴۰۴,دوشنبه ۱۷ اسفند ۱۴۰۵,"۲۷۸,۰۰۰,۰۰۰","۲۷۸,۰۰۰,۰۰۰",دوشنبه ساعت ۰۹:۰۰ تا ۱۴:۰۰,https://mftplus.com/lesson/431213124/تدوین-و-ساخت-تیزرهای-تبلیغاتی
3Ds Max Beginners to Advanced & V-Ray,معماری,زعفرانیه,مشخص نشده,دوشنبه ۲۵ اسفند ۱۴۰۴,دوشنبه ۱۸ خرداد ۱۴۰۵,"۱۴۴,۰۰۰,۰۰۰","۱۴۴,۰۰۰,۰۰۰",شنبه ساعت ۱۰:۰۰ تا ۱۴:۰۰ | دوشنبه ساعت ۱۰:۰۰ تا ۱۴:۰۰,https://mftplus.com/lesson/4542/3Ds-Max-Beginners-to-Advanced-&-V-Ray
عکاسی دیجیتال,هنر و سینما,اکباتان,مشخص نشده,دوشنبه ۲۵ اسفند ۱۴۰۴,چهارشنبه ۱۰ تیر ۱۴۰۵,"۸۵,۹۰۰,۰۰۰","۸۵,۹۰۰,۰۰۰",دوشنبه ساعت ۱۷:۳۰ تا ۲۰:۳۰ | چهارشنبه ساعت ۱۷:۳۰ تا ۲۰:۳۰,https://mftplus.com/lesson/4919/عکاسی-دیجیتال
مدیریت بر خویشتن,دانش سلامت,سعادت آباد (مرکزی),مشخص نشده,دوشنبه ۲۵ اسفند ۱۴۰۴,چهارشنبه ۲ اردیبهشت ۱۴۰۵,"۳۱,۵۰۰,۰۰۰","۳۱,۵۰۰,۰۰۰",دوشنبه ساعت ۰۹:۰۰ تا ۱۴:۰۰ | چهارشنبه ساعت ۰۹:۰۰ تا ۱۴:۰۰,https://mftplus.com/lesson/341220128/مدیریت-بر-خویشتن
Internet Browser & Outlook,فناوری اطلاعات و ارتباطات,انقلاب,مشخص نشده,دوشنبه ۲۵ اسفند ۱۴۰۴,دوشنبه ۱۷ فروردین ۱۴۰۵,"۷,۰۰۰,۰۰۰","۹,۰۰۰,۰۰۰",شنبه ساعت ۱۴:۳۰ تا ۱۷:۳۰ | دوشنبه ساعت ۱۴:۳۰ تا ۱۷:۳۰ | چهارشنبه ساعت ۱۴:۳۰ تا ۱۷:۳۰,https://mftplus.com/lesson/5718/Internet-Browser-&-Outlook
Internet Browser & Outlook,فناوری اطلاعات و ارتباطات,انقلاب,مشخص نشده,دوشنبه ۲۵ اسفند ۱۴۰۴,دوشنبه ۱۷ فروردین ۱۴۰۵,"۷,۰۰۰,۰۰۰","۹,۰۰۰,۰۰۰",شنبه ساعت ۱۷:۳۰ تا ۲۰:۳۰ | دوشنبه ساعت ۱۷:۳۰ تا ۲۰:۳۰ | چهارشنبه ساعت ۱۷:۳۰ تا ۲۰:۳۰,https://mftplus.com/lesson/5718/Internet-Browser-&-Outlook
فتوشاپ نسخه مقدماتی تا پیشرفته,هنر و سینما,ونک,مشخص نشده,دوشنبه ۲۵ اسفند ۱۴۰۴,شنبه ۱۲ اردیبهشت ۱۴۰۵,"۵۶,۰۰۰,۰۰۰","۵۶,۰۰۰,۰۰۰",شنبه ساعت ۱۷:۰۰ تا ۲۱:۰۰ | دوشنبه ساعت ۱۷:۰۰ تا ۲۱:۰۰ | چهارشنبه ساعت ۱۷:۰۰ تا ۲۱:۰۰,https://mftplus.com/lesson/431314130/فتوشاپ-نسخه-مقدماتی-تا-پیشرفته
دوره جامع ساخت انیمیشن دوبعدی و سه بعدی,هنر و سینما,ونک,مشخص نشده,دوشنبه ۲۵ اسفند ۱۴۰۴,شنبه ۲۸ شهریور ۱۴۰۵,"۳۶۲,۹۰۰,۰۰۰","۳۶۲,۹۰۰,۰۰۰",شنبه ساعت ۱۷:۰۰ تا ۲۱:۰۰ | دوشنبه ساعت ۱۷:۰۰ تا ۲۱:۰۰ | چهارشنبه ساعت ۱۷:۰۰ تا ۲۱:۰۰,https://mftplus.com/lesson/6146/دوره-جامع-ساخت-انیمیشن-دوبعدی-و-سه-بعدی
پریمیر,هنر و سینما,ونک,مشخص نشده,دوشنبه ۲۵ اسفند ۱۴۰۴,شنبه ۵ اردیبهشت ۱۴۰۵,"۶۶,۰۰۰,۰۰۰","۶۶,۰۰۰,۰۰۰",شنبه ساعت ۱۷:۰۰ تا ۲۱:۰۰ | دوشنبه ساعت ۱۷:۰۰ تا ۲۱:۰۰ | چهارشنبه ساعت ۱۷:۰۰ تا ۲۱:۰۰,https://mftplus.com/lesson/431213156/پریمیر
موشن گرافیک,هنر و سینما,ونک,مشخص نشده,دوشنبه ۲۵ اسفند ۱۴۰۴,دوشنبه ۲۵ خرداد ۱۴۰۵,"۱۷۴,۰۰۰,۰۰۰","۱۷۴,۰۰۰,۰۰۰",شنبه ساعت ۱۷:۰۰ تا ۲۱:۰۰ | دوشنبه ساعت ۱۷:۰۰ تا ۲۱:۰۰ | چهارشنبه ساعت ۱۷:۰۰ تا ۲۱:۰۰,https://mftplus.com/lesson/3064/موشن-گرافیک
تدوین و ساخت تیزرهای تبلیغاتی,هنر و سینما,ونک,مشخص نشده,دوشنبه ۲۵ اسفند ۱۴۰۴,چهارشنبه ۴ شهریور ۱۴۰۵,"۲۷۸,۰۰۰,۰۰۰","۲۷۸,۰۰۰,۰۰۰",شنبه ساعت ۱۷:۰۰ تا ۲۱:۰۰ | دوشنبه ساعت ۱۷:۰۰ تا ۲۱:۰۰ | چهارشنبه ساعت ۱۷:۰۰ تا ۲۱:۰۰,https://mftplus.com/lesson/431213124/تدوین-و-ساخت-تیزرهای-تبلیغاتی
طراحی طلا و جواهرات به کمک نرم افزار MATRIX - سطح یک,علوم مهندسی,پارک ساعی,مشخص نشده,دوشنبه ۲۵ اسفند ۱۴۰۴,چهارشنبه ۲۴ تیر ۱۴۰۵,"۱۵۵,۰۰۰,۰۰۰","۱۵۵,۰۰۰,۰۰۰",دوشنبه ساعت ۱۷:۰۰ تا ۲۰:۰۰ | چهارشنبه ساعت ۱۷:۰۰ تا ۲۰:۰۰,https://mftplus.com/lesson/6277/طراحی-طلا-و-جواهرات-به-کمک-نرم-افزار-MATRIX-سطح-یک
دوره جامع طراحی طلا و جواهرات به کمک نرم افزار MATRIX,علوم مهندسی,پارک ساعی,مشخص نشده,دوشنبه ۲۵ اسفند ۱۴۰۴,دوشنبه ۶ مهر ۱۴۰۵,"۱۹۹,۰۰۰,۰۰۰","۱۹۹,۰۰۰,۰۰۰",دوشنبه ساعت ۱۷:۰۰ تا ۲۰:۰۰ | چهارشنبه ساعت ۱۷:۰۰ تا ۲۰:۰۰,https://mftplus.com/lesson/4502/دوره-جامع-طراحی-طلا-و-جواهرات-به-کمک-نرم-افزار-MATRIX
ترفندهای اکسل در حسابداری,علوم مالی و حسابداری,نارمک,مشخص نشده,دوشنبه ۲۵ اسفند ۱۴۰۴,شنبه ۲۲ فروردین ۱۴۰۵,"۳۴,۵۰۰,۰۰۰","۳۴,۵۰۰,۰۰۰",شنبه ساعت ۱۷:۰۰ تا ۲۱:۰۰ | دوشنبه ساعت ۱۷:۰۰ تا ۲۱:۰۰ | چهارشنبه ساعت ۱۷:۰۰ تا ۲۱:۰۰,https://mftplus.com/lesson/6164/ترفندهای-اکسل-در-حسابداری
تهیه نقشه های سازه با نرم افزار Revit structure,علوم مهندسی,زعفرانیه,مشخص نشده,دوشنبه ۲۵ اسفند ۱۴۰۴,دوشنبه ۱ تیر ۱۴۰۵,"۷۲,۵۰۰,۰۰۰","۷۲,۵۰۰,۰۰۰",دوشنبه ساعت ۱۷:۳۰ تا ۲۱:۰۰,https://mftplus.com/lesson/4617/تهیه-نقشه-های-سازه-با-نرم-افزار-Revit-structure
کودکان الکترونیکی 2,کودک و نوجوان,سعادت آباد (مرکزی),مشخص نشده,دوشنبه ۲۵ اسفند ۱۴۰۴,دوشنبه ۸ تیر ۱۴۰۵,"۷۸,۰۰۰,۰۰۰","۷۸,۰۰۰,۰۰۰",دوشنبه ساعت ۱۷:۳۰ تا ۲۰:۳۰,https://mftplus.com/lesson/4020/کودکان-الکترونیکی-2
HTML & CSS II,کودک و نوجوان,سعادت آباد (مرکزی),مشخص نشده,دوشنبه ۲۵ اسفند ۱۴۰۴,دوشنبه ۲۱ اردیبهشت ۱۴۰۵,"۵۷,۶۰۰,۰۰۰","۵۷,۶۰۰,۰۰۰",دوشنبه ساعت ۱۷:۳۰ تا ۲۰:۳۰,https://mftplus.com/lesson/4636/HTML-&-CSS-II
3Ds Max Beginners to Advanced & V-Ray,معماری,نارمک,مشخص نشده,دوشنبه ۲۵ اسفند ۱۴۰۴,دوشنبه ۱۵ تیر ۱۴۰۵,"۱۴۴,۰۰۰,۰۰۰","۱۴۴,۰۰۰,۰۰۰",دوشنبه ساعت ۱۷:۰۰ تا ۲۰:۰۰ | چهارشنبه ساعت ۱۷:۰۰ تا ۲۰:۰۰,https://mftplus.com/lesson/4542/3Ds-Max-Beginners-to-Advanced-&-V-Ray
Python Programming Advanced,فناوری اطلاعات و ارتباطات,نارمک,مشخص نشده,سه شنبه ۲۶ اسفند ۱۴۰۴,یکشنبه ۳ خرداد ۱۴۰۵,"۹۲,۰۰۰,۰۰۰","۱۱۴,۰۰۰,۰۰۰",یکشنبه ساعت ۱۷:۰۰ تا ۲۱:۰۰ | سه شنبه ساعت ۱۷:۰۰ تا ۲۱:۰۰,https://mftplus.com/lesson/5681/Python-Programming-Advanced
Machine Learning with Python,فناوری اطلاعات و ارتباطات,پارک ساعی,مشخص نشده,سه شنبه ۲۶ اسفند ۱۴۰۴,سه شنبه ۶ مرداد ۱۴۰۵,"۶۷,۰۰۰,۰۰۰","۸۴,۰۰۰,۰۰۰",سه شنبه ساعت ۱۷:۳۰ تا ۲۰:۳۰,https://mftplus.com/lesson/5546/Machine-Learning-with-Python
برنامه ریزی و کنترل پروژه با نرم افزار Oracle Primavera P6,علوم مهندسی,زعفرانیه,مشخص نشده,سه شنبه ۲۶ اسفند ۱۴۰۴,سه شنبه ۲۲ اردیبهشت ۱۴۰۵,"۷۵,۰۰۰,۰۰۰","۷۵,۰۰۰,۰۰۰",یکشنبه ساعت ۱۷:۳۰ تا ۲۱:۰۰ | سه شنبه ساعت ۱۷:۳۰ تا ۲۱:۰۰,https://mftplus.com/lesson/154012133/برنامه-ریزی-و-کنترل-پروژه-با-نرم-افزار-Oracle-Primavera-P6
دوره جامع طراحی طلا و جواهرات به کمک نرم افزار MATRIX,علوم مهندسی,ونک,مشخص نشده,سه شنبه ۲۶ اسفند ۱۴۰۴,سه شنبه ۱۹ خرداد ۱۴۰۵,"۱۹۹,۰۰۰,۰۰۰","۱۹۹,۰۰۰,۰۰۰",یکشنبه ساعت ۰۹:۰۰ تا ۱۵:۰۰ | سه شنبه ساعت ۰۹:۰۰ تا ۱۵:۰۰,https://mftplus.com/lesson/4502/دوره-جامع-طراحی-طلا-و-جواهرات-به-کمک-نرم-افزار-MATRIX
طراحی معماری و دکوراسیون داخلی متوسط,معماری,زعفرانیه,مشخص نشده,سه شنبه ۲۶ اسفند ۱۴۰۴,یکشنبه ۲۵ مرداد ۱۴۰۵,"۲۰۶,۰۰۰,۰۰۰","۲۰۶,۰۰۰,۰۰۰",یکشنبه ساعت ۱۷:۳۰ تا ۲۱:۰۰ | سه شنبه ساعت ۱۷:۳۰ تا ۲۱:۰۰,https://mftplus.com/lesson/391212126/طراحی-معماری-و-دکوراسیون-داخلی-متوسط
طراحی معماری و دکوراسیون داخلی پیشرفته,معماری,زعفرانیه,مشخص نشده,سه شنبه ۲۶ اسفند ۱۴۰۴,یکشنبه ۱۸ مرداد ۱۴۰۵,"۲۱۹,۰۰۰,۰۰۰","۲۱۹,۰۰۰,۰۰۰",یکشنبه ساعت ۱۰:۰۰ تا ۱۴:۰۰ | سه شنبه ساعت ۱۰:۰۰ تا ۱۴:۰۰,https://mftplus.com/lesson/5998/طراحی-معماری-و-دکوراسیون-داخلی-پیشرفته
برنامه نویسی پایتون مقدماتی 1,کودک و نوجوان,پارک ساعی,مشخص نشده,سه شنبه ۲۶ اسفند ۱۴۰۴,سه شنبه ۱۵ اردیبهشت ۱۴۰۵,"۵۵,۷۰۰,۰۰۰","۶۰,۳۰۰,۰۰۰",یکشنبه ساعت ۱۶:۰۰ تا ۱۹:۰۰ | سه شنبه ساعت ۱۶:۰۰ تا ۱۹:۰۰,https://mftplus.com/lesson/3931/برنامه-نویسی-پایتون-مقدماتی-1
تولید محتوا و بازایابی محتوا در کسب و کار,تولید محتوا,نیاوران,مشخص نشده,سه شنبه ۲۶ اسفند ۱۴۰۴,یکشنبه ۲۰ اردیبهشت ۱۴۰۵,"۳۴,۰۰۰,۰۰۰","۳۴,۰۰۰,۰۰۰",یکشنبه ساعت ۱۴:۰۰ تا ۱۷:۰۰ | سه شنبه ساعت ۱۴:۰۰ تا ۱۷:۰۰,https://mftplus.com/lesson/4872/تولید-محتوا-و-بازایابی-محتوا-در-کسب-و-کار
Deep Learning with Python,فناوری اطلاعات و ارتباطات,پارک ساعی,مشخص نشده,سه شنبه ۲۶ اسفند ۱۴۰۴,سه شنبه ۳ شهریور ۱۴۰۵,"۹۴,۰۰۰,۰۰۰","۱۱۷,۰۰۰,۰۰۰",سه شنبه ساعت ۱۷:۳۰ تا ۲۰:۳۰,https://mftplus.com/lesson/5542/Deep-Learning-with-Python
حسابداری ویژه بازار کار,علوم مالی و حسابداری,نیاوران,مشخص نشده,سه شنبه ۲۶ اسفند ۱۴۰۴,یکشنبه ۳ آبان ۱۴۰۵,"۱۷۷,۶۰۰,۰۰۰","۱۷۷,۶۰۰,۰۰۰",یکشنبه ساعت ۱۷:۳۰ تا ۲۰:۳۰ | سه شنبه ساعت ۱۷:۳۰ تا ۲۰:۳۰,https://mftplus.com/lesson/3869/حسابداری-ویژه-بازار-کار
 دوره کارآموزی معماری,معماری,بلوار کاوه(قیطریه),مشخص نشده,سه شنبه ۲۶ اسفند ۱۴۰۴,سه شنبه ۲۳ تیر ۱۴۰۵,"۱۸۰,۰۰۰,۰۰۰","۱۸۰,۰۰۰,۰۰۰",یکشنبه ساعت ۰۹:۰۰ تا ۱۴:۰۰ | سه شنبه ساعت ۰۹:۰۰ تا ۱۴:۰۰,https://mftplus.com/lesson/4835/دوره-کارآموزی-معماری
مدیریت فروش (SM),مدیریت و کسب و کار,نیاوران,مشخص نشده,سه شنبه ۲۶ اسفند ۱۴۰۴,سه شنبه ۸ اردیبهشت ۱۴۰۵,"۵۸,۰۰۰,۰۰۰","۵۸,۰۰۰,۰۰۰",یکشنبه ساعت ۱۷:۳۰ تا ۲۰:۳۰ | سه شنبه ساعت ۱۷:۳۰ تا ۲۰:۳۰,https://mftplus.com/lesson/4941/مدیریت-فروش-(SM)
مدیریت برند,مدیریت و کسب و کار,نیاوران,مشخص نشده,سه شنبه ۲۶ اسفند ۱۴۰۴,یکشنبه ۶ اردیبهشت ۱۴۰۵,"۵۲,۹۰۰,۰۰۰","۵۲,۹۰۰,۰۰۰",یکشنبه ساعت ۱۷:۳۰ تا ۲۰:۳۰ | سه شنبه ساعت ۱۷:۳۰ تا ۲۰:۳۰,https://mftplus.com/lesson/4928/مدیریت-برند
طراحی لباس تخصصی پیشرفته,فناوری مد و پوشاک,زعفرانیه,مشخص نشده,سه شنبه ۲۶ اسفند ۱۴۰۴,یکشنبه ۲۵ مرداد ۱۴۰۵,"۱۳۵,۰۰۰,۰۰۰","۱۳۵,۰۰۰,۰۰۰",یکشنبه ساعت ۱۰:۰۰ تا ۱۴:۰۰ | سه شنبه ساعت ۱۰:۰۰ تا ۱۴:۰۰,https://mftplus.com/lesson/6319/طراحی-لباس-تخصصی-پیشرفته
اتوکد دوبعدی معماری,معماری,زعفرانیه,مشخص نشده,سه شنبه ۲۶ اسفند ۱۴۰۴,یکشنبه ۲۰ اردیبهشت ۱۴۰۵,"۷۵,۰۰۰,۰۰۰","۷۵,۰۰۰,۰۰۰",یکشنبه ساعت ۱۰:۰۰ تا ۱۴:۰۰ | سه شنبه ساعت ۱۰:۰۰ تا ۱۴:۰۰,https://mftplus.com/lesson/391412131/اتوکد-دوبعدی-معماری
طراحی مکانیکی به کمک CATIA I,علوم مهندسی,زعفرانیه,مشخص نشده,سه شنبه ۲۶ اسفند ۱۴۰۴,سه شنبه ۲۳ تیر ۱۴۰۵,"۷۹,۰۰۰,۰۰۰","۷۹,۰۰۰,۰۰۰",سه شنبه ساعت ۱۷:۳۰ تا ۲۱:۰۰,https://mftplus.com/lesson/153718143/طراحی-مکانیکی-به-کمک-CATIA-I
دوره جامع محاسبات ساختمان : ETABS/SAFE سطح یک,علوم مهندسی,زعفرانیه,مشخص نشده,سه شنبه ۲۶ اسفند ۱۴۰۴,یکشنبه ۱۱ مرداد ۱۴۰۵,"۱۶۹,۰۰۰,۰۰۰","۱۶۹,۰۰۰,۰۰۰",یکشنبه ساعت ۱۷:۳۰ تا ۲۱:۰۰ | سه شنبه ساعت ۱۷:۳۰ تا ۲۱:۰۰,https://mftplus.com/lesson/153812123/دوره-جامع-محاسبات-ساختمان-:-ETABS/SAFE-سطح-یک
پرفورمنس مارکتینگ (مقدماتی تا پیشرفته),تولید محتوا,نیاوران,مشخص نشده,سه شنبه ۲۶ اسفند ۱۴۰۴,سه شنبه ۲۹ اردیبهشت ۱۴۰۵,"۸۰,۰۰۰,۰۰۰","۸۰,۰۰۰,۰۰۰",یکشنبه ساعت ۱۴:۰۰ تا ۱۷:۰۰ | سه شنبه ساعت ۱۴:۰۰ تا ۱۷:۰۰,https://mftplus.com/lesson/6269/پرفورمنس-مارکتینگ-(مقدماتی-تا-پیشرفته)
مدیریت بازاریابی دیجیتال,مدیریت و کسب و کار,نیاوران,مشخص نشده,سه شنبه ۲۶ اسفند ۱۴۰۴,یکشنبه ۱۰ خرداد ۱۴۰۵,"۱۱۸,۸۰۰,۰۰۰","۱۱۸,۸۰۰,۰۰۰",یکشنبه ساعت ۱۷:۳۰ تا ۲۰:۳۰ | سه شنبه ساعت ۱۷:۳۰ تا ۲۰:۳۰,https://mftplus.com/lesson/4375/مدیریت-بازاریابی-دیجیتال
فروشندگی حرفه ای طلا و جواهر,علوم مهندسی,پارک ساعی,مشخص نشده,چهارشنبه ۲۷ اسفند ۱۴۰۴,چهارشنبه ۱۶ اردیبهشت ۱۴۰۵,"۶۹,۰۰۰,۰۰۰","۶۹,۰۰۰,۰۰۰",چهارشنبه ساعت ۱۰:۰۰ تا ۱۳:۰۰,https://mftplus.com/lesson/154414126/فروشندگی-حرفه-ای-طلا-و-جواهر
پکیج مراقبت زیبایی پوست و مو,دانش سلامت,باملند(شمال غرب),مشخص نشده,چهارشنبه ۲۷ اسفند ۱۴۰۴,چهارشنبه ۶ آبان ۱۴۰۵,"۲۴۷,۰۰۰,۰۰۰","۲۴۷,۰۰۰,۰۰۰",چهارشنبه ساعت ۱۵:۰۰ تا ۲۰:۰۰,https://mftplus.com/lesson/6072/پکیج-مراقبت-زیبایی-پوست-و-مو
Data Analysis with Python,فناوری اطلاعات و ارتباطات,نارمک,مشخص نشده,چهارشنبه ۲۷ اسفند ۱۴۰۴,چهارشنبه ۳۰ اردیبهشت ۱۴۰۵,"۵۰,۰۰۰,۰۰۰","۵۰,۰۰۰,۰۰۰",چهارشنبه ساعت ۱۳:۰۰ تا ۱۷:۰۰,https://mftplus.com/lesson/5544/Data-Analysis-with-Python
Power Query در اکسل,فناوری اطلاعات و ارتباطات,نیاوران,مشخص نشده,چهارشنبه ۲۷ اسفند ۱۴۰۴,چهارشنبه ۱۶ اردیبهشت ۱۴۰۵,"۳۵,۰۰۰,۰۰۰","۴۳,۰۰۰,۰۰۰",چهارشنبه ساعت ۱۷:۰۰ تا ۲۱:۰۰,https://mftplus.com/lesson/5943/Power-Query-در-اکسل
طراحی وب سایت (Web Design Pack),فناوری اطلاعات و ارتباطات,نارمک,مشخص نشده,چهارشنبه ۲۷ اسفند ۱۴۰۴,دوشنبه ۲۲ تیر ۱۴۰۵,"۱۸۷,۰۰۰,۰۰۰","۱۸۷,۰۰۰,۰۰۰",شنبه ساعت ۱۷:۰۰ تا ۲۱:۰۰ | دوشنبه ساعت ۱۷:۰۰ تا ۲۱:۰۰ | چهارشنبه ساعت ۱۷:۰۰ تا ۲۱:۰۰,https://mftplus.com/lesson/6459/طراحی-وب-سایت-(Web-Design-Pack)
تبدیل نقشه های فاز یک به فاز دو,معماری,اکباتان,مشخص نشده,چهارشنبه ۲۷ اسفند ۱۴۰۴,چهارشنبه ۲۳ اردیبهشت ۱۴۰۵,"۵۹,۰۰۰,۰۰۰","۵۹,۰۰۰,۰۰۰",چهارشنبه ساعت ۱۷:۳۰ تا ۲۱:۰۰,https://mftplus.com/lesson/391412142/تبدیل-نقشه-های-فاز-یک-به-فاز-دو
اجرا، فن بیان و سخنوری,هنر و سینما,اکباتان,مشخص نشده,چهارشنبه ۲۷ اسفند ۱۴۰۴,چهارشنبه ۱۶ اردیبهشت ۱۴۰۵,"۵۶,۰۰۰,۰۰۰","۵۶,۰۰۰,۰۰۰",چهارشنبه ساعت ۱۴:۰۰ تا ۱۸:۰۰,https://mftplus.com/lesson/3962/اجرا،-فن-بیان-و-سخنوری
Python Programming Advanced,فناوری اطلاعات و ارتباطات,پارک ساعی,مشخص نشده,چهارشنبه ۲۷ اسفند ۱۴۰۴,چهارشنبه ۱۱ شهریور ۱۴۰۵,"۹۲,۰۰۰,۰۰۰","۱۱۴,۰۰۰,۰۰۰",چهارشنبه ساعت ۱۷:۳۰ تا ۲۰:۳۰,https://mftplus.com/lesson/5681/Python-Programming-Advanced
Data Analysis with Python,فناوری اطلاعات و ارتباطات,اکباتان,مشخص نشده,چهارشنبه ۲۷ اسفند ۱۴۰۴,چهارشنبه ۳۰ اردیبهشت ۱۴۰۵,"۴۰,۰۰۰,۰۰۰","۵۰,۰۰۰,۰۰۰",چهارشنبه ساعت ۱۷:۰۰ تا ۲۱:۰۰,https://mftplus.com/lesson/5544/Data-Analysis-with-Python
حسابداری ویژه بازار کار,علوم مالی و حسابداری,نیاوران,مشخص نشده,چهارشنبه ۲۷ اسفند ۱۴۰۴,دوشنبه ۲۶ مرداد ۱۴۰۵,"۱۷۷,۶۰۰,۰۰۰","۱۷۷,۶۰۰,۰۰۰",شنبه ساعت ۱۷:۳۰ تا ۲۰:۳۰ | دوشنبه ساعت ۱۷:۳۰ تا ۲۰:۳۰ | چهارشنبه ساعت ۱۷:۳۰ تا ۲۰:۳۰,https://mftplus.com/lesson/3869/حسابداری-ویژه-بازار-کار
طراحی نقاشی پیشرفته,هنر و سینما,ونک,مشخص نشده,چهارشنبه ۲۷ اسفند ۱۴۰۴,چهارشنبه ۱۳ خرداد ۱۴۰۵,"۴۶,۰۰۰,۰۰۰","۴۶,۰۰۰,۰۰۰",چهارشنبه ساعت ۱۷:۰۰ تا ۲۱:۰۰,https://mftplus.com/lesson/431512125/طراحی-نقاشی-پیشرفته
تعمیر و عیب یابی اولیه کامپیوترهای شخصی,فناوری اطلاعات و ارتباطات,پارک ساعی,مشخص نشده,چهارشنبه ۲۷ اسفند ۱۴۰۴,چهارشنبه ۲۷ خرداد ۱۴۰۵,"۶۲,۰۰۰,۰۰۰","۶۲,۰۰۰,۰۰۰",چهارشنبه ساعت ۰۹:۰۰ تا ۱۴:۰۰,https://mftplus.com/lesson/6644/تعمیر-و-عیب-یابی-اولیه-کامپیوترهای-شخصی
Microsoft Office Excel 2021 Expert,فناوری اطلاعات و ارتباطات,پارک ساعی,مشخص نشده,چهارشنبه ۲۷ اسفند ۱۴۰۴,چهارشنبه ۲۰ خرداد ۱۴۰۵,"۳۵,۰۰۰,۰۰۰","۴۴,۰۰۰,۰۰۰",چهارشنبه ساعت ۱۷:۳۰ تا ۲۰:۳۰,https://mftplus.com/lesson/5619/Microsoft-Office-Excel-2021-Expert
Grasshopper,معماری,بلوار کاوه(قیطریه),مشخص نشده,چهارشنبه ۲۷ اسفند ۱۴۰۴,چهارشنبه ۱۳ خرداد ۱۴۰۵,"۷۲,۰۰۰,۰۰۰","۷۲,۰۰۰,۰۰۰",چهارشنبه ساعت ۱۰:۰۰ تا ۱۳:۰۰,https://mftplus.com/lesson/391412137/Grasshopper
اتوکد دوبعدی معماری,معماری,بلوار کاوه(قیطریه),مشخص نشده,چهارشنبه ۲۷ اسفند ۱۴۰۴,چهارشنبه ۶ خرداد ۱۴۰۵,"۷۵,۰۰۰,۰۰۰","۷۵,۰۰۰,۰۰۰",چهارشنبه ساعت ۱۴:۰۰ تا ۱۹:۰۰,https://mftplus.com/lesson/391412131/اتوکد-دوبعدی-معماری
دوره تکمیلی مدلسازی و رندرینگ (3DMax-vray),معماری,نیاوران,مشخص نشده,چهارشنبه ۲۷ اسفند ۱۴۰۴,چهارشنبه ۱۶ اردیبهشت ۱۴۰۵,"۴۵,۰۰۰,۰۰۰","۴۵,۰۰۰,۰۰۰",چهارشنبه ساعت ۱۵:۳۰ تا ۲۰:۳۰,https://mftplus.com/lesson/5592/دوره-تکمیلی-مدلسازی-و-رندرینگ-(3DMax-vray)
نرم افزار Arc GIS (سطح دو),علوم مهندسی,پارک ساعی,مشخص نشده,چهارشنبه ۲۷ اسفند ۱۴۰۴,چهارشنبه ۳۰ اردیبهشت ۱۴۰۵,"۶۵,۰۰۰,۰۰۰","۶۵,۰۰۰,۰۰۰",چهارشنبه ساعت ۱۷:۳۰ تا ۲۱:۰۰,https://mftplus.com/lesson/153412123/نرم-افزار-Arc-GIS-(سطح-دو)
مراقبت زیبایی پوست و مو سطح 1 و 2,دانش سلامت,باملند(شمال غرب),مشخص نشده,چهارشنبه ۲۷ اسفند ۱۴۰۴,چهارشنبه ۱۱ شهریور ۱۴۰۵,"۱۷۶,۸۰۰,۰۰۰","۱۷۶,۸۰۰,۰۰۰",چهارشنبه ساعت ۱۵:۰۰ تا ۲۰:۰۰,https://mftplus.com/lesson/341518148/مراقبت-زیبایی-پوست-و-مو-سطح-1-و-2
نقاشی روی پارچه,فناوری مد و پوشاک,زعفرانیه,مشخص نشده,چهارشنبه ۲۷ اسفند ۱۴۰۴,چهارشنبه ۲۴ تیر ۱۴۰۵,"۵۰,۰۰۰,۰۰۰","۵۰,۰۰۰,۰۰۰",چهارشنبه ساعت ۱۳:۰۰ تا ۱۶:۰۰,https://mftplus.com/lesson/411412176/نقاشی-روی-پارچه
افترافکت (After Effects),هنر و سینما,زعفرانیه,مشخص نشده,چهارشنبه ۲۷ اسفند ۱۴۰۴,چهارشنبه ۱۱ شهریور ۱۴۰۵,"۸۳,۰۰۰,۰۰۰","۹۸,۰۰۰,۰۰۰",چهارشنبه ساعت ۱۰:۰۰ تا ۱۴:۰۰,https://mftplus.com/lesson/431213154/افترافکت-(After-Effects)
جامع بازرگانی بین الملل (ITP),مدیریت و کسب و کار,نیاوران,مشخص نشده,چهارشنبه ۲۷ اسفند ۱۴۰۴,دوشنبه ۱۲ مرداد ۱۴۰۵,"۱۶۷,۰۰۰,۰۰۰","۱۶۷,۰۰۰,۰۰۰",دوشنبه ساعت ۱۷:۳۰ تا ۲۰:۳۰ | چهارشنبه ساعت ۱۷:۳۰ تا ۲۰:۳۰,https://mftplus.com/lesson/4923/جامع-بازرگانی-بین-الملل-(ITP)
پکیج حسابداری مالیاتی ویژه بازار کار,علوم مالی و حسابداری,نیاوران,مشخص نشده,چهارشنبه ۲۷ اسفند ۱۴۰۴,دوشنبه ۱۴ اردیبهشت ۱۴۰۵,"۶۶,۵۰۰,۰۰۰","۶۶,۵۰۰,۰۰۰",دوشنبه ساعت ۰۹:۰۰ تا ۱۴:۰۰ | چهارشنبه ساعت ۰۹:۰۰ تا ۱۴:۰۰,https://mftplus.com/lesson/4049/پکیج-حسابداری-مالیاتی-ویژه-بازار-کار
مجموعه قوانین مالیاتی,علوم مالی و حسابداری,انقلاب,مشخص نشده,چهارشنبه ۲۷ اسفند ۱۴۰۴,دوشنبه ۱۱ خرداد ۱۴۰۵,"۶۶,۵۰۰,۰۰۰","۶۶,۵۰۰,۰۰۰",دوشنبه ساعت ۱۷:۳۰ تا ۲۰:۳۰ | چهارشنبه ساعت ۱۷:۳۰ تا ۲۰:۳۰,https://mftplus.com/lesson/4018/مجموعه-قوانین-مالیاتی
مالیات و عوارض ارزش افزوده,علوم مالی و حسابداری,انقلاب,مشخص نشده,چهارشنبه ۲۷ اسفند ۱۴۰۴,چهارشنبه ۱۹ فروردین ۱۴۰۵,"۱۱,۷۰۰,۰۰۰","۱۱,۷۰۰,۰۰۰",دوشنبه ساعت ۱۷:۳۰ تا ۲۰:۳۰ | چهارشنبه ساعت ۱۷:۳۰ تا ۲۰:۳۰,https://mftplus.com/lesson/3859/مالیات-و-عوارض-ارزش-افزوده
پرفورمنس مارکتینگ (مقدماتی تا پیشرفته),تولید محتوا,سعادت آباد (مرکزی),مشخص نشده,پنجشنبه ۲۸ اسفند ۱۴۰۴,پنجشنبه ۳۱ اردیبهشت ۱۴۰۵,"۸۰,۰۰۰,۰۰۰","۸۰,۰۰۰,۰۰۰",پنجشنبه ساعت ۰۹:۰۰ تا ۱۴:۰۰,https://mftplus.com/lesson/6269/پرفورمنس-مارکتینگ-(مقدماتی-تا-پیشرفته)
طراحی داشبوردهای هوش تجاری با PowerBI,فناوری اطلاعات و ارتباطات,زعفرانیه,مشخص نشده,پنجشنبه ۲۸ اسفند ۱۴۰۴,پنجشنبه ۲۱ خرداد ۱۴۰۵,"۴۰,۰۰۰,۰۰۰","۵۰,۰۰۰,۰۰۰",پنجشنبه ساعت ۱۷:۰۰ تا ۲۰:۰۰,https://mftplus.com/lesson/6057/طراحی-داشبوردهای-هوش-تجاری-با-PowerBI
مدیریت زمان,مدیریت و کسب و کار,نیاوران,مشخص نشده,پنجشنبه ۲۸ اسفند ۱۴۰۴,پنجشنبه ۲۸ اسفند ۱۴۰۴,"۱۲,۸۰۰,۰۰۰","۱۲,۸۰۰,۰۰۰",پنجشنبه ساعت ۰۹:۰۰ تا ۱۵:۰۰,https://mftplus.com/lesson/4957/مدیریت-زمان
PLC Advanced: Siemens S7/300 & 400,برق و الکترونیک,میرداماد,مشخص نشده,پنجشنبه ۲۸ اسفند ۱۴۰۴,پنجشنبه ۱۷ اردیبهشت ۱۴۰۵,"۷۶,۰۰۰,۰۰۰","۸۰,۰۰۰,۰۰۰",پنجشنبه ساعت ۱۴:۳۰ تا ۱۷:۳۰,https://mftplus.com/lesson/4550/PLC-Advanced:-Siemens-S7/300-&-400
CEH v.12 (Certified Ethical Hacker),فناوری اطلاعات و ارتباطات,نارمک,مشخص نشده,پنجشنبه ۲۸ اسفند ۱۴۰۴,پنجشنبه ۲۵ تیر ۱۴۰۵,"۶۸,۰۰۰,۰۰۰","۶۸,۰۰۰,۰۰۰",پنجشنبه ساعت ۱۸:۰۰ تا ۲۱:۰۰,https://mftplus.com/lesson/5173/CEH-v.12-(Certified-Ethical-Hacker)
ReactJS,فناوری اطلاعات و ارتباطات,نارمک,مشخص نشده,پنجشنبه ۲۸ اسفند ۱۴۰۴,پنجشنبه ۳۱ اردیبهشت ۱۴۰۵,"۶۱,۰۰۰,۰۰۰","۷۷,۰۰۰,۰۰۰",پنجشنبه ساعت ۱۵:۰۰ تا ۲۰:۰۰,https://mftplus.com/lesson/4040/ReactJS
پتینه مقدماتی تا پیشرفته,هنر و سینما,پارک ساعی,مشخص نشده,پنجشنبه ۲۸ اسفند ۱۴۰۴,پنجشنبه ۱۸ تیر ۱۴۰۵,"۱۱۴,۰۰۰,۰۰۰","۱۱۴,۰۰۰,۰۰۰",پنجشنبه ساعت ۱۳:۰۰ تا ۱۷:۰۰,https://mftplus.com/lesson/4885/پتینه-مقدماتی-تا-پیشرفته
پتینه مقدماتی,هنر و سینما,پارک ساعی,مشخص نشده,پنجشنبه ۲۸ اسفند ۱۴۰۴,پنجشنبه ۳۱ اردیبهشت ۱۴۰۵,"۵۸,۶۰۰,۰۰۰","۵۸,۶۰۰,۰۰۰",پنجشنبه ساعت ۱۳:۰۰ تا ۱۷:۰۰,https://mftplus.com/lesson/4538/پتینه-مقدماتی
گویندگی و اجرا-پیشرفته,هنر و سینما,سعادت آباد (مرکزی),مشخص نشده,پنجشنبه ۲۸ اسفند ۱۴۰۴,پنجشنبه ۳ اردیبهشت ۱۴۰۵,"۵۷,۸۰۰,۰۰۰","۵۷,۸۰۰,۰۰۰",پنجشنبه ساعت ۰۹:۰۰ تا ۱۴:۰۰,https://mftplus.com/lesson/4300/گویندگی-و-اجرا-پیشرفته
برنامه نویسی پایتون متوسطه 1,کودک و نوجوان,سعادت آباد (مرکزی),مشخص نشده,پنجشنبه ۲۸ اسفند ۱۴۰۴,پنجشنبه ۱ مرداد ۱۴۰۵,"۷۹,۲۰۰,۰۰۰","۷۹,۲۰۰,۰۰۰",پنجشنبه ساعت ۰۸:۰۰ تا ۱۱:۰۰,https://mftplus.com/lesson/4600/برنامه-نویسی-پایتون-متوسطه-1
Machine Learning with Python,فناوری اطلاعات و ارتباطات,باملند(شمال غرب),مشخص نشده,پنجشنبه ۲۸ اسفند ۱۴۰۴,پنجشنبه ۱۸ تیر ۱۴۰۵,"۸۴,۰۰۰,۰۰۰","۸۴,۰۰۰,۰۰۰",پنجشنبه ساعت ۱۲:۰۰ تا ۱۶:۰۰,https://mftplus.com/lesson/5546/Machine-Learning-with-Python
ICDL Pack 2021 (کمپ نوروزی),فناوری اطلاعات و ارتباطات,سعادت آباد (مرکزی),مشخص نشده,یکشنبه ۲ فروردین ۱۴۰۵,شنبه ۱۵ فروردین ۱۴۰۵,"۶۳,۰۰۰,۰۰۰","۸۱,۰۰۰,۰۰۰",جمعه ساعت ۰۹:۰۰ تا ۱۹:۰۰ | شنبه ساعت ۰۹:۰۰ تا ۱۹:۰۰ | یکشنبه ساعت ۰۹:۰۰ تا ۱۹:۰۰ | دوشنبه ساعت ۰۹:۰۰ تا ۱۹:۰۰ | سه شنبه ساعت ۰۹:۰۰ تا ۱۹:۰۰ | چهارشنبه ساعت ۰۹:۰۰ تا ۱۹:۰۰ | پنجشنبه ساعت ۰۹:۰۰ تا ۱۹:۰۰,https://mftplus.com/lesson/6190/ICDL-Pack-2021-(کمپ-نوروزی)
ICDL 2021 Level 1 (کمپ نوروزی),فناوری اطلاعات و ارتباطات,سعادت آباد (مرکزی),مشخص نشده,یکشنبه ۲ فروردین ۱۴۰۵,شنبه ۸ فروردین ۱۴۰۵,"۳۸,۰۰۰,۰۰۰","۴۹,۰۰۰,۰۰۰",جمعه ساعت ۰۹:۰۰ تا ۱۹:۰۰ | شنبه ساعت ۰۹:۰۰ تا ۱۹:۰۰ | یکشنبه ساعت ۰۹:۰۰ تا ۱۹:۰۰ | دوشنبه ساعت ۰۹:۰۰ تا ۱۹:۰۰ | سه شنبه ساعت ۰۹:۰۰ تا ۱۹:۰۰ | چهارشنبه ساعت ۰۹:۰۰ تا ۱۹:۰۰ | پنجشنبه ساعت ۰۹:۰۰ تا ۱۹:۰۰,https://mftplus.com/lesson/6192/ICDL-2021-Level-1-(کمپ-نوروزی)
مقدمه ای بر الگوریتم و برنامه نویسی (کمپ نوروزی),فناوری اطلاعات و ارتباطات,سعادت آباد (مرکزی),مشخص نشده,یکشنبه ۲ فروردین ۱۴۰۵,سه شنبه ۴ فروردین ۱۴۰۵,"۲۸,۰۰۰,۰۰۰","۳۳,۰۰۰,۰۰۰",یکشنبه ساعت ۰۹:۰۰ تا ۱۹:۰۰ | دوشنبه ساعت ۰۹:۰۰ تا ۱۹:۰۰ | سه شنبه ساعت ۰۹:۰۰ تا ۱۹:۰۰,https://mftplus.com/lesson/132017136/مقدمه-ای-بر-الگوریتم-و-برنامه-نویسی-(کمپ-نوروزی)
SQL Server 2022 Database Development (کمپ نوروزی),فناوری اطلاعات و ارتباطات,سعادت آباد (مرکزی),مشخص نشده,یکشنبه ۲ فروردین ۱۴۰۵,جمعه ۷ فروردین ۱۴۰۵,"۷۷,۰۰۰,۰۰۰","۹۰,۰۰۰,۰۰۰",جمعه ساعت ۰۹:۰۰ تا ۱۹:۰۰ | یکشنبه ساعت ۰۹:۰۰ تا ۱۹:۰۰ | دوشنبه ساعت ۰۹:۰۰ تا ۱۹:۰۰ | سه شنبه ساعت ۰۹:۰۰ تا ۱۹:۰۰ | چهارشنبه ساعت ۰۹:۰۰ تا ۱۹:۰۰ | پنجشنبه ساعت ۰۹:۰۰ تا ۱۹:۰۰,https://mftplus.com/lesson/5839/SQL-Server-2022-Database-Development-(کمپ-نوروزی)
Java SE 8 Programming (کمپ نوروزی),فناوری اطلاعات و ارتباطات,سعادت آباد (مرکزی),مشخص نشده,یکشنبه ۲ فروردین ۱۴۰۵,چهارشنبه ۵ فروردین ۱۴۰۵,"۵۵,۰۰۰,۰۰۰","۶۸,۰۰۰,۰۰۰",یکشنبه ساعت ۰۹:۰۰ تا ۱۹:۰۰ | دوشنبه ساعت ۰۹:۰۰ تا ۱۹:۰۰ | سه شنبه ساعت ۰۹:۰۰ تا ۱۹:۰۰ | چهارشنبه ساعت ۰۹:۰۰ تا ۱۹:۰۰,https://mftplus.com/lesson/132018141/Java-SE-8-Programming-(کمپ-نوروزی)
Network+ (کمپ نوروزی),فناوری اطلاعات و ارتباطات,سعادت آباد (مرکزی),مشخص نشده,یکشنبه ۲ فروردین ۱۴۰۵,سه شنبه ۴ فروردین ۱۴۰۵,"۱۵,۰۰۰,۰۰۰","۲۰,۰۰۰,۰۰۰",یکشنبه ساعت ۰۹:۰۰ تا ۱۹:۰۰ | دوشنبه ساعت ۰۹:۰۰ تا ۱۹:۰۰ | سه شنبه ساعت ۰۹:۰۰ تا ۱۹:۰۰,https://mftplus.com/lesson/131612130/Network+-(کمپ-نوروزی)
"MCSA 1 (Network+ ,Windows 11 , Windows Server 2025)  (کمپ نوروزی)",فناوری اطلاعات و ارتباطات,سعادت آباد (مرکزی),مشخص نشده,یکشنبه ۲ فروردین ۱۴۰۵,جمعه ۱۴ فروردین ۱۴۰۵,"۹۰,۰۰۰,۰۰۰","۱۱۲,۰۰۰,۰۰۰",جمعه ساعت ۰۹:۰۰ تا ۱۹:۰۰ | شنبه ساعت ۰۹:۰۰ تا ۱۹:۰۰ | یکشنبه ساعت ۰۹:۰۰ تا ۱۹:۰۰ | دوشنبه ساعت ۰۹:۰۰ تا ۱۹:۰۰ | سه شنبه ساعت ۰۹:۰۰ تا ۱۹:۰۰ | چهارشنبه ساعت ۰۹:۰۰ تا ۱۹:۰۰ | پنجشنبه ساعت ۰۹:۰۰ تا ۱۹:۰۰,"https://mftplus.com/lesson/6184/MCSA-1-(Network+-,Windows-11-,-Windows-Server-2025)-(کمپ-نوروزی)"
MTCNA (کمپ نوروزی),فناوری اطلاعات و ارتباطات,سعادت آباد (مرکزی),مشخص نشده,یکشنبه ۲ فروردین ۱۴۰۵,سه شنبه ۴ فروردین ۱۴۰۵,"۴۷,۰۰۰,۰۰۰","۴۷,۰۰۰,۰۰۰",یکشنبه ساعت ۰۹:۰۰ تا ۱۹:۳۰ | دوشنبه ساعت ۰۹:۰۰ تا ۱۹:۳۰ | سه شنبه ساعت ۰۹:۰۰ تا ۲۰:۰۰,https://mftplus.com/lesson/131618139/MTCNA-(کمپ-نوروزی)
Web Design Pack (کمپ نوروزی),فناوری اطلاعات و ارتباطات,سعادت آباد (مرکزی),مشخص نشده,یکشنبه ۲ فروردین ۱۴۰۵,شنبه ۱۵ فروردین ۱۴۰۵,"۱۵۰,۰۰۰,۰۰۰","۱۸۷,۰۰۰,۰۰۰",جمعه ساعت ۰۹:۰۰ تا ۱۹:۰۰ | شنبه ساعت ۰۹:۰۰ تا ۱۹:۰۰ | یکشنبه ساعت ۰۹:۰۰ تا ۱۹:۰۰ | دوشنبه ساعت ۰۹:۰۰ تا ۱۹:۰۰ | سه شنبه ساعت ۰۹:۰۰ تا ۱۹:۰۰ | چهارشنبه ساعت ۰۹:۰۰ تا ۱۹:۰۰ | پنجشنبه ساعت ۰۹:۰۰ تا ۱۹:۰۰,https://mftplus.com/lesson/5848/Web-Design-Pack-(کمپ-نوروزی)
"Web Design I (HTML5, CSS3) (کمپ نوروزی)",فناوری اطلاعات و ارتباطات,سعادت آباد (مرکزی),مشخص نشده,یکشنبه ۲ فروردین ۱۴۰۵,پنجشنبه ۶ فروردین ۱۴۰۵,"۴۵,۰۰۰,۰۰۰","۵۶,۰۰۰,۰۰۰",یکشنبه ساعت ۰۹:۰۰ تا ۱۹:۰۰ | دوشنبه ساعت ۰۹:۰۰ تا ۱۹:۰۰ | سه شنبه ساعت ۰۹:۰۰ تا ۱۹:۰۰ | چهارشنبه ساعت ۰۹:۰۰ تا ۱۹:۰۰ | پنجشنبه ساعت ۰۹:۰۰ تا ۱۹:۰۰,"https://mftplus.com/lesson/5841/Web-Design-I-(HTML5,-CSS3)-(کمپ-نوروزی)"
PHP & MySQL Web Development (کمپ نوروزی),فناوری اطلاعات و ارتباطات,سعادت آباد (مرکزی),مشخص نشده,یکشنبه ۲ فروردین ۱۴۰۵,یکشنبه ۹ فروردین ۱۴۰۵,"۷۹,۰۰۰,۰۰۰","۹۹,۰۰۰,۰۰۰",جمعه ساعت ۰۹:۰۰ تا ۱۹:۰۰ | شنبه ساعت ۰۹:۰۰ تا ۱۹:۰۰ | یکشنبه ساعت ۰۹:۰۰ تا ۱۹:۰۰ | دوشنبه ساعت ۰۹:۰۰ تا ۱۹:۰۰ | سه شنبه ساعت ۰۹:۰۰ تا ۱۹:۰۰ | چهارشنبه ساعت ۰۹:۰۰ تا ۱۹:۰۰ | پنجشنبه ساعت ۰۹:۰۰ تا ۱۹:۰۰,https://mftplus.com/lesson/5850/PHP-&-MySQL-Web-Development-(کمپ-نوروزی)
دوره طراحی رابط و تجربه کاربری (UI/UX) کمپ نوروزی,فناوری اطلاعات و ارتباطات,سعادت آباد (مرکزی),آیدین مدرس اول,یکشنبه ۲ فروردین ۱۴۰۵,سه شنبه ۴ فروردین ۱۴۰۵,"۵۵,۰۰۰,۰۰۰","۶۸,۰۰۰,۰۰۰",یکشنبه ساعت ۰۹:۰۰ تا ۱۹:۰۰ | دوشنبه ساعت ۰۹:۰۰ تا ۱۹:۰۰ | سه شنبه ساعت ۰۹:۰۰ تا ۱۹:۰۰,https://mftplus.com/lesson/5864/دوره-طراحی-رابط-و-تجربه-کاربری-(UI/UX)-کمپ-نوروزی
ادمین تخصصی اینستاگرام (کمپ نوروزی),تولید محتوا,سعادت آباد (مرکزی),مشخص نشده,یکشنبه ۲ فروردین ۱۴۰۵,جمعه ۷ فروردین ۱۴۰۵,"۷۰,۰۰۰,۰۰۰","۷۰,۰۰۰,۰۰۰",جمعه ساعت ۱۴:۳۰ تا ۱۹:۳۰ | شنبه ساعت ۱۴:۳۰ تا ۱۹:۳۰ | یکشنبه ساعت ۱۴:۳۰ تا ۱۹:۳۰ | دوشنبه ساعت ۱۴:۳۰ تا ۱۹:۳۰ | سه شنبه ساعت ۱۴:۳۰ تا ۱۹:۳۰ | چهارشنبه ساعت ۱۴:۳۰ تا ۱۹:۳۰ | پنجشنبه ساعت ۱۴:۳۰ تا ۱۹:۳۰,https://mftplus.com/lesson/4775/ادمین-تخصصی-اینستاگرام-(کمپ-نوروزی)
تولید محتوا با موبایل (کمپ نوروزی),تولید محتوا,سعادت آباد (مرکزی),مشخص نشده,یکشنبه ۲ فروردین ۱۴۰۵,جمعه ۷ فروردین ۱۴۰۵,"۷۰,۰۰۰,۰۰۰","۷۰,۰۰۰,۰۰۰",جمعه ساعت ۰۹:۰۰ تا ۱۵:۰۰ | یکشنبه ساعت ۰۹:۰۰ تا ۱۵:۰۰ | دوشنبه ساعت ۰۹:۰۰ تا ۱۵:۰۰ | سه شنبه ساعت ۰۹:۰۰ تا ۱۵:۰۰ | چهارشنبه ساعت ۰۹:۰۰ تا ۱۵:۰۰ | پنجشنبه ساعت ۰۹:۰۰ تا ۱۵:۰۰,https://mftplus.com/lesson/4463/تولید-محتوا-با-موبایل-(کمپ-نوروزی)
کاربرد هوش مصنوعی در تولید محتوا (کمپ نوروزی),تولید محتوا,سعادت آباد (مرکزی),مشخص نشده,یکشنبه ۲ فروردین ۱۴۰۵,جمعه ۷ فروردین ۱۴۰۵,"۶۰,۰۰۰,۰۰۰","۶۰,۰۰۰,۰۰۰",جمعه ساعت ۰۹:۰۰ تا ۱۴:۰۰ | یکشنبه ساعت ۰۹:۰۰ تا ۱۴:۰۰ | دوشنبه ساعت ۰۹:۰۰ تا ۱۴:۰۰ | سه شنبه ساعت ۰۹:۰۰ تا ۱۴:۰۰ | چهارشنبه ساعت ۰۹:۰۰ تا ۱۴:۰۰ | پنجشنبه ساعت ۰۹:۰۰ تا ۱۴:۰۰,https://mftplus.com/lesson/5261/کاربرد-هوش-مصنوعی-در-تولید-محتوا-(کمپ-نوروزی)
اتوکد الکتریکال (کمپ نوروزی),برق و الکترونیک,سعادت آباد (مرکزی),مشخص نشده,یکشنبه ۲ فروردین ۱۴۰۵,سه شنبه ۴ فروردین ۱۴۰۵,"۹۵,۰۰۰,۰۰۰","۹۵,۰۰۰,۰۰۰",یکشنبه ساعت ۰۸:۰۰ تا ۱۶:۰۰ | دوشنبه ساعت ۰۸:۰۰ تا ۱۶:۰۰ | سه شنبه ساعت ۰۸:۰۰ تا ۱۶:۰۰,https://mftplus.com/lesson/5181/اتوکد-الکتریکال-(کمپ-نوروزی)
برنامه نویسی ویژه میکروکنترلرها (کمپ نوروزی),برق و الکترونیک,سعادت آباد (مرکزی),مشخص نشده,یکشنبه ۲ فروردین ۱۴۰۵,سه شنبه ۴ فروردین ۱۴۰۵,"۴۲,۵۰۰,۰۰۰","۴۲,۵۰۰,۰۰۰",یکشنبه ساعت ۰۹:۰۰ تا ۱۴:۰۰ | دوشنبه ساعت ۰۹:۰۰ تا ۱۴:۰۰ | سه شنبه ساعت ۰۹:۰۰ تا ۱۴:۰۰,https://mftplus.com/lesson/6230/برنامه-نویسی-ویژه-میکروکنترلرها-(کمپ-نوروزی)
فتوشاپ مقدماتی تا پیشرفته (کمپ نوروزی),هنر و سینما,سعادت آباد (مرکزی),مشخص نشده,یکشنبه ۲ فروردین ۱۴۰۵,دوشنبه ۱۰ فروردین ۱۴۰۵,"۶۹,۷۰۰,۰۰۰","۶۹,۷۰۰,۰۰۰",جمعه ساعت ۰۹:۰۰ تا ۱۴:۰۰ | شنبه ساعت ۰۹:۰۰ تا ۱۴:۰۰ | یکشنبه ساعت ۰۹:۰۰ تا ۱۴:۰۰ | دوشنبه ساعت ۰۹:۰۰ تا ۱۴:۰۰ | سه شنبه ساعت ۰۹:۰۰ تا ۱۴:۰۰ | چهارشنبه ساعت ۰۹:۰۰ تا ۱۴:۰۰ | پنجشنبه ساعت ۰۹:۰۰ تا ۱۴:۰۰,https://mftplus.com/lesson/5208/فتوشاپ-مقدماتی-تا-پیشرفته-(کمپ-نوروزی)
ایلاستریتور (کمپ نوروزی),هنر و سینما,سعادت آباد (مرکزی),مشخص نشده,یکشنبه ۲ فروردین ۱۴۰۵,شنبه ۸ فروردین ۱۴۰۵,"۶۸,۷۰۰,۰۰۰","۶۸,۷۰۰,۰۰۰",جمعه ساعت ۰۹:۰۰ تا ۱۴:۰۰ | شنبه ساعت ۰۹:۰۰ تا ۱۴:۰۰ | یکشنبه ساعت ۰۹:۰۰ تا ۱۴:۰۰ | دوشنبه ساعت ۰۹:۰۰ تا ۱۴:۰۰ | سه شنبه ساعت ۰۹:۰۰ تا ۱۴:۰۰ | چهارشنبه ساعت ۰۹:۰۰ تا ۱۴:۰۰ | پنجشنبه ساعت ۰۹:۰۰ تا ۱۴:۰۰,https://mftplus.com/lesson/431314139/ایلاستریتور-(کمپ-نوروزی)
Python Web Development With Django,فناوری اطلاعات و ارتباطات,رشت,مهدی افضلی,یکشنبه ۲ فروردین ۱۴۰۵,چهارشنبه ۱۲ فروردین ۱۴۰۵,"۵۹,۰۰۰,۰۰۰","۵۹,۰۰۰,۰۰۰",شنبه ساعت ۰۹:۰۰ تا ۱۴:۰۰ | یکشنبه ساعت ۰۹:۰۰ تا ۱۴:۰۰ | دوشنبه ساعت ۰۹:۰۰ تا ۱۴:۰۰ | سه شنبه ساعت ۰۹:۰۰ تا ۱۴:۰۰ | چهارشنبه ساعت ۰۹:۰۰ تا ۱۴:۰۰ | پنجشنبه ساعت ۰۹:۰۰ تا ۱۴:۰۰,https://mftplus.com/lesson/4046/Python-Web-Development-With-Django
مکاتبات بازرگانی به زبان انگلیسی,زبانهای خارجی,سعادت آباد (مرکزی),مشخص نشده,دوشنبه ۳ فروردین ۱۴۰۵,سه شنبه ۱۱ فروردین ۱۴۰۵,"۴۱,۰۰۰,۰۰۰","۴۱,۰۰۰,۰۰۰",شنبه ساعت ۱۲:۰۰ تا ۱۴:۰۰ | یکشنبه ساعت ۱۲:۰۰ تا ۱۴:۰۰ | دوشنبه ساعت ۱۲:۰۰ تا ۱۴:۰۰ | سه شنبه ساعت ۱۲:۰۰ تا ۱۴:۰۰ | چهارشنبه ساعت ۱۲:۰۰ تا ۱۴:۰۰ | پنجشنبه ساعت ۱۲:۰۰ تا ۱۴:۰۰,https://mftplus.com/lesson/5194/مکاتبات-بازرگانی-به-زبان-انگلیسی
اصطلاحات رایج زبان انگلیسی 1,زبانهای خارجی,سعادت آباد (مرکزی),مشخص نشده,دوشنبه ۳ فروردین ۱۴۰۵,سه شنبه ۱۱ فروردین ۱۴۰۵,"۱۸,۸۰۰,۰۰۰","۱۸,۸۰۰,۰۰۰",شنبه ساعت ۱۲:۰۰ تا ۱۴:۰۰ | یکشنبه ساعت ۱۲:۰۰ تا ۱۴:۰۰ | دوشنبه ساعت ۱۲:۰۰ تا ۱۴:۰۰ | سه شنبه ساعت ۱۲:۰۰ تا ۱۴:۰۰ | چهارشنبه ساعت ۱۲:۰۰ تا ۱۴:۰۰ | پنجشنبه ساعت ۱۲:۰۰ تا ۱۴:۰۰,https://mftplus.com/lesson/6163/اصطلاحات-رایج-زبان-انگلیسی-1
مهارت نوشتاری آزمون آیلتس (Task 2),زبانهای خارجی,سعادت آباد (مرکزی),مشخص نشده,دوشنبه ۳ فروردین ۱۴۰۵,یکشنبه ۹ فروردین ۱۴۰۵,"۱۶,۸۰۰,۰۰۰","۱۶,۸۰۰,۰۰۰",شنبه ساعت ۱۲:۰۰ تا ۱۴:۰۰ | یکشنبه ساعت ۱۲:۰۰ تا ۱۴:۰۰ | دوشنبه ساعت ۱۲:۰۰ تا ۱۴:۰۰ | سه شنبه ساعت ۱۲:۰۰ تا ۱۴:۰۰ | چهارشنبه ساعت ۱۲:۰۰ تا ۱۴:۰۰ | پنجشنبه ساعت ۱۲:۰۰ تا ۱۴:۰۰,https://mftplus.com/lesson/5193/مهارت-نوشتاری-آزمون-آیلتس-(Task-2)
مهارت نوشتاری آزمون آیلتس آکادمیک (Task 1),زبانهای خارجی,سعادت آباد (مرکزی),مشخص نشده,دوشنبه ۳ فروردین ۱۴۰۵,شنبه ۸ فروردین ۱۴۰۵,"۱۶,۸۰۰,۰۰۰","۱۶,۸۰۰,۰۰۰",شنبه ساعت ۱۰:۰۰ تا ۱۲:۰۰ | یکشنبه ساعت ۱۰:۰۰ تا ۱۲:۰۰ | دوشنبه ساعت ۱۰:۰۰ تا ۱۲:۰۰ | سه شنبه ساعت ۱۰:۰۰ تا ۱۲:۰۰ | چهارشنبه ساعت ۱۰:۰۰ تا ۱۲:۰۰ | پنجشنبه ساعت ۱۰:۰۰ تا ۱۲:۰۰,https://mftplus.com/lesson/5192/مهارت-نوشتاری-آزمون-آیلتس-آکادمیک-(Task-1)
IELTS TASK 1 GENERAL WRITING WORKSHOP,زبانهای خارجی,سعادت آباد (مرکزی),مشخص نشده,دوشنبه ۳ فروردین ۱۴۰۵,شنبه ۸ فروردین ۱۴۰۵,"۱۶,۸۰۰,۰۰۰","۱۶,۸۰۰,۰۰۰",شنبه ساعت ۱۶:۰۰ تا ۱۸:۰۰ | یکشنبه ساعت ۱۶:۰۰ تا ۱۸:۰۰ | دوشنبه ساعت ۱۶:۰۰ تا ۱۸:۰۰ | سه شنبه ساعت ۱۶:۰۰ تا ۱۸:۰۰ | چهارشنبه ساعت ۱۶:۰۰ تا ۱۸:۰۰ | پنجشنبه ساعت ۱۶:۰۰ تا ۱۸:۰۰,https://mftplus.com/lesson/231222175/IELTS-TASK-1-GENERAL-WRITING-WORKSHOP
انگلیسی ویژه مذاکرات,زبانهای خارجی,سعادت آباد (مرکزی),مشخص نشده,دوشنبه ۳ فروردین ۱۴۰۵,شنبه ۸ فروردین ۱۴۰۵,"۱۸,۰۰۰,۰۰۰","۱۸,۰۰۰,۰۰۰",شنبه ساعت ۱۴:۳۰ تا ۱۷:۳۰ | یکشنبه ساعت ۱۴:۳۰ تا ۱۷:۳۰ | دوشنبه ساعت ۱۴:۳۰ تا ۱۷:۳۰ | سه شنبه ساعت ۱۴:۳۰ تا ۱۷:۳۰ | چهارشنبه ساعت ۱۴:۳۰ تا ۱۷:۳۰ | پنجشنبه ساعت ۱۴:۳۰ تا ۱۷:۳۰,https://mftplus.com/lesson/231216237/انگلیسی-ویژه-مذاکرات
انگلیسی در سفر,زبانهای خارجی,سعادت آباد (مرکزی),مشخص نشده,دوشنبه ۳ فروردین ۱۴۰۵,سه شنبه ۱۱ فروردین ۱۴۰۵,"۱۸,۰۰۰,۰۰۰","۱۸,۰۰۰,۰۰۰",شنبه ساعت ۱۴:۳۰ تا ۱۶:۳۰ | یکشنبه ساعت ۱۴:۳۰ تا ۱۶:۳۰ | دوشنبه ساعت ۱۴:۳۰ تا ۱۶:۳۰ | سه شنبه ساعت ۱۴:۳۰ تا ۱۶:۳۰ | چهارشنبه ساعت ۱۴:۳۰ تا ۱۶:۳۰ | پنجشنبه ساعت ۱۴:۳۰ تا ۱۶:۳۰,https://mftplus.com/lesson/231216243/انگلیسی-در-سفر
روش تدریس زبان انگلیسی,زبانهای خارجی,سعادت آباد (مرکزی),مشخص نشده,دوشنبه ۳ فروردین ۱۴۰۵,چهارشنبه ۱۲ فروردین ۱۴۰۵,"۴۲,۰۰۰,۰۰۰","۴۲,۰۰۰,۰۰۰",جمعه ساعت ۱۱:۰۰ تا ۱۴:۰۰ | شنبه ساعت ۱۱:۰۰ تا ۱۴:۰۰ | یکشنبه ساعت ۱۱:۰۰ تا ۱۴:۰۰ | دوشنبه ساعت ۱۱:۰۰ تا ۱۴:۰۰ | سه شنبه ساعت ۱۱:۰۰ تا ۱۴:۰۰ | چهارشنبه ساعت ۱۱:۰۰ تا ۱۴:۰۰ | پنجشنبه ساعت ۱۱:۰۰ تا ۱۴:۰۰,https://mftplus.com/lesson/5552/روش-تدریس-زبان-انگلیسی
مکالمه آزاد سطح متوسط,زبانهای خارجی,سعادت آباد (مرکزی),مشخص نشده,دوشنبه ۳ فروردین ۱۴۰۵,یکشنبه ۹ فروردین ۱۴۰۵,"۱۶,۶۰۰,۰۰۰","۱۶,۶۰۰,۰۰۰",شنبه ساعت ۱۱:۰۰ تا ۱۴:۰۰ | یکشنبه ساعت ۱۱:۰۰ تا ۱۴:۰۰ | دوشنبه ساعت ۱۱:۰۰ تا ۱۴:۰۰ | سه شنبه ساعت ۱۱:۰۰ تا ۱۴:۰۰ | چهارشنبه ساعت ۱۱:۰۰ تا ۱۴:۰۰ | پنجشنبه ساعت ۱۱:۰۰ تا ۱۴:۰۰,https://mftplus.com/lesson/5195/مکالمه-آزاد-سطح-متوسط
مکالمه آزاد سطح پیشرفته,زبانهای خارجی,سعادت آباد (مرکزی),مشخص نشده,دوشنبه ۳ فروردین ۱۴۰۵,یکشنبه ۹ فروردین ۱۴۰۵,"۲۷,۳۰۰,۰۰۰","۲۷,۳۰۰,۰۰۰",شنبه ساعت ۱۴:۳۰ تا ۱۷:۳۰ | یکشنبه ساعت ۱۴:۳۰ تا ۱۷:۳۰ | دوشنبه ساعت ۱۴:۳۰ تا ۱۷:۳۰ | سه شنبه ساعت ۱۴:۳۰ تا ۱۷:۳۰ | چهارشنبه ساعت ۱۴:۳۰ تا ۱۷:۳۰ | پنجشنبه ساعت ۱۴:۳۰ تا ۱۷:۳۰,https://mftplus.com/lesson/5196/مکالمه-آزاد-سطح-پیشرفته
گرامر انگلیسی سطح متوسطه,زبانهای خارجی,سعادت آباد (مرکزی),مشخص نشده,دوشنبه ۳ فروردین ۱۴۰۵,یکشنبه ۹ فروردین ۱۴۰۵,"۱۶,۶۰۰,۰۰۰","۱۶,۶۰۰,۰۰۰",شنبه ساعت ۱۴:۳۰ تا ۱۷:۳۰ | یکشنبه ساعت ۱۴:۳۰ تا ۱۷:۳۰ | دوشنبه ساعت ۱۴:۳۰ تا ۱۷:۳۰ | سه شنبه ساعت ۱۴:۳۰ تا ۱۷:۳۰ | چهارشنبه ساعت ۱۴:۳۰ تا ۱۷:۳۰ | پنجشنبه ساعت ۱۴:۳۰ تا ۱۷:۳۰,https://mftplus.com/lesson/5197/گرامر-انگلیسی-سطح-متوسطه
IELTS Reading,زبانهای خارجی,سعادت آباد (مرکزی),مشخص نشده,دوشنبه ۳ فروردین ۱۴۰۵,دوشنبه ۱۰ فروردین ۱۴۰۵,"۱۶,۸۰۰,۰۰۰","۱۶,۸۰۰,۰۰۰",شنبه ساعت ۱۴:۳۰ تا ۱۶:۳۰ | یکشنبه ساعت ۱۴:۳۰ تا ۱۶:۳۰ | دوشنبه ساعت ۱۴:۳۰ تا ۱۶:۳۰ | سه شنبه ساعت ۱۴:۳۰ تا ۱۶:۳۰ | چهارشنبه ساعت ۱۴:۳۰ تا ۱۶:۳۰ | پنجشنبه ساعت ۱۴:۳۰ تا ۱۶:۳۰,https://mftplus.com/lesson/231222143/IELTS-Reading
برق ساختمان (کمپ نوروزی),برق و الکترونیک,سعادت آباد (مرکزی),مشخص نشده,دوشنبه ۳ فروردین ۱۴۰۵,جمعه ۷ فروردین ۱۴۰۵,"۹۲,۴۰۰,۰۰۰","۹۲,۴۰۰,۰۰۰",جمعه ساعت ۰۹:۰۰ تا ۱۷:۰۰ | دوشنبه ساعت ۰۹:۰۰ تا ۱۷:۰۰ | سه شنبه ساعت ۰۹:۰۰ تا ۱۷:۰۰ | چهارشنبه ساعت ۰۹:۰۰ تا ۱۷:۰۰ | پنجشنبه ساعت ۰۹:۰۰ تا ۱۷:۰۰,https://mftplus.com/lesson/5184/برق-ساختمان-(کمپ-نوروزی)
طراحی مکانیکی به کمک SOLIDWORKS I  به همراه کار عملی با دستگاه پرینتر سه بعدی (کمپ نوروزی),علوم مهندسی,سعادت آباد (مرکزی),مشخص نشده,سه شنبه ۴ فروردین ۱۴۰۵,پنجشنبه ۶ فروردین ۱۴۰۵,"۸۹,۰۰۰,۰۰۰","۸۹,۰۰۰,۰۰۰",سه شنبه ساعت ۰۸:۰۰ تا ۱۸:۰۰ | چهارشنبه ساعت ۰۸:۰۰ تا ۱۸:۰۰ | پنجشنبه ساعت ۰۸:۰۰ تا ۱۸:۰۰,https://mftplus.com/lesson/3072/طراحی-مکانیکی-به-کمک-SOLIDWORKS-I-به-همراه-کار-عملی-با-دستگاه-پرینتر-سه-بعدی-(کمپ-نوروزی)
طراحی و نقشه کشی مکانیکی با AutoCAD Mechanical (کمپ نوروزی),علوم مهندسی,سعادت آباد (مرکزی),مشخص نشده,سه شنبه ۴ فروردین ۱۴۰۵,یکشنبه ۹ فروردین ۱۴۰۵,"۸۹,۰۰۰,۰۰۰","۸۹,۰۰۰,۰۰۰",جمعه ساعت ۱۴:۳۰ تا ۲۱:۳۰ | شنبه ساعت ۱۴:۳۰ تا ۲۱:۳۰ | یکشنبه ساعت ۱۴:۳۰ تا ۲۱:۳۰ | دوشنبه ساعت ۱۴:۳۰ تا ۲۱:۳۰ | سه شنبه ساعت ۱۴:۳۰ تا ۲۱:۳۰ | چهارشنبه ساعت ۱۴:۳۰ تا ۲۱:۳۰ | پنجشنبه ساعت ۱۴:۳۰ تا ۲۱:۳۰,https://mftplus.com/lesson/3071/طراحی-و-نقشه-کشی-مکانیکی-با-AutoCAD-Mechanical-(کمپ-نوروزی)
تلورانس های ابعادی و هندسی (GD&T) (کمپ نوروزی),علوم مهندسی,سعادت آباد (مرکزی),مشخص نشده,سه شنبه ۴ فروردین ۱۴۰۵,سه شنبه ۱۱ فروردین ۱۴۰۵,"۷۹,۰۰۰,۰۰۰","۷۹,۰۰۰,۰۰۰",جمعه ساعت ۱۱:۰۰ تا ۱۴:۰۰ | شنبه ساعت ۱۱:۰۰ تا ۱۴:۰۰ | یکشنبه ساعت ۱۱:۰۰ تا ۱۴:۰۰ | دوشنبه ساعت ۱۱:۰۰ تا ۱۴:۰۰ | سه شنبه ساعت ۱۱:۰۰ تا ۱۴:۰۰ | چهارشنبه ساعت ۱۱:۰۰ تا ۱۴:۰۰ | پنجشنبه ساعت ۱۱:۰۰ تا ۱۴:۰۰,https://mftplus.com/lesson/3070/تلورانس-های-ابعادی-و-هندسی-(GD&T)-(کمپ-نوروزی)
MATLAB سطح یک (کمپ نوروزی),علوم مهندسی,سعادت آباد (مرکزی),مشخص نشده,سه شنبه ۴ فروردین ۱۴۰۵,پنجشنبه ۶ فروردین ۱۴۰۵,"۷۹,۰۰۰,۰۰۰","۷۹,۰۰۰,۰۰۰",سه شنبه ساعت ۰۸:۰۰ تا ۱۸:۰۰ | چهارشنبه ساعت ۰۸:۰۰ تا ۱۸:۰۰ | پنجشنبه ساعت ۰۸:۰۰ تا ۱۸:۰۰,https://mftplus.com/lesson/3113/MATLAB-سطح-یک-(کمپ-نوروزی)
تهیه نقشه های سازه با نرم افزار Revit structure (کمپ نوروزی),علوم مهندسی,سعادت آباد (مرکزی),مشخص نشده,سه شنبه ۴ فروردین ۱۴۰۵,دوشنبه ۱۰ فروردین ۱۴۰۵,"۸۵,۰۰۰,۰۰۰","۸۵,۰۰۰,۰۰۰",شنبه ساعت ۰۸:۰۰ تا ۱۸:۰۰ | یکشنبه ساعت ۰۸:۰۰ تا ۱۸:۰۰ | دوشنبه ساعت ۰۸:۰۰ تا ۱۸:۰۰ | سه شنبه ساعت ۰۸:۰۰ تا ۱۸:۰۰,https://mftplus.com/lesson/3094/تهیه-نقشه-های-سازه-با-نرم-افزار-Revit-structure-(کمپ-نوروزی)
دوره جامع محاسبات ساختمان : ترسیم نقشه اجرایی فاز 2 سازه به کمک نرم افزار AutoCAD (کمپ نوروزی),علوم مهندسی,سعادت آباد (مرکزی),مشخص نشده,سه شنبه ۴ فروردین ۱۴۰۵,سه شنبه ۱۱ فروردین ۱۴۰۵,"۸۹,۰۰۰,۰۰۰","۸۹,۰۰۰,۰۰۰",جمعه ساعت ۰۹:۰۰ تا ۱۶:۰۰ | سه شنبه ساعت ۰۹:۰۰ تا ۱۶:۰۰ | چهارشنبه ساعت ۰۹:۰۰ تا ۱۶:۰۰ | پنجشنبه ساعت ۰۹:۰۰ تا ۱۶:۰۰,https://mftplus.com/lesson/3097/دوره-جامع-محاسبات-ساختمان-:-ترسیم-نقشه-اجرایی-فاز-2-سازه-به-کمک-نرم-افزار-AutoCAD-(کمپ-نوروزی)
دوره جامع ایمنی، بهداشت و محیط زیست (HSE) (کمپ نوروزی),علوم مهندسی,سعادت آباد (مرکزی),مشخص نشده,سه شنبه ۴ فروردین ۱۴۰۵,جمعه ۷ فروردین ۱۴۰۵,"۱۲۹,۰۰۰,۰۰۰","۱۲۹,۰۰۰,۰۰۰",جمعه ساعت ۰۸:۰۰ تا ۱۸:۰۰ | سه شنبه ساعت ۰۸:۰۰ تا ۱۸:۰۰ | چهارشنبه ساعت ۰۸:۰۰ تا ۱۸:۰۰ | پنجشنبه ساعت ۰۸:۰۰ تا ۱۸:۰۰,https://mftplus.com/lesson/5185/دوره-جامع-ایمنی،-بهداشت-و-محیط-زیست-(HSE)-(کمپ-نوروزی)
فتوشاپ برای معماری (کمپ نوروزی),معماری,سعادت آباد (مرکزی),مشخص نشده,سه شنبه ۴ فروردین ۱۴۰۵,پنجشنبه ۶ فروردین ۱۴۰۵,"۶۹,۰۰۰,۰۰۰","۶۹,۰۰۰,۰۰۰",سه شنبه ساعت ۰۹:۰۰ تا ۱۴:۰۰ | چهارشنبه ساعت ۰۹:۰۰ تا ۱۴:۰۰ | پنجشنبه ساعت ۰۹:۰۰ تا ۱۴:۰۰,https://mftplus.com/lesson/391412146/فتوشاپ-برای-معماری-(کمپ-نوروزی)
اسکیس و راندو (کمپ نوروزی),معماری,سعادت آباد (مرکزی),مشخص نشده,سه شنبه ۴ فروردین ۱۴۰۵,جمعه ۷ فروردین ۱۴۰۵,"۷۲,۵۰۰,۰۰۰","۷۲,۵۰۰,۰۰۰",جمعه ساعت ۰۹:۰۰ تا ۱۶:۰۰ | سه شنبه ساعت ۰۹:۰۰ تا ۱۶:۰۰ | چهارشنبه ساعت ۰۹:۰۰ تا ۱۶:۰۰ | پنجشنبه ساعت ۰۹:۰۰ تا ۱۶:۰۰,https://mftplus.com/lesson/391412150/اسکیس-و-راندو-(کمپ-نوروزی)
سبک شناسی (کمپ نوروزی),معماری,سعادت آباد (مرکزی),مشخص نشده,سه شنبه ۴ فروردین ۱۴۰۵,جمعه ۷ فروردین ۱۴۰۵,"۵۵,۰۰۰,۰۰۰","۵۵,۰۰۰,۰۰۰",جمعه ساعت ۰۹:۰۰ تا ۱۴:۰۰ | سه شنبه ساعت ۰۹:۰۰ تا ۱۴:۰۰ | چهارشنبه ساعت ۰۹:۰۰ تا ۱۴:۰۰ | پنجشنبه ساعت ۰۹:۰۰ تا ۱۴:۰۰,https://mftplus.com/lesson/4647/سبک-شناسی-(کمپ-نوروزی)
تبدیل نقشه های فاز یک به فاز دو (کمپ نوروزی),معماری,سعادت آباد (مرکزی),مشخص نشده,سه شنبه ۴ فروردین ۱۴۰۵,جمعه ۷ فروردین ۱۴۰۵,"۷۲,۵۰۰,۰۰۰","۷۲,۵۰۰,۰۰۰",جمعه ساعت ۰۹:۰۰ تا ۱۶:۰۰ | سه شنبه ساعت ۰۹:۰۰ تا ۱۶:۰۰ | چهارشنبه ساعت ۰۹:۰۰ تا ۱۶:۰۰ | پنجشنبه ساعت ۰۹:۰۰ تا ۱۶:۰۰,https://mftplus.com/lesson/391412151/تبدیل-نقشه-های-فاز-یک-به-فاز-دو-(کمپ-نوروزی)
اتوکد دوبعدی (کمپ نوروزی),معماری,سعادت آباد (مرکزی),مشخص نشده,سه شنبه ۴ فروردین ۱۴۰۵,سه شنبه ۱۱ فروردین ۱۴۰۵,"۸۹,۰۰۰,۰۰۰","۸۹,۰۰۰,۰۰۰",جمعه ساعت ۰۹:۰۰ تا ۱۶:۰۰ | سه شنبه ساعت ۰۹:۰۰ تا ۱۶:۰۰ | چهارشنبه ساعت ۰۹:۰۰ تا ۱۶:۰۰ | پنجشنبه ساعت ۰۹:۰۰ تا ۱۶:۰۰,https://mftplus.com/lesson/391412153/اتوکد-دوبعدی-(کمپ-نوروزی)
Sketchup & Vray (کمپ نوروزی),معماری,سعادت آباد (مرکزی),مشخص نشده,سه شنبه ۴ فروردین ۱۴۰۵,سه شنبه ۱۱ فروردین ۱۴۰۵,"۸۵,۰۰۰,۰۰۰","۸۵,۰۰۰,۰۰۰",جمعه ساعت ۰۹:۰۰ تا ۱۶:۰۰ | سه شنبه ساعت ۰۹:۰۰ تا ۱۶:۰۰ | چهارشنبه ساعت ۰۹:۰۰ تا ۱۶:۰۰ | پنجشنبه ساعت ۰۹:۰۰ تا ۱۶:۰۰,https://mftplus.com/lesson/3126/Sketchup-&-Vray-(کمپ-نوروزی)
اصول کنترل فرایند و طراحی ابزاردقیق صنعتی (کمپ نوروزی),برق و الکترونیک,سعادت آباد (مرکزی),مشخص نشده,سه شنبه ۴ فروردین ۱۴۰۵,جمعه ۷ فروردین ۱۴۰۵,"۸۰,۰۰۰,۰۰۰","۸۰,۰۰۰,۰۰۰",جمعه ساعت ۰۸:۰۰ تا ۱۶:۰۰ | سه شنبه ساعت ۰۸:۰۰ تا ۱۶:۰۰ | چهارشنبه ساعت ۰۸:۰۰ تا ۱۶:۰۰ | پنجشنبه ساعت ۰۸:۰۰ تا ۱۶:۰۰,https://mftplus.com/lesson/6581/اصول-کنترل-فرایند-و-طراحی-ابزاردقیق-صنعتی-(کمپ-نوروزی)
اصول مدیریت پروژه بر اساس استاندارد PMBOK 8 (کمپ نوروزی),علوم مهندسی,سعادت آباد (مرکزی),مشخص نشده,سه شنبه ۴ فروردین ۱۴۰۵,چهارشنبه ۵ فروردین ۱۴۰۵,"۷۵,۰۰۰,۰۰۰","۷۵,۰۰۰,۰۰۰",سه شنبه ساعت ۰۸:۰۰ تا ۱۸:۰۰ | چهارشنبه ساعت ۰۸:۰۰ تا ۱۸:۰۰,https://mftplus.com/lesson/6632/اصول-مدیریت-پروژه-بر-اساس-استاندارد-PMBOK-8-(کمپ-نوروزی)
ICDL سطح یک نوجوانان (ویژه نوروز),کودک و نوجوان,سعادت آباد (مرکزی),مشخص نشده,سه شنبه ۴ فروردین ۱۴۰۵,سه شنبه ۱۱ فروردین ۱۴۰۵,"۵۲,۰۰۰,۰۰۰","۵۲,۰۰۰,۰۰۰",جمعه ساعت ۰۹:۰۰ تا ۱۴:۰۰ | شنبه ساعت ۰۹:۰۰ تا ۱۴:۰۰ | یکشنبه ساعت ۰۹:۰۰ تا ۱۴:۰۰ | دوشنبه ساعت ۰۹:۰۰ تا ۱۴:۰۰ | سه شنبه ساعت ۰۹:۰۰ تا ۱۴:۰۰ | چهارشنبه ساعت ۰۹:۰۰ تا ۱۴:۰۰ | پنجشنبه ساعت ۰۹:۰۰ تا ۱۴:۰۰,https://mftplus.com/lesson/6662/ICDL-سطح-یک-نوجوانان-(ویژه-نوروز)
هوش مصنوعی در زندگی روزمره (کمپ نوروزی),فناوری اطلاعات و ارتباطات,سعادت آباد (مرکزی),مشخص نشده,چهارشنبه ۵ فروردین ۱۴۰۵,جمعه ۷ فروردین ۱۴۰۵,"۴۰,۰۰۰,۰۰۰","۵۰,۰۰۰,۰۰۰",جمعه ساعت ۰۹:۰۰ تا ۱۹:۰۰ | چهارشنبه ساعت ۰۹:۰۰ تا ۱۹:۰۰ | پنجشنبه ساعت ۰۹:۰۰ تا ۱۹:۰۰,https://mftplus.com/lesson/6524/هوش-مصنوعی-در-زندگی-روزمره-(کمپ-نوروزی)
Installing and Configuring Windows 11 (کمپ نوروزی),فناوری اطلاعات و ارتباطات,سعادت آباد (مرکزی),مشخص نشده,چهارشنبه ۵ فروردین ۱۴۰۵,شنبه ۸ فروردین ۱۴۰۵,"۳۵,۰۰۰,۰۰۰","۴۴,۰۰۰,۰۰۰",جمعه ساعت ۰۹:۰۰ تا ۱۹:۳۰ | شنبه ساعت ۰۹:۰۰ تا ۱۹:۳۰ | چهارشنبه ساعت ۰۹:۰۰ تا ۱۹:۳۰ | پنجشنبه ساعت ۰۹:۰۰ تا ۱۹:۳۰,https://mftplus.com/lesson/6186/Installing-and-Configuring-Windows-11-(کمپ-نوروزی)
CCNA 200-301 (کمپ نوروزی),فناوری اطلاعات و ارتباطات,سعادت آباد (مرکزی),مشخص نشده,چهارشنبه ۵ فروردین ۱۴۰۵,سه شنبه ۱۱ فروردین ۱۴۰۵,"۶۴,۰۰۰,۰۰۰","۷۸,۰۰۰,۰۰۰",جمعه ساعت ۰۹:۰۰ تا ۱۹:۰۰ | شنبه ساعت ۰۹:۰۰ تا ۱۹:۰۰ | یکشنبه ساعت ۰۹:۰۰ تا ۱۹:۰۰ | دوشنبه ساعت ۰۹:۰۰ تا ۱۹:۰۰ | سه شنبه ساعت ۰۹:۰۰ تا ۱۹:۰۰ | چهارشنبه ساعت ۰۹:۰۰ تا ۱۹:۰۰ | پنجشنبه ساعت ۰۹:۰۰ تا ۱۹:۰۰,https://mftplus.com/lesson/4196/CCNA-200-301-(کمپ-نوروزی)
MTCRE (کمپ نوروزی),فناوری اطلاعات و ارتباطات,سعادت آباد (مرکزی),مشخص نشده,چهارشنبه ۵ فروردین ۱۴۰۵,پنجشنبه ۶ فروردین ۱۴۰۵,"۳۵,۰۰۰,۰۰۰","۳۵,۰۰۰,۰۰۰",چهارشنبه ساعت ۰۹:۰۰ تا ۱۷:۰۰ | پنجشنبه ساعت ۰۹:۰۰ تا ۱۷:۰۰,https://mftplus.com/lesson/4072/MTCRE-(کمپ-نوروزی)
Linux Essentials + LPIC1(101-102) (کمپ نوروزی),فناوری اطلاعات و ارتباطات,سعادت آباد (مرکزی),مشخص نشده,چهارشنبه ۵ فروردین ۱۴۰۵,دوشنبه ۱۰ فروردین ۱۴۰۵,"۷۲,۰۰۰,۰۰۰","۸۶,۰۰۰,۰۰۰",جمعه ساعت ۰۹:۰۰ تا ۱۹:۰۰ | شنبه ساعت ۰۹:۰۰ تا ۱۹:۰۰ | یکشنبه ساعت ۰۹:۰۰ تا ۱۹:۰۰ | دوشنبه ساعت ۰۹:۰۰ تا ۱۹:۰۰ | چهارشنبه ساعت ۰۹:۰۰ تا ۱۹:۰۰ | پنجشنبه ساعت ۰۹:۰۰ تا ۱۹:۰۰,https://mftplus.com/lesson/4683/Linux-Essentials-+-LPIC1(101-102)-(کمپ-نوروزی)
ReactJS (کمپ نوروزی),فناوری اطلاعات و ارتباطات,سعادت آباد (مرکزی),مشخص نشده,چهارشنبه ۵ فروردین ۱۴۰۵,شنبه ۸ فروردین ۱۴۰۵,"۶۱,۰۰۰,۰۰۰","۷۷,۰۰۰,۰۰۰",جمعه ساعت ۰۹:۰۰ تا ۱۹:۰۰ | شنبه ساعت ۰۹:۰۰ تا ۱۹:۰۰ | چهارشنبه ساعت ۰۹:۰۰ تا ۱۹:۰۰ | پنجشنبه ساعت ۰۹:۰۰ تا ۱۹:۰۰,https://mftplus.com/lesson/131324131/ReactJS-(کمپ-نوروزی)
Wordpress & WooCommerce Essential Training (کمپ نوروزی),فناوری اطلاعات و ارتباطات,سعادت آباد (مرکزی),مشخص نشده,چهارشنبه ۵ فروردین ۱۴۰۵,جمعه ۷ فروردین ۱۴۰۵,"۴۱,۰۰۰,۰۰۰","۵۳,۰۰۰,۰۰۰",جمعه ساعت ۰۹:۰۰ تا ۱۹:۰۰ | چهارشنبه ساعت ۰۹:۰۰ تا ۱۹:۰۰ | پنجشنبه ساعت ۰۹:۰۰ تا ۱۹:۰۰,https://mftplus.com/lesson/131323126/Wordpress-&-WooCommerce-Essential-Training-(کمپ-نوروزی)
نقشه خوانی مکانیک و استانداردهای نقشه (کمپ نوروزی),علوم مهندسی,سعادت آباد (مرکزی),مشخص نشده,چهارشنبه ۵ فروردین ۱۴۰۵,شنبه ۸ فروردین ۱۴۰۵,"۷۹,۰۰۰,۰۰۰","۷۹,۰۰۰,۰۰۰",جمعه ساعت ۰۸:۰۰ تا ۱۴:۰۰ | شنبه ساعت ۰۸:۰۰ تا ۱۴:۰۰ | چهارشنبه ساعت ۰۸:۰۰ تا ۱۴:۰۰ | پنجشنبه ساعت ۰۸:۰۰ تا ۱۴:۰۰,https://mftplus.com/lesson/3069/نقشه-خوانی-مکانیک-و-استانداردهای-نقشه-(کمپ-نوروزی)
نرم افزار EPLAN (کمپ نوروزی),برق و الکترونیک,سعادت آباد (مرکزی),مشخص نشده,چهارشنبه ۵ فروردین ۱۴۰۵,جمعه ۷ فروردین ۱۴۰۵,"۷۸,۸۰۰,۰۰۰","۷۸,۸۰۰,۰۰۰",جمعه ساعت ۰۸:۰۰ تا ۱۶:۰۰ | چهارشنبه ساعت ۰۸:۰۰ تا ۱۶:۰۰ | پنجشنبه ساعت ۰۸:۰۰ تا ۱۶:۰۰,https://mftplus.com/lesson/4654/نرم-افزار-EPLAN-(کمپ-نوروزی)
طراحی برد مدار چاپی با نرم افزارAltium Designer (کمپ نوروزی),برق و الکترونیک,سعادت آباد (مرکزی),مشخص نشده,چهارشنبه ۵ فروردین ۱۴۰۵,سه شنبه ۱۱ فروردین ۱۴۰۵,"۵۴,۰۰۰,۰۰۰","۵۴,۰۰۰,۰۰۰",جمعه ساعت ۰۹:۰۰ تا ۱۵:۰۰ | سه شنبه ساعت ۰۹:۰۰ تا ۱۵:۰۰ | چهارشنبه ساعت ۰۹:۰۰ تا ۱۵:۰۰ | پنجشنبه ساعت ۰۹:۰۰ تا ۱۵:۰۰,https://mftplus.com/lesson/5182/طراحی-برد-مدار-چاپی-با-نرم-افزارAltium-Designer-(کمپ-نوروزی)
AVR مقدماتی (کمپ نوروزی),برق و الکترونیک,سعادت آباد (مرکزی),مشخص نشده,چهارشنبه ۵ فروردین ۱۴۰۵,چهارشنبه ۱۲ فروردین ۱۴۰۵,"۶۷,۲۰۰,۰۰۰","۶۷,۲۰۰,۰۰۰",جمعه ساعت ۰۹:۰۰ تا ۱۵:۰۰ | سه شنبه ساعت ۰۹:۰۰ تا ۱۵:۰۰ | چهارشنبه ساعت ۰۹:۰۰ تا ۱۵:۰۰ | پنجشنبه ساعت ۰۹:۰۰ تا ۱۵:۰۰,https://mftplus.com/lesson/4659/AVR-مقدماتی-(کمپ-نوروزی)
پایتون مقدماتی 1 (ویژه نوروز),کودک و نوجوان,سعادت آباد (مرکزی),مشخص نشده,چهارشنبه ۵ فروردین ۱۴۰۵,دوشنبه ۱۰ فروردین ۱۴۰۵,"۶۵,۰۰۰,۰۰۰","۶۵,۰۰۰,۰۰۰",جمعه ساعت ۰۹:۰۰ تا ۱۴:۰۰ | شنبه ساعت ۰۹:۰۰ تا ۱۴:۰۰ | یکشنبه ساعت ۰۹:۰۰ تا ۱۴:۰۰ | دوشنبه ساعت ۰۹:۰۰ تا ۱۴:۰۰ | چهارشنبه ساعت ۰۹:۰۰ تا ۱۴:۰۰ | پنجشنبه ساعت ۰۹:۰۰ تا ۱۴:۰۰,https://mftplus.com/lesson/5298/پایتون-مقدماتی-1-(ویژه-نوروز)
پایتون مقدماتی 1 (ویژه نوروز),کودک و نوجوان,سعادت آباد (مرکزی),مشخص نشده,چهارشنبه ۵ فروردین ۱۴۰۵,یکشنبه ۹ فروردین ۱۴۰۵,"۶۵,۰۰۰,۰۰۰","۶۵,۰۰۰,۰۰۰",جمعه ساعت ۱۴:۰۰ تا ۲۰:۰۰ | شنبه ساعت ۱۴:۰۰ تا ۲۰:۰۰ | یکشنبه ساعت ۱۴:۰۰ تا ۲۰:۰۰ | دوشنبه ساعت ۱۴:۰۰ تا ۲۰:۰۰ | چهارشنبه ساعت ۱۴:۰۰ تا ۲۰:۰۰ | پنجشنبه ساعت ۱۴:۰۰ تا ۲۰:۰۰,https://mftplus.com/lesson/5298/پایتون-مقدماتی-1-(ویژه-نوروز)
طراحی وب با وردپرس (ویژه نوروز),کودک و نوجوان,سعادت آباد (مرکزی),مشخص نشده,چهارشنبه ۵ فروردین ۱۴۰۵,دوشنبه ۱۰ فروردین ۱۴۰۵,"۷۰,۰۰۰,۰۰۰","۷۰,۰۰۰,۰۰۰",جمعه ساعت ۰۹:۰۰ تا ۱۴:۰۰ | شنبه ساعت ۰۹:۰۰ تا ۱۴:۰۰ | یکشنبه ساعت ۰۹:۰۰ تا ۱۴:۰۰ | دوشنبه ساعت ۰۹:۰۰ تا ۱۴:۰۰ | چهارشنبه ساعت ۰۹:۰۰ تا ۱۴:۰۰ | پنجشنبه ساعت ۰۹:۰۰ تا ۱۴:۰۰,https://mftplus.com/lesson/6660/طراحی-وب-با-وردپرس-(ویژه-نوروز)
ICDL سطح یک نوجوانان,کودک و نوجوان,سعادت آباد (مرکزی),مشخص نشده,چهارشنبه ۵ فروردین ۱۴۰۵,سه شنبه ۱۱ فروردین ۱۴۰۵,"۴۶,۰۰۰,۰۰۰","۴۶,۰۰۰,۰۰۰",جمعه ساعت ۱۴:۰۰ تا ۲۰:۰۰ | شنبه ساعت ۱۴:۰۰ تا ۲۰:۰۰ | یکشنبه ساعت ۱۴:۰۰ تا ۲۰:۰۰ | دوشنبه ساعت ۱۴:۰۰ تا ۲۰:۰۰ | سه شنبه ساعت ۱۴:۰۰ تا ۲۰:۰۰ | چهارشنبه ساعت ۱۴:۰۰ تا ۲۰:۰۰ | پنجشنبه ساعت ۱۴:۰۰ تا ۲۰:۰۰,https://mftplus.com/lesson/3587/ICDL-سطح-یک-نوجوانان
ICDL سطح دو  نوجوانان (ویژه نوروز),کودک و نوجوان,سعادت آباد (مرکزی),مشخص نشده,چهارشنبه ۵ فروردین ۱۴۰۵,سه شنبه ۱۱ فروردین ۱۴۰۵,"۵۸,۰۰۰,۰۰۰","۵۸,۰۰۰,۰۰۰",جمعه ساعت ۰۸:۰۰ تا ۱۴:۰۰ | شنبه ساعت ۰۸:۰۰ تا ۱۴:۰۰ | یکشنبه ساعت ۰۸:۰۰ تا ۱۴:۰۰ | دوشنبه ساعت ۰۸:۰۰ تا ۱۴:۰۰ | سه شنبه ساعت ۰۸:۰۰ تا ۱۴:۰۰ | چهارشنبه ساعت ۰۸:۰۰ تا ۱۴:۰۰ | پنجشنبه ساعت ۰۸:۰۰ تا ۱۴:۰۰,https://mftplus.com/lesson/6663/ICDL-سطح-دو-نوجوانان-(ویژه-نوروز)
کودکان الکترونیکی 1 (ویژه نوروز),کودک و نوجوان,سعادت آباد (مرکزی),مشخص نشده,چهارشنبه ۵ فروردین ۱۴۰۵,دوشنبه ۱۰ فروردین ۱۴۰۵,"۴۹,۰۰۰,۰۰۰","۴۹,۰۰۰,۰۰۰",شنبه ساعت ۱۰:۰۰ تا ۱۴:۰۰ | یکشنبه ساعت ۱۰:۰۰ تا ۱۴:۰۰ | دوشنبه ساعت ۱۰:۰۰ تا ۱۴:۰۰ | چهارشنبه ساعت ۱۰:۰۰ تا ۱۴:۰۰ | پنجشنبه ساعت ۱۰:۰۰ تا ۱۴:۰۰,https://mftplus.com/lesson/6664/کودکان-الکترونیکی-1-(ویژه-نوروز)
"Word, PowerPoint کاربردی (ویژه نوروز)",کودک و نوجوان,سعادت آباد (مرکزی),مشخص نشده,چهارشنبه ۵ فروردین ۱۴۰۵,دوشنبه ۱۰ فروردین ۱۴۰۵,"۳۴,۵۰۰,۰۰۰","۳۴,۵۰۰,۰۰۰",شنبه ساعت ۱۴:۰۰ تا ۱۷:۰۰ | یکشنبه ساعت ۱۴:۰۰ تا ۱۷:۰۰ | دوشنبه ساعت ۱۴:۰۰ تا ۱۷:۰۰ | چهارشنبه ساعت ۱۴:۰۰ تا ۱۷:۰۰ | پنجشنبه ساعت ۱۴:۰۰ تا ۱۷:۰۰,"https://mftplus.com/lesson/4707/Word,-PowerPoint-کاربردی-(ویژه-نوروز)"
برنامه نویسی مقدماتی #C برای نوجوانان (ویژه نوروز),کودک و نوجوان,سعادت آباد (مرکزی),مشخص نشده,چهارشنبه ۵ فروردین ۱۴۰۵,سه شنبه ۱۱ فروردین ۱۴۰۵,"۷۷,۰۰۰,۰۰۰","۷۷,۰۰۰,۰۰۰",جمعه ساعت ۰۸:۰۰ تا ۱۴:۰۰ | شنبه ساعت ۰۸:۰۰ تا ۱۴:۰۰ | یکشنبه ساعت ۰۸:۰۰ تا ۱۴:۰۰ | دوشنبه ساعت ۰۸:۰۰ تا ۱۴:۰۰ | سه شنبه ساعت ۰۸:۰۰ تا ۱۴:۰۰ | چهارشنبه ساعت ۰۸:۰۰ تا ۱۴:۰۰ | پنجشنبه ساعت ۰۸:۰۰ تا ۱۴:۰۰,https://mftplus.com/lesson/6665/برنامه-نویسی-مقدماتی-#C-برای-نوجوانان-(ویژه-نوروز)
مبانی هوش مصنوعی برای نوجوانان (ویژه نوروز),کودک و نوجوان,سعادت آباد (مرکزی),مشخص نشده,چهارشنبه ۵ فروردین ۱۴۰۵,دوشنبه ۱۰ فروردین ۱۴۰۵,"۷۰,۰۰۰,۰۰۰","۷۰,۰۰۰,۰۰۰",شنبه ساعت ۰۹:۰۰ تا ۱۴:۰۰ | یکشنبه ساعت ۰۹:۰۰ تا ۱۴:۰۰ | دوشنبه ساعت ۰۹:۰۰ تا ۱۴:۰۰ | چهارشنبه ساعت ۰۹:۰۰ تا ۱۴:۰۰ | پنجشنبه ساعت ۰۹:۰۰ تا ۱۴:۰۰,https://mftplus.com/lesson/6668/مبانی-هوش-مصنوعی-برای-نوجوانان-(ویژه-نوروز)
فتوشاپ مقدماتی نوجوان (ویژه نوروز),کودک و نوجوان,سعادت آباد (مرکزی),مشخص نشده,چهارشنبه ۵ فروردین ۱۴۰۵,دوشنبه ۱۰ فروردین ۱۴۰۵,"۴۷,۰۰۰,۰۰۰","۴۷,۰۰۰,۰۰۰",شنبه ساعت ۱۰:۰۰ تا ۱۴:۰۰ | یکشنبه ساعت ۱۰:۰۰ تا ۱۴:۰۰ | دوشنبه ساعت ۱۰:۰۰ تا ۱۴:۰۰ | چهارشنبه ساعت ۱۰:۰۰ تا ۱۴:۰۰ | پنجشنبه ساعت ۱۰:۰۰ تا ۱۴:۰۰,https://mftplus.com/lesson/4680/فتوشاپ-مقدماتی-نوجوان-(ویژه-نوروز)
فتوشاپ مقدماتی نوجوان (ویژه نوروز),کودک و نوجوان,سعادت آباد (مرکزی),مشخص نشده,چهارشنبه ۵ فروردین ۱۴۰۵,یکشنبه ۹ فروردین ۱۴۰۵,"۴۷,۰۰۰,۰۰۰","۴۷,۰۰۰,۰۰۰",جمعه ساعت ۱۶:۰۰ تا ۲۰:۰۰ | شنبه ساعت ۱۶:۰۰ تا ۲۰:۰۰ | یکشنبه ساعت ۱۶:۰۰ تا ۲۰:۰۰ | چهارشنبه ساعت ۱۶:۰۰ تا ۲۰:۰۰ | پنجشنبه ساعت ۱۶:۰۰ تا ۲۰:۰۰,https://mftplus.com/lesson/4680/فتوشاپ-مقدماتی-نوجوان-(ویژه-نوروز)
پریمیر مقدماتی (ویژه نوروز),کودک و نوجوان,سعادت آباد (مرکزی),مشخص نشده,چهارشنبه ۵ فروردین ۱۴۰۵,دوشنبه ۱۰ فروردین ۱۴۰۵,"۶۲,۰۰۰,۰۰۰","۶۲,۰۰۰,۰۰۰",شنبه ساعت ۱۰:۰۰ تا ۱۴:۰۰ | یکشنبه ساعت ۱۰:۰۰ تا ۱۴:۰۰ | دوشنبه ساعت ۱۰:۰۰ تا ۱۴:۰۰ | چهارشنبه ساعت ۱۰:۰۰ تا ۱۴:۰۰ | پنجشنبه ساعت ۱۰:۰۰ تا ۱۴:۰۰,https://mftplus.com/lesson/6257/پریمیر-مقدماتی-(ویژه-نوروز)
برنامه نویسی مقدماتی با اسکرچ (ویژه نوروز),کودک و نوجوان,سعادت آباد (مرکزی),مشخص نشده,چهارشنبه ۵ فروردین ۱۴۰۵,دوشنبه ۱۰ فروردین ۱۴۰۵,"۵۲,۰۰۰,۰۰۰","۵۲,۰۰۰,۰۰۰",شنبه ساعت ۰۹:۰۰ تا ۱۳:۰۰ | یکشنبه ساعت ۰۹:۰۰ تا ۱۳:۰۰ | دوشنبه ساعت ۰۹:۰۰ تا ۱۳:۰۰ | چهارشنبه ساعت ۰۹:۰۰ تا ۱۳:۰۰ | پنجشنبه ساعت ۰۹:۰۰ تا ۱۳:۰۰,https://mftplus.com/lesson/6667/برنامه-نویسی-مقدماتی-با-اسکرچ-(ویژه-نوروز)
اصول نقشه کشی با اتوکد (ویژه نوروز),کودک و نوجوان,سعادت آباد (مرکزی),مشخص نشده,چهارشنبه ۵ فروردین ۱۴۰۵,دوشنبه ۱۰ فروردین ۱۴۰۵,"۷۹,۰۰۰,۰۰۰","۷۹,۰۰۰,۰۰۰",جمعه ساعت ۱۰:۰۰ تا ۱۵:۰۰ | شنبه ساعت ۱۰:۰۰ تا ۱۵:۰۰ | یکشنبه ساعت ۱۰:۰۰ تا ۱۵:۰۰ | دوشنبه ساعت ۱۰:۰۰ تا ۱۵:۰۰ | چهارشنبه ساعت ۱۰:۰۰ تا ۱۵:۰۰ | پنجشنبه ساعت ۱۰:۰۰ تا ۱۵:۰۰,https://mftplus.com/lesson/6669/اصول-نقشه-کشی-با-اتوکد-(ویژه-نوروز)
برنامه نویسی مقدماتی ++C نوجوانان (ویژه نوروز),کودک و نوجوان,سعادت آباد (مرکزی),مشخص نشده,چهارشنبه ۵ فروردین ۱۴۰۵,سه شنبه ۱۱ فروردین ۱۴۰۵,"۷۹,۰۰۰,۰۰۰","۷۹,۰۰۰,۰۰۰",جمعه ساعت ۱۴:۰۰ تا ۲۰:۰۰ | شنبه ساعت ۱۴:۰۰ تا ۲۰:۰۰ | یکشنبه ساعت ۱۴:۰۰ تا ۲۰:۰۰ | دوشنبه ساعت ۱۴:۰۰ تا ۲۰:۰۰ | سه شنبه ساعت ۱۴:۰۰ تا ۲۰:۰۰ | چهارشنبه ساعت ۱۴:۰۰ تا ۲۰:۰۰ | پنجشنبه ساعت ۱۴:۰۰ تا ۲۰:۰۰,https://mftplus.com/lesson/6666/برنامه-نویسی-مقدماتی-++C-نوجوانان-(ویژه-نوروز)
برنامه نویسی پایتون مقدماتی کودکان (ویژه نوروز),کودک و نوجوان,سعادت آباد (مرکزی),مشخص نشده,چهارشنبه ۵ فروردین ۱۴۰۵,دوشنبه ۱۰ فروردین ۱۴۰۵,"۶۵,۰۰۰,۰۰۰","۶۵,۰۰۰,۰۰۰",شنبه ساعت ۱۰:۰۰ تا ۱۴:۰۰ | یکشنبه ساعت ۱۰:۰۰ تا ۱۴:۰۰ | دوشنبه ساعت ۱۰:۰۰ تا ۱۴:۰۰ | چهارشنبه ساعت ۱۰:۰۰ تا ۱۴:۰۰ | پنجشنبه ساعت ۱۰:۰۰ تا ۱۴:۰۰,https://mftplus.com/lesson/6256/برنامه-نویسی-پایتون-مقدماتی-کودکان-(ویژه-نوروز)
HTML & CSS I (ویژه نوروز),کودک و نوجوان,سعادت آباد (مرکزی),مشخص نشده,چهارشنبه ۵ فروردین ۱۴۰۵,سه شنبه ۱۱ فروردین ۱۴۰۵,"۷۴,۰۰۰,۰۰۰","۷۴,۰۰۰,۰۰۰",جمعه ساعت ۱۴:۰۰ تا ۲۰:۰۰ | شنبه ساعت ۱۴:۰۰ تا ۲۰:۰۰ | یکشنبه ساعت ۱۴:۰۰ تا ۲۰:۰۰ | دوشنبه ساعت ۱۴:۰۰ تا ۲۰:۰۰ | سه شنبه ساعت ۱۴:۰۰ تا ۲۰:۰۰ | چهارشنبه ساعت ۱۴:۰۰ تا ۲۰:۰۰ | پنجشنبه ساعت ۱۴:۰۰ تا ۲۰:۰۰,https://mftplus.com/lesson/6661/HTML-&-CSS-I-(ویژه-نوروز)
تلفیقی Word + Excel 2021 (کمپ نوروزی),فناوری اطلاعات و ارتباطات,سعادت آباد (مرکزی),مشخص نشده,پنجشنبه ۶ فروردین ۱۴۰۵,یکشنبه ۹ فروردین ۱۴۰۵,"۳۸,۰۰۰,۰۰۰","۴۵,۰۰۰,۰۰۰",جمعه ساعت ۰۹:۰۰ تا ۱۹:۰۰ | شنبه ساعت ۰۹:۰۰ تا ۱۹:۰۰ | یکشنبه ساعت ۰۹:۰۰ تا ۱۹:۰۰ | پنجشنبه ساعت ۰۹:۰۰ تا ۱۹:۰۰,https://mftplus.com/lesson/5833/تلفیقی-Word-+-Excel-2021-(کمپ-نوروزی)
Microsoft Office Word 2021 (کمپ نوروزی),فناوری اطلاعات و ارتباطات,سعادت آباد (مرکزی),مشخص نشده,پنجشنبه ۶ فروردین ۱۴۰۵,جمعه ۷ فروردین ۱۴۰۵,"۱۷,۰۰۰,۰۰۰","۲۰,۰۰۰,۰۰۰",جمعه ساعت ۰۹:۰۰ تا ۱۹:۰۰ | پنجشنبه ساعت ۰۹:۰۰ تا ۱۹:۰۰,https://mftplus.com/lesson/5829/Microsoft-Office-Word-2021-(کمپ-نوروزی)
Programming with Python (کمپ نوروزی),فناوری اطلاعات و ارتباطات,سعادت آباد (مرکزی),مشخص نشده,پنجشنبه ۶ فروردین ۱۴۰۵,دوشنبه ۱۰ فروردین ۱۴۰۵,"۷۰,۰۰۰,۰۰۰","۸۸,۰۰۰,۰۰۰",جمعه ساعت ۰۹:۰۰ تا ۱۹:۰۰ | شنبه ساعت ۰۹:۰۰ تا ۱۹:۰۰ | یکشنبه ساعت ۰۹:۰۰ تا ۱۹:۰۰ | دوشنبه ساعت ۰۹:۰۰ تا ۱۹:۰۰ | سه شنبه ساعت ۰۹:۰۰ تا ۱۹:۰۰ | پنجشنبه ساعت ۰۹:۰۰ تا ۱۹:۰۰,https://mftplus.com/lesson/3204/Programming-with-Python-(کمپ-نوروزی)
برنامه نویسی به زبان ++C (کمپ نوروزی),فناوری اطلاعات و ارتباطات,سعادت آباد (مرکزی),مشخص نشده,پنجشنبه ۶ فروردین ۱۴۰۵,سه شنبه ۱۱ فروردین ۱۴۰۵,"۶۵,۰۰۰,۰۰۰","۸۰,۰۰۰,۰۰۰",جمعه ساعت ۰۹:۰۰ تا ۱۹:۰۰ | شنبه ساعت ۰۹:۰۰ تا ۱۹:۰۰ | یکشنبه ساعت ۰۹:۰۰ تا ۱۹:۰۰ | دوشنبه ساعت ۰۹:۰۰ تا ۱۹:۰۰ | سه شنبه ساعت ۰۹:۰۰ تا ۱۹:۰۰ | پنجشنبه ساعت ۰۹:۰۰ تا ۱۹:۰۰,https://mftplus.com/lesson/132017137/برنامه-نویسی-به-زبان-++C-(کمپ-نوروزی)
C# Programming (کمپ نوروزی),فناوری اطلاعات و ارتباطات,سعادت آباد (مرکزی),مشخص نشده,پنجشنبه ۶ فروردین ۱۴۰۵,سه شنبه ۱۱ فروردین ۱۴۰۵,"۶۷,۰۰۰,۰۰۰","۸۳,۰۰۰,۰۰۰",جمعه ساعت ۰۹:۰۰ تا ۱۹:۰۰ | شنبه ساعت ۰۹:۰۰ تا ۱۹:۰۰ | یکشنبه ساعت ۰۹:۰۰ تا ۱۹:۰۰ | دوشنبه ساعت ۰۹:۰۰ تا ۱۹:۰۰ | سه شنبه ساعت ۰۹:۰۰ تا ۱۹:۰۰ | پنجشنبه ساعت ۰۹:۰۰ تا ۱۹:۰۰,https://mftplus.com/lesson/132027128/C#-Programming-(کمپ-نوروزی)
برنامه ریزی و کنترل پروژه با نرم افزار MS Project (کمپ نوروزی),علوم مهندسی,سعادت آباد (مرکزی),مشخص نشده,پنجشنبه ۶ فروردین ۱۴۰۵,دوشنبه ۱۰ فروردین ۱۴۰۵,"۸۹,۰۰۰,۰۰۰","۸۹,۰۰۰,۰۰۰",جمعه ساعت ۰۸:۰۰ تا ۱۴:۰۰ | شنبه ساعت ۰۸:۰۰ تا ۱۴:۰۰ | یکشنبه ساعت ۰۸:۰۰ تا ۱۴:۰۰ | دوشنبه ساعت ۰۸:۰۰ تا ۱۴:۰۰ | پنجشنبه ساعت ۰۸:۰۰ تا ۱۴:۰۰,https://mftplus.com/lesson/3084/برنامه-ریزی-و-کنترل-پروژه-با-نرم-افزار-MS-Project-(کمپ-نوروزی)
برنامه ریزی و کنترل پروژه با نرم افزار  Oracle Primavera P6 (کمپ نوروزی),علوم مهندسی,سعادت آباد (مرکزی),مشخص نشده,پنجشنبه ۶ فروردین ۱۴۰۵,سه شنبه ۱۱ فروردین ۱۴۰۵,"۹۲,۵۰۰,۰۰۰","۹۲,۵۰۰,۰۰۰",جمعه ساعت ۱۴:۳۰ تا ۲۰:۳۰ | شنبه ساعت ۱۴:۳۰ تا ۲۰:۳۰ | یکشنبه ساعت ۱۴:۳۰ تا ۲۰:۳۰ | دوشنبه ساعت ۱۴:۳۰ تا ۲۰:۳۰ | سه شنبه ساعت ۱۴:۳۰ تا ۲۰:۳۰ | پنجشنبه ساعت ۱۴:۳۰ تا ۲۰:۳۰,https://mftplus.com/lesson/3085/برنامه-ریزی-و-کنترل-پروژه-با-نرم-افزار-Oracle-Primavera-P6-(کمپ-نوروزی)
رباتیک مقدماتی (ویژه نوروز),کودک و نوجوان,سعادت آباد (مرکزی),مشخص نشده,پنجشنبه ۶ فروردین ۱۴۰۵,چهارشنبه ۱۲ فروردین ۱۴۰۵,"۵۵,۰۰۰,۰۰۰","۵۵,۰۰۰,۰۰۰",جمعه ساعت ۱۰:۰۰ تا ۱۳:۰۰ | شنبه ساعت ۱۰:۰۰ تا ۱۳:۰۰ | یکشنبه ساعت ۱۰:۰۰ تا ۱۳:۰۰ | دوشنبه ساعت ۱۰:۰۰ تا ۱۳:۰۰ | سه شنبه ساعت ۱۰:۰۰ تا ۱۳:۰۰ | چهارشنبه ساعت ۱۰:۰۰ تا ۱۳:۰۰ | پنجشنبه ساعت ۱۰:۰۰ تا ۱۳:۰۰,https://mftplus.com/lesson/6670/رباتیک-مقدماتی-(ویژه-نوروز)
طراحی داشبوردهای هوش تجاری با PowerBI (کمپ نوروزی),فناوری اطلاعات و ارتباطات,سعادت آباد (مرکزی),مشخص نشده,جمعه ۷ فروردین ۱۴۰۵,یکشنبه ۹ فروردین ۱۴۰۵,"۴۰,۰۰۰,۰۰۰","۵۰,۰۰۰,۰۰۰",جمعه ساعت ۰۹:۰۰ تا ۱۹:۰۰ | شنبه ساعت ۰۹:۰۰ تا ۱۹:۰۰ | یکشنبه ساعت ۰۹:۰۰ تا ۱۹:۰۰,https://mftplus.com/lesson/6195/طراحی-داشبوردهای-هوش-تجاری-با-PowerBI-(کمپ-نوروزی)
MTCWE ( کمپ نوروزی),فناوری اطلاعات و ارتباطات,سعادت آباد (مرکزی),مشخص نشده,جمعه ۷ فروردین ۱۴۰۵,شنبه ۸ فروردین ۱۴۰۵,"۴۰,۰۰۰,۰۰۰","۴۰,۰۰۰,۰۰۰",جمعه ساعت ۰۹:۰۰ تا ۱۷:۰۰ | شنبه ساعت ۰۹:۰۰ تا ۱۷:۰۰,https://mftplus.com/lesson/4070/MTCWE-(-کمپ-نوروزی)
"VMware vSphere Install,Configure,Manage (ICM) V8 (کمپ نوروزی)",فناوری اطلاعات و ارتباطات,سعادت آباد (مرکزی),مشخص نشده,جمعه ۷ فروردین ۱۴۰۵,سه شنبه ۱۱ فروردین ۱۴۰۵,"۵۸,۰۰۰,۰۰۰","۷۳,۰۰۰,۰۰۰",جمعه ساعت ۰۹:۰۰ تا ۱۹:۰۰ | شنبه ساعت ۰۹:۰۰ تا ۱۹:۰۰ | یکشنبه ساعت ۰۹:۰۰ تا ۱۹:۰۰ | دوشنبه ساعت ۰۹:۰۰ تا ۱۹:۰۰ | سه شنبه ساعت ۰۹:۰۰ تا ۱۹:۰۰,"https://mftplus.com/lesson/6196/VMware-vSphere-Install,Configure,Manage-(ICM)-V8-(کمپ-نوروزی)"
+Security (کمپ نوروزی),فناوری اطلاعات و ارتباطات,سعادت آباد (مرکزی),مشخص نشده,جمعه ۷ فروردین ۱۴۰۵,یکشنبه ۹ فروردین ۱۴۰۵,"۲۹,۰۰۰,۰۰۰","۳۶,۰۰۰,۰۰۰",جمعه ساعت ۰۹:۰۰ تا ۱۹:۰۰ | شنبه ساعت ۰۹:۰۰ تا ۱۹:۰۰ | یکشنبه ساعت ۰۹:۰۰ تا ۱۹:۰۰,https://mftplus.com/lesson/6525/+Security-(کمپ-نوروزی)
Web Design II (Responsive Design) (کمپ نوروزی),فناوری اطلاعات و ارتباطات,سعادت آباد (مرکزی),مشخص نشده,جمعه ۷ فروردین ۱۴۰۵,یکشنبه ۹ فروردین ۱۴۰۵,"۵۰,۰۰۰,۰۰۰","۶۳,۰۰۰,۰۰۰",جمعه ساعت ۰۹:۰۰ تا ۱۹:۰۰ | شنبه ساعت ۰۹:۰۰ تا ۱۹:۰۰ | یکشنبه ساعت ۰۹:۰۰ تا ۱۹:۰۰,https://mftplus.com/lesson/5844/Web-Design-II-(Responsive-Design)-(کمپ-نوروزی)
" CV, SOP, and Cover Letter Writing",زبانهای خارجی,سعادت آباد (مرکزی),مشخص نشده,جمعه ۷ فروردین ۱۴۰۵,جمعه ۷ فروردین ۱۴۰۵,"۸,۱۶۰,۰۰۰","۸,۱۶۰,۰۰۰",جمعه ساعت ۱۱:۰۰ تا ۱۴:۰۰,"https://mftplus.com/lesson/3624/CV,-SOP,-and-Cover-Letter-Writing"
کارگاه آموزش مقاله‌نویسی (ISI),زبانهای خارجی,سعادت آباد (مرکزی),مشخص نشده,جمعه ۷ فروردین ۱۴۰۵,جمعه ۷ فروردین ۱۴۰۵,"۵,۰۰۰,۰۰۰","۵,۰۰۰,۰۰۰",جمعه ساعت ۱۵:۰۰ تا ۱۹:۰۰,https://mftplus.com/lesson/6379/کارگاه-آموزش-مقاله‌نویسی-(ISI)
تلفظ,زبانهای خارجی,سعادت آباد (مرکزی),مشخص نشده,جمعه ۷ فروردین ۱۴۰۵,جمعه ۷ فروردین ۱۴۰۵,"۷,۴۴۰,۰۰۰","۷,۴۴۰,۰۰۰",جمعه ساعت ۱۱:۰۰ تا ۱۴:۰۰,https://mftplus.com/lesson/231215228/تلفظ
سئو و بهینه سازی موتورهای جست و جو  (SEO) (کمپ نوروزی),فناوری اطلاعات و ارتباطات,سعادت آباد (مرکزی),مشخص نشده,شنبه ۸ فروردین ۱۴۰۵,سه شنبه ۱۱ فروردین ۱۴۰۵,"۵۸,۰۰۰,۰۰۰","۸۳,۰۰۰,۰۰۰",شنبه ساعت ۰۹:۰۰ تا ۱۹:۰۰ | یکشنبه ساعت ۰۹:۰۰ تا ۱۹:۰۰ | دوشنبه ساعت ۰۹:۰۰ تا ۱۹:۰۰ | سه شنبه ساعت ۰۹:۰۰ تا ۱۹:۰۰,https://mftplus.com/lesson/5852/سئو-و-بهینه-سازی-موتورهای-جست-و-جو-(SEO)-(کمپ-نوروزی)
طراحی مکانیکی به کمک SOLIDWORKS II (کمپ نوروزی),علوم مهندسی,سعادت آباد (مرکزی),مشخص نشده,شنبه ۸ فروردین ۱۴۰۵,دوشنبه ۱۰ فروردین ۱۴۰۵,"۸۹,۰۰۰,۰۰۰","۸۹,۰۰۰,۰۰۰",شنبه ساعت ۰۸:۰۰ تا ۱۸:۰۰ | یکشنبه ساعت ۰۸:۰۰ تا ۱۸:۰۰ | دوشنبه ساعت ۰۸:۰۰ تا ۱۸:۰۰,https://mftplus.com/lesson/3073/طراحی-مکانیکی-به-کمک-SOLIDWORKS-II-(کمپ-نوروزی)
نرم افزار Revit معماری (کمپ نوروزی),معماری,سعادت آباد (مرکزی),مشخص نشده,شنبه ۸ فروردین ۱۴۰۵,شنبه ۱۵ فروردین ۱۴۰۵,"۸۹,۰۰۰,۰۰۰","۸۹,۰۰۰,۰۰۰",شنبه ساعت ۰۹:۰۰ تا ۱۶:۰۰ | یکشنبه ساعت ۰۹:۰۰ تا ۱۶:۰۰ | دوشنبه ساعت ۰۹:۰۰ تا ۱۶:۰۰ | سه شنبه ساعت ۰۹:۰۰ تا ۱۶:۰۰ | چهارشنبه ساعت ۰۹:۰۰ تا ۱۶:۰۰,https://mftplus.com/lesson/391412144/نرم-افزار-Revit-معماری-(کمپ-نوروزی)
راینو در معماری (کمپ نوروزی),معماری,سعادت آباد (مرکزی),مشخص نشده,شنبه ۸ فروردین ۱۴۰۵,شنبه ۱۵ فروردین ۱۴۰۵,"۹۹,۰۰۰,۰۰۰","۹۹,۰۰۰,۰۰۰",شنبه ساعت ۰۹:۰۰ تا ۱۶:۰۰ | یکشنبه ساعت ۰۹:۰۰ تا ۱۶:۰۰ | دوشنبه ساعت ۰۹:۰۰ تا ۱۶:۰۰ | سه شنبه ساعت ۰۹:۰۰ تا ۱۶:۰۰,https://mftplus.com/lesson/391412149/راینو-در-معماری-(کمپ-نوروزی)
ابزارهای هوش مصنوعی در معماری (کمپ نوروزی),معماری,سعادت آباد (مرکزی),مشخص نشده,شنبه ۸ فروردین ۱۴۰۵,دوشنبه ۱۰ فروردین ۱۴۰۵,"۷۵,۰۰۰,۰۰۰","۷۵,۰۰۰,۰۰۰",شنبه ساعت ۰۹:۰۰ تا ۱۶:۰۰ | یکشنبه ساعت ۰۹:۰۰ تا ۱۶:۰۰ | دوشنبه ساعت ۰۹:۰۰ تا ۱۶:۰۰,https://mftplus.com/lesson/5855/ابزارهای-هوش-مصنوعی-در-معماری-(کمپ-نوروزی)
طراحی و نصب نیروگاههای خورشیدی (کمپ نوروزی),برق و الکترونیک,سعادت آباد (مرکزی),مشخص نشده,شنبه ۸ فروردین ۱۴۰۵,دوشنبه ۱۰ فروردین ۱۴۰۵,"۱۰۳,۲۰۰,۰۰۰","۱۰۳,۲۰۰,۰۰۰",شنبه ساعت ۰۸:۰۰ تا ۱۶:۰۰ | یکشنبه ساعت ۰۸:۰۰ تا ۱۶:۰۰ | دوشنبه ساعت ۰۸:۰۰ تا ۱۶:۰۰,https://mftplus.com/lesson/5800/طراحی-و-نصب-نیروگاههای-خورشیدی-(کمپ-نوروزی)
مدلسازی تاسیسات الکتریکی توسط نرم افزار Revit MEP (کمپ نوروزی),برق و الکترونیک,سعادت آباد (مرکزی),مشخص نشده,شنبه ۸ فروردین ۱۴۰۵,سه شنبه ۱۱ فروردین ۱۴۰۵,"۶۰,۰۰۰,۰۰۰","۶۰,۰۰۰,۰۰۰",شنبه ساعت ۱۰:۰۰ تا ۱۵:۰۰ | یکشنبه ساعت ۱۰:۰۰ تا ۱۵:۰۰ | دوشنبه ساعت ۱۰:۰۰ تا ۱۵:۰۰ | سه شنبه ساعت ۱۰:۰۰ تا ۱۵:۰۰,https://mftplus.com/lesson/4655/مدلسازی-تاسیسات-الکتریکی-توسط-نرم-افزار-Revit-MEP-(کمپ-نوروزی)
طراحی روشنایی با نرم‌افزارهای Dialux و Dialux evo (کمپ نوروزی),برق و الکترونیک,سعادت آباد (مرکزی),مشخص نشده,شنبه ۸ فروردین ۱۴۰۵,دوشنبه ۱۰ فروردین ۱۴۰۵,"۷۰,۰۰۰,۰۰۰","۷۰,۰۰۰,۰۰۰",شنبه ساعت ۰۹:۰۰ تا ۱۷:۰۰ | یکشنبه ساعت ۰۹:۰۰ تا ۱۷:۰۰ | دوشنبه ساعت ۰۹:۰۰ تا ۱۷:۰۰,https://mftplus.com/lesson/6585/طراحی-روشنایی-با-نرم‌افزارهای-Dialux-و-Dialux-evo-(کمپ-نوروزی)
هوشمند سازی ساختمان (پروتکل کی ان ایکس) (کمپ نوروزی),برق و الکترونیک,سعادت آباد (مرکزی),مشخص نشده,شنبه ۸ فروردین ۱۴۰۵,دوشنبه ۱۰ فروردین ۱۴۰۵,"۸۰,۰۰۰,۰۰۰","۸۰,۰۰۰,۰۰۰",شنبه ساعت ۰۸:۰۰ تا ۱۴:۰۰ | یکشنبه ساعت ۰۸:۰۰ تا ۱۴:۰۰ | دوشنبه ساعت ۰۸:۰۰ تا ۱۴:۰۰,https://mftplus.com/lesson/5798/هوشمند-سازی-ساختمان-(پروتکل-کی-ان-ایکس)-(کمپ-نوروزی)
دوره مقدماتی تعمیرات بردهای الکترونیکی (کمپ نوروزی),برق و الکترونیک,سعادت آباد (مرکزی),مشخص نشده,شنبه ۸ فروردین ۱۴۰۵,یکشنبه ۹ فروردین ۱۴۰۵,"۴۶,۳۰۰,۰۰۰","۴۶,۳۰۰,۰۰۰",شنبه ساعت ۰۹:۰۰ تا ۱۶:۰۰ | یکشنبه ساعت ۰۹:۰۰ تا ۱۶:۰۰,https://mftplus.com/lesson/6233/دوره-مقدماتی-تعمیرات-بردهای-الکترونیکی-(کمپ-نوروزی)
برق صنعتی : تئوری و آزمایشگاه (کمپ نوروزی),برق و الکترونیک,سعادت آباد (مرکزی),مشخص نشده,شنبه ۸ فروردین ۱۴۰۵,جمعه ۱۴ فروردین ۱۴۰۵,"۱۱۲,۸۰۰,۰۰۰","۱۱۲,۸۰۰,۰۰۰",جمعه ساعت ۱۴:۰۰ تا ۲۲:۰۰ | شنبه ساعت ۱۵:۰۰ تا ۲۲:۰۰ | یکشنبه ساعت ۱۵:۰۰ تا ۲۲:۰۰ | دوشنبه ساعت ۱۵:۰۰ تا ۲۲:۰۰ | سه شنبه ساعت ۱۵:۰۰ تا ۲۲:۰۰ | چهارشنبه ساعت ۱۵:۰۰ تا ۲۲:۰۰ | پنجشنبه ساعت ۱۵:۰۰ تا ۲۲:۰۰,https://mftplus.com/lesson/5183/برق-صنعتی-:-تئوری-و-آزمایشگاه-(کمپ-نوروزی)
"دوربین های آنالوگ ip , hd (کمپ نوروزی)",برق و الکترونیک,سعادت آباد (مرکزی),مشخص نشده,شنبه ۸ فروردین ۱۴۰۵,چهارشنبه ۱۲ فروردین ۱۴۰۵,"۹۱,۳۰۰,۰۰۰","۹۱,۳۰۰,۰۰۰",شنبه ساعت ۰۸:۰۰ تا ۱۴:۰۰ | یکشنبه ساعت ۰۸:۰۰ تا ۱۴:۰۰ | دوشنبه ساعت ۰۸:۰۰ تا ۱۴:۰۰ | سه شنبه ساعت ۰۸:۰۰ تا ۱۴:۰۰ | چهارشنبه ساعت ۰۸:۰۰ تا ۱۴:۰۰,"https://mftplus.com/lesson/4664/دوربین-های-آنالوگ-ip-,-hd-(کمپ-نوروزی)"
استانداردهای حسابداری (کمپ نوروزی),علوم مالی و حسابداری,سعادت آباد (مرکزی),مهدی اتحادفر,شنبه ۸ فروردین ۱۴۰۵,سه شنبه ۱۱ فروردین ۱۴۰۵,"۲۴,۰۰۰,۰۰۰","۲۴,۰۰۰,۰۰۰",شنبه ساعت ۱۶:۰۰ تا ۲۰:۰۰ | یکشنبه ساعت ۱۶:۰۰ تا ۲۰:۰۰ | دوشنبه ساعت ۱۶:۰۰ تا ۲۰:۰۰ | سه شنبه ساعت ۱۶:۰۰ تا ۲۰:۰۰,https://mftplus.com/lesson/6629/استانداردهای-حسابداری-(کمپ-نوروزی)
نرم افزار Lumion (کمپ نوروزی),معماری,سعادت آباد (مرکزی),مشخص نشده,شنبه ۸ فروردین ۱۴۰۵,سه شنبه ۱۱ فروردین ۱۴۰۵,"۷۹,۰۰۰,۰۰۰","۷۹,۰۰۰,۰۰۰",شنبه ساعت ۰۹:۰۰ تا ۱۴:۰۰ | یکشنبه ساعت ۰۹:۰۰ تا ۱۴:۰۰ | دوشنبه ساعت ۰۹:۰۰ تا ۱۴:۰۰ | سه شنبه ساعت ۰۹:۰۰ تا ۱۴:۰۰,https://mftplus.com/lesson/4649/نرم-افزار-Lumion-(کمپ-نوروزی)
طراحی و نصب نیروگاههای خورشیدی,برق و الکترونیک,پارک ساعی,مشخص نشده,شنبه ۸ فروردین ۱۴۰۵,دوشنبه ۱۰ فروردین ۱۴۰۵,"۱۱۴,۰۰۰,۰۰۰","۱۱۴,۰۰۰,۰۰۰",شنبه ساعت ۰۸:۰۰ تا ۱۶:۰۰ | یکشنبه ساعت ۰۸:۰۰ تا ۱۶:۰۰ | دوشنبه ساعت ۰۸:۰۰ تا ۱۶:۰۰,https://mftplus.com/lesson/5756/طراحی-و-نصب-نیروگاههای-خورشیدی
Excel کاربردی (ویژه نوروز),کودک و نوجوان,سعادت آباد (مرکزی),مشخص نشده,شنبه ۸ فروردین ۱۴۰۵,دوشنبه ۱۰ فروردین ۱۴۰۵,"۳۳,۵۰۰,۰۰۰","۳۳,۵۰۰,۰۰۰",شنبه ساعت ۱۰:۰۰ تا ۱۴:۰۰ | یکشنبه ساعت ۱۰:۰۰ تا ۱۴:۰۰ | دوشنبه ساعت ۱۰:۰۰ تا ۱۴:۰۰,https://mftplus.com/lesson/4679/Excel-کاربردی-(ویژه-نوروز)
برنامه نویسی مقدماتی با اسکرچ (ویژه نوروز),کودک و نوجوان,سعادت آباد (مرکزی),مشخص نشده,شنبه ۸ فروردین ۱۴۰۵,چهارشنبه ۱۲ فروردین ۱۴۰۵,"۵۲,۰۰۰,۰۰۰","۵۲,۰۰۰,۰۰۰",شنبه ساعت ۱۵:۰۰ تا ۱۹:۰۰ | یکشنبه ساعت ۱۵:۰۰ تا ۱۹:۰۰ | دوشنبه ساعت ۱۵:۰۰ تا ۱۹:۰۰ | سه شنبه ساعت ۱۵:۰۰ تا ۱۹:۰۰ | چهارشنبه ساعت ۱۵:۰۰ تا ۱۹:۰۰,https://mftplus.com/lesson/6667/برنامه-نویسی-مقدماتی-با-اسکرچ-(ویژه-نوروز)
برنامه نویسی پایتون مقدماتی کودکان (ویژه نوروز),کودک و نوجوان,سعادت آباد (مرکزی),مشخص نشده,شنبه ۸ فروردین ۱۴۰۵,چهارشنبه ۱۲ فروردین ۱۴۰۵,"۶۵,۰۰۰,۰۰۰","۶۵,۰۰۰,۰۰۰",شنبه ساعت ۱۵:۰۰ تا ۱۹:۰۰ | یکشنبه ساعت ۱۵:۰۰ تا ۱۹:۰۰ | دوشنبه ساعت ۱۵:۰۰ تا ۱۹:۰۰ | سه شنبه ساعت ۱۵:۰۰ تا ۱۹:۰۰ | چهارشنبه ساعت ۱۵:۰۰ تا ۱۹:۰۰,https://mftplus.com/lesson/6256/برنامه-نویسی-پایتون-مقدماتی-کودکان-(ویژه-نوروز)
ICDL 2021 Level 2 (کمپ نوروزی),فناوری اطلاعات و ارتباطات,سعادت آباد (مرکزی),مشخص نشده,یکشنبه ۹ فروردین ۱۴۰۵,شنبه ۱۵ فروردین ۱۴۰۵,"۳۵,۰۰۰,۰۰۰","۴۴,۰۰۰,۰۰۰",جمعه ساعت ۰۹:۰۰ تا ۱۹:۳۰ | یکشنبه ساعت ۰۹:۰۰ تا ۱۹:۳۰ | دوشنبه ساعت ۰۹:۰۰ تا ۱۹:۳۰ | سه شنبه ساعت ۰۹:۰۰ تا ۱۹:۳۰ | چهارشنبه ساعت ۰۹:۰۰ تا ۱۹:۳۰ | پنجشنبه ساعت ۰۹:۰۰ تا ۱۹:۳۰,https://mftplus.com/lesson/5827/ICDL-2021-Level-2-(کمپ-نوروزی)
Microsoft Office Excel 2021 (کمپ نوروزی),فناوری اطلاعات و ارتباطات,سعادت آباد (مرکزی),مشخص نشده,یکشنبه ۹ فروردین ۱۴۰۵,دوشنبه ۱۰ فروردین ۱۴۰۵,"۲۳,۰۰۰,۰۰۰","۲۸,۰۰۰,۰۰۰",یکشنبه ساعت ۰۹:۰۰ تا ۱۹:۰۰ | دوشنبه ساعت ۰۹:۰۰ تا ۱۹:۰۰,https://mftplus.com/lesson/5831/Microsoft-Office-Excel-2021-(کمپ-نوروزی)
"Installation, Storage and Compute with Windows Server 2025 (کمپ نوروزی)",فناوری اطلاعات و ارتباطات,سعادت آباد (مرکزی),مشخص نشده,یکشنبه ۹ فروردین ۱۴۰۵,جمعه ۱۴ فروردین ۱۴۰۵,"۴۶,۰۰۰,۰۰۰","۵۸,۰۰۰,۰۰۰",جمعه ساعت ۰۹:۰۰ تا ۱۹:۳۰ | یکشنبه ساعت ۰۹:۰۰ تا ۱۹:۰۰ | دوشنبه ساعت ۰۹:۰۰ تا ۱۹:۰۰ | سه شنبه ساعت ۰۹:۰۰ تا ۱۹:۰۰ | چهارشنبه ساعت ۰۹:۰۰ تا ۱۹:۳۰,"https://mftplus.com/lesson/6188/Installation,-Storage-and-Compute-with-Windows-Server-2025-(کمپ-نوروزی)"
توسعه وب اپلیکیشن های مدرن با Next.js (کمپ نوروزی),فناوری اطلاعات و ارتباطات,سعادت آباد (مرکزی),مشخص نشده,یکشنبه ۹ فروردین ۱۴۰۵,چهارشنبه ۱۲ فروردین ۱۴۰۵,"۷۰,۰۰۰,۰۰۰","۸۸,۰۰۰,۰۰۰",یکشنبه ساعت ۰۹:۰۰ تا ۱۹:۰۰ | دوشنبه ساعت ۰۹:۰۰ تا ۱۹:۰۰ | سه شنبه ساعت ۰۹:۰۰ تا ۱۹:۰۰ | چهارشنبه ساعت ۰۹:۰۰ تا ۱۹:۰۰,https://mftplus.com/lesson/6526/توسعه-وب-اپلیکیشن-های-مدرن-با-Next.js-(کمپ-نوروزی)
Microsoft Office Excel 2021 Expert (کمپ نوروزی),فناوری اطلاعات و ارتباطات,سعادت آباد (مرکزی),مشخص نشده,دوشنبه ۱۰ فروردین ۱۴۰۵,چهارشنبه ۱۲ فروردین ۱۴۰۵,"۳۵,۰۰۰,۰۰۰","۴۴,۰۰۰,۰۰۰",دوشنبه ساعت ۰۹:۰۰ تا ۱۹:۰۰ | سه شنبه ساعت ۰۹:۰۰ تا ۱۹:۰۰ | چهارشنبه ساعت ۰۹:۰۰ تا ۱۹:۰۰,https://mftplus.com/lesson/5835/Microsoft-Office-Excel-2021-Expert-(کمپ-نوروزی)
CEH v.12 (Certified Ethical Hacker) (کمپ نوروزی),فناوری اطلاعات و ارتباطات,سعادت آباد (مرکزی),مشخص نشده,دوشنبه ۱۰ فروردین ۱۴۰۵,جمعه ۱۴ فروردین ۱۴۰۵,"۵۴,۰۰۰,۰۰۰","۶۸,۰۰۰,۰۰۰",جمعه ساعت ۰۹:۰۰ تا ۱۹:۰۰ | دوشنبه ساعت ۰۹:۰۰ تا ۱۹:۰۰ | سه شنبه ساعت ۰۹:۰۰ تا ۱۹:۰۰ | چهارشنبه ساعت ۰۹:۰۰ تا ۱۹:۰۰,https://mftplus.com/lesson/5175/CEH-v.12-(Certified-Ethical-Hacker)-(کمپ-نوروزی)
Web Design III (Javascript) (کمپ نوروزی),فناوری اطلاعات و ارتباطات,سعادت آباد (مرکزی),مشخص نشده,دوشنبه ۱۰ فروردین ۱۴۰۵,شنبه ۱۵ فروردین ۱۴۰۵,"۸۱,۰۰۰,۰۰۰","۱۰۱,۵۰۰,۰۰۰",جمعه ساعت ۰۹:۰۰ تا ۱۹:۰۰ | شنبه ساعت ۰۹:۰۰ تا ۱۹:۰۰ | دوشنبه ساعت ۰۹:۰۰ تا ۱۹:۰۰ | سه شنبه ساعت ۰۹:۰۰ تا ۱۹:۰۰ | چهارشنبه ساعت ۰۹:۰۰ تا ۱۹:۰۰,https://mftplus.com/lesson/5846/Web-Design-III-(Javascript)-(کمپ-نوروزی)
عیب یابی و تعمیر بردهای مدار چاپی (پیشرفته) (کمپ نوروزی),برق و الکترونیک,سعادت آباد (مرکزی),مشخص نشده,دوشنبه ۱۰ فروردین ۱۴۰۵,پنجشنبه ۱۳ فروردین ۱۴۰۵,"۱۱۲,۸۰۰,۰۰۰","۱۱۲,۸۰۰,۰۰۰",دوشنبه ساعت ۰۹:۰۰ تا ۱۸:۰۰ | سه شنبه ساعت ۰۹:۰۰ تا ۱۸:۰۰ | چهارشنبه ساعت ۰۹:۰۰ تا ۱۸:۰۰ | پنجشنبه ساعت ۰۹:۰۰ تا ۱۸:۰۰,https://mftplus.com/lesson/5803/عیب-یابی-و-تعمیر-بردهای-مدار-چاپی-(پیشرفته)-(کمپ-نوروزی)
دوره پیشرفته فتوولتائیک: طراحی سایت پلان، تابلوهای حفاظت DC/AC، عیب یابی و الزامات فنی (کمپ نوروزی),برق و الکترونیک,سعادت آباد (مرکزی),مشخص نشده,سه شنبه ۱۱ فروردین ۱۴۰۵,پنجشنبه ۱۳ فروردین ۱۴۰۵,"۱۵۰,۰۰۰,۰۰۰","۱۵۰,۰۰۰,۰۰۰",سه شنبه ساعت ۰۸:۰۰ تا ۱۶:۰۰ | چهارشنبه ساعت ۰۸:۰۰ تا ۱۶:۰۰ | پنجشنبه ساعت ۰۸:۰۰ تا ۱۶:۰۰,https://mftplus.com/lesson/6582/دوره-پیشرفته-فتوولتائیک:-طراحی-سایت-پلان،-تابلوهای-حفاظت-DC/AC،-عیب-یابی-و-الزامات-فنی-(کمپ-نوروزی)
دوره مقدماتی اینترکام هوشمند Akuvox (کمپ نوروزی),برق و الکترونیک,سعادت آباد (مرکزی),مشخص نشده,سه شنبه ۱۱ فروردین ۱۴۰۵,چهارشنبه ۱۲ فروردین ۱۴۰۵,"۴۹,۲۰۰,۰۰۰","۴۹,۲۰۰,۰۰۰",سه شنبه ساعت ۰۸:۰۰ تا ۱۴:۰۰ | چهارشنبه ساعت ۰۸:۰۰ تا ۱۴:۰۰,https://mftplus.com/lesson/5799/دوره-مقدماتی-اینترکام-هوشمند-Akuvox-(کمپ-نوروزی)
ICDL 2021 Level 2,فناوری اطلاعات و ارتباطات,بلوار کاوه(قیطریه),مشخص نشده,جمعه ۱۴ فروردین ۱۴۰۵,جمعه ۲۲ خرداد ۱۴۰۵,"۳۵,۰۰۰,۰۰۰","۴۴,۰۰۰,۰۰۰",جمعه ساعت ۱۴:۰۰ تا ۲۰:۰۰,https://mftplus.com/lesson/5573/ICDL-2021-Level-2
کارگاه آموزش اظهارنامه مالیاتی,علوم مالی و حسابداری,پرند,مشخص نشده,جمعه ۱۴ فروردین ۱۴۰۵,جمعه ۲۱ فروردین ۱۴۰۵,"۱۸,۹۰۰,۰۰۰","۱۸,۹۰۰,۰۰۰",جمعه ساعت ۰۸:۰۰ تا ۱۳:۰۰,https://mftplus.com/lesson/4844/کارگاه-آموزش-اظهارنامه-مالیاتی
هوش مصنوعی در خدمت حسابداری (کمپ نوروزی),علوم مالی و حسابداری,سعادت آباد (مرکزی),مشخص نشده,جمعه ۱۴ فروردین ۱۴۰۵,جمعه ۱۴ فروردین ۱۴۰۵,"۱۲,۰۰۰,۰۰۰","۱۲,۰۰۰,۰۰۰",جمعه ساعت ۰۹:۰۰ تا ۱۶:۰۰,https://mftplus.com/lesson/6628/هوش-مصنوعی-در-خدمت-حسابداری-(کمپ-نوروزی)
ترفندهای اکسل در حسابداری,علوم مالی و حسابداری,اسلامشهر,مشخص نشده,جمعه ۱۴ فروردین ۱۴۰۵,جمعه ۱ خرداد ۱۴۰۵,"۳۴,۵۰۰,۰۰۰","۳۴,۵۰۰,۰۰۰",جمعه ساعت ۰۹:۰۰ تا ۱۲:۰۰,https://mftplus.com/lesson/6164/ترفندهای-اکسل-در-حسابداری
ICDL Pack 2021,فناوری اطلاعات و ارتباطات,تهرانپارس,عبدالحسن اشیاع,شنبه ۱۵ فروردین ۱۴۰۵,چهارشنبه ۲۷ خرداد ۱۴۰۵,"۸۱,۰۰۰,۰۰۰","۸۱,۰۰۰,۰۰۰",شنبه ساعت ۱۶:۳۰ تا ۲۰:۳۰ | دوشنبه ساعت ۱۶:۳۰ تا ۲۰:۳۰ | چهارشنبه ساعت ۱۶:۳۰ تا ۲۰:۳۰,https://mftplus.com/lesson/5575/ICDL-Pack-2021
SQL Server 2022 Database Development,فناوری اطلاعات و ارتباطات,سعادت آباد (مرکزی),حسین شهرابی فراهانی,شنبه ۱۵ فروردین ۱۴۰۵,چهارشنبه ۲۰ خرداد ۱۴۰۵,"۷۷,۰۰۰,۰۰۰","۹۰,۰۰۰,۰۰۰",شنبه ساعت ۱۷:۳۰ تا ۲۰:۳۰ | چهارشنبه ساعت ۱۷:۳۰ تا ۲۰:۳۰,https://mftplus.com/lesson/5316/SQL-Server-2022-Database-Development
ICDL Pack 2021,فناوری اطلاعات و ارتباطات,سعادت آباد (مرکزی),معصومه فاتح,شنبه ۱۵ فروردین ۱۴۰۵,سه شنبه ۲۹ اردیبهشت ۱۴۰۵,"۶۳,۰۰۰,۰۰۰","۸۱,۰۰۰,۰۰۰",شنبه ساعت ۰۹:۰۰ تا ۱۴:۰۰ | یکشنبه ساعت ۰۹:۰۰ تا ۱۴:۰۰ | دوشنبه ساعت ۰۹:۰۰ تا ۱۴:۰۰ | سه شنبه ساعت ۰۹:۰۰ تا ۱۴:۰۰,https://mftplus.com/lesson/5575/ICDL-Pack-2021
ICDL 2021 Level 1,فناوری اطلاعات و ارتباطات,سعادت آباد (مرکزی),معصومه فاتح,شنبه ۱۵ فروردین ۱۴۰۵,دوشنبه ۷ اردیبهشت ۱۴۰۵,"۳۸,۰۰۰,۰۰۰","۴۹,۰۰۰,۰۰۰",شنبه ساعت ۰۹:۰۰ تا ۱۴:۰۰ | یکشنبه ساعت ۰۹:۰۰ تا ۱۴:۰۰ | دوشنبه ساعت ۰۹:۰۰ تا ۱۴:۰۰ | سه شنبه ساعت ۰۹:۰۰ تا ۱۴:۰۰,https://mftplus.com/lesson/5571/ICDL-2021-Level-1
نصب، راه اندازی، عیب یابی و تعمیر کولر گازی,علوم مهندسی,البرز,مشخص نشده,شنبه ۱۵ فروردین ۱۴۰۵,دوشنبه ۲۸ اردیبهشت ۱۴۰۵,"۱۰۹,۰۰۰,۰۰۰","۱۰۹,۰۰۰,۰۰۰",شنبه ساعت ۱۶:۰۰ تا ۱۸:۰۰ | دوشنبه ساعت ۱۶:۰۰ تا ۱۸:۰۰ | چهارشنبه ساعت ۱۶:۰۰ تا ۱۸:۰۰,https://mftplus.com/lesson/4909/نصب،-راه-اندازی،-عیب-یابی-و-تعمیر-کولر-گازی
حسابداری ویژه بازار کار,علوم مالی و حسابداری,بلوار کاوه(قیطریه),مشخص نشده,شنبه ۱۵ فروردین ۱۴۰۵,شنبه ۱۴ شهریور ۱۴۰۵,"۱۷۷,۶۰۰,۰۰۰","۱۷۷,۶۰۰,۰۰۰",شنبه ساعت ۱۶:۰۰ تا ۲۰:۰۰ | دوشنبه ساعت ۱۶:۰۰ تا ۲۰:۰۰,https://mftplus.com/lesson/3869/حسابداری-ویژه-بازار-کار
حسابداری مالی خدماتی,علوم مالی و حسابداری,بلوار کاوه(قیطریه),مشخص نشده,شنبه ۱۵ فروردین ۱۴۰۵,شنبه ۲۶ اردیبهشت ۱۴۰۵,"۵۳,۹۰۰,۰۰۰","۵۳,۹۰۰,۰۰۰",شنبه ساعت ۱۶:۰۰ تا ۲۰:۰۰ | دوشنبه ساعت ۱۶:۰۰ تا ۲۰:۰۰,https://mftplus.com/lesson/3865/حسابداری-مالی-خدماتی
قانون پایانه های فروشگاهی و سامانه مودیان,علوم مالی و حسابداری,بلوار کاوه(قیطریه),مشخص نشده,شنبه ۱۵ فروردین ۱۴۰۵,دوشنبه ۱۷ فروردین ۱۴۰۵,"۱۵,۹۰۰,۰۰۰","۱۵,۹۰۰,۰۰۰",شنبه ساعت ۱۶:۰۰ تا ۲۰:۰۰ | دوشنبه ساعت ۱۶:۰۰ تا ۲۰:۰۰,https://mftplus.com/lesson/5207/قانون-پایانه-های-فروشگاهی-و-سامانه-مودیان
فتوشاپ برای معماری,معماری,بلوار کاوه(قیطریه),مشخص نشده,شنبه ۱۵ فروردین ۱۴۰۵,شنبه ۲۹ فروردین ۱۴۰۵,"۴۹,۰۰۰,۰۰۰","۴۹,۰۰۰,۰۰۰",شنبه ساعت ۰۹:۰۰ تا ۱۴:۰۰ | دوشنبه ساعت ۰۹:۰۰ تا ۱۴:۰۰,https://mftplus.com/lesson/391412134/فتوشاپ-برای-معماری
نرم افزار Lumion,معماری,بلوار کاوه(قیطریه),مشخص نشده,شنبه ۱۵ فروردین ۱۴۰۵,شنبه ۱۹ اردیبهشت ۱۴۰۵,"۶۶,۰۰۰,۰۰۰","۶۶,۰۰۰,۰۰۰",شنبه ساعت ۱۴:۰۰ تا ۱۹:۰۰,https://mftplus.com/lesson/391412154/نرم-افزار-Lumion
تغذیه و تناسب اندام,دانش سلامت,بلوار کاوه(قیطریه),مشخص نشده,شنبه ۱۵ فروردین ۱۴۰۵,دوشنبه ۲۸ اردیبهشت ۱۴۰۵,"۵۴,۹۰۰,۰۰۰","۵۴,۹۰۰,۰۰۰",شنبه ساعت ۱۵:۰۰ تا ۲۰:۰۰ | دوشنبه ساعت ۱۵:۰۰ تا ۲۰:۰۰,https://mftplus.com/lesson/4263/تغذیه-و-تناسب-اندام
نصب، راه اندازی، تعمیر و نگهداری پکیج,علوم مهندسی,البرز,مشخص نشده,شنبه ۱۵ فروردین ۱۴۰۵,چهارشنبه ۱۶ اردیبهشت ۱۴۰۵,"۱۰۹,۰۰۰,۰۰۰","۱۰۹,۰۰۰,۰۰۰",شنبه ساعت ۱۶:۰۰ تا ۲۰:۰۰ | چهارشنبه ساعت ۱۶:۰۰ تا ۲۰:۰۰,https://mftplus.com/lesson/4287/نصب،-راه-اندازی،-تعمیر-و-نگهداری-پکیج
Responsive & Bootstrap (Web Design II),فناوری اطلاعات و ارتباطات,سعادت آباد (مرکزی),صدیقه اخلاقی,شنبه ۱۵ فروردین ۱۴۰۵,شنبه ۱۲ اردیبهشت ۱۴۰۵,"۵۰,۰۰۰,۰۰۰","۶۳,۰۰۰,۰۰۰",شنبه ساعت ۰۹:۰۰ تا ۱۴:۰۰ | دوشنبه ساعت ۰۹:۰۰ تا ۱۴:۰۰,https://mftplus.com/lesson/6457/Responsive-&-Bootstrap-(Web-Design-II)
پروژه کارآموزی حسابداری با نرم افزار سپیدار,علوم مالی و حسابداری,سعادت آباد (مرکزی),مشخص نشده,شنبه ۱۵ فروردین ۱۴۰۵,چهارشنبه ۲۰ خرداد ۱۴۰۵,"۱۱۷,۳۰۰,۰۰۰","۱۱۷,۳۰۰,۰۰۰",شنبه ساعت ۱۷:۳۰ تا ۲۰:۳۰ | دوشنبه ساعت ۱۷:۳۰ تا ۲۰:۳۰ | چهارشنبه ساعت ۱۷:۳۰ تا ۲۰:۳۰,https://mftplus.com/lesson/3864/پروژه-کارآموزی-حسابداری-با-نرم-افزار-سپیدار
فتوشاپ برای معماری,معماری,شهریار,مشخص نشده,یکشنبه ۱۶ فروردین ۱۴۰۵,یکشنبه ۶ اردیبهشت ۱۴۰۵,"۳۹,۲۰۰,۰۰۰","۳۹,۲۰۰,۰۰۰",یکشنبه ساعت ۱۷:۰۰ تا ۲۰:۰۰ | سه شنبه ساعت ۱۷:۰۰ تا ۲۰:۰۰,https://mftplus.com/lesson/391412134/فتوشاپ-برای-معماری
Identity with Windows Server 2025,فناوری اطلاعات و ارتباطات,سعادت آباد (مرکزی),پدرام حسین نخعی,یکشنبه ۱۶ فروردین ۱۴۰۵,یکشنبه ۲۴ خرداد ۱۴۰۵,"۵۰,۰۰۰,۰۰۰","۵۰,۰۰۰,۰۰۰",یکشنبه ساعت ۱۶:۳۰ تا ۲۱:۳۰,https://mftplus.com/lesson/6362/Identity-with-Windows-Server-2025
مقدمه ای بر تعمیرات تلفن همراه: نقطه شروع,برق و الکترونیک,نارمک,مشخص نشده,یکشنبه ۱۶ فروردین ۱۴۰۵,یکشنبه ۶ اردیبهشت ۱۴۰۵,"۵۵,۰۰۰,۰۰۰","۵۵,۰۰۰,۰۰۰",یکشنبه ساعت ۱۷:۰۰ تا ۲۱:۰۰ | سه شنبه ساعت ۱۷:۰۰ تا ۲۱:۰۰,https://mftplus.com/lesson/6346/مقدمه-ای-بر-تعمیرات-تلفن-همراه:-نقطه-شروع
ماشینکاری با نرم افزار Power Mill (مقدماتی) به همراه کار عملی با ماشین CNC,علوم مهندسی,البرز,مشخص نشده,یکشنبه ۱۶ فروردین ۱۴۰۵,یکشنبه ۲۷ اردیبهشت ۱۴۰۵,"۸۲,۵۰۰,۰۰۰","۸۲,۵۰۰,۰۰۰",یکشنبه ساعت ۱۷:۰۰ تا ۲۱:۰۰ | سه شنبه ساعت ۱۷:۰۰ تا ۲۱:۰۰,https://mftplus.com/lesson/153715123/ماشینکاری-با-نرم-افزار-Power-Mill-(مقدماتی)-به-همراه-کار-عملی-با-ماشین-CNC
تلورانس های ابعادی و هندسی (GD&T),علوم مهندسی,البرز,مشخص نشده,یکشنبه ۱۶ فروردین ۱۴۰۵,سه شنبه ۱۵ اردیبهشت ۱۴۰۵,"۶۵,۰۰۰,۰۰۰","۶۵,۰۰۰,۰۰۰",یکشنبه ساعت ۱۸:۰۰ تا ۲۱:۰۰ | سه شنبه ساعت ۱۸:۰۰ تا ۲۱:۰۰,https://mftplus.com/lesson/5333/تلورانس-های-ابعادی-و-هندسی-(GD&T)
پکیج طراحی دکوراسیون داخلی از مقدماتی تا پیشرفته,معماری,بلوار کاوه(قیطریه),مشخص نشده,یکشنبه ۱۶ فروردین ۱۴۰۵,یکشنبه ۲۰ دی ۱۴۰۵,"۵۲۹,۰۰۰,۰۰۰","۵۲۹,۰۰۰,۰۰۰",یکشنبه ساعت ۰۹:۰۰ تا ۱۴:۰۰ | سه شنبه ساعت ۰۹:۰۰ تا ۱۴:۰۰,https://mftplus.com/lesson/5999/پکیج-طراحی-دکوراسیون-داخلی-از-مقدماتی-تا-پیشرفته
طراحی معماری و دکوراسیون داخلی مقدماتی,معماری,بلوار کاوه(قیطریه),مشخص نشده,یکشنبه ۱۶ فروردین ۱۴۰۵,یکشنبه ۱۴ تیر ۱۴۰۵,"۱۷۱,۰۰۰,۰۰۰","۱۷۱,۰۰۰,۰۰۰",یکشنبه ساعت ۰۹:۰۰ تا ۱۴:۰۰ | سه شنبه ساعت ۰۹:۰۰ تا ۱۴:۰۰,https://mftplus.com/lesson/391212125/طراحی-معماری-و-دکوراسیون-داخلی-مقدماتی
اسکیس و راندو,معماری,بلوار کاوه(قیطریه),مشخص نشده,یکشنبه ۱۶ فروردین ۱۴۰۵,سه شنبه ۱ اردیبهشت ۱۴۰۵,"۵۹,۰۰۰,۰۰۰","۵۹,۰۰۰,۰۰۰",یکشنبه ساعت ۰۹:۰۰ تا ۱۴:۰۰ | سه شنبه ساعت ۰۹:۰۰ تا ۱۴:۰۰,https://mftplus.com/lesson/5233/اسکیس-و-راندو
راینو در معماری,معماری,بلوار کاوه(قیطریه),مشخص نشده,یکشنبه ۱۶ فروردین ۱۴۰۵,سه شنبه ۲۲ اردیبهشت ۱۴۰۵,"۱۲۰,۰۰۰,۰۰۰","۱۲۰,۰۰۰,۰۰۰",یکشنبه ساعت ۰۹:۰۰ تا ۱۴:۰۰ | سه شنبه ساعت ۰۹:۰۰ تا ۱۴:۰۰,https://mftplus.com/lesson/391412135/راینو-در-معماری
طراحی نما ویژه بازار کار,معماری,بلوار کاوه(قیطریه),مشخص نشده,یکشنبه ۱۶ فروردین ۱۴۰۵,یکشنبه ۱۳ اردیبهشت ۱۴۰۵,"۱۰۲,۰۰۰,۰۰۰","۱۰۲,۰۰۰,۰۰۰",یکشنبه ساعت ۰۹:۰۰ تا ۱۴:۰۰ | سه شنبه ساعت ۰۹:۰۰ تا ۱۴:۰۰,https://mftplus.com/lesson/4431/طراحی-نما-ویژه-بازار-کار
نقشه کشی معماری,معماری,بلوار کاوه(قیطریه),مشخص نشده,یکشنبه ۱۶ فروردین ۱۴۰۵,سه شنبه ۸ اردیبهشت ۱۴۰۵,"۶۲,۰۰۰,۰۰۰","۶۲,۰۰۰,۰۰۰",یکشنبه ساعت ۰۹:۰۰ تا ۱۴:۰۰ | سه شنبه ساعت ۰۹:۰۰ تا ۱۴:۰۰,https://mftplus.com/lesson/391212129/نقشه-کشی-معماری
ضخیم دوزی زنانه,فناوری مد و پوشاک,بلوار کاوه(قیطریه),مشخص نشده,یکشنبه ۱۶ فروردین ۱۴۰۵,یکشنبه ۱ شهریور ۱۴۰۵,"۱۴۴,۰۰۰,۰۰۰","۱۴۴,۰۰۰,۰۰۰",یکشنبه ساعت ۱۰:۰۰ تا ۱۵:۰۰,https://mftplus.com/lesson/411414165/ضخیم-دوزی-زنانه
فتوشاپ مقدماتی تا پیشرفته,هنر و سینما,باملند(شمال غرب),مشخص نشده,یکشنبه ۱۶ فروردین ۱۴۰۵,سه شنبه ۱۲ خرداد ۱۴۰۵,"۵۶,۰۰۰,۰۰۰","۵۶,۰۰۰,۰۰۰",یکشنبه ساعت ۱۷:۰۰ تا ۲۰:۰۰ | سه شنبه ساعت ۱۷:۰۰ تا ۲۰:۰۰,https://mftplus.com/lesson/4810/فتوشاپ-مقدماتی-تا-پیشرفته
آشپزی ملل,تشریفات و گردشگری,پارک ساعی,مشخص نشده,یکشنبه ۱۶ فروردین ۱۴۰۵,یکشنبه ۱۷ خرداد ۱۴۰۵,"۲۹۳,۰۰۰,۰۰۰","۲۹۳,۰۰۰,۰۰۰",یکشنبه ساعت ۱۷:۰۰ تا ۲۱:۰۰,https://mftplus.com/lesson/4017/آشپزی-ملل
تکنسین داروخانه (نسخه خوانی),دانش سلامت,بلوار کاوه(قیطریه),مشخص نشده,یکشنبه ۱۶ فروردین ۱۴۰۵,یکشنبه ۲۷ اردیبهشت ۱۴۰۵,"۷۱,۵۰۰,۰۰۰","۷۱,۵۰۰,۰۰۰",یکشنبه ساعت ۱۰:۰۰ تا ۱۵:۰۰ | سه شنبه ساعت ۱۰:۰۰ تا ۱۵:۰۰,https://mftplus.com/lesson/341615130/تکنسین-داروخانه-(نسخه-خوانی)
طراحی فضای سبز و محوطه سازی  (basic),معماری,زعفرانیه,مشخص نشده,دوشنبه ۱۷ فروردین ۱۴۰۵,چهارشنبه ۴ شهریور ۱۴۰۵,"۲۲۷,۰۰۰,۰۰۰","۲۲۷,۰۰۰,۰۰۰",دوشنبه ساعت ۱۷:۳۰ تا ۲۱:۰۰ | چهارشنبه ساعت ۱۷:۳۰ تا ۲۱:۰۰,https://mftplus.com/lesson/3914/طراحی-فضای-سبز-و-محوطه-سازی-(basic)
Identity with Windows Server 2025,فناوری اطلاعات و ارتباطات,سعادت آباد (مرکزی),پدرام حسین نخعی,دوشنبه ۱۷ فروردین ۱۴۰۵,شنبه ۱۶ خرداد ۱۴۰۵,"۵۰,۰۰۰,۰۰۰","۶۱,۰۰۰,۰۰۰",شنبه ساعت ۱۴:۳۰ تا ۱۷:۳۰ | دوشنبه ساعت ۱۴:۳۰ تا ۱۷:۳۰,https://mftplus.com/lesson/6362/Identity-with-Windows-Server-2025
دوره جامع آزاد کار دیجیتال مارکتینگ,تولید محتوا,بلوار کاوه(قیطریه),مشخص نشده,دوشنبه ۱۷ فروردین ۱۴۰۵,دوشنبه ۱۹ بهمن ۱۴۰۵,"۱۹۰,۰۰۰,۰۰۰","۱۹۰,۰۰۰,۰۰۰",دوشنبه ساعت ۱۶:۰۰ تا ۲۰:۰۰,https://mftplus.com/lesson/5206/دوره-جامع-آزاد-کار-دیجیتال-مارکتینگ
بازاریابی و فروش دیجیتال,مدیریت و کسب و کار,بلوار کاوه(قیطریه),مشخص نشده,دوشنبه ۱۷ فروردین ۱۴۰۵,دوشنبه ۱۴ اردیبهشت ۱۴۰۵,"۴۴,۳۰۰,۰۰۰","۵۷,۰۰۰,۰۰۰",دوشنبه ساعت ۱۶:۰۰ تا ۲۰:۰۰,https://mftplus.com/lesson/4955/بازاریابی-و-فروش-دیجیتال
CCNA 200-301,فناوری اطلاعات و ارتباطات,بلوار کاوه(قیطریه),مشخص نشده,دوشنبه ۱۷ فروردین ۱۴۰۵,دوشنبه ۱۸ خرداد ۱۴۰۵,"۶۴,۰۰۰,۰۰۰","۷۸,۰۰۰,۰۰۰",شنبه ساعت ۱۶:۰۰ تا ۲۰:۰۰ | دوشنبه ساعت ۱۶:۰۰ تا ۲۰:۰۰,https://mftplus.com/lesson/3742/CCNA-200-301
کاربرد هوش مصنوعی در تولید محتوا و بازاریابی محتوایی,تولید محتوا,بلوار کاوه(قیطریه),مشخص نشده,دوشنبه ۱۷ فروردین ۱۴۰۵,دوشنبه ۲۱ اردیبهشت ۱۴۰۵,"۵۲,۰۰۰,۰۰۰","۵۲,۰۰۰,۰۰۰",دوشنبه ساعت ۰۹:۰۰ تا ۱۴:۰۰,https://mftplus.com/lesson/6025/کاربرد-هوش-مصنوعی-در-تولید-محتوا-و-بازاریابی-محتوایی
اتوکد سه بعدی معماری,معماری,بلوار کاوه(قیطریه),مشخص نشده,دوشنبه ۱۷ فروردین ۱۴۰۵,دوشنبه ۲۱ اردیبهشت ۱۴۰۵,"۶۲,۰۰۰,۰۰۰","۶۲,۰۰۰,۰۰۰",دوشنبه ساعت ۱۵:۰۰ تا ۲۰:۰۰,https://mftplus.com/lesson/391412130/اتوکد-سه-بعدی-معماری
فتوشاپ مقدماتی نوجوان,کودک و نوجوان,بلوار کاوه(قیطریه),مشخص نشده,دوشنبه ۱۷ فروردین ۱۴۰۵,دوشنبه ۲۸ اردیبهشت ۱۴۰۵,"۴۷,۲۰۰,۰۰۰","۴۷,۲۰۰,۰۰۰",دوشنبه ساعت ۱۷:۰۰ تا ۲۰:۰۰,https://mftplus.com/lesson/4520/فتوشاپ-مقدماتی-نوجوان
طراحی نقاشی متوسط,هنر و سینما,میرداماد,مشخص نشده,دوشنبه ۱۷ فروردین ۱۴۰۵,دوشنبه ۲۶ مرداد ۱۴۰۵,"۴۶,۰۰۰,۰۰۰","۴۶,۰۰۰,۰۰۰",دوشنبه ساعت ۱۱:۰۰ تا ۱۳:۰۰,https://mftplus.com/lesson/431512124/طراحی-نقاشی-متوسط
طراحی نقاشی مقدماتی,هنر و سینما,میرداماد,مشخص نشده,دوشنبه ۱۷ فروردین ۱۴۰۵,دوشنبه ۴ آبان ۱۴۰۵,"۳۹,۹۰۰,۰۰۰","۳۹,۹۰۰,۰۰۰",دوشنبه ساعت ۱۱:۰۰ تا ۱۳:۰۰,https://mftplus.com/lesson/431512135/طراحی-نقاشی-مقدماتی
برنامه نویسی مقدماتی با اسکرچ,کودک و نوجوان,میرداماد,مشخص نشده,دوشنبه ۱۷ فروردین ۱۴۰۵,دوشنبه ۱۸ خرداد ۱۴۰۵,"۴۶,۲۰۰,۰۰۰","۴۶,۲۰۰,۰۰۰",دوشنبه ساعت ۱۸:۰۰ تا ۲۰:۰۰,https://mftplus.com/lesson/3370/برنامه-نویسی-مقدماتی-با-اسکرچ
طراحی نقاشی متوسط,هنر و سینما,زعفرانیه,مشخص نشده,دوشنبه ۱۷ فروردین ۱۴۰۵,دوشنبه ۱۵ تیر ۱۴۰۵,"۴۶,۰۰۰,۰۰۰","۴۶,۰۰۰,۰۰۰",دوشنبه ساعت ۱۱:۰۰ تا ۱۴:۰۰,https://mftplus.com/lesson/431512124/طراحی-نقاشی-متوسط
SQL Server 2022 Database Development,فناوری اطلاعات و ارتباطات,میرداماد,مشخص نشده,دوشنبه ۱۷ فروردین ۱۴۰۵,دوشنبه ۱۲ مرداد ۱۴۰۵,"۷۷,۰۰۰,۰۰۰","۹۰,۰۰۰,۰۰۰",دوشنبه ساعت ۱۷:۳۰ تا ۲۱:۰۰,https://mftplus.com/lesson/5316/SQL-Server-2022-Database-Development
برنامه نویسی پیشرفته با اسکرچ,کودک و نوجوان,میرداماد,مشخص نشده,دوشنبه ۱۷ فروردین ۱۴۰۵,دوشنبه ۱۸ خرداد ۱۴۰۵,"۵۱,۷۰۰,۰۰۰","۵۱,۷۰۰,۰۰۰",دوشنبه ساعت ۱۸:۰۰ تا ۲۰:۰۰,https://mftplus.com/lesson/3928/برنامه-نویسی-پیشرفته-با-اسکرچ
MCSA PACK 2025,فناوری اطلاعات و ارتباطات,سعادت آباد (مرکزی),پدرام حسین نخعی,سه شنبه ۱۸ فروردین ۱۴۰۵,سه شنبه ۲۱ اردیبهشت ۱۴۰۶,"۱۷۳,۰۰۰,۰۰۰","۲۱۸,۰۰۰,۰۰۰",سه شنبه ساعت ۱۳:۳۰ تا ۱۷:۳۰,https://mftplus.com/lesson/6364/MCSA-PACK-2025
Network+,فناوری اطلاعات و ارتباطات,سعادت آباد (مرکزی),پدرام حسین نخعی,سه شنبه ۱۸ فروردین ۱۴۰۵,سه شنبه ۵ خرداد ۱۴۰۵,"۱۵,۰۰۰,۰۰۰","۲۰,۰۰۰,۰۰۰",سه شنبه ساعت ۱۳:۳۰ تا ۱۷:۳۰,https://mftplus.com/lesson/131612129/Network+
3Ds Max Beginners to Advanced & V-Ray,معماری,زعفرانیه,مشخص نشده,سه شنبه ۱۸ فروردین ۱۴۰۵,سه شنبه ۲۶ خرداد ۱۴۰۵,"۱۴۴,۰۰۰,۰۰۰","۱۴۴,۰۰۰,۰۰۰",یکشنبه ساعت ۱۷:۰۰ تا ۲۱:۰۰ | سه شنبه ساعت ۱۷:۰۰ تا ۲۱:۰۰,https://mftplus.com/lesson/4542/3Ds-Max-Beginners-to-Advanced-&-V-Ray
طراحی برد مدار چاپی با نرم افزارAltium Designer,برق و الکترونیک,بلوار کاوه(قیطریه),مشخص نشده,سه شنبه ۱۸ فروردین ۱۴۰۵,سه شنبه ۲۹ اردیبهشت ۱۴۰۵,"۶۰,۰۰۰,۰۰۰","۶۰,۰۰۰,۰۰۰",سه شنبه ساعت ۱۵:۰۰ تا ۲۰:۰۰,https://mftplus.com/lesson/5305/طراحی-برد-مدار-چاپی-با-نرم-افزارAltium-Designer
اجرا، فن بیان و سخنوری,هنر و سینما,ونک,مشخص نشده,سه شنبه ۱۸ فروردین ۱۴۰۵,سه شنبه ۲۹ اردیبهشت ۱۴۰۵,"۵۶,۰۰۰,۰۰۰","۵۶,۰۰۰,۰۰۰",سه شنبه ساعت ۱۷:۰۰ تا ۲۱:۰۰,https://mftplus.com/lesson/3962/اجرا،-فن-بیان-و-سخنوری
نرم افزار Revit معماری,معماری,بلوار کاوه(قیطریه),مشخص نشده,سه شنبه ۱۸ فروردین ۱۴۰۵,سه شنبه ۲۲ اردیبهشت ۱۴۰۵,"۸۹,۰۰۰,۰۰۰","۸۹,۰۰۰,۰۰۰",یکشنبه ساعت ۰۹:۰۰ تا ۱۴:۰۰ | سه شنبه ساعت ۰۹:۰۰ تا ۱۴:۰۰,https://mftplus.com/lesson/391412129/نرم-افزار-Revit-معماری
ICDL سطح یک نوجوانان,کودک و نوجوان,میرداماد,مشخص نشده,سه شنبه ۱۸ فروردین ۱۴۰۵,سه شنبه ۱۰ شهریور ۱۴۰۵,"۴۸,۳۰۰,۰۰۰","۴۸,۳۰۰,۰۰۰",سه شنبه ساعت ۱۵:۳۰ تا ۱۷:۳۰,https://mftplus.com/lesson/3587/ICDL-سطح-یک-نوجوانان
مدیریت جامع فروش,مدیریت و کسب و کار,میرداماد,مشخص نشده,سه شنبه ۱۸ فروردین ۱۴۰۵,سه شنبه ۱۴ مهر ۱۴۰۵,"۱۴۷,۰۰۰,۰۰۰","۱۶۷,۰۰۰,۰۰۰",سه شنبه ساعت ۱۷:۰۰ تا ۲۱:۰۰,https://mftplus.com/lesson/4916/مدیریت-جامع-فروش
جامع بازرگانی بین الملل (ITP),مدیریت و کسب و کار,میرداماد,مشخص نشده,سه شنبه ۱۸ فروردین ۱۴۰۵,سه شنبه ۱۴ مهر ۱۴۰۵,"۱۴۷,۰۰۰,۰۰۰","۱۶۷,۰۰۰,۰۰۰",سه شنبه ساعت ۱۷:۰۰ تا ۲۱:۰۰,https://mftplus.com/lesson/4923/جامع-بازرگانی-بین-الملل-(ITP)
نورپردازی در دکوراسیون داخلی,معماری,بلوار کاوه(قیطریه),مشخص نشده,چهارشنبه ۱۹ فروردین ۱۴۰۵,چهارشنبه ۲ اردیبهشت ۱۴۰۵,"۳۵,۰۰۰,۰۰۰","۳۵,۰۰۰,۰۰۰",چهارشنبه ساعت ۰۹:۰۰ تا ۱۴:۰۰,https://mftplus.com/lesson/391212173/نورپردازی-در-دکوراسیون-داخلی
طراحی وب سایت (Web Design Pack),فناوری اطلاعات و ارتباطات,باملند(شمال غرب),مشخص نشده,چهارشنبه ۱۹ فروردین ۱۴۰۵,دوشنبه ۲ شهریور ۱۴۰۵,"۱۸۷,۰۰۰,۰۰۰","۱۸۷,۰۰۰,۰۰۰",شنبه ساعت ۱۷:۰۰ تا ۲۰:۰۰ | دوشنبه ساعت ۱۷:۰۰ تا ۲۰:۰۰ | چهارشنبه ساعت ۱۷:۰۰ تا ۲۰:۰۰,https://mftplus.com/lesson/6459/طراحی-وب-سایت-(Web-Design-Pack)
(HTML & CSS (Web Design I,فناوری اطلاعات و ارتباطات,باملند(شمال غرب),مشخص نشده,چهارشنبه ۱۹ فروردین ۱۴۰۵,شنبه ۲ خرداد ۱۴۰۵,"۵۶,۰۰۰,۰۰۰","۵۶,۰۰۰,۰۰۰",شنبه ساعت ۱۷:۰۰ تا ۲۰:۰۰ | دوشنبه ساعت ۱۷:۰۰ تا ۲۰:۰۰ | چهارشنبه ساعت ۱۷:۰۰ تا ۲۰:۰۰,https://mftplus.com/lesson/6456/(HTML-&-CSS-(Web-Design-I
ICDL Pack 2021,فناوری اطلاعات و ارتباطات,تهرانپارس,عبدالحسن اشیاع,چهارشنبه ۱۹ فروردین ۱۴۰۵,دوشنبه ۴ خرداد ۱۴۰۵,"۸۱,۰۰۰,۰۰۰","۸۱,۰۰۰,۰۰۰",شنبه ساعت ۰۹:۰۰ تا ۱۳:۰۰ | یکشنبه ساعت ۰۹:۰۰ تا ۱۳:۰۰ | دوشنبه ساعت ۰۹:۰۰ تا ۱۳:۰۰ | سه شنبه ساعت ۰۹:۰۰ تا ۱۳:۰۰ | چهارشنبه ساعت ۰۹:۰۰ تا ۱۳:۰۰,https://mftplus.com/lesson/5575/ICDL-Pack-2021
اپراتوری تراش CNC,علوم مهندسی,البرز,مشخص نشده,چهارشنبه ۱۹ فروردین ۱۴۰۵,چهارشنبه ۶ خرداد ۱۴۰۵,"۷۲,۵۰۰,۰۰۰","۷۲,۵۰۰,۰۰۰",چهارشنبه ساعت ۱۷:۰۰ تا ۲۱:۰۰,https://mftplus.com/lesson/3757/اپراتوری-تراش-CNC
اکستنشن مژه,دانش سلامت,زعفرانیه,مشخص نشده,چهارشنبه ۱۹ فروردین ۱۴۰۵,چهارشنبه ۲۳ اردیبهشت ۱۴۰۵,"۶۲,۴۰۰,۰۰۰","۶۲,۴۰۰,۰۰۰",چهارشنبه ساعت ۱۶:۰۰ تا ۱۹:۰۰,https://mftplus.com/lesson/5115/اکستنشن-مژه
کمک های اولیه و فوریت های پزشکی,دانش سلامت,بلوار کاوه(قیطریه),مشخص نشده,چهارشنبه ۱۹ فروردین ۱۴۰۵,شنبه ۱۹ اردیبهشت ۱۴۰۵,"۴۵,۵۰۰,۰۰۰","۴۵,۵۰۰,۰۰۰",شنبه ساعت ۱۰:۰۰ تا ۱۵:۰۰ | چهارشنبه ساعت ۱۰:۰۰ تا ۱۵:۰۰,https://mftplus.com/lesson/341612128/کمک-های-اولیه-و-فوریت-های-پزشکی
Identity with Windows Server 2025,فناوری اطلاعات و ارتباطات,سعادت آباد (مرکزی),پدرام حسین نخعی,پنجشنبه ۲۰ فروردین ۱۴۰۵,چهارشنبه ۲۰ خرداد ۱۴۰۵,"۵۰,۰۰۰,۰۰۰","۶۱,۰۰۰,۰۰۰",پنجشنبه ساعت ۱۴:۰۰ تا ۱۹:۰۰,https://mftplus.com/lesson/6362/Identity-with-Windows-Server-2025
JavaScript (Web Design III),فناوری اطلاعات و ارتباطات,سیدخندان,مشخص نشده,پنجشنبه ۲۰ فروردین ۱۴۰۵,پنجشنبه ۱ مرداد ۱۴۰۵,"۱۰۱,۵۰۰,۰۰۰","۱۰۱,۵۰۰,۰۰۰",پنجشنبه ساعت ۱۳:۰۰ تا ۱۸:۰۰,https://mftplus.com/lesson/6458/JavaScript-(Web-Design-III)
ReactJS,فناوری اطلاعات و ارتباطات,سیدخندان,مشخص نشده,پنجشنبه ۲۰ فروردین ۱۴۰۵,پنجشنبه ۷ خرداد ۱۴۰۵,"۷۷,۰۰۰,۰۰۰","۷۷,۰۰۰,۰۰۰",پنجشنبه ساعت ۰۸:۰۰ تا ۱۳:۰۰,https://mftplus.com/lesson/4040/ReactJS
مقدمه ای بر الگوریتم و برنامه نویسی,فناوری اطلاعات و ارتباطات,باملند(شمال غرب),مشخص نشده,پنجشنبه ۲۰ فروردین ۱۴۰۵,پنجشنبه ۳۱ اردیبهشت ۱۴۰۵,"۳۳,۰۰۰,۰۰۰","۳۳,۰۰۰,۰۰۰",پنجشنبه ساعت ۰۸:۰۰ تا ۱۴:۰۰,https://mftplus.com/lesson/132017130/مقدمه-ای-بر-الگوریتم-و-برنامه-نویسی
اصول مدیریت پروژه بر اساس استاندارد PMBOK 8,علوم مهندسی,البرز,مشخص نشده,پنجشنبه ۲۰ فروردین ۱۴۰۵,جمعه ۴ اردیبهشت ۱۴۰۵,"۵۲,۵۰۰,۰۰۰","۵۲,۵۰۰,۰۰۰",جمعه ساعت ۰۹:۰۰ تا ۱۳:۰۰ | پنجشنبه ساعت ۰۹:۰۰ تا ۱۳:۰۰,https://mftplus.com/lesson/6578/اصول-مدیریت-پروژه-بر-اساس-استاندارد-PMBOK-8
عکاسی دیجیتال,هنر و سینما,زعفرانیه,مشخص نشده,پنجشنبه ۲۰ فروردین ۱۴۰۵,پنجشنبه ۱۵ مرداد ۱۴۰۵,"۸۵,۹۰۰,۰۰۰","۸۵,۹۰۰,۰۰۰",پنجشنبه ساعت ۰۹:۰۰ تا ۱۴:۰۰,https://mftplus.com/lesson/4919/عکاسی-دیجیتال
نحوه تهیه صورت های مالی,علوم مالی و حسابداری,سعادت آباد (مرکزی),مشخص نشده,پنجشنبه ۲۰ فروردین ۱۴۰۵,پنجشنبه ۳ اردیبهشت ۱۴۰۵,"۳۲,۷۰۰,۰۰۰","۳۲,۷۰۰,۰۰۰",پنجشنبه ساعت ۱۴:۳۰ تا ۲۰:۳۰,https://mftplus.com/lesson/3905/نحوه-تهیه-صورت-های-مالی
نرم افزار Indesign,هنر و سینما,زعفرانیه,مشخص نشده,پنجشنبه ۲۰ فروردین ۱۴۰۵,پنجشنبه ۷ خرداد ۱۴۰۵,"۳۹,۰۰۰,۰۰۰","۴۷,۰۰۰,۰۰۰",پنجشنبه ساعت ۰۹:۰۰ تا ۱۳:۰۰,https://mftplus.com/lesson/431313132/نرم-افزار-Indesign
کارگاه عکاسی صنعتی و تبلیغاتی,هنر و سینما,زعفرانیه,مشخص نشده,پنجشنبه ۲۰ فروردین ۱۴۰۵,پنجشنبه ۲۸ خرداد ۱۴۰۵,"۸۸,۴۰۰,۰۰۰","۸۸,۴۰۰,۰۰۰",پنجشنبه ساعت ۱۴:۰۰ تا ۱۸:۰۰,https://mftplus.com/lesson/431213166/کارگاه-عکاسی-صنعتی-و-تبلیغاتی
Programming with Python,فناوری اطلاعات و ارتباطات,سعادت آباد (مرکزی),سید احمد مصباح,پنجشنبه ۲۰ فروردین ۱۴۰۵,پنجشنبه ۴ تیر ۱۴۰۵,"۷۰,۰۰۰,۰۰۰","۸۸,۰۰۰,۰۰۰",پنجشنبه ساعت ۰۹:۰۰ تا ۱۴:۰۰,https://mftplus.com/lesson/5679/Programming-with-Python
اکسسوری های دست ساز و زیورآلات مفتولی,علوم مهندسی,بلوار کاوه(قیطریه),مشخص نشده,پنجشنبه ۲۰ فروردین ۱۴۰۵,پنجشنبه ۳۱ اردیبهشت ۱۴۰۵,"۸۲,۵۰۰,۰۰۰","۸۲,۵۰۰,۰۰۰",پنجشنبه ساعت ۰۸:۰۰ تا ۱۴:۰۰,https://mftplus.com/lesson/5722/اکسسوری-های-دست-ساز-و-زیورآلات-مفتولی
Microsoft Office Excel 2021 Expert,فناوری اطلاعات و ارتباطات,نیاوران,مشخص نشده,پنجشنبه ۲۰ فروردین ۱۴۰۵,جمعه ۴ اردیبهشت ۱۴۰۵,"۳۵,۰۰۰,۰۰۰","۴۴,۰۰۰,۰۰۰",جمعه ساعت ۱۴:۰۰ تا ۱۹:۰۰ | پنجشنبه ساعت ۱۴:۰۰ تا ۱۹:۰۰,https://mftplus.com/lesson/5619/Microsoft-Office-Excel-2021-Expert
ادمین تخصصی اینستاگرام,تولید محتوا,بلوار کاوه(قیطریه),مشخص نشده,پنجشنبه ۲۰ فروردین ۱۴۰۵,پنجشنبه ۲۴ اردیبهشت ۱۴۰۵,"۶۰,۰۰۰,۰۰۰","۶۰,۰۰۰,۰۰۰",پنجشنبه ساعت ۱۴:۰۰ تا ۱۹:۰۰,https://mftplus.com/lesson/5741/ادمین-تخصصی-اینستاگرام
نرم افزار Revit معماری,معماری,بلوار کاوه(قیطریه),مشخص نشده,پنجشنبه ۲۰ فروردین ۱۴۰۵,پنجشنبه ۲۸ خرداد ۱۴۰۵,"۸۹,۰۰۰,۰۰۰","۸۹,۰۰۰,۰۰۰",پنجشنبه ساعت ۱۴:۰۰ تا ۱۹:۰۰,https://mftplus.com/lesson/391412129/نرم-افزار-Revit-معماری
اتوکد دوبعدی معماری,معماری,بلوار کاوه(قیطریه),مشخص نشده,پنجشنبه ۲۰ فروردین ۱۴۰۵,پنجشنبه ۱۴ خرداد ۱۴۰۵,"۷۵,۰۰۰,۰۰۰","۷۵,۰۰۰,۰۰۰",پنجشنبه ساعت ۰۹:۰۰ تا ۱۴:۰۰,https://mftplus.com/lesson/391412131/اتوکد-دوبعدی-معماری
کودکان الکترونیکی 1و 2,کودک و نوجوان,بلوار کاوه(قیطریه),مشخص نشده,پنجشنبه ۲۰ فروردین ۱۴۰۵,پنجشنبه ۲۹ مرداد ۱۴۰۵,"۱۱۱,۶۰۰,۰۰۰","۱۱۱,۶۰۰,۰۰۰",پنجشنبه ساعت ۱۲:۰۰ تا ۱۵:۰۰,https://mftplus.com/lesson/4118/کودکان-الکترونیکی-1و-2
مراقبت پوست اسید تراپی,دانش سلامت,باملند(شمال غرب),مشخص نشده,پنجشنبه ۲۰ فروردین ۱۴۰۵,پنجشنبه ۲۰ فروردین ۱۴۰۵,"۳۹,۰۰۰,۰۰۰","۳۹,۰۰۰,۰۰۰",پنجشنبه ساعت ۰۸:۰۰ تا ۲۰:۰۰,https://mftplus.com/lesson/4952/مراقبت-پوست-اسید-تراپی
نرم افزار Revit معماری,معماری,پرند,مشخص نشده,پنجشنبه ۲۰ فروردین ۱۴۰۵,پنجشنبه ۲۸ خرداد ۱۴۰۵,"۸۹,۰۰۰,۰۰۰","۸۹,۰۰۰,۰۰۰",پنجشنبه ساعت ۰۸:۰۰ تا ۱۳:۰۰,https://mftplus.com/lesson/391412129/نرم-افزار-Revit-معماری
فروشندگی حرفه ای طلا و جواهر,علوم مهندسی,باملند(شمال غرب),مشخص نشده,پنجشنبه ۲۰ فروردین ۱۴۰۵,پنجشنبه ۱۰ اردیبهشت ۱۴۰۵,"۶۹,۰۰۰,۰۰۰","۶۹,۰۰۰,۰۰۰",پنجشنبه ساعت ۰۸:۰۰ تا ۱۲:۰۰,https://mftplus.com/lesson/154414126/فروشندگی-حرفه-ای-طلا-و-جواهر
مراقبت از پوست، مو و زیبایی,دانش سلامت,زعفرانیه,مشخص نشده,پنجشنبه ۲۰ فروردین ۱۴۰۵,پنجشنبه ۸ مرداد ۱۴۰۵,"۱۲۶,۴۰۰,۰۰۰","۱۲۶,۴۰۰,۰۰۰",پنجشنبه ساعت ۰۹:۰۰ تا ۱۳:۰۰,https://mftplus.com/lesson/341513127/مراقبت-از-پوست،-مو-و-زیبایی
گریم و چهره پردازی سطح 1 و ٢,دانش سلامت,زعفرانیه,مشخص نشده,پنجشنبه ۲۰ فروردین ۱۴۰۵,پنجشنبه ۲۶ آذر ۱۴۰۵,"۱۲۱,۷۰۰,۰۰۰","۱۲۱,۷۰۰,۰۰۰",پنجشنبه ساعت ۱۴:۰۰ تا ۱۷:۰۰,https://mftplus.com/lesson/341812133/گریم-و-چهره-پردازی-سطح-1-و-٢
گریم متعادل سازی,دانش سلامت,زعفرانیه,مشخص نشده,پنجشنبه ۲۰ فروردین ۱۴۰۵,پنجشنبه ۵ شهریور ۱۴۰۵,"۹۲,۷۰۰,۰۰۰","۹۲,۷۰۰,۰۰۰",پنجشنبه ساعت ۱۴:۰۰ تا ۱۷:۰۰,https://mftplus.com/lesson/341514125/گریم-متعادل-سازی
کارگاه حقوق و دستمزد,علوم مالی و حسابداری,سیدخندان,مشخص نشده,پنجشنبه ۲۰ فروردین ۱۴۰۵,پنجشنبه ۳ اردیبهشت ۱۴۰۵,"۲۱,۹۰۰,۰۰۰","۲۱,۹۰۰,۰۰۰",پنجشنبه ساعت ۱۴:۰۰ تا ۱۸:۰۰,https://mftplus.com/lesson/4274/کارگاه-حقوق-و-دستمزد
Python Web Development With Django,فناوری اطلاعات و ارتباطات,نارمک,مشخص نشده,پنجشنبه ۲۰ فروردین ۱۴۰۵,پنجشنبه ۲۸ خرداد ۱۴۰۵,"۷۴,۰۰۰,۰۰۰","۷۴,۰۰۰,۰۰۰",پنجشنبه ساعت ۱۵:۰۰ تا ۲۰:۰۰,https://mftplus.com/lesson/4046/Python-Web-Development-With-Django
دوره جامع طراحی لباس,فناوری مد و پوشاک,زعفرانیه,مشخص نشده,پنجشنبه ۲۰ فروردین ۱۴۰۵,جمعه ۲۹ آبان ۱۴۰۵,"۲۶۱,۰۰۰,۰۰۰","۲۶۱,۰۰۰,۰۰۰",جمعه ساعت ۱۳:۰۰ تا ۱۸:۰۰ | پنجشنبه ساعت ۱۳:۰۰ تا ۱۸:۰۰,https://mftplus.com/lesson/6321/دوره-جامع-طراحی-لباس
طراحی لباس مقدماتی,فناوری مد و پوشاک,زعفرانیه,مشخص نشده,پنجشنبه ۲۰ فروردین ۱۴۰۵,پنجشنبه ۸ مرداد ۱۴۰۵,"۱۳۵,۰۰۰,۰۰۰","۱۳۵,۰۰۰,۰۰۰",جمعه ساعت ۱۳:۰۰ تا ۱۸:۰۰ | پنجشنبه ساعت ۱۳:۰۰ تا ۱۸:۰۰,https://mftplus.com/lesson/6311/طراحی-لباس-مقدماتی
C# Programming,فناوری اطلاعات و ارتباطات,سیدخندان,مشخص نشده,پنجشنبه ۲۰ فروردین ۱۴۰۵,پنجشنبه ۱۸ تیر ۱۴۰۵,"۶۷,۰۰۰,۰۰۰","۸۳,۰۰۰,۰۰۰",پنجشنبه ساعت ۱۳:۰۰ تا ۱۸:۰۰,https://mftplus.com/lesson/132027124/C#-Programming
پریمیر,هنر و سینما,نیاوران,مشخص نشده,پنجشنبه ۲۰ فروردین ۱۴۰۵,پنجشنبه ۲۸ خرداد ۱۴۰۵,"۵۷,۰۰۰,۰۰۰","۶۶,۰۰۰,۰۰۰",پنجشنبه ساعت ۰۹:۰۰ تا ۱۴:۰۰,https://mftplus.com/lesson/431213156/پریمیر
طراحی لباس تخصصی پیشرفته,فناوری مد و پوشاک,بلوار کاوه(قیطریه),مشخص نشده,جمعه ۲۱ فروردین ۱۴۰۵,جمعه ۲۷ فروردین ۱۴۰۶,"۱۴۷,۰۰۰,۰۰۰","۱۴۷,۰۰۰,۰۰۰",جمعه ساعت ۱۰:۰۰ تا ۱۴:۰۰,https://mftplus.com/lesson/5635/طراحی-لباس-تخصصی-پیشرفته
JavaScript (Web Design III),فناوری اطلاعات و ارتباطات,انقلاب,مشخص نشده,جمعه ۲۱ فروردین ۱۴۰۵,جمعه ۱۹ تیر ۱۴۰۵,"۸۱,۰۰۰,۰۰۰","۱۰۱,۵۰۰,۰۰۰",جمعه ساعت ۱۴:۳۰ تا ۱۹:۳۰,https://mftplus.com/lesson/6458/JavaScript-(Web-Design-III)
کارگاه بستن حسابها,علوم مالی و حسابداری,بلوار کاوه(قیطریه),مشخص نشده,جمعه ۲۱ فروردین ۱۴۰۵,جمعه ۲۱ فروردین ۱۴۰۵,"۱۰,۵۰۰,۰۰۰","۱۰,۵۰۰,۰۰۰",جمعه ساعت ۰۸:۰۰ تا ۱۴:۰۰,https://mftplus.com/lesson/4273/کارگاه-بستن-حسابها
Programming with Python,فناوری اطلاعات و ارتباطات,تهرانپارس,علی اصغر صالحی,جمعه ۲۱ فروردین ۱۴۰۵,جمعه ۵ تیر ۱۴۰۵,"۸۸,۰۰۰,۰۰۰","۸۸,۰۰۰,۰۰۰",جمعه ساعت ۱۴:۰۰ تا ۱۹:۰۰,https://mftplus.com/lesson/5679/Programming-with-Python
مدیریت منابع انسانی,مدیریت و کسب و کار,سعادت آباد (مرکزی),مشخص نشده,جمعه ۲۱ فروردین ۱۴۰۵,جمعه ۴ اردیبهشت ۱۴۰۵,"۳۵,۶۰۰,۰۰۰","۴۴,۹۰۰,۰۰۰",جمعه ساعت ۱۴:۳۰ تا ۲۰:۳۰,https://mftplus.com/lesson/4950/مدیریت-منابع-انسانی
مدیریت برند,مدیریت و کسب و کار,سعادت آباد (مرکزی),مشخص نشده,جمعه ۲۱ فروردین ۱۴۰۵,جمعه ۱۱ اردیبهشت ۱۴۰۵,"۴۴,۰۰۰,۰۰۰","۵۲,۹۰۰,۰۰۰",جمعه ساعت ۰۸:۰۰ تا ۱۴:۰۰,https://mftplus.com/lesson/4928/مدیریت-برند
نرم افزار Revit معماری,معماری,باملند(شمال غرب),مشخص نشده,جمعه ۲۱ فروردین ۱۴۰۵,جمعه ۲۲ خرداد ۱۴۰۵,"۸۹,۰۰۰,۰۰۰","۸۹,۰۰۰,۰۰۰",جمعه ساعت ۰۸:۰۰ تا ۱۴:۰۰,https://mftplus.com/lesson/391412129/نرم-افزار-Revit-معماری
Networking with Windows Server 2025,فناوری اطلاعات و ارتباطات,سعادت آباد (مرکزی),پدرام حسین نخعی,جمعه ۲۱ فروردین ۱۴۰۵,جمعه ۲۹ خرداد ۱۴۰۵,"۵۰,۰۰۰,۰۰۰","۶۱,۰۰۰,۰۰۰",جمعه ساعت ۰۹:۰۰ تا ۱۴:۰۰,https://mftplus.com/lesson/6361/Networking-with-Windows-Server-2025
Python Web Development With Django,فناوری اطلاعات و ارتباطات,سیدخندان,مشخص نشده,جمعه ۲۱ فروردین ۱۴۰۵,جمعه ۲۹ خرداد ۱۴۰۵,"۵۹,۰۰۰,۰۰۰","۷۴,۰۰۰,۰۰۰",جمعه ساعت ۱۳:۰۰ تا ۱۸:۰۰,https://mftplus.com/lesson/4046/Python-Web-Development-With-Django
کارگاه عکاسی پرتره,هنر و سینما,زعفرانیه,مشخص نشده,جمعه ۲۱ فروردین ۱۴۰۵,جمعه ۲۹ خرداد ۱۴۰۵,"۸۷,۸۰۰,۰۰۰","۸۷,۸۰۰,۰۰۰",جمعه ساعت ۰۹:۰۰ تا ۱۳:۰۰,https://mftplus.com/lesson/431213158/کارگاه-عکاسی-پرتره
جامع مدیریت منابع انسانی (HRM),مدیریت و کسب و کار,سعادت آباد (مرکزی),مشخص نشده,جمعه ۲۱ فروردین ۱۴۰۵,جمعه ۱۳ شهریور ۱۴۰۵,"۱۲۸,۷۰۰,۰۰۰","۱۶۱,۷۰۰,۰۰۰",جمعه ساعت ۰۹:۰۰ تا ۱۴:۰۰,https://mftplus.com/lesson/4924/جامع-مدیریت-منابع-انسانی-(HRM)
استایلینگ,فناوری مد و پوشاک,سعادت آباد (مرکزی),مشخص نشده,جمعه ۲۱ فروردین ۱۴۰۵,جمعه ۱۸ اردیبهشت ۱۴۰۵,"۶۰,۰۰۰,۰۰۰","۶۰,۰۰۰,۰۰۰",جمعه ساعت ۰۸:۰۰ تا ۱۴:۰۰,https://mftplus.com/lesson/6316/استایلینگ
عکاسی با موبایل,تولید محتوا,باملند(شمال غرب),مشخص نشده,جمعه ۲۱ فروردین ۱۴۰۵,جمعه ۲۵ اردیبهشت ۱۴۰۵,"۴۶,۱۰۰,۰۰۰","۴۶,۱۰۰,۰۰۰",جمعه ساعت ۱۴:۰۰ تا ۲۰:۰۰,https://mftplus.com/lesson/6519/عکاسی-با-موبایل
فیلم برداری با موبایل,تولید محتوا,باملند(شمال غرب),مشخص نشده,جمعه ۲۱ فروردین ۱۴۰۵,جمعه ۱۱ اردیبهشت ۱۴۰۵,"۴۴,۱۰۰,۰۰۰","۴۴,۱۰۰,۰۰۰",جمعه ساعت ۱۴:۰۰ تا ۲۰:۰۰,https://mftplus.com/lesson/6520/فیلم-برداری-با-موبایل
CEH v.12 (Certified Ethical Hacker),فناوری اطلاعات و ارتباطات,نیاوران,مشخص نشده,جمعه ۲۱ فروردین ۱۴۰۵,جمعه ۲۹ خرداد ۱۴۰۵,"۵۴,۰۰۰,۰۰۰","۵۴,۰۰۰,۰۰۰",جمعه ساعت ۱۴:۰۰ تا ۱۸:۰۰,https://mftplus.com/lesson/5173/CEH-v.12-(Certified-Ethical-Hacker)
Microsoft ASP.net MVC,فناوری اطلاعات و ارتباطات,زعفرانیه,مشخص نشده,جمعه ۲۱ فروردین ۱۴۰۵,جمعه ۱۳ شهریور ۱۴۰۵,"۱۰۲,۰۰۰,۰۰۰","۱۲۷,۰۰۰,۰۰۰",جمعه ساعت ۱۷:۰۰ تا ۲۰:۰۰,https://mftplus.com/lesson/132027125/Microsoft-ASP.net-MVC
دوره مقدماتی تعمیرات بردهای الکترونیکی,برق و الکترونیک,البرز,مشخص نشده,جمعه ۲۱ فروردین ۱۴۰۵,جمعه ۲۵ اردیبهشت ۱۴۰۵,"۴۲,۴۰۰,۰۰۰","۴۲,۴۰۰,۰۰۰",جمعه ساعت ۰۹:۰۰ تا ۱۳:۰۰,https://mftplus.com/lesson/4690/دوره-مقدماتی-تعمیرات-بردهای-الکترونیکی
Programming with Python,فناوری اطلاعات و ارتباطات,بلوار کاوه(قیطریه),مشخص نشده,جمعه ۲۱ فروردین ۱۴۰۵,جمعه ۲۲ خرداد ۱۴۰۵,"۷۰,۰۰۰,۰۰۰","۸۸,۰۰۰,۰۰۰",جمعه ساعت ۰۸:۰۰ تا ۱۴:۰۰,https://mftplus.com/lesson/5679/Programming-with-Python
C# Programming,فناوری اطلاعات و ارتباطات,زعفرانیه,مشخص نشده,جمعه ۲۱ فروردین ۱۴۰۵,جمعه ۲ مرداد ۱۴۰۵,"۶۷,۰۰۰,۰۰۰","۸۳,۰۰۰,۰۰۰",جمعه ساعت ۰۹:۰۰ تا ۱۳:۰۰,https://mftplus.com/lesson/132027124/C#-Programming
طراحی وب سایت (Web Design Pack),فناوری اطلاعات و ارتباطات,میرداماد,مشخص نشده,جمعه ۲۱ فروردین ۱۴۰۵,جمعه ۲۷ آذر ۱۴۰۵,"۱۵۰,۰۰۰,۰۰۰","۱۸۷,۰۰۰,۰۰۰",جمعه ساعت ۰۹:۰۰ تا ۱۴:۰۰,https://mftplus.com/lesson/6459/طراحی-وب-سایت-(Web-Design-Pack)
اتوکد دوبعدی معماری,معماری,باملند(شمال غرب),مشخص نشده,جمعه ۲۱ فروردین ۱۴۰۵,جمعه ۱ خرداد ۱۴۰۵,"۷۵,۰۰۰,۰۰۰","۷۵,۰۰۰,۰۰۰",جمعه ساعت ۰۸:۰۰ تا ۱۴:۰۰,https://mftplus.com/lesson/391412131/اتوکد-دوبعدی-معماری
Deep Learning with Python,فناوری اطلاعات و ارتباطات,سیدخندان,مشخص نشده,جمعه ۲۱ فروردین ۱۴۰۵,جمعه ۱۲ تیر ۱۴۰۵,"۹۴,۰۰۰,۰۰۰","۱۱۷,۰۰۰,۰۰۰",جمعه ساعت ۱۳:۰۰ تا ۱۸:۰۰,https://mftplus.com/lesson/5542/Deep-Learning-with-Python
(HTML & CSS (Web Design I,فناوری اطلاعات و ارتباطات,میرداماد,مشخص نشده,جمعه ۲۱ فروردین ۱۴۰۵,جمعه ۱۲ تیر ۱۴۰۵,"۴۵,۰۰۰,۰۰۰","۵۶,۰۰۰,۰۰۰",جمعه ساعت ۰۹:۰۰ تا ۱۴:۰۰,https://mftplus.com/lesson/6456/(HTML-&-CSS-(Web-Design-I
CCNA 200-301,فناوری اطلاعات و ارتباطات,زعفرانیه,مشخص نشده,شنبه ۲۲ فروردین ۱۴۰۵,چهارشنبه ۲۷ خرداد ۱۴۰۵,"۶۴,۰۰۰,۰۰۰","۷۸,۰۰۰,۰۰۰",شنبه ساعت ۱۷:۰۰ تا ۲۱:۰۰ | چهارشنبه ساعت ۱۷:۰۰ تا ۲۱:۰۰,https://mftplus.com/lesson/3742/CCNA-200-301
عکاسی با موبایل,تولید محتوا,تهرانپارس,مشخص نشده,شنبه ۲۲ فروردین ۱۴۰۵,چهارشنبه ۳۰ اردیبهشت ۱۴۰۵,"۴۶,۱۰۰,۰۰۰","۴۶,۱۰۰,۰۰۰",شنبه ساعت ۱۷:۳۰ تا ۲۰:۳۰ | چهارشنبه ساعت ۱۷:۳۰ تا ۲۰:۳۰,https://mftplus.com/lesson/6519/عکاسی-با-موبایل
ICDL Pack 2021,فناوری اطلاعات و ارتباطات,تهرانپارس,معصومه آریان منش,شنبه ۲۲ فروردین ۱۴۰۵,دوشنبه ۸ تیر ۱۴۰۵,"۸۱,۰۰۰,۰۰۰","۸۱,۰۰۰,۰۰۰",شنبه ساعت ۰۸:۳۰ تا ۱۲:۳۰ | دوشنبه ساعت ۰۸:۳۰ تا ۱۲:۳۰ | چهارشنبه ساعت ۰۸:۳۰ تا ۱۲:۳۰,https://mftplus.com/lesson/5575/ICDL-Pack-2021
تعمیرات لباس,فناوری مد و پوشاک,بلوار کاوه(قیطریه),مشخص نشده,شنبه ۲۲ فروردین ۱۴۰۵,شنبه ۱۰ مرداد ۱۴۰۵,"۵۵,۰۰۰,۰۰۰","۵۵,۰۰۰,۰۰۰",شنبه ساعت ۰۹:۰۰ تا ۱۲:۰۰,https://mftplus.com/lesson/5925/تعمیرات-لباس
Android Pack,فناوری اطلاعات و ارتباطات,سیدخندان,مشخص نشده,شنبه ۲۲ فروردین ۱۴۰۵,شنبه ۱۷ مرداد ۱۴۰۵,"۹۳,۰۰۰,۰۰۰","۹۳,۰۰۰,۰۰۰",شنبه ساعت ۱۷:۰۰ تا ۲۱:۰۰,https://mftplus.com/lesson/132021123/Android-Pack
طراحی نقاشی مقدماتی,هنر و سینما,زعفرانیه,مشخص نشده,شنبه ۲۲ فروردین ۱۴۰۵,چهارشنبه ۱۳ خرداد ۱۴۰۵,"۳۹,۹۰۰,۰۰۰","۳۹,۹۰۰,۰۰۰",شنبه ساعت ۰۹:۰۰ تا ۱۳:۰۰ | چهارشنبه ساعت ۰۹:۰۰ تا ۱۳:۰۰,https://mftplus.com/lesson/431512135/طراحی-نقاشی-مقدماتی
Network+,فناوری اطلاعات و ارتباطات,بلوار کاوه(قیطریه),مشخص نشده,شنبه ۲۲ فروردین ۱۴۰۵,شنبه ۲۳ خرداد ۱۴۰۵,"۱۵,۰۰۰,۰۰۰","۲۰,۰۰۰,۰۰۰",شنبه ساعت ۱۷:۳۰ تا ۲۰:۳۰,https://mftplus.com/lesson/131612129/Network+
ICDL Pack 2021,فناوری اطلاعات و ارتباطات,بلوار کاوه(قیطریه),مشخص نشده,شنبه ۲۲ فروردین ۱۴۰۵,شنبه ۹ خرداد ۱۴۰۵,"۶۳,۰۰۰,۰۰۰","۸۱,۰۰۰,۰۰۰",شنبه ساعت ۰۸:۰۰ تا ۱۴:۰۰ | دوشنبه ساعت ۰۸:۰۰ تا ۱۴:۰۰ | چهارشنبه ساعت ۰۸:۰۰ تا ۱۴:۰۰,https://mftplus.com/lesson/5575/ICDL-Pack-2021
ICDL 2021 Level 1,فناوری اطلاعات و ارتباطات,بلوار کاوه(قیطریه),مشخص نشده,شنبه ۲۲ فروردین ۱۴۰۵,چهارشنبه ۱۶ اردیبهشت ۱۴۰۵,"۳۸,۰۰۰,۰۰۰","۴۹,۰۰۰,۰۰۰",شنبه ساعت ۰۸:۰۰ تا ۱۴:۰۰ | دوشنبه ساعت ۰۸:۰۰ تا ۱۴:۰۰ | چهارشنبه ساعت ۰۸:۰۰ تا ۱۴:۰۰,https://mftplus.com/lesson/5571/ICDL-2021-Level-1
مقدمه ای بر الگوریتم و برنامه نویسی,فناوری اطلاعات و ارتباطات,بلوار کاوه(قیطریه),مشخص نشده,شنبه ۲۲ فروردین ۱۴۰۵,چهارشنبه ۲۳ اردیبهشت ۱۴۰۵,"۲۸,۰۰۰,۰۰۰","۳۳,۰۰۰,۰۰۰",شنبه ساعت ۱۶:۰۰ تا ۲۰:۰۰ | چهارشنبه ساعت ۱۶:۰۰ تا ۲۰:۰۰,https://mftplus.com/lesson/132017130/مقدمه-ای-بر-الگوریتم-و-برنامه-نویسی
طراحی فضای سبز و محوطه سازی  (basic),معماری,بلوار کاوه(قیطریه),مشخص نشده,شنبه ۲۲ فروردین ۱۴۰۵,شنبه ۲۱ شهریور ۱۴۰۵,"۲۲۷,۰۰۰,۰۰۰","۲۲۷,۰۰۰,۰۰۰",شنبه ساعت ۱۴:۰۰ تا ۲۰:۰۰,https://mftplus.com/lesson/3914/طراحی-فضای-سبز-و-محوطه-سازی-(basic)
طراحی وب با وردپرس,کودک و نوجوان,بلوار کاوه(قیطریه),مشخص نشده,شنبه ۲۲ فروردین ۱۴۰۵,شنبه ۳۰ خرداد ۱۴۰۵,"۷۸,۱۰۰,۰۰۰","۷۸,۱۰۰,۰۰۰",شنبه ساعت ۱۶:۰۰ تا ۲۰:۰۰,https://mftplus.com/lesson/191414130/طراحی-وب-با-وردپرس
حسابداری مکانیزه با نرم افزار ها(هلو ،سپیدار سیستم و اکسل),علوم مالی و حسابداری,بلوار کاوه(قیطریه),مشخص نشده,شنبه ۲۲ فروردین ۱۴۰۵,دوشنبه ۸ تیر ۱۴۰۵,"۸۵,۷۰۰,۰۰۰","۸۵,۷۰۰,۰۰۰",شنبه ساعت ۱۷:۰۰ تا ۲۰:۰۰ | دوشنبه ساعت ۱۷:۰۰ تا ۲۰:۰۰,https://mftplus.com/lesson/3909/حسابداری-مکانیزه-با-نرم-افزار-ها(هلو-،سپیدار-سیستم-و-اکسل)
عکاسی دیجیتال,هنر و سینما,تهرانپارس,ستاره حیدری نوری,شنبه ۲۲ فروردین ۱۴۰۵,چهارشنبه ۱۳ خرداد ۱۴۰۵,"۸۵,۹۰۰,۰۰۰","۸۵,۹۰۰,۰۰۰",شنبه ساعت ۱۷:۳۰ تا ۲۱:۰۰ | دوشنبه ساعت ۱۷:۳۰ تا ۲۱:۰۰ | چهارشنبه ساعت ۱۷:۳۰ تا ۲۱:۰۰,https://mftplus.com/lesson/4919/عکاسی-دیجیتال
مراقبت زیبایی دست و ناخن سطح 1 و 2,دانش سلامت,زعفرانیه,مشخص نشده,شنبه ۲۲ فروردین ۱۴۰۵,شنبه ۲۷ تیر ۱۴۰۵,"۱۶۱,۲۰۰,۰۰۰","۱۶۱,۲۰۰,۰۰۰",شنبه ساعت ۱۴:۰۰ تا ۱۷:۰۰ | دوشنبه ساعت ۱۴:۰۰ تا ۱۷:۰۰,https://mftplus.com/lesson/5633/مراقبت-زیبایی-دست-و-ناخن-سطح-1-و-2
مراقبت و زیبایی دست و ناخن,دانش سلامت,زعفرانیه,مشخص نشده,شنبه ۲۲ فروردین ۱۴۰۵,دوشنبه ۲۸ اردیبهشت ۱۴۰۵,"۷۲,۸۰۰,۰۰۰","۷۲,۸۰۰,۰۰۰",شنبه ساعت ۱۴:۰۰ تا ۱۷:۰۰ | دوشنبه ساعت ۱۴:۰۰ تا ۱۷:۰۰,https://mftplus.com/lesson/4960/مراقبت-و-زیبایی-دست-و-ناخن
گریم و چهره پردازی سطح 1 و ٢,دانش سلامت,زعفرانیه,مشخص نشده,شنبه ۲۲ فروردین ۱۴۰۵,دوشنبه ۱۲ مرداد ۱۴۰۵,"۱۲۱,۷۰۰,۰۰۰","۱۲۱,۷۰۰,۰۰۰",شنبه ساعت ۱۷:۰۰ تا ۲۰:۰۰ | دوشنبه ساعت ۱۷:۰۰ تا ۲۰:۰۰,https://mftplus.com/lesson/341812133/گریم-و-چهره-پردازی-سطح-1-و-٢
گریم متعادل سازی,دانش سلامت,زعفرانیه,مشخص نشده,شنبه ۲۲ فروردین ۱۴۰۵,دوشنبه ۱۸ خرداد ۱۴۰۵,"۹۲,۷۰۰,۰۰۰","۹۲,۷۰۰,۰۰۰",شنبه ساعت ۱۷:۰۰ تا ۲۰:۰۰ | دوشنبه ساعت ۱۷:۰۰ تا ۲۰:۰۰,https://mftplus.com/lesson/341514125/گریم-متعادل-سازی
فن بیان و سخنرانی,کودک و نوجوان,میرداماد,مشخص نشده,شنبه ۲۲ فروردین ۱۴۰۵,شنبه ۲ خرداد ۱۴۰۵,"۵۴,۱۰۰,۰۰۰","۵۴,۱۰۰,۰۰۰",شنبه ساعت ۱۷:۰۰ تا ۲۱:۰۰,https://mftplus.com/lesson/3744/فن-بیان-و-سخنرانی
تکنیک های سخنرانی,کودک و نوجوان,میرداماد,مشخص نشده,شنبه ۲۲ فروردین ۱۴۰۵,شنبه ۲ خرداد ۱۴۰۵,"۶۲,۷۰۰,۰۰۰","۶۲,۷۰۰,۰۰۰",شنبه ساعت ۱۷:۰۰ تا ۲۱:۰۰,https://mftplus.com/lesson/5615/تکنیک-های-سخنرانی
ICDL سطح دو  نوجوانان,کودک و نوجوان,میرداماد,مشخص نشده,شنبه ۲۲ فروردین ۱۴۰۵,شنبه ۳۱ مرداد ۱۴۰۵,"۵۶,۱۰۰,۰۰۰","۵۶,۱۰۰,۰۰۰",شنبه ساعت ۱۵:۳۰ تا ۱۷:۳۰,https://mftplus.com/lesson/3592/ICDL-سطح-دو-نوجوانان
Installing and Configuring Windows 11,فناوری اطلاعات و ارتباطات,سیدخندان,مشخص نشده,شنبه ۲۲ فروردین ۱۴۰۵,دوشنبه ۴ خرداد ۱۴۰۵,"۳۵,۰۰۰,۰۰۰","۴۴,۰۰۰,۰۰۰",شنبه ساعت ۱۷:۳۰ تا ۲۰:۳۰ | دوشنبه ساعت ۱۷:۳۰ تا ۲۰:۳۰,https://mftplus.com/lesson/5953/Installing-and-Configuring-Windows-11
میکس و ترکیب موسیقی (DJING),هنر و سینما,زعفرانیه,مشخص نشده,شنبه ۲۲ فروردین ۱۴۰۵,دوشنبه ۲۴ فروردین ۱۴۰۵,"۱۵۰,۰۰۰,۰۰۰","۱۵۰,۰۰۰,۰۰۰",شنبه ساعت ۱۲:۰۰ تا ۱۷:۰۰ | یکشنبه ساعت ۱۲:۰۰ تا ۱۷:۰۰ | دوشنبه ساعت ۱۲:۰۰ تا ۱۷:۰۰,https://mftplus.com/lesson/6237/میکس-و-ترکیب-موسیقی-(DJING)
عکاسی دیجیتال,هنر و سینما,زعفرانیه,مشخص نشده,یکشنبه ۲۳ فروردین ۱۴۰۵,یکشنبه ۳۱ خرداد ۱۴۰۵,"۸۵,۹۰۰,۰۰۰","۸۵,۹۰۰,۰۰۰",یکشنبه ساعت ۰۹:۰۰ تا ۱۳:۰۰ | سه شنبه ساعت ۰۹:۰۰ تا ۱۳:۰۰,https://mftplus.com/lesson/4919/عکاسی-دیجیتال
3Ds Max Beginners to Advanced & V-Ray,معماری,تهرانپارس,مشخص نشده,یکشنبه ۲۳ فروردین ۱۴۰۵,سه شنبه ۲۳ تیر ۱۴۰۵,"۱۴۴,۰۰۰,۰۰۰","۱۴۴,۰۰۰,۰۰۰",یکشنبه ساعت ۱۷:۳۰ تا ۲۰:۳۰ | سه شنبه ساعت ۱۷:۳۰ تا ۲۰:۳۰,https://mftplus.com/lesson/4542/3Ds-Max-Beginners-to-Advanced-&-V-Ray
پکیج طراحی کاراکتر و نقاشی دیجیتال 1,هنر و سینما,زعفرانیه,مشخص نشده,یکشنبه ۲۳ فروردین ۱۴۰۵,یکشنبه ۱۴ تیر ۱۴۰۵,"۹۴,۰۰۰,۰۰۰","۹۴,۰۰۰,۰۰۰",یکشنبه ساعت ۱۶:۰۰ تا ۱۹:۰۰ | سه شنبه ساعت ۱۶:۰۰ تا ۱۹:۰۰,https://mftplus.com/lesson/3811/پکیج-طراحی-کاراکتر-و-نقاشی-دیجیتال-1
طراحی کاراکتر,هنر و سینما,زعفرانیه,مشخص نشده,یکشنبه ۲۳ فروردین ۱۴۰۵,یکشنبه ۱۰ خرداد ۱۴۰۵,"۵۴,۰۰۰,۰۰۰","۵۴,۰۰۰,۰۰۰",یکشنبه ساعت ۱۶:۰۰ تا ۱۹:۰۰ | سه شنبه ساعت ۱۶:۰۰ تا ۱۹:۰۰,https://mftplus.com/lesson/3800/طراحی-کاراکتر
Programming with Python,فناوری اطلاعات و ارتباطات,زعفرانیه,مشخص نشده,یکشنبه ۲۳ فروردین ۱۴۰۵,یکشنبه ۳۱ خرداد ۱۴۰۵,"۷۰,۰۰۰,۰۰۰","۸۸,۰۰۰,۰۰۰",یکشنبه ساعت ۱۷:۰۰ تا ۲۰:۰۰ | سه شنبه ساعت ۱۷:۰۰ تا ۲۰:۰۰,https://mftplus.com/lesson/5679/Programming-with-Python
حسابداری مالی خدماتی,علوم مالی و حسابداری,باملند(شمال غرب),مشخص نشده,یکشنبه ۲۳ فروردین ۱۴۰۵,سه شنبه ۱۹ خرداد ۱۴۰۵,"۵۳,۹۰۰,۰۰۰","۵۳,۹۰۰,۰۰۰",یکشنبه ساعت ۱۷:۰۰ تا ۲۰:۰۰ | سه شنبه ساعت ۱۷:۰۰ تا ۲۰:۰۰,https://mftplus.com/lesson/3865/حسابداری-مالی-خدماتی
تولید محتوا با موبایل (موبایل گرافی),تولید محتوا,باملند(شمال غرب),مشخص نشده,یکشنبه ۲۳ فروردین ۱۴۰۵,یکشنبه ۳ خرداد ۱۴۰۵,"۵۵,۰۰۰,۰۰۰","۵۵,۰۰۰,۰۰۰",یکشنبه ساعت ۱۷:۰۰ تا ۲۰:۰۰ | سه شنبه ساعت ۱۷:۰۰ تا ۲۰:۰۰,https://mftplus.com/lesson/6217/تولید-محتوا-با-موبایل-(موبایل-گرافی)
Responsive & Bootstrap (Web Design II),فناوری اطلاعات و ارتباطات,سعادت آباد (مرکزی),تورج آرمین پور,یکشنبه ۲۳ فروردین ۱۴۰۵,سه شنبه ۱۹ خرداد ۱۴۰۵,"۵۰,۰۰۰,۰۰۰","۶۳,۰۰۰,۰۰۰",یکشنبه ساعت ۲۰:۰۰ تا ۲۲:۳۰ | سه شنبه ساعت ۲۰:۰۰ تا ۲۲:۳۰,https://mftplus.com/lesson/6457/Responsive-&-Bootstrap-(Web-Design-II)
ICDL Pack 2021,فناوری اطلاعات و ارتباطات,باملند(شمال غرب),مشخص نشده,یکشنبه ۲۳ فروردین ۱۴۰۵,یکشنبه ۲۹ شهریور ۱۴۰۵,"۸۱,۰۰۰,۰۰۰","۸۱,۰۰۰,۰۰۰",یکشنبه ساعت ۱۷:۰۰ تا ۲۰:۰۰ | سه شنبه ساعت ۱۷:۰۰ تا ۲۰:۰۰,https://mftplus.com/lesson/5575/ICDL-Pack-2021
Android Pack,فناوری اطلاعات و ارتباطات,زعفرانیه,مشخص نشده,یکشنبه ۲۳ فروردین ۱۴۰۵,سه شنبه ۲۶ خرداد ۱۴۰۵,"۷۳,۰۰۰,۰۰۰","۹۳,۰۰۰,۰۰۰",یکشنبه ساعت ۱۷:۳۰ تا ۲۱:۰۰ | سه شنبه ساعت ۱۷:۳۰ تا ۲۱:۰۰,https://mftplus.com/lesson/132021123/Android-Pack
3Ds Max Beginners to Advanced & V-Ray,معماری,بلوار کاوه(قیطریه),مشخص نشده,یکشنبه ۲۳ فروردین ۱۴۰۵,یکشنبه ۱۷ خرداد ۱۴۰۵,"۱۴۴,۰۰۰,۰۰۰","۱۴۴,۰۰۰,۰۰۰",یکشنبه ساعت ۰۹:۰۰ تا ۱۴:۰۰ | سه شنبه ساعت ۰۹:۰۰ تا ۱۴:۰۰,https://mftplus.com/lesson/4542/3Ds-Max-Beginners-to-Advanced-&-V-Ray
دوره طراحی رابط و تجربه کاربری (UI/UX),فناوری اطلاعات و ارتباطات,بلوار کاوه(قیطریه),مشخص نشده,یکشنبه ۲۳ فروردین ۱۴۰۵,سه شنبه ۵ خرداد ۱۴۰۵,"۵۵,۰۰۰,۰۰۰","۶۸,۰۰۰,۰۰۰",یکشنبه ساعت ۱۷:۰۰ تا ۲۰:۰۰ | سه شنبه ساعت ۱۷:۰۰ تا ۲۰:۰۰,https://mftplus.com/lesson/5605/دوره-طراحی-رابط-و-تجربه-کاربری-(UI/UX)
PHP & MYSQL Web Development,فناوری اطلاعات و ارتباطات,بلوار کاوه(قیطریه),مشخص نشده,یکشنبه ۲۳ فروردین ۱۴۰۵,یکشنبه ۲۱ تیر ۱۴۰۵,"۷۹,۰۰۰,۰۰۰","۹۹,۰۰۰,۰۰۰",یکشنبه ساعت ۱۷:۰۰ تا ۲۰:۰۰ | سه شنبه ساعت ۱۷:۰۰ تا ۲۰:۰۰,https://mftplus.com/lesson/5352/PHP-&-MYSQL-Web-Development
ICDL سطح یک و دو نوجوانان,کودک و نوجوان,بلوار کاوه(قیطریه),مشخص نشده,یکشنبه ۲۳ فروردین ۱۴۰۵,سه شنبه ۳ شهریور ۱۴۰۵,"۸۵,۱۰۰,۰۰۰","۹۷,۴۰۰,۰۰۰",یکشنبه ساعت ۱۸:۰۰ تا ۲۰:۰۰ | سه شنبه ساعت ۱۸:۰۰ تا ۲۰:۰۰,https://mftplus.com/lesson/191412126/ICDL-سطح-یک-و-دو-نوجوانان
مبانی هوش مصنوعی برای نوجوانان,کودک و نوجوان,بلوار کاوه(قیطریه),مشخص نشده,یکشنبه ۲۳ فروردین ۱۴۰۵,سه شنبه ۲۹ اردیبهشت ۱۴۰۵,"۶۲,۰۰۰,۰۰۰","۶۷,۹۰۰,۰۰۰",یکشنبه ساعت ۱۲:۰۰ تا ۱۴:۰۰ | سه شنبه ساعت ۱۲:۰۰ تا ۱۴:۰۰,https://mftplus.com/lesson/6183/مبانی-هوش-مصنوعی-برای-نوجوانان
طراحی نقاشی متوسط,هنر و سینما,باملند(شمال غرب),مشخص نشده,یکشنبه ۲۳ فروردین ۱۴۰۵,یکشنبه ۲۴ خرداد ۱۴۰۵,"۴۶,۰۰۰,۰۰۰","۴۶,۰۰۰,۰۰۰",یکشنبه ساعت ۱۶:۰۰ تا ۲۰:۰۰,https://mftplus.com/lesson/431512124/طراحی-نقاشی-متوسط
طراحی نقاشی پیشرفته,هنر و سینما,باملند(شمال غرب),مشخص نشده,یکشنبه ۲۳ فروردین ۱۴۰۵,یکشنبه ۲۴ خرداد ۱۴۰۵,"۴۶,۰۰۰,۰۰۰","۴۶,۰۰۰,۰۰۰",یکشنبه ساعت ۱۶:۰۰ تا ۲۰:۰۰,https://mftplus.com/lesson/431512125/طراحی-نقاشی-پیشرفته
Java SE 8 Programming,فناوری اطلاعات و ارتباطات,بلوار کاوه(قیطریه),مشخص نشده,یکشنبه ۲۳ فروردین ۱۴۰۵,یکشنبه ۱۷ خرداد ۱۴۰۵,"۶۸,۰۰۰,۰۰۰","۶۸,۰۰۰,۰۰۰",یکشنبه ساعت ۱۷:۰۰ تا ۲۰:۰۰ | سه شنبه ساعت ۱۷:۰۰ تا ۲۰:۰۰,https://mftplus.com/lesson/132018136/Java-SE-8-Programming
دوره جامع دستیار دندانپزشکی,دانش سلامت,سیدخندان,مشخص نشده,یکشنبه ۲۳ فروردین ۱۴۰۵,سه شنبه ۱۶ تیر ۱۴۰۵,"۹۹,۰۰۰,۰۰۰","۹۹,۰۰۰,۰۰۰",یکشنبه ساعت ۰۸:۳۰ تا ۱۳:۰۰ | سه شنبه ساعت ۰۸:۳۰ تا ۱۳:۰۰,https://mftplus.com/lesson/6326/دوره-جامع-دستیار-دندانپزشکی
Network+,فناوری اطلاعات و ارتباطات,زعفرانیه,مشخص نشده,یکشنبه ۲۳ فروردین ۱۴۰۵,یکشنبه ۲۷ اردیبهشت ۱۴۰۵,"۱۵,۰۰۰,۰۰۰","۲۰,۰۰۰,۰۰۰",یکشنبه ساعت ۱۷:۰۰ تا ۲۰:۰۰ | سه شنبه ساعت ۱۷:۰۰ تا ۲۰:۰۰,https://mftplus.com/lesson/131612129/Network+
MCSA PACK 2025,فناوری اطلاعات و ارتباطات,زعفرانیه,مشخص نشده,یکشنبه ۲۳ فروردین ۱۴۰۵,یکشنبه ۱۷ آبان ۱۴۰۵,"۱۷۳,۰۰۰,۰۰۰","۲۱۸,۰۰۰,۰۰۰",یکشنبه ساعت ۱۷:۰۰ تا ۲۱:۰۰ | سه شنبه ساعت ۱۷:۰۰ تا ۲۱:۰۰,https://mftplus.com/lesson/6364/MCSA-PACK-2025
طراحی نقاشی مقدماتی,هنر و سینما,باملند(شمال غرب),مشخص نشده,یکشنبه ۲۳ فروردین ۱۴۰۵,یکشنبه ۲۴ خرداد ۱۴۰۵,"۴۲,۰۰۰,۰۰۰","۴۲,۰۰۰,۰۰۰",یکشنبه ساعت ۱۶:۰۰ تا ۲۰:۰۰,https://mftplus.com/lesson/6018/طراحی-نقاشی-مقدماتی
حسابداری ویژه بازار کار,علوم مالی و حسابداری,باملند(شمال غرب),مشخص نشده,یکشنبه ۲۳ فروردین ۱۴۰۵,یکشنبه ۲۴ آبان ۱۴۰۵,"۱۷۷,۶۰۰,۰۰۰","۱۷۷,۶۰۰,۰۰۰",یکشنبه ساعت ۱۷:۰۰ تا ۲۰:۰۰ | سه شنبه ساعت ۱۷:۰۰ تا ۲۰:۰۰,https://mftplus.com/lesson/3869/حسابداری-ویژه-بازار-کار
آرایش و پیرایش زنانه,دانش سلامت,البرز,مشخص نشده,یکشنبه ۲۳ فروردین ۱۴۰۵,سه شنبه ۲۳ تیر ۱۴۰۵,"۱۳۰,۰۰۰,۰۰۰","۱۳۰,۰۰۰,۰۰۰",یکشنبه ساعت ۰۸:۰۰ تا ۱۱:۰۰ | سه شنبه ساعت ۰۸:۰۰ تا ۱۱:۰۰,https://mftplus.com/lesson/6015/آرایش-و-پیرایش-زنانه
"VMware vSphere Install,Configure,Manage (ICM) V8",فناوری اطلاعات و ارتباطات,زعفرانیه,مشخص نشده,دوشنبه ۲۴ فروردین ۱۴۰۵,دوشنبه ۸ تیر ۱۴۰۵,"۵۸,۰۰۰,۰۰۰","۷۳,۰۰۰,۰۰۰",دوشنبه ساعت ۱۷:۰۰ تا ۲۱:۰۰,"https://mftplus.com/lesson/6091/VMware-vSphere-Install,Configure,Manage-(ICM)-V8"
چیدمان فروشگاهی,فناوری مد و پوشاک,سعادت آباد (مرکزی),مشخص نشده,دوشنبه ۲۴ فروردین ۱۴۰۵,دوشنبه ۲۱ اردیبهشت ۱۴۰۵,"۸۵,۰۰۰,۰۰۰","۸۵,۰۰۰,۰۰۰",دوشنبه ساعت ۱۴:۰۰ تا ۲۰:۰۰,https://mftplus.com/lesson/5723/چیدمان-فروشگاهی
تغذیه و تناسب اندام,دانش سلامت,باملند(شمال غرب),مشخص نشده,دوشنبه ۲۴ فروردین ۱۴۰۵,چهارشنبه ۱۷ تیر ۱۴۰۵,"۵۴,۹۰۰,۰۰۰","۵۴,۹۰۰,۰۰۰",دوشنبه ساعت ۱۷:۰۰ تا ۲۰:۰۰ | چهارشنبه ساعت ۱۷:۰۰ تا ۲۰:۰۰,https://mftplus.com/lesson/4263/تغذیه-و-تناسب-اندام
Object Design,معماری,بلوار کاوه(قیطریه),مشخص نشده,دوشنبه ۲۴ فروردین ۱۴۰۵,دوشنبه ۱۱ خرداد ۱۴۰۵,"۴۶,۰۰۰,۰۰۰","۴۶,۰۰۰,۰۰۰",دوشنبه ساعت ۰۹:۰۰ تا ۱۴:۰۰,https://mftplus.com/lesson/3251/Object-Design
Wordpress & SEO PACK,فناوری اطلاعات و ارتباطات,بلوار کاوه(قیطریه),مشخص نشده,دوشنبه ۲۴ فروردین ۱۴۰۵,دوشنبه ۲۵ خرداد ۱۴۰۵,"۱۰۰,۰۰۰,۰۰۰","۱۲۴,۰۰۰,۰۰۰",دوشنبه ساعت ۱۶:۰۰ تا ۲۰:۰۰ | چهارشنبه ساعت ۱۶:۰۰ تا ۲۰:۰۰,https://mftplus.com/lesson/4669/Wordpress-&-SEO-PACK
Wordpress & WooCommerce Essential Training,فناوری اطلاعات و ارتباطات,بلوار کاوه(قیطریه),مشخص نشده,دوشنبه ۲۴ فروردین ۱۴۰۵,دوشنبه ۲۱ اردیبهشت ۱۴۰۵,"۴۱,۰۰۰,۰۰۰","۵۳,۰۰۰,۰۰۰",دوشنبه ساعت ۱۶:۰۰ تا ۲۰:۰۰ | چهارشنبه ساعت ۱۶:۰۰ تا ۲۰:۰۰,https://mftplus.com/lesson/5202/Wordpress-&-WooCommerce-Essential-Training
فن بیان و سخنرانی,کودک و نوجوان,بلوار کاوه(قیطریه),مشخص نشده,دوشنبه ۲۴ فروردین ۱۴۰۵,دوشنبه ۴ خرداد ۱۴۰۵,"۵۴,۱۰۰,۰۰۰","۵۴,۱۰۰,۰۰۰",دوشنبه ساعت ۱۶:۰۰ تا ۲۰:۰۰,https://mftplus.com/lesson/3744/فن-بیان-و-سخنرانی
Sketchup & Vray,معماری,بلوار کاوه(قیطریه),مشخص نشده,دوشنبه ۲۴ فروردین ۱۴۰۵,دوشنبه ۱۸ خرداد ۱۴۰۵,"۶۹,۰۰۰,۰۰۰","۶۹,۰۰۰,۰۰۰",دوشنبه ساعت ۰۹:۰۰ تا ۱۴:۰۰,https://mftplus.com/lesson/391412133/Sketchup-&-Vray
ReactJS,فناوری اطلاعات و ارتباطات,زعفرانیه,مشخص نشده,دوشنبه ۲۴ فروردین ۱۴۰۵,دوشنبه ۲۵ خرداد ۱۴۰۵,"۶۱,۰۰۰,۰۰۰","۷۷,۰۰۰,۰۰۰",دوشنبه ساعت ۱۶:۰۰ تا ۲۰:۰۰,https://mftplus.com/lesson/4040/ReactJS
نرم افزار Revit معماری,معماری,البرز,مشخص نشده,دوشنبه ۲۴ فروردین ۱۴۰۵,دوشنبه ۱۵ تیر ۱۴۰۵,"۸۹,۰۰۰,۰۰۰","۸۹,۰۰۰,۰۰۰",دوشنبه ساعت ۱۷:۰۰ تا ۲۱:۰۰,https://mftplus.com/lesson/391412129/نرم-افزار-Revit-معماری
کارگاه هنر بازیگری,هنر و سینما,زعفرانیه,مشخص نشده,دوشنبه ۲۴ فروردین ۱۴۰۵,دوشنبه ۲۵ خرداد ۱۴۰۵,"۷۰,۳۰۰,۰۰۰","۷۰,۳۰۰,۰۰۰",دوشنبه ساعت ۱۴:۰۰ تا ۱۷:۰۰,https://mftplus.com/lesson/4883/کارگاه-هنر-بازیگری
تکنیکهای روانشناختی معماران موفق,معماری,بلوار کاوه(قیطریه),مشخص نشده,سه شنبه ۲۵ فروردین ۱۴۰۵,سه شنبه ۲۲ اردیبهشت ۱۴۰۵,"۳۹,۰۰۰,۰۰۰","۳۹,۰۰۰,۰۰۰",سه شنبه ساعت ۱۰:۰۰ تا ۱۵:۰۰,https://mftplus.com/lesson/3797/تکنیکهای-روانشناختی-معماران-موفق
Linux Essentials + LPIC1(101-102),فناوری اطلاعات و ارتباطات,بلوار کاوه(قیطریه),مشخص نشده,سه شنبه ۲۵ فروردین ۱۴۰۵,سه شنبه ۹ تیر ۱۴۰۵,"۷۲,۰۰۰,۰۰۰","۸۶,۰۰۰,۰۰۰",سه شنبه ساعت ۱۵:۰۰ تا ۲۰:۰۰,https://mftplus.com/lesson/4595/Linux-Essentials-+-LPIC1(101-102)
مهارت های زندگی نوجوانان,کودک و نوجوان,بلوار کاوه(قیطریه),مشخص نشده,سه شنبه ۲۵ فروردین ۱۴۰۵,سه شنبه ۱۵ اردیبهشت ۱۴۰۵,"۷۱,۳۰۰,۰۰۰","۷۱,۳۰۰,۰۰۰",سه شنبه ساعت ۱۷:۰۰ تا ۲۰:۰۰,https://mftplus.com/lesson/3769/مهارت-های-زندگی-نوجوانان
نرم افزار مالی سپیدار سیستم,علوم مالی و حسابداری,نارمک,مشخص نشده,چهارشنبه ۲۶ فروردین ۱۴۰۵,شنبه ۱۲ اردیبهشت ۱۴۰۵,"۴۰,۰۰۰,۰۰۰","۴۰,۰۰۰,۰۰۰",شنبه ساعت ۱۷:۰۰ تا ۲۱:۰۰ | دوشنبه ساعت ۱۷:۰۰ تا ۲۱:۰۰ | چهارشنبه ساعت ۱۷:۰۰ تا ۲۱:۰۰,https://mftplus.com/lesson/3999/نرم-افزار-مالی-سپیدار-سیستم
Linux Essentials + LPIC1(101-102),فناوری اطلاعات و ارتباطات,زعفرانیه,مشخص نشده,چهارشنبه ۲۶ فروردین ۱۴۰۵,چهارشنبه ۱۴ مرداد ۱۴۰۵,"۷۲,۰۰۰,۰۰۰","۸۶,۰۰۰,۰۰۰",چهارشنبه ساعت ۱۷:۰۰ تا ۲۱:۰۰,https://mftplus.com/lesson/4595/Linux-Essentials-+-LPIC1(101-102)
CEH v.12 (Certified Ethical Hacker),فناوری اطلاعات و ارتباطات,بلوار کاوه(قیطریه),مشخص نشده,چهارشنبه ۲۶ فروردین ۱۴۰۵,چهارشنبه ۲۷ خرداد ۱۴۰۵,"۵۴,۰۰۰,۰۰۰","۶۸,۰۰۰,۰۰۰",چهارشنبه ساعت ۱۶:۰۰ تا ۲۰:۰۰,https://mftplus.com/lesson/5173/CEH-v.12-(Certified-Ethical-Hacker)
دوره جامع تعمیرات تخصصی تلفن همراه,برق و الکترونیک,نارمک,مشخص نشده,چهارشنبه ۲۶ فروردین ۱۴۰۵,چهارشنبه ۲۷ خرداد ۱۴۰۵,"۲۳۶,۰۰۰,۰۰۰","۲۳۶,۰۰۰,۰۰۰",شنبه ساعت ۱۷:۰۰ تا ۲۰:۰۰ | دوشنبه ساعت ۱۷:۰۰ تا ۲۰:۰۰ | چهارشنبه ساعت ۱۷:۰۰ تا ۲۰:۰۰,https://mftplus.com/lesson/4891/دوره-جامع-تعمیرات-تخصصی-تلفن-همراه
Security Pack,فناوری اطلاعات و ارتباطات,زعفرانیه,مشخص نشده,چهارشنبه ۲۶ فروردین ۱۴۰۵,چهارشنبه ۲۱ بهمن ۱۴۰۵,"۱۶۹,۰۰۰,۰۰۰","۲۱۱,۰۰۰,۰۰۰",چهارشنبه ساعت ۱۷:۰۰ تا ۲۱:۰۰,https://mftplus.com/lesson/132117127/Security-Pack
+Security,فناوری اطلاعات و ارتباطات,زعفرانیه,مشخص نشده,چهارشنبه ۲۶ فروردین ۱۴۰۵,چهارشنبه ۲۰ خرداد ۱۴۰۵,"۲۹,۰۰۰,۰۰۰","۳۶,۰۰۰,۰۰۰",چهارشنبه ساعت ۱۷:۰۰ تا ۲۱:۰۰,https://mftplus.com/lesson/132117129/+Security
اتوکد الکتریکال,برق و الکترونیک,بلوار کاوه(قیطریه),مشخص نشده,چهارشنبه ۲۶ فروردین ۱۴۰۵,چهارشنبه ۲۰ خرداد ۱۴۰۵,"۷۱,۳۰۰,۰۰۰","۹۵,۰۰۰,۰۰۰",چهارشنبه ساعت ۰۹:۰۰ تا ۱۴:۰۰,https://mftplus.com/lesson/181222132/اتوکد-الکتریکال
کوچینگ سطح یک (مقدماتی),مدیریت و کسب و کار,میرداماد,مشخص نشده,چهارشنبه ۲۶ فروردین ۱۴۰۵,چهارشنبه ۱۴ مرداد ۱۴۰۵,"۳۰۰,۰۰۰,۰۰۰","۳۰۰,۰۰۰,۰۰۰",چهارشنبه ساعت ۱۷:۰۰ تا ۲۱:۰۰,https://mftplus.com/lesson/6110/کوچینگ-سطح-یک-(مقدماتی)
کوچینگ سطح دو (پیشرفته),مدیریت و کسب و کار,میرداماد,مشخص نشده,چهارشنبه ۲۶ فروردین ۱۴۰۵,چهارشنبه ۱۴ مرداد ۱۴۰۵,"۴۲۰,۰۰۰,۰۰۰","۴۲۰,۰۰۰,۰۰۰",چهارشنبه ساعت ۱۷:۰۰ تا ۲۱:۰۰,https://mftplus.com/lesson/6111/کوچینگ-سطح-دو-(پیشرفته)
TOEFL,زبانهای خارجی,سعادت آباد (مرکزی),مشخص نشده,پنجشنبه ۲۷ فروردین ۱۴۰۵,پنجشنبه ۲۸ خرداد ۱۴۰۵,"۵۹,۲۰۰,۰۰۰","۵۹,۲۰۰,۰۰۰",جمعه ساعت ۰۸:۰۰ تا ۱۱:۰۰ | پنجشنبه ساعت ۰۸:۰۰ تا ۱۱:۰۰,https://mftplus.com/lesson/231222145/TOEFL
ICDL Pack 2021,فناوری اطلاعات و ارتباطات,تهرانپارس,عبدالحسن اشیاع,پنجشنبه ۲۷ فروردین ۱۴۰۵,جمعه ۲ مرداد ۱۴۰۵,"۸۱,۰۰۰,۰۰۰","۸۱,۰۰۰,۰۰۰",جمعه ساعت ۱۳:۰۰ تا ۱۸:۰۰ | پنجشنبه ساعت ۰۸:۰۰ تا ۱۳:۰۰,https://mftplus.com/lesson/5575/ICDL-Pack-2021
Machine Learning with Python,فناوری اطلاعات و ارتباطات,زعفرانیه,مشخص نشده,پنجشنبه ۲۷ فروردین ۱۴۰۵,پنجشنبه ۱ مرداد ۱۴۰۵,"۶۷,۰۰۰,۰۰۰","۸۴,۰۰۰,۰۰۰",پنجشنبه ساعت ۰۸:۰۰ تا ۱۲:۰۰,https://mftplus.com/lesson/5546/Machine-Learning-with-Python
PTE Preparation Course,زبانهای خارجی,سعادت آباد (مرکزی),مشخص نشده,پنجشنبه ۲۷ فروردین ۱۴۰۵,پنجشنبه ۲۸ خرداد ۱۴۰۵,"۷۷,۸۰۰,۰۰۰","۷۷,۸۰۰,۰۰۰",پنجشنبه ساعت ۰۸:۰۰ تا ۱۴:۰۰,https://mftplus.com/lesson/231222153/PTE-Preparation-Course
IELTS 7+,زبانهای خارجی,سعادت آباد (مرکزی),مشخص نشده,پنجشنبه ۲۷ فروردین ۱۴۰۵,پنجشنبه ۲۸ خرداد ۱۴۰۵,"۶۹,۵۰۰,۰۰۰","۶۹,۵۰۰,۰۰۰",جمعه ساعت ۱۷:۳۰ تا ۲۰:۳۰ | پنجشنبه ساعت ۱۷:۳۰ تا ۲۰:۳۰,https://mftplus.com/lesson/4530/IELTS-7+
دوره طراحی رابط و تجربه کاربری (UI/UX),فناوری اطلاعات و ارتباطات,زعفرانیه,مشخص نشده,پنجشنبه ۲۷ فروردین ۱۴۰۵,پنجشنبه ۱۱ تیر ۱۴۰۵,"۵۵,۰۰۰,۰۰۰","۶۸,۰۰۰,۰۰۰",پنجشنبه ساعت ۰۹:۰۰ تا ۱۳:۰۰,https://mftplus.com/lesson/5605/دوره-طراحی-رابط-و-تجربه-کاربری-(UI/UX)
تکنیک های مدلسازی و نورپردازی در مایا,هنر و سینما,زعفرانیه,مشخص نشده,پنجشنبه ۲۷ فروردین ۱۴۰۵,پنجشنبه ۱۵ مرداد ۱۴۰۵,"۱۲۴,۹۰۰,۰۰۰","۱۵۳,۶۰۰,۰۰۰",جمعه ساعت ۱۳:۰۰ تا ۱۷:۰۰ | پنجشنبه ساعت ۱۳:۰۰ تا ۱۷:۰۰,https://mftplus.com/lesson/431214127/تکنیک-های-مدلسازی-و-نورپردازی-در-مایا
نقاشی خط 1 (کالیگرافی مدرن),هنر و سینما,زعفرانیه,مشخص نشده,پنجشنبه ۲۷ فروردین ۱۴۰۵,پنجشنبه ۳۱ اردیبهشت ۱۴۰۵,"۴۶,۸۰۰,۰۰۰","۴۶,۸۰۰,۰۰۰",پنجشنبه ساعت ۱۷:۰۰ تا ۲۰:۰۰,https://mftplus.com/lesson/4456/نقاشی-خط-1-(کالیگرافی-مدرن)
ICDL 2021 Level 2,فناوری اطلاعات و ارتباطات,زعفرانیه,مشخص نشده,پنجشنبه ۲۷ فروردین ۱۴۰۵,جمعه ۲۲ خرداد ۱۴۰۵,"۳۵,۰۰۰,۰۰۰","۴۴,۰۰۰,۰۰۰",جمعه ساعت ۱۳:۰۰ تا ۱۷:۰۰ | پنجشنبه ساعت ۱۳:۰۰ تا ۱۷:۰۰,https://mftplus.com/lesson/5573/ICDL-2021-Level-2
نقشه کشی معماری,معماری,باملند(شمال غرب),مشخص نشده,پنجشنبه ۲۷ فروردین ۱۴۰۵,پنجشنبه ۳۱ اردیبهشت ۱۴۰۵,"۶۲,۰۰۰,۰۰۰","۶۲,۰۰۰,۰۰۰",پنجشنبه ساعت ۰۸:۰۰ تا ۱۴:۰۰,https://mftplus.com/lesson/391212129/نقشه-کشی-معماری
جامع موتور رشد فروش,مدیریت و کسب و کار,سعادت آباد (مرکزی),مشخص نشده,پنجشنبه ۲۷ فروردین ۱۴۰۵,پنجشنبه ۹ مهر ۱۴۰۵,"۲۴۷,۰۰۰,۰۰۰","۲۹۴,۰۰۰,۰۰۰",پنجشنبه ساعت ۱۴:۳۰ تا ۲۰:۳۰,https://mftplus.com/lesson/6609/جامع-موتور-رشد-فروش
Network+,فناوری اطلاعات و ارتباطات,زعفرانیه,مشخص نشده,پنجشنبه ۲۷ فروردین ۱۴۰۵,جمعه ۱۸ اردیبهشت ۱۴۰۵,"۱۵,۰۰۰,۰۰۰","۲۰,۰۰۰,۰۰۰",جمعه ساعت ۱۳:۰۰ تا ۱۷:۰۰ | پنجشنبه ساعت ۱۳:۰۰ تا ۱۷:۰۰,https://mftplus.com/lesson/131612129/Network+
تربیت مترجم ویژه بازار کار,زبانهای خارجی,سعادت آباد (مرکزی),مشخص نشده,پنجشنبه ۲۷ فروردین ۱۴۰۵,پنجشنبه ۱۱ تیر ۱۴۰۵,"۷۷,۹۰۰,۰۰۰","۷۷,۹۰۰,۰۰۰",پنجشنبه ساعت ۰۸:۳۰ تا ۱۴:۳۰,https://mftplus.com/lesson/4471/تربیت-مترجم-ویژه-بازار-کار
ترجمه شفاهی,زبانهای خارجی,سعادت آباد (مرکزی),مشخص نشده,پنجشنبه ۲۷ فروردین ۱۴۰۵,یکشنبه ۳ خرداد ۱۴۰۵,"۷۳,۱۰۰,۰۰۰","۷۳,۱۰۰,۰۰۰",یکشنبه ساعت ۱۷:۳۰ تا ۲۰:۳۰ | پنجشنبه ساعت ۱۴:۳۰ تا ۱۷:۳۰,https://mftplus.com/lesson/231218132/ترجمه-شفاهی
طراحی و نصب نیروگاههای خورشیدی,برق و الکترونیک,بلوار کاوه(قیطریه),مشخص نشده,پنجشنبه ۲۷ فروردین ۱۴۰۵,چهارشنبه ۲ اردیبهشت ۱۴۰۵,"۱۱۴,۰۰۰,۰۰۰","۱۱۴,۰۰۰,۰۰۰",جمعه ساعت ۰۸:۰۰ تا ۱۶:۰۰ | چهارشنبه ساعت ۰۸:۰۰ تا ۱۶:۰۰ | پنجشنبه ساعت ۰۸:۰۰ تا ۱۶:۰۰,https://mftplus.com/lesson/5756/طراحی-و-نصب-نیروگاههای-خورشیدی
Microsoft Office Excel 2021,فناوری اطلاعات و ارتباطات,زعفرانیه,مشخص نشده,پنجشنبه ۲۷ فروردین ۱۴۰۵,جمعه ۱۱ اردیبهشت ۱۴۰۵,"۲۳,۰۰۰,۰۰۰","۲۸,۰۰۰,۰۰۰",جمعه ساعت ۱۳:۰۰ تا ۱۷:۰۰ | پنجشنبه ساعت ۱۳:۰۰ تا ۱۷:۰۰,https://mftplus.com/lesson/5578/Microsoft-Office-Excel-2021
Wordpress & SEO PACK,فناوری اطلاعات و ارتباطات,زعفرانیه,مشخص نشده,پنجشنبه ۲۷ فروردین ۱۴۰۵,جمعه ۵ تیر ۱۴۰۵,"۱۰۰,۰۰۰,۰۰۰","۱۲۴,۰۰۰,۰۰۰",جمعه ساعت ۱۳:۰۰ تا ۱۷:۰۰ | پنجشنبه ساعت ۱۳:۰۰ تا ۱۷:۰۰,https://mftplus.com/lesson/4669/Wordpress-&-SEO-PACK
Wordpress & WooCommerce Essential Training,فناوری اطلاعات و ارتباطات,زعفرانیه,مشخص نشده,پنجشنبه ۲۷ فروردین ۱۴۰۵,پنجشنبه ۲۴ اردیبهشت ۱۴۰۵,"۴۱,۰۰۰,۰۰۰","۵۳,۰۰۰,۰۰۰",جمعه ساعت ۱۳:۰۰ تا ۱۷:۰۰ | پنجشنبه ساعت ۱۳:۰۰ تا ۱۷:۰۰,https://mftplus.com/lesson/5202/Wordpress-&-WooCommerce-Essential-Training
Microsoft Office Excel 2021,فناوری اطلاعات و ارتباطات,بلوار کاوه(قیطریه),مشخص نشده,پنجشنبه ۲۷ فروردین ۱۴۰۵,پنجشنبه ۱۷ اردیبهشت ۱۴۰۵,"۲۳,۰۰۰,۰۰۰","۲۸,۰۰۰,۰۰۰",پنجشنبه ساعت ۰۸:۰۰ تا ۱۴:۰۰,https://mftplus.com/lesson/5578/Microsoft-Office-Excel-2021
Data Analysis with Python,فناوری اطلاعات و ارتباطات,بلوار کاوه(قیطریه),مشخص نشده,پنجشنبه ۲۷ فروردین ۱۴۰۵,پنجشنبه ۳۱ اردیبهشت ۱۴۰۵,"۴۰,۰۰۰,۰۰۰","۵۰,۰۰۰,۰۰۰",پنجشنبه ساعت ۱۵:۰۰ تا ۲۰:۰۰,https://mftplus.com/lesson/5544/Data-Analysis-with-Python
برنامه ریزی و کنترل پروژه با نرم افزار Oracle Primavera P6,علوم مهندسی,میرداماد,مشخص نشده,پنجشنبه ۲۷ فروردین ۱۴۰۵,پنجشنبه ۱۴ خرداد ۱۴۰۵,"۷۵,۰۰۰,۰۰۰","۷۵,۰۰۰,۰۰۰",پنجشنبه ساعت ۱۴:۳۰ تا ۲۰:۳۰,https://mftplus.com/lesson/154012133/برنامه-ریزی-و-کنترل-پروژه-با-نرم-افزار-Oracle-Primavera-P6
Data Analysis with Python,فناوری اطلاعات و ارتباطات,زعفرانیه,مشخص نشده,پنجشنبه ۲۷ فروردین ۱۴۰۵,پنجشنبه ۲۱ خرداد ۱۴۰۵,"۴۰,۰۰۰,۰۰۰","۵۰,۰۰۰,۰۰۰",پنجشنبه ساعت ۰۸:۰۰ تا ۱۲:۰۰,https://mftplus.com/lesson/5544/Data-Analysis-with-Python
موتور بازی سازی یونیتی,فناوری اطلاعات و ارتباطات,زعفرانیه,مشخص نشده,پنجشنبه ۲۷ فروردین ۱۴۰۵,پنجشنبه ۱۲ شهریور ۱۴۰۵,"۱۲۶,۰۰۰,۰۰۰","۱۲۶,۰۰۰,۰۰۰",پنجشنبه ساعت ۰۹:۰۰ تا ۱۳:۰۰,https://mftplus.com/lesson/4610/موتور-بازی-سازی-یونیتی
Microsoft Office Excel 2021 Expert,فناوری اطلاعات و ارتباطات,زعفرانیه,مشخص نشده,پنجشنبه ۲۷ فروردین ۱۴۰۵,پنجشنبه ۲۱ خرداد ۱۴۰۵,"۳۵,۰۰۰,۰۰۰","۴۴,۰۰۰,۰۰۰",پنجشنبه ساعت ۰۹:۰۰ تا ۱۳:۰۰,https://mftplus.com/lesson/5619/Microsoft-Office-Excel-2021-Expert
"مدیریت پروژه حرفه ای – مبانی و نرم افزارهای کاربردی (PMBOK, MSP & Primavera P6)",علوم مهندسی,میرداماد,مشخص نشده,پنجشنبه ۲۷ فروردین ۱۴۰۵,پنجشنبه ۹ مهر ۱۴۰۵,"۱۶۹,۰۰۰,۰۰۰","۱۶۹,۰۰۰,۰۰۰",پنجشنبه ساعت ۰۹:۳۰ تا ۱۴:۳۰,"https://mftplus.com/lesson/154012130/مدیریت-پروژه-حرفه-ای-–-مبانی-و-نرم-افزارهای-کاربردی-(PMBOK,-MSP-&-Primavera-P6)"
برنامه ریزی و کنترل پروژه با نرم افزار MS Project,علوم مهندسی,میرداماد,مشخص نشده,پنجشنبه ۲۷ فروردین ۱۴۰۵,پنجشنبه ۲۱ خرداد ۱۴۰۵,"۶۵,۰۰۰,۰۰۰","۶۵,۰۰۰,۰۰۰",پنجشنبه ساعت ۰۹:۳۰ تا ۱۴:۳۰,https://mftplus.com/lesson/154012124/برنامه-ریزی-و-کنترل-پروژه-با-نرم-افزار-MS-Project
PLC Basics:  Siemens S7/300 & 400,برق و الکترونیک,پارک ساعی,مشخص نشده,پنجشنبه ۲۷ فروردین ۱۴۰۵,پنجشنبه ۲۴ اردیبهشت ۱۴۰۵,"۷۰,۰۰۰,۰۰۰","۷۰,۰۰۰,۰۰۰",پنجشنبه ساعت ۰۹:۰۰ تا ۱۴:۰۰,https://mftplus.com/lesson/4549/PLC-Basics:-Siemens-S7/300-&-400
AVR مقدماتی,برق و الکترونیک,پارک ساعی,مشخص نشده,پنجشنبه ۲۷ فروردین ۱۴۰۵,پنجشنبه ۵ شهریور ۱۴۰۵,"۶۷,۲۰۰,۰۰۰","۶۷,۲۰۰,۰۰۰",پنجشنبه ساعت ۱۷:۰۰ تا ۲۰:۰۰,https://mftplus.com/lesson/4586/AVR-مقدماتی
Programming with Python,فناوری اطلاعات و ارتباطات,زعفرانیه,مشخص نشده,پنجشنبه ۲۷ فروردین ۱۴۰۵,پنجشنبه ۱۵ مرداد ۱۴۰۵,"۷۰,۰۰۰,۰۰۰","۸۸,۰۰۰,۰۰۰",پنجشنبه ساعت ۰۹:۰۰ تا ۱۳:۰۰,https://mftplus.com/lesson/5679/Programming-with-Python
Python Programming Advanced,فناوری اطلاعات و ارتباطات,زعفرانیه,مشخص نشده,پنجشنبه ۲۷ فروردین ۱۴۰۵,پنجشنبه ۱۵ مرداد ۱۴۰۵,"۹۲,۰۰۰,۰۰۰","۱۱۴,۰۰۰,۰۰۰",پنجشنبه ساعت ۱۳:۰۰ تا ۱۷:۰۰,https://mftplus.com/lesson/5681/Python-Programming-Advanced
Developing IOS apps with Swift,فناوری اطلاعات و ارتباطات,زعفرانیه,مشخص نشده,پنجشنبه ۲۷ فروردین ۱۴۰۵,پنجشنبه ۱ مرداد ۱۴۰۵,"۵۴,۰۰۰,۰۰۰","۵۴,۰۰۰,۰۰۰",پنجشنبه ساعت ۰۹:۰۰ تا ۱۳:۰۰,https://mftplus.com/lesson/131914124/Developing-IOS-apps-with-Swift
طراحی وب سایت (Web Design Pack),فناوری اطلاعات و ارتباطات,زعفرانیه,مشخص نشده,پنجشنبه ۲۷ فروردین ۱۴۰۵,جمعه ۳ مهر ۱۴۰۵,"۱۵۰,۰۰۰,۰۰۰","۱۸۷,۰۰۰,۰۰۰",جمعه ساعت ۰۹:۰۰ تا ۱۳:۰۰ | پنجشنبه ساعت ۰۹:۰۰ تا ۱۳:۰۰,https://mftplus.com/lesson/6459/طراحی-وب-سایت-(Web-Design-Pack)
(HTML & CSS (Web Design I,فناوری اطلاعات و ارتباطات,زعفرانیه,مشخص نشده,پنجشنبه ۲۷ فروردین ۱۴۰۵,پنجشنبه ۲۱ خرداد ۱۴۰۵,"۴۵,۰۰۰,۰۰۰","۵۶,۰۰۰,۰۰۰",جمعه ساعت ۰۹:۰۰ تا ۱۳:۰۰ | پنجشنبه ساعت ۰۹:۰۰ تا ۱۳:۰۰,https://mftplus.com/lesson/6456/(HTML-&-CSS-(Web-Design-I
Programming with Python,فناوری اطلاعات و ارتباطات,باملند(شمال غرب),مشخص نشده,پنجشنبه ۲۷ فروردین ۱۴۰۵,پنجشنبه ۱۱ تیر ۱۴۰۵,"۸۸,۰۰۰,۰۰۰","۸۸,۰۰۰,۰۰۰",پنجشنبه ساعت ۰۸:۰۰ تا ۱۴:۰۰,https://mftplus.com/lesson/5679/Programming-with-Python
Microsoft Office Specialist (MOS),فناوری اطلاعات و ارتباطات,تهرانپارس,مشخص نشده,پنجشنبه ۲۷ فروردین ۱۴۰۵,پنجشنبه ۱۸ تیر ۱۴۰۵,"۱۳۵,۶۰۰,۰۰۰","۱۳۵,۶۰۰,۰۰۰",جمعه ساعت ۰۸:۰۰ تا ۱۳:۰۰ | پنجشنبه ساعت ۱۳:۰۰ تا ۱۸:۰۰,https://mftplus.com/lesson/5932/Microsoft-Office-Specialist-(MOS)
Microsoft Office Word 2019 Expert,فناوری اطلاعات و ارتباطات,زعفرانیه,مشخص نشده,پنجشنبه ۲۷ فروردین ۱۴۰۵,پنجشنبه ۳۱ اردیبهشت ۱۴۰۵,"۲۵,۰۰۰,۰۰۰","۲۵,۰۰۰,۰۰۰",پنجشنبه ساعت ۰۹:۰۰ تا ۱۳:۰۰,https://mftplus.com/lesson/3261/Microsoft-Office-Word-2019-Expert
تکنسین داروخانه (نسخه خوانی),دانش سلامت,باملند(شمال غرب),مشخص نشده,پنجشنبه ۲۷ فروردین ۱۴۰۵,پنجشنبه ۱۱ تیر ۱۴۰۵,"۷۱,۵۰۰,۰۰۰","۷۱,۵۰۰,۰۰۰",پنجشنبه ساعت ۱۴:۰۰ تا ۲۰:۰۰,https://mftplus.com/lesson/341615130/تکنسین-داروخانه-(نسخه-خوانی)
اجرا، فن بیان و سخنوری,هنر و سینما,باملند(شمال غرب),مشخص نشده,پنجشنبه ۲۷ فروردین ۱۴۰۵,پنجشنبه ۲۴ اردیبهشت ۱۴۰۵,"۵۶,۰۰۰,۰۰۰","۵۶,۰۰۰,۰۰۰",پنجشنبه ساعت ۰۸:۰۰ تا ۱۳:۰۰,https://mftplus.com/lesson/3962/اجرا،-فن-بیان-و-سخنوری
Network+,فناوری اطلاعات و ارتباطات,نیاوران,مشخص نشده,پنجشنبه ۲۷ فروردین ۱۴۰۵,جمعه ۲۵ اردیبهشت ۱۴۰۵,"۱۵,۰۰۰,۰۰۰","۲۰,۰۰۰,۰۰۰",جمعه ساعت ۱۸:۰۰ تا ۲۱:۰۰ | پنجشنبه ساعت ۱۸:۰۰ تا ۲۱:۰۰,https://mftplus.com/lesson/131612129/Network+
حسابداری ویژه بازار کار,علوم مالی و حسابداری,زعفرانیه,مشخص نشده,پنجشنبه ۲۷ فروردین ۱۴۰۵,پنجشنبه ۱۷ دی ۱۴۰۵,"۱۷۷,۶۰۰,۰۰۰","۱۷۷,۶۰۰,۰۰۰",پنجشنبه ساعت ۱۴:۰۰ تا ۱۹:۰۰,https://mftplus.com/lesson/3869/حسابداری-ویژه-بازار-کار
حسابداری مالی خدماتی,علوم مالی و حسابداری,زعفرانیه,مشخص نشده,پنجشنبه ۲۷ فروردین ۱۴۰۵,پنجشنبه ۱۱ تیر ۱۴۰۵,"۵۳,۹۰۰,۰۰۰","۵۳,۹۰۰,۰۰۰",پنجشنبه ساعت ۱۴:۰۰ تا ۱۹:۰۰,https://mftplus.com/lesson/3865/حسابداری-مالی-خدماتی
کوچینگ سطح یک (مقدماتی),مدیریت و کسب و کار,زعفرانیه,مشخص نشده,پنجشنبه ۲۷ فروردین ۱۴۰۵,پنجشنبه ۱۵ مرداد ۱۴۰۵,"۳۰۰,۰۰۰,۰۰۰","۳۰۰,۰۰۰,۰۰۰",پنجشنبه ساعت ۰۹:۰۰ تا ۱۳:۰۰,https://mftplus.com/lesson/6110/کوچینگ-سطح-یک-(مقدماتی)
جامع مدیریت منابع انسانی (HRM),مدیریت و کسب و کار,زعفرانیه,مشخص نشده,پنجشنبه ۲۷ فروردین ۱۴۰۵,جمعه ۲۶ تیر ۱۴۰۵,"۱۲۸,۷۰۰,۰۰۰","۱۶۱,۷۰۰,۰۰۰",جمعه ساعت ۰۹:۰۰ تا ۱۳:۰۰ | پنجشنبه ساعت ۰۹:۰۰ تا ۱۳:۰۰,https://mftplus.com/lesson/4924/جامع-مدیریت-منابع-انسانی-(HRM)
نقشه کشی صنعتی,علوم مهندسی,زعفرانیه,مشخص نشده,پنجشنبه ۲۷ فروردین ۱۴۰۵,پنجشنبه ۱۱ تیر ۱۴۰۵,"۶۷,۵۰۰,۰۰۰","۶۷,۵۰۰,۰۰۰",پنجشنبه ساعت ۰۹:۰۰ تا ۱۳:۰۰,https://mftplus.com/lesson/153718140/نقشه-کشی-صنعتی
تهیه و سرو حرفه ای نوشیدنی های سرد,تشریفات و گردشگری,البرز,مشخص نشده,پنجشنبه ۲۷ فروردین ۱۴۰۵,پنجشنبه ۲۱ خرداد ۱۴۰۵,"۸۳,۲۰۰,۰۰۰","۸۳,۲۰۰,۰۰۰",پنجشنبه ساعت ۱۴:۰۰ تا ۱۸:۰۰,https://mftplus.com/lesson/3832/تهیه-و-سرو-حرفه-ای-نوشیدنی-های-سرد
ورکشاپ تخصصی شکلات دست ساز,تشریفات و گردشگری,البرز,مشخص نشده,پنجشنبه ۲۷ فروردین ۱۴۰۵,پنجشنبه ۱۷ اردیبهشت ۱۴۰۵,"۷۰,۴۰۰,۰۰۰","۷۰,۴۰۰,۰۰۰",پنجشنبه ساعت ۱۴:۰۰ تا ۱۷:۰۰,https://mftplus.com/lesson/3814/ورکشاپ-تخصصی-شکلات-دست-ساز
نازکدوزی زنانه,فناوری مد و پوشاک,البرز,مشخص نشده,پنجشنبه ۲۷ فروردین ۱۴۰۵,پنجشنبه ۲۶ شهریور ۱۴۰۵,"۱۳۱,۰۰۰,۰۰۰","۱۳۱,۰۰۰,۰۰۰",پنجشنبه ساعت ۰۹:۰۰ تا ۱۵:۰۰,https://mftplus.com/lesson/411414164/نازکدوزی-زنانه
Wordpress & WooCommerce Essential Training,فناوری اطلاعات و ارتباطات,البرز,مشخص نشده,پنجشنبه ۲۷ فروردین ۱۴۰۵,پنجشنبه ۲۴ اردیبهشت ۱۴۰۵,"۵۳,۰۰۰,۰۰۰","۵۳,۰۰۰,۰۰۰",جمعه ساعت ۰۹:۰۰ تا ۱۳:۰۰ | پنجشنبه ساعت ۱۷:۰۰ تا ۲۱:۰۰,https://mftplus.com/lesson/5202/Wordpress-&-WooCommerce-Essential-Training
C# Programming,فناوری اطلاعات و ارتباطات,البرز,مشخص نشده,پنجشنبه ۲۷ فروردین ۱۴۰۵,پنجشنبه ۲۱ خرداد ۱۴۰۵,"۸۳,۰۰۰,۰۰۰","۸۳,۰۰۰,۰۰۰",جمعه ساعت ۱۳:۰۰ تا ۱۷:۰۰ | پنجشنبه ساعت ۱۳:۰۰ تا ۱۷:۰۰,https://mftplus.com/lesson/132027124/C#-Programming
Network+,فناوری اطلاعات و ارتباطات,البرز,مشخص نشده,پنجشنبه ۲۷ فروردین ۱۴۰۵,جمعه ۱۸ اردیبهشت ۱۴۰۵,"۲۰,۰۰۰,۰۰۰","۲۰,۰۰۰,۰۰۰",جمعه ساعت ۰۹:۰۰ تا ۱۳:۰۰ | پنجشنبه ساعت ۰۹:۰۰ تا ۱۳:۰۰,https://mftplus.com/lesson/131612129/Network+
ICDL Pack 2021,فناوری اطلاعات و ارتباطات,البرز,مشخص نشده,پنجشنبه ۲۷ فروردین ۱۴۰۵,پنجشنبه ۲۹ مرداد ۱۴۰۵,"۸۱,۰۰۰,۰۰۰","۸۱,۰۰۰,۰۰۰",جمعه ساعت ۱۷:۰۰ تا ۲۱:۰۰ | پنجشنبه ساعت ۱۷:۰۰ تا ۲۱:۰۰,https://mftplus.com/lesson/5575/ICDL-Pack-2021
طراحی داشبوردهای هوش تجاری با PowerBI,فناوری اطلاعات و ارتباطات,البرز,مشخص نشده,پنجشنبه ۲۷ فروردین ۱۴۰۵,پنجشنبه ۲۱ خرداد ۱۴۰۵,"۵۰,۰۰۰,۰۰۰","۵۰,۰۰۰,۰۰۰",پنجشنبه ساعت ۱۷:۰۰ تا ۲۱:۰۰,https://mftplus.com/lesson/6057/طراحی-داشبوردهای-هوش-تجاری-با-PowerBI
Python Programming Advanced,فناوری اطلاعات و ارتباطات,پارک ساعی,مشخص نشده,پنجشنبه ۲۷ فروردین ۱۴۰۵,پنجشنبه ۲۵ تیر ۱۴۰۵,"۹۲,۰۰۰,۰۰۰","۱۱۴,۰۰۰,۰۰۰",پنجشنبه ساعت ۰۹:۰۰ تا ۱۴:۰۰,https://mftplus.com/lesson/5681/Python-Programming-Advanced
تولید موسیقی الکترونیک (نرم افزار ایبلتون),هنر و سینما,زعفرانیه,مشخص نشده,پنجشنبه ۲۷ فروردین ۱۴۰۵,پنجشنبه ۲۴ اردیبهشت ۱۴۰۵,"۳۹,۹۰۰,۰۰۰","۳۹,۹۰۰,۰۰۰",پنجشنبه ساعت ۱۰:۰۰ تا ۱۵:۰۰,https://mftplus.com/lesson/6143/تولید-موسیقی-الکترونیک-(نرم-افزار-ایبلتون)
تربیت مدرس آزمون IELTS,زبانهای خارجی,سعادت آباد (مرکزی),مشخص نشده,جمعه ۲۸ فروردین ۱۴۰۵,جمعه ۱۸ اردیبهشت ۱۴۰۵,"۳۸,۵۰۰,۰۰۰","۳۸,۵۰۰,۰۰۰",جمعه ساعت ۰۹:۰۰ تا ۱۴:۱۵,https://mftplus.com/lesson/231217132/تربیت-مدرس-آزمون-IELTS
Python Programming Advanced,فناوری اطلاعات و ارتباطات,پرند,مشخص نشده,جمعه ۲۸ فروردین ۱۴۰۵,جمعه ۱۹ تیر ۱۴۰۵,"۱۱۴,۰۰۰,۰۰۰","۱۱۴,۰۰۰,۰۰۰",جمعه ساعت ۰۹:۰۰ تا ۱۴:۰۰,https://mftplus.com/lesson/5681/Python-Programming-Advanced
بازرگانی بین الملل,مدیریت و کسب و کار,سعادت آباد (مرکزی),مشخص نشده,جمعه ۲۸ فروردین ۱۴۰۵,جمعه ۱۸ اردیبهشت ۱۴۰۵,"۳۶,۸۰۰,۰۰۰","۴۸,۳۰۰,۰۰۰",جمعه ساعت ۰۸:۰۰ تا ۱۴:۰۰,https://mftplus.com/lesson/4937/بازرگانی-بین-الملل
جامع بازرگانی بین الملل (ITP),مدیریت و کسب و کار,سعادت آباد (مرکزی),مشخص نشده,جمعه ۲۸ فروردین ۱۴۰۵,جمعه ۲۳ مرداد ۱۴۰۵,"۱۴۷,۰۰۰,۰۰۰","۱۶۷,۰۰۰,۰۰۰",جمعه ساعت ۰۸:۰۰ تا ۱۴:۰۰,https://mftplus.com/lesson/4923/جامع-بازرگانی-بین-الملل-(ITP)
SQL Server 2022 Database Development,فناوری اطلاعات و ارتباطات,زعفرانیه,مشخص نشده,جمعه ۲۸ فروردین ۱۴۰۵,جمعه ۲ مرداد ۱۴۰۵,"۷۷,۰۰۰,۰۰۰","۹۰,۰۰۰,۰۰۰",جمعه ساعت ۱۳:۰۰ تا ۱۷:۰۰,https://mftplus.com/lesson/5316/SQL-Server-2022-Database-Development
سئو و بهینه سازی موتورهای جست و جو (SEO),فناوری اطلاعات و ارتباطات,زعفرانیه,مشخص نشده,جمعه ۲۸ فروردین ۱۴۰۵,جمعه ۵ تیر ۱۴۰۵,"۶۵,۰۰۰,۰۰۰","۸۳,۰۰۰,۰۰۰",جمعه ساعت ۰۹:۰۰ تا ۱۳:۰۰,https://mftplus.com/lesson/5303/سئو-و-بهینه-سازی-موتورهای-جست-و-جو-(SEO)
Deep Learning with Python,فناوری اطلاعات و ارتباطات,نارمک,مشخص نشده,جمعه ۲۸ فروردین ۱۴۰۵,جمعه ۹ مرداد ۱۴۰۵,"۱۱۷,۰۰۰,۰۰۰","۱۱۷,۰۰۰,۰۰۰",جمعه ساعت ۰۸:۰۰ تا ۱۲:۰۰,https://mftplus.com/lesson/5542/Deep-Learning-with-Python
Java SE 8 Programming,فناوری اطلاعات و ارتباطات,زعفرانیه,مشخص نشده,جمعه ۲۸ فروردین ۱۴۰۵,جمعه ۱۹ تیر ۱۴۰۵,"۵۵,۰۰۰,۰۰۰","۶۸,۰۰۰,۰۰۰",جمعه ساعت ۱۳:۰۰ تا ۱۷:۰۰,https://mftplus.com/lesson/132018136/Java-SE-8-Programming
CCNP Enterprise Package,فناوری اطلاعات و ارتباطات,سعادت آباد (مرکزی),سینا رجائی,جمعه ۲۸ فروردین ۱۴۰۵,جمعه ۲۹ آبان ۱۴۰۵,"۱۴۷,۰۰۰,۰۰۰","۱۸۰,۰۰۰,۰۰۰",جمعه ساعت ۱۴:۳۰ تا ۱۹:۳۰,https://mftplus.com/lesson/3685/CCNP-Enterprise-Package
مسئول دفتری از نگارش تا مدیریت,مدیریت و کسب و کار,سعادت آباد (مرکزی),مشخص نشده,جمعه ۲۸ فروردین ۱۴۰۵,جمعه ۲۵ اردیبهشت ۱۴۰۵,"۳۸,۴۰۰,۰۰۰","۴۸,۰۰۰,۰۰۰",جمعه ساعت ۰۹:۰۰ تا ۱۴:۰۰,https://mftplus.com/lesson/6467/مسئول-دفتری-از-نگارش-تا-مدیریت
اصول طراحی دیجیتال,برق و الکترونیک,پارک ساعی,مشخص نشده,جمعه ۲۸ فروردین ۱۴۰۵,جمعه ۵ تیر ۱۴۰۵,"۶۲,۰۰۰,۰۰۰","۶۲,۰۰۰,۰۰۰",جمعه ساعت ۱۴:۳۰ تا ۱۹:۳۰,https://mftplus.com/lesson/5327/اصول-طراحی-دیجیتال
اتوکد الکتریکال,برق و الکترونیک,پارک ساعی,مشخص نشده,جمعه ۲۸ فروردین ۱۴۰۵,جمعه ۲۲ خرداد ۱۴۰۵,"۷۱,۳۰۰,۰۰۰","۹۵,۰۰۰,۰۰۰",جمعه ساعت ۰۹:۰۰ تا ۱۴:۰۰,https://mftplus.com/lesson/181222132/اتوکد-الکتریکال
CCNA 200-301,فناوری اطلاعات و ارتباطات,زعفرانیه,مشخص نشده,جمعه ۲۸ فروردین ۱۴۰۵,جمعه ۱۳ شهریور ۱۴۰۵,"۶۴,۰۰۰,۰۰۰","۷۸,۰۰۰,۰۰۰",جمعه ساعت ۰۹:۰۰ تا ۱۳:۰۰,https://mftplus.com/lesson/3742/CCNA-200-301
دوره جامع نقشه خوانی ساختمان,علوم مهندسی,بلوار کاوه(قیطریه),مشخص نشده,جمعه ۲۸ فروردین ۱۴۰۵,جمعه ۲۹ خرداد ۱۴۰۵,"۷۹,۰۰۰,۰۰۰","۷۹,۰۰۰,۰۰۰",جمعه ساعت ۰۹:۰۰ تا ۱۴:۰۰,https://mftplus.com/lesson/5613/دوره-جامع-نقشه-خوانی-ساختمان
MCSA PACK 2025,فناوری اطلاعات و ارتباطات,زعفرانیه,مشخص نشده,جمعه ۲۸ فروردین ۱۴۰۵,جمعه ۲۸ اسفند ۱۴۰۵,"۱۷۳,۰۰۰,۰۰۰","۲۱۸,۰۰۰,۰۰۰",جمعه ساعت ۱۴:۰۰ تا ۱۹:۰۰,https://mftplus.com/lesson/6364/MCSA-PACK-2025
Microsoft Office Excel 2021,فناوری اطلاعات و ارتباطات,بلوار کاوه(قیطریه),مشخص نشده,جمعه ۲۸ فروردین ۱۴۰۵,جمعه ۱۸ اردیبهشت ۱۴۰۵,"۲۳,۰۰۰,۰۰۰","۲۸,۰۰۰,۰۰۰",جمعه ساعت ۱۴:۰۰ تا ۲۰:۰۰,https://mftplus.com/lesson/5578/Microsoft-Office-Excel-2021
مکاتبات تجاری به زبان انگلیسی سطح متوسط,زبانهای خارجی,سعادت آباد (مرکزی),مشخص نشده,جمعه ۲۸ فروردین ۱۴۰۵,جمعه ۲۵ اردیبهشت ۱۴۰۵,"۴۶,۸۰۰,۰۰۰","۴۶,۸۰۰,۰۰۰",جمعه ساعت ۱۱:۰۰ تا ۱۷:۳۰,https://mftplus.com/lesson/5523/مکاتبات-تجاری-به-زبان-انگلیسی-سطح-متوسط
Android pack With Kotlin,فناوری اطلاعات و ارتباطات,نارمک,مشخص نشده,جمعه ۲۸ فروردین ۱۴۰۵,جمعه ۶ شهریور ۱۴۰۵,"۹۳,۰۰۰,۰۰۰","۹۳,۰۰۰,۰۰۰",جمعه ساعت ۰۹:۰۰ تا ۱۳:۰۰,https://mftplus.com/lesson/3990/Android-pack-With-Kotlin
C# Programming,فناوری اطلاعات و ارتباطات,بلوار کاوه(قیطریه),مشخص نشده,جمعه ۲۸ فروردین ۱۴۰۵,جمعه ۲۹ خرداد ۱۴۰۵,"۶۷,۰۰۰,۰۰۰","۸۳,۰۰۰,۰۰۰",جمعه ساعت ۱۴:۰۰ تا ۲۰:۰۰,https://mftplus.com/lesson/132027124/C#-Programming
طراحی وب سایت (Web Design Pack),فناوری اطلاعات و ارتباطات,بلوار کاوه(قیطریه),مشخص نشده,جمعه ۲۸ فروردین ۱۴۰۵,جمعه ۸ آبان ۱۴۰۵,"۱۵۰,۰۰۰,۰۰۰","۱۸۷,۰۰۰,۰۰۰",جمعه ساعت ۰۹:۰۰ تا ۱۲:۰۰ | پنجشنبه ساعت ۰۹:۰۰ تا ۱۲:۰۰,https://mftplus.com/lesson/6459/طراحی-وب-سایت-(Web-Design-Pack)
(HTML & CSS (Web Design I,فناوری اطلاعات و ارتباطات,بلوار کاوه(قیطریه),مشخص نشده,جمعه ۲۸ فروردین ۱۴۰۵,پنجشنبه ۴ تیر ۱۴۰۵,"۴۵,۰۰۰,۰۰۰","۵۶,۰۰۰,۰۰۰",جمعه ساعت ۰۹:۰۰ تا ۱۲:۰۰ | پنجشنبه ساعت ۰۹:۰۰ تا ۱۲:۰۰,https://mftplus.com/lesson/6456/(HTML-&-CSS-(Web-Design-I
پکیج مراقبت زیبایی پوست و مو,دانش سلامت,باملند(شمال غرب),مشخص نشده,جمعه ۲۸ فروردین ۱۴۰۵,پنجشنبه ۲۵ تیر ۱۴۰۵,"۲۴۷,۰۰۰,۰۰۰","۲۴۷,۰۰۰,۰۰۰",جمعه ساعت ۰۸:۰۰ تا ۱۴:۰۰ | پنجشنبه ساعت ۰۸:۰۰ تا ۱۴:۰۰,https://mftplus.com/lesson/6072/پکیج-مراقبت-زیبایی-پوست-و-مو
Installing and Configuring Windows 11,فناوری اطلاعات و ارتباطات,میرداماد,مشخص نشده,جمعه ۲۸ فروردین ۱۴۰۵,جمعه ۲۲ خرداد ۱۴۰۵,"۳۵,۰۰۰,۰۰۰","۴۴,۰۰۰,۰۰۰",جمعه ساعت ۰۹:۰۰ تا ۱۴:۰۰,https://mftplus.com/lesson/5953/Installing-and-Configuring-Windows-11
مدیریت راهبردی کسب و کار (DBA),مدیریت و کسب و کار,میرداماد,مشخص نشده,جمعه ۲۸ فروردین ۱۴۰۵,جمعه ۲۷ فروردین ۱۴۰۶,"۴۷۱,۹۰۰,۰۰۰","۵۹۲,۹۰۰,۰۰۰",جمعه ساعت ۰۸:۳۰ تا ۱۴:۳۰,https://mftplus.com/lesson/4911/مدیریت-راهبردی-کسب-و-کار-(DBA)
Programming with Python,فناوری اطلاعات و ارتباطات,سعادت آباد (مرکزی),آرشام حاجب,جمعه ۲۸ فروردین ۱۴۰۵,جمعه ۱۲ تیر ۱۴۰۵,"۷۰,۰۰۰,۰۰۰","۸۸,۰۰۰,۰۰۰",جمعه ساعت ۰۹:۰۰ تا ۱۴:۰۰,https://mftplus.com/lesson/5679/Programming-with-Python
دوره طراحی رابط و تجربه کاربری (UI/UX),فناوری اطلاعات و ارتباطات,زعفرانیه,مشخص نشده,جمعه ۲۸ فروردین ۱۴۰۵,جمعه ۵ تیر ۱۴۰۵,"۵۵,۰۰۰,۰۰۰","۶۸,۰۰۰,۰۰۰",جمعه ساعت ۰۹:۰۰ تا ۱۳:۰۰,https://mftplus.com/lesson/5605/دوره-طراحی-رابط-و-تجربه-کاربری-(UI/UX)
طراحی وب سایت (Web Design Pack),فناوری اطلاعات و ارتباطات,پارک ساعی,مشخص نشده,جمعه ۲۸ فروردین ۱۴۰۵,جمعه ۲۹ آبان ۱۴۰۵,"۱۵۰,۰۰۰,۰۰۰","۱۸۷,۰۰۰,۰۰۰",جمعه ساعت ۱۵:۰۰ تا ۲۱:۰۰,https://mftplus.com/lesson/6459/طراحی-وب-سایت-(Web-Design-Pack)
Network+,فناوری اطلاعات و ارتباطات,سیدخندان,مشخص نشده,جمعه ۲۸ فروردین ۱۴۰۵,جمعه ۱ خرداد ۱۴۰۵,"۱۵,۰۰۰,۰۰۰","۲۰,۰۰۰,۰۰۰",جمعه ساعت ۱۳:۰۰ تا ۱۸:۰۰,https://mftplus.com/lesson/131612129/Network+
نرم افزار EPLAN,برق و الکترونیک,پارک ساعی,مشخص نشده,جمعه ۲۸ فروردین ۱۴۰۵,جمعه ۲۲ خرداد ۱۴۰۵,"۷۸,۸۰۰,۰۰۰","۷۸,۸۰۰,۰۰۰",جمعه ساعت ۱۴:۳۰ تا ۱۸:۳۰,https://mftplus.com/lesson/181222127/نرم-افزار-EPLAN
Microsoft Office Excel 2021,فناوری اطلاعات و ارتباطات,زعفرانیه,مشخص نشده,جمعه ۲۸ فروردین ۱۴۰۵,جمعه ۲۲ خرداد ۱۴۰۵,"۲۳,۰۰۰,۰۰۰","۲۸,۰۰۰,۰۰۰",جمعه ساعت ۱۷:۰۰ تا ۲۰:۰۰,https://mftplus.com/lesson/5578/Microsoft-Office-Excel-2021
(HTML & CSS (Web Design I,فناوری اطلاعات و ارتباطات,پارک ساعی,مشخص نشده,جمعه ۲۸ فروردین ۱۴۰۵,جمعه ۵ تیر ۱۴۰۵,"۴۵,۰۰۰,۰۰۰","۵۶,۰۰۰,۰۰۰",جمعه ساعت ۱۵:۰۰ تا ۲۱:۰۰,https://mftplus.com/lesson/6456/(HTML-&-CSS-(Web-Design-I
مقدمه ای بر الگوریتم و برنامه نویسی,فناوری اطلاعات و ارتباطات,سیدخندان,مشخص نشده,جمعه ۲۸ فروردین ۱۴۰۵,جمعه ۲۲ خرداد ۱۴۰۵,"۲۸,۰۰۰,۰۰۰","۳۳,۰۰۰,۰۰۰",جمعه ساعت ۰۸:۰۰ تا ۱۳:۰۰,https://mftplus.com/lesson/132017130/مقدمه-ای-بر-الگوریتم-و-برنامه-نویسی
Programming with Python,فناوری اطلاعات و ارتباطات,نیاوران,آتیلا قشقایی,جمعه ۲۸ فروردین ۱۴۰۵,جمعه ۱۹ تیر ۱۴۰۵,"۷۰,۰۰۰,۰۰۰","۸۸,۰۰۰,۰۰۰",جمعه ساعت ۰۹:۰۰ تا ۱۴:۰۰,https://mftplus.com/lesson/5679/Programming-with-Python
تایپ و تندزنی,فناوری اطلاعات و ارتباطات,نارمک,مشخص نشده,جمعه ۲۸ فروردین ۱۴۰۵,جمعه ۱۸ اردیبهشت ۱۴۰۵,"۱۰,۸۰۰,۰۰۰","۱۰,۸۰۰,۰۰۰",جمعه ساعت ۰۹:۰۰ تا ۱۳:۰۰,https://mftplus.com/lesson/131514123/تایپ-و-تندزنی
عطرسازی مقدماتی,فناوری مد و پوشاک,سعادت آباد (مرکزی),مشخص نشده,جمعه ۲۸ فروردین ۱۴۰۵,جمعه ۲۵ اردیبهشت ۱۴۰۵,"۲۱۰,۰۰۰,۰۰۰","۲۱۰,۰۰۰,۰۰۰",جمعه ساعت ۰۸:۰۰ تا ۱۴:۰۰,https://mftplus.com/lesson/6677/عطرسازی-مقدماتی
Python Web Development With Django,فناوری اطلاعات و ارتباطات,البرز,مشخص نشده,جمعه ۲۸ فروردین ۱۴۰۵,جمعه ۵ تیر ۱۴۰۵,"۵۹,۰۰۰,۰۰۰","۵۹,۰۰۰,۰۰۰",جمعه ساعت ۱۳:۰۰ تا ۱۸:۰۰,https://mftplus.com/lesson/4046/Python-Web-Development-With-Django
مدیریت عالی کسب و کار (MBA),مدیریت و کسب و کار,میرداماد,مشخص نشده,جمعه ۲۸ فروردین ۱۴۰۵,جمعه ۲۷ فروردین ۱۴۰۶,"۳۵۲,۰۰۰,۰۰۰","۴۲۹,۰۰۰,۰۰۰",جمعه ساعت ۰۸:۳۰ تا ۱۴:۳۰,https://mftplus.com/lesson/4910/مدیریت-عالی-کسب-و-کار-(MBA)
ICDL Pack 2021,فناوری اطلاعات و ارتباطات,تهرانپارس,مریم داداشی,شنبه ۲۹ فروردین ۱۴۰۵,شنبه ۲۷ تیر ۱۴۰۵,"۸۱,۰۰۰,۰۰۰","۸۱,۰۰۰,۰۰۰",شنبه ساعت ۰۸:۰۰ تا ۱۳:۰۰ | چهارشنبه ساعت ۰۸:۰۰ تا ۱۳:۰۰,https://mftplus.com/lesson/5575/ICDL-Pack-2021
ICDL Pack 2021,فناوری اطلاعات و ارتباطات,تهرانپارس,مریم داداشی,شنبه ۲۹ فروردین ۱۴۰۵,شنبه ۱۷ مرداد ۱۴۰۵,"۸۱,۰۰۰,۰۰۰","۸۱,۰۰۰,۰۰۰",شنبه ساعت ۱۷:۰۰ تا ۲۱:۰۰ | چهارشنبه ساعت ۱۷:۰۰ تا ۲۱:۰۰,https://mftplus.com/lesson/5575/ICDL-Pack-2021
نقاشی میکس مدیا (تابلو های دکوراتیو),هنر و سینما,زعفرانیه,مشخص نشده,شنبه ۲۹ فروردین ۱۴۰۵,شنبه ۲۶ اردیبهشت ۱۴۰۵,"۴۵,۶۰۰,۰۰۰","۴۵,۶۰۰,۰۰۰",شنبه ساعت ۱۷:۰۰ تا ۲۱:۰۰,https://mftplus.com/lesson/4301/نقاشی-میکس-مدیا-(تابلو-های-دکوراتیو)
پایان نامه,معماری,بلوار کاوه(قیطریه),مشخص نشده,شنبه ۲۹ فروردین ۱۴۰۵,شنبه ۲۶ اردیبهشت ۱۴۰۵,"۴۷,۰۰۰,۰۰۰","۴۷,۰۰۰,۰۰۰",شنبه ساعت ۰۹:۰۰ تا ۱۴:۰۰,https://mftplus.com/lesson/391212169/پایان-نامه
JavaScript (Web Design III),فناوری اطلاعات و ارتباطات,زعفرانیه,مشخص نشده,شنبه ۲۹ فروردین ۱۴۰۵,شنبه ۶ تیر ۱۴۰۵,"۸۱,۰۰۰,۰۰۰","۱۰۱,۵۰۰,۰۰۰",شنبه ساعت ۱۷:۳۰ تا ۲۱:۰۰ | چهارشنبه ساعت ۱۷:۳۰ تا ۲۱:۰۰,https://mftplus.com/lesson/6458/JavaScript-(Web-Design-III)
ICDL 2021 Level 2,فناوری اطلاعات و ارتباطات,میرداماد,مشخص نشده,شنبه ۲۹ فروردین ۱۴۰۵,چهارشنبه ۳۱ تیر ۱۴۰۵,"۳۵,۰۰۰,۰۰۰","۴۴,۰۰۰,۰۰۰",شنبه ساعت ۱۸:۳۰ تا ۲۱:۰۰ | چهارشنبه ساعت ۱۸:۳۰ تا ۲۱:۰۰,https://mftplus.com/lesson/5573/ICDL-2021-Level-2
متره، برآورد و صورت وضعیت نویسی عمران,علوم مهندسی,زعفرانیه,مشخص نشده,شنبه ۲۹ فروردین ۱۴۰۵,چهارشنبه ۲۰ خرداد ۱۴۰۵,"۷۵,۰۰۰,۰۰۰","۷۵,۰۰۰,۰۰۰",شنبه ساعت ۱۷:۳۰ تا ۲۱:۰۰ | چهارشنبه ساعت ۱۷:۳۰ تا ۲۱:۰۰,https://mftplus.com/lesson/153813123/متره،-برآورد-و-صورت-وضعیت-نویسی-عمران
مراقبت زیبایی دست و ناخن سطح 1 و 2,دانش سلامت,البرز,مشخص نشده,شنبه ۲۹ فروردین ۱۴۰۵,شنبه ۶ تیر ۱۴۰۵,"۱۶۱,۲۰۰,۰۰۰","۱۶۱,۲۰۰,۰۰۰",شنبه ساعت ۰۸:۰۰ تا ۱۱:۰۰ | دوشنبه ساعت ۰۸:۰۰ تا ۱۱:۰۰ | چهارشنبه ساعت ۰۸:۰۰ تا ۱۱:۰۰,https://mftplus.com/lesson/5633/مراقبت-زیبایی-دست-و-ناخن-سطح-1-و-2
دوره تخصصی اسکالپ,دانش سلامت,البرز,مشخص نشده,شنبه ۲۹ فروردین ۱۴۰۵,دوشنبه ۲۸ اردیبهشت ۱۴۰۵,"۱۲۰,۰۰۰,۰۰۰","۱۲۰,۰۰۰,۰۰۰",شنبه ساعت ۰۸:۰۰ تا ۱۱:۰۰ | دوشنبه ساعت ۰۸:۰۰ تا ۱۱:۰۰ | چهارشنبه ساعت ۰۸:۰۰ تا ۱۱:۰۰,https://mftplus.com/lesson/6425/دوره-تخصصی-اسکالپ
احیا و صافی مو,دانش سلامت,البرز,مشخص نشده,شنبه ۲۹ فروردین ۱۴۰۵,شنبه ۱۹ اردیبهشت ۱۴۰۵,"۵۷,۲۰۰,۰۰۰","۵۷,۲۰۰,۰۰۰",شنبه ساعت ۰۸:۰۰ تا ۱۱:۰۰ | دوشنبه ساعت ۰۸:۰۰ تا ۱۱:۰۰ | چهارشنبه ساعت ۰۸:۰۰ تا ۱۱:۰۰,https://mftplus.com/lesson/5344/احیا-و-صافی-مو
مراقبت از پوست، مو و زیبایی,دانش سلامت,البرز,مشخص نشده,شنبه ۲۹ فروردین ۱۴۰۵,چهارشنبه ۳۰ اردیبهشت ۱۴۰۵,"۱۲۶,۴۰۰,۰۰۰","۱۲۶,۴۰۰,۰۰۰",شنبه ساعت ۰۹:۰۰ تا ۱۳:۰۰ | دوشنبه ساعت ۰۹:۰۰ تا ۱۳:۰۰ | چهارشنبه ساعت ۰۹:۰۰ تا ۱۳:۰۰,https://mftplus.com/lesson/341513127/مراقبت-از-پوست،-مو-و-زیبایی
کاربر مواد شیمیایی (رنگ کردن مو ، بی رنگ کردن مو و...),دانش سلامت,البرز,مشخص نشده,شنبه ۲۹ فروردین ۱۴۰۵,دوشنبه ۱۴ اردیبهشت ۱۴۰۵,"۵۷,۲۰۰,۰۰۰","۵۷,۲۰۰,۰۰۰",شنبه ساعت ۰۹:۰۰ تا ۱۳:۰۰ | دوشنبه ساعت ۰۹:۰۰ تا ۱۳:۰۰ | چهارشنبه ساعت ۰۹:۰۰ تا ۱۳:۰۰,https://mftplus.com/lesson/5343/کاربر-مواد-شیمیایی-(رنگ-کردن-مو-،-بی-رنگ-کردن-مو-و...)
شیرینی و دسرهای کاربردی,تشریفات و گردشگری,البرز,مشخص نشده,شنبه ۲۹ فروردین ۱۴۰۵,شنبه ۳۰ خرداد ۱۴۰۵,"۱۰۳,۲۰۰,۰۰۰","۱۰۳,۲۰۰,۰۰۰",شنبه ساعت ۱۴:۰۰ تا ۱۷:۰۰,https://mftplus.com/lesson/3812/شیرینی-و-دسرهای-کاربردی
تخصصی فست فود,تشریفات و گردشگری,البرز,مشخص نشده,شنبه ۲۹ فروردین ۱۴۰۵,شنبه ۱۲ اردیبهشت ۱۴۰۵,"۸۰,۸۰۰,۰۰۰","۸۰,۸۰۰,۰۰۰",شنبه ساعت ۱۴:۰۰ تا ۱۸:۰۰,https://mftplus.com/lesson/4241/تخصصی-فست-فود
بلندر-مقدماتی,هنر و سینما,البرز,مشخص نشده,شنبه ۲۹ فروردین ۱۴۰۵,چهارشنبه ۲۳ اردیبهشت ۱۴۰۵,"۵۷,۳۰۰,۰۰۰","۵۷,۳۰۰,۰۰۰",شنبه ساعت ۱۷:۰۰ تا ۲۱:۰۰ | چهارشنبه ساعت ۱۷:۰۰ تا ۲۱:۰۰,https://mftplus.com/lesson/6017/بلندر-مقدماتی
الگوسازی به روش مولر پیشرفته,فناوری مد و پوشاک,البرز,مشخص نشده,شنبه ۲۹ فروردین ۱۴۰۵,شنبه ۲ خرداد ۱۴۰۵,"۶۸,۰۰۰,۰۰۰","۶۸,۰۰۰,۰۰۰",شنبه ساعت ۱۳:۰۰ تا ۱۷:۰۰ | چهارشنبه ساعت ۱۳:۰۰ تا ۱۷:۰۰,https://mftplus.com/lesson/5764/الگوسازی-به-روش-مولر-پیشرفته
دوره تخصصی Tech Pach,فناوری مد و پوشاک,البرز,مشخص نشده,شنبه ۲۹ فروردین ۱۴۰۵,چهارشنبه ۲۳ اردیبهشت ۱۴۰۵,"۸۴,۰۰۰,۰۰۰","۸۴,۰۰۰,۰۰۰",شنبه ساعت ۱۳:۰۰ تا ۱۷:۰۰ | چهارشنبه ساعت ۱۳:۰۰ تا ۱۷:۰۰,https://mftplus.com/lesson/6113/دوره-تخصصی-Tech-Pach
نازکدوزی زنانه,فناوری مد و پوشاک,البرز,مشخص نشده,شنبه ۲۹ فروردین ۱۴۰۵,چهارشنبه ۱۴ مرداد ۱۴۰۵,"۱۳۱,۰۰۰,۰۰۰","۱۳۱,۰۰۰,۰۰۰",شنبه ساعت ۰۹:۰۰ تا ۱۳:۰۰ | چهارشنبه ساعت ۰۹:۰۰ تا ۱۳:۰۰,https://mftplus.com/lesson/411414164/نازکدوزی-زنانه
دوره جامع طراحی لباس,فناوری مد و پوشاک,البرز,مشخص نشده,شنبه ۲۹ فروردین ۱۴۰۵,چهارشنبه ۲۲ مهر ۱۴۰۵,"۲۶۱,۰۰۰,۰۰۰","۲۶۱,۰۰۰,۰۰۰",شنبه ساعت ۰۹:۰۰ تا ۱۳:۰۰ | دوشنبه ساعت ۰۹:۰۰ تا ۱۳:۰۰ | چهارشنبه ساعت ۰۹:۰۰ تا ۱۳:۰۰,https://mftplus.com/lesson/6321/دوره-جامع-طراحی-لباس
اتوکد دوبعدی معماری,معماری,البرز,مشخص نشده,شنبه ۲۹ فروردین ۱۴۰۵,دوشنبه ۲۱ اردیبهشت ۱۴۰۵,"۷۵,۰۰۰,۰۰۰","۷۵,۰۰۰,۰۰۰",شنبه ساعت ۱۳:۰۰ تا ۱۷:۰۰ | دوشنبه ساعت ۱۳:۰۰ تا ۱۷:۰۰ | چهارشنبه ساعت ۱۳:۰۰ تا ۱۷:۰۰,https://mftplus.com/lesson/391412131/اتوکد-دوبعدی-معماری
هوش مصنوعی در ساخت تصاویرگرافیکی و ویدیو,هنر و سینما,البرز,مشخص نشده,شنبه ۲۹ فروردین ۱۴۰۵,دوشنبه ۱۴ اردیبهشت ۱۴۰۵,"۶۳,۰۰۰,۰۰۰","۶۳,۰۰۰,۰۰۰",شنبه ساعت ۱۷:۰۰ تا ۲۱:۰۰ | دوشنبه ساعت ۱۷:۰۰ تا ۲۱:۰۰ | چهارشنبه ساعت ۱۷:۰۰ تا ۲۱:۰۰,https://mftplus.com/lesson/6167/هوش-مصنوعی-در-ساخت-تصاویرگرافیکی-و-ویدیو
فتوشاپ مقدماتی تا پیشرفته,هنر و سینما,البرز,مشخص نشده,شنبه ۲۹ فروردین ۱۴۰۵,چهارشنبه ۱۳ خرداد ۱۴۰۵,"۵۶,۰۰۰,۰۰۰","۵۶,۰۰۰,۰۰۰",شنبه ساعت ۱۷:۰۰ تا ۲۱:۰۰ | چهارشنبه ساعت ۱۷:۰۰ تا ۲۱:۰۰,https://mftplus.com/lesson/4810/فتوشاپ-مقدماتی-تا-پیشرفته
Programming with Python,فناوری اطلاعات و ارتباطات,البرز,مشخص نشده,شنبه ۲۹ فروردین ۱۴۰۵,چهارشنبه ۲۰ خرداد ۱۴۰۵,"۸۸,۰۰۰,۰۰۰","۸۸,۰۰۰,۰۰۰",شنبه ساعت ۰۹:۰۰ تا ۱۳:۰۰ | چهارشنبه ساعت ۰۹:۰۰ تا ۱۳:۰۰,https://mftplus.com/lesson/5679/Programming-with-Python
"VMware vSphere Install,Configure,Manage (ICM) V8",فناوری اطلاعات و ارتباطات,البرز,مشخص نشده,شنبه ۲۹ فروردین ۱۴۰۵,چهارشنبه ۲۰ خرداد ۱۴۰۵,"۷۳,۰۰۰,۰۰۰","۷۳,۰۰۰,۰۰۰",شنبه ساعت ۱۸:۰۰ تا ۲۱:۰۰ | چهارشنبه ساعت ۱۸:۰۰ تا ۲۱:۰۰,"https://mftplus.com/lesson/6091/VMware-vSphere-Install,Configure,Manage-(ICM)-V8"
ICDL Pack 2021,فناوری اطلاعات و ارتباطات,البرز,مشخص نشده,شنبه ۲۹ فروردین ۱۴۰۵,دوشنبه ۱۵ تیر ۱۴۰۵,"۸۱,۰۰۰,۰۰۰","۸۱,۰۰۰,۰۰۰",شنبه ساعت ۱۳:۰۰ تا ۱۷:۰۰ | دوشنبه ساعت ۱۳:۰۰ تا ۱۷:۰۰ | چهارشنبه ساعت ۱۳:۰۰ تا ۱۷:۰۰,https://mftplus.com/lesson/5575/ICDL-Pack-2021
رتوش عکس در فتوشاپ,هنر و سینما,زعفرانیه,مشخص نشده,شنبه ۲۹ فروردین ۱۴۰۵,چهارشنبه ۱۳ خرداد ۱۴۰۵,"۴۷,۰۰۰,۰۰۰","۵۶,۰۰۰,۰۰۰",شنبه ساعت ۱۷:۳۰ تا ۲۱:۰۰ | چهارشنبه ساعت ۱۷:۳۰ تا ۲۱:۰۰,https://mftplus.com/lesson/431213127/رتوش-عکس-در-فتوشاپ
طراحی داشبوردهای هوش تجاری با PowerBI,فناوری اطلاعات و ارتباطات,زعفرانیه,مشخص نشده,یکشنبه ۳۰ فروردین ۱۴۰۵,یکشنبه ۲۷ اردیبهشت ۱۴۰۵,"۴۰,۰۰۰,۰۰۰","۵۰,۰۰۰,۰۰۰",یکشنبه ساعت ۱۷:۳۰ تا ۲۱:۰۰ | سه شنبه ساعت ۱۷:۳۰ تا ۲۱:۰۰,https://mftplus.com/lesson/6057/طراحی-داشبوردهای-هوش-تجاری-با-PowerBI
کارگاه جامع مدیریت سرمایه گذاری در بازار رمز ارزها (ارز دیجیتال),علوم مالی و حسابداری,زعفرانیه,مشخص نشده,یکشنبه ۳۰ فروردین ۱۴۰۵,یکشنبه ۱۴ تیر ۱۴۰۵,"۱۷۲,۹۰۰,۰۰۰","۱۷۲,۹۰۰,۰۰۰",یکشنبه ساعت ۱۷:۳۰ تا ۲۰:۳۰ | سه شنبه ساعت ۱۷:۳۰ تا ۲۰:۳۰,https://mftplus.com/lesson/4446/کارگاه-جامع-مدیریت-سرمایه-گذاری-در-بازار-رمز-ارزها-(ارز-دیجیتال)
ICDL Pack 2021,فناوری اطلاعات و ارتباطات,تهرانپارس,مریم داداشی,یکشنبه ۳۰ فروردین ۱۴۰۵,یکشنبه ۲۸ تیر ۱۴۰۵,"۸۱,۰۰۰,۰۰۰","۸۱,۰۰۰,۰۰۰",یکشنبه ساعت ۰۸:۰۰ تا ۱۳:۰۰ | سه شنبه ساعت ۰۸:۰۰ تا ۱۳:۰۰,https://mftplus.com/lesson/5575/ICDL-Pack-2021
ICDL Pack 2021,فناوری اطلاعات و ارتباطات,تهرانپارس,مریم داداشی,یکشنبه ۳۰ فروردین ۱۴۰۵,سه شنبه ۲۴ شهریور ۱۴۰۵,"۸۱,۰۰۰,۰۰۰","۸۱,۰۰۰,۰۰۰",یکشنبه ساعت ۱۴:۰۰ تا ۱۷:۰۰ | سه شنبه ساعت ۱۴:۰۰ تا ۱۷:۰۰,https://mftplus.com/lesson/5575/ICDL-Pack-2021
پکیج طراحی دکوراسیون داخلی از مقدماتی تا پیشرفته,معماری,زعفرانیه,مشخص نشده,یکشنبه ۳۰ فروردین ۱۴۰۵,سه شنبه ۳۱ فروردین ۱۴۰۶,"۵۲۹,۰۰۰,۰۰۰","۵۲۹,۰۰۰,۰۰۰",یکشنبه ساعت ۱۰:۰۰ تا ۱۴:۰۰ | سه شنبه ساعت ۱۰:۰۰ تا ۱۴:۰۰,https://mftplus.com/lesson/5999/پکیج-طراحی-دکوراسیون-داخلی-از-مقدماتی-تا-پیشرفته
طراحی معماری و دکوراسیون داخلی مقدماتی,معماری,زعفرانیه,مشخص نشده,یکشنبه ۳۰ فروردین ۱۴۰۵,سه شنبه ۲۰ مرداد ۱۴۰۵,"۱۷۱,۰۰۰,۰۰۰","۱۷۱,۰۰۰,۰۰۰",یکشنبه ساعت ۱۰:۰۰ تا ۱۴:۰۰ | سه شنبه ساعت ۱۰:۰۰ تا ۱۴:۰۰,https://mftplus.com/lesson/391212125/طراحی-معماری-و-دکوراسیون-داخلی-مقدماتی
طراحی دستی جواهرات (پیشرفته),علوم مهندسی,زعفرانیه,مشخص نشده,یکشنبه ۳۰ فروردین ۱۴۰۵,یکشنبه ۴ مرداد ۱۴۰۵,"۷۹,۰۰۰,۰۰۰","۷۹,۰۰۰,۰۰۰",یکشنبه ساعت ۱۵:۳۰ تا ۱۹:۳۰,https://mftplus.com/lesson/4590/طراحی-دستی-جواهرات-(پیشرفته)
برنامه نویسی مقدماتی با اسکرچ,کودک و نوجوان,پارک ساعی,مشخص نشده,یکشنبه ۳۰ فروردین ۱۴۰۵,سه شنبه ۲۹ اردیبهشت ۱۴۰۵,"۴۶,۲۰۰,۰۰۰","۴۶,۲۰۰,۰۰۰",یکشنبه ساعت ۱۶:۰۰ تا ۱۸:۰۰ | سه شنبه ساعت ۱۶:۰۰ تا ۱۸:۰۰,https://mftplus.com/lesson/3370/برنامه-نویسی-مقدماتی-با-اسکرچ
مقدمه ای بر الگوریتم و برنامه نویسی,فناوری اطلاعات و ارتباطات,سعادت آباد (مرکزی),آرشام حاجب,یکشنبه ۳۰ فروردین ۱۴۰۵,سه شنبه ۱۹ خرداد ۱۴۰۵,"۲۸,۰۰۰,۰۰۰","۳۳,۰۰۰,۰۰۰",یکشنبه ساعت ۱۷:۳۰ تا ۲۰:۰۰ | سه شنبه ساعت ۱۷:۳۰ تا ۲۰:۰۰,https://mftplus.com/lesson/132017130/مقدمه-ای-بر-الگوریتم-و-برنامه-نویسی
میکروفون گذاری و ضبط استودیویی,هنر و سینما,زعفرانیه,مشخص نشده,یکشنبه ۳۰ فروردین ۱۴۰۵,یکشنبه ۲۷ اردیبهشت ۱۴۰۵,"۶۳,۰۰۰,۰۰۰","۶۳,۰۰۰,۰۰۰",یکشنبه ساعت ۱۷:۳۰ تا ۲۱:۰۰ | سه شنبه ساعت ۱۷:۳۰ تا ۲۱:۰۰,https://mftplus.com/lesson/6140/میکروفون-گذاری-و-ضبط-استودیویی
دوره تخصصی صفر تا صد اصول  طراحی ویلا,معماری,بلوار کاوه(قیطریه),مشخص نشده,یکشنبه ۳۰ فروردین ۱۴۰۵,یکشنبه ۱۷ خرداد ۱۴۰۵,"۱۱۴,۰۰۰,۰۰۰","۱۱۴,۰۰۰,۰۰۰",یکشنبه ساعت ۰۹:۰۰ تا ۱۴:۰۰ | سه شنبه ساعت ۰۹:۰۰ تا ۱۴:۰۰,https://mftplus.com/lesson/4862/دوره-تخصصی-صفر-تا-صد-اصول-طراحی-ویلا
سئو و بهینه سازی موتورهای جست و جو (SEO),فناوری اطلاعات و ارتباطات,زعفرانیه,مشخص نشده,یکشنبه ۳۰ فروردین ۱۴۰۵,سه شنبه ۵ خرداد ۱۴۰۵,"۶۵,۰۰۰,۰۰۰","۸۳,۰۰۰,۰۰۰",یکشنبه ساعت ۱۷:۳۰ تا ۲۱:۰۰ | سه شنبه ساعت ۱۷:۳۰ تا ۲۱:۰۰,https://mftplus.com/lesson/5303/سئو-و-بهینه-سازی-موتورهای-جست-و-جو-(SEO)
Data Analysis with Python,فناوری اطلاعات و ارتباطات,زعفرانیه,مشخص نشده,یکشنبه ۳۰ فروردین ۱۴۰۵,سه شنبه ۲۹ اردیبهشت ۱۴۰۵,"۴۰,۰۰۰,۰۰۰","۵۰,۰۰۰,۰۰۰",یکشنبه ساعت ۱۸:۰۰ تا ۲۱:۰۰ | سه شنبه ساعت ۱۸:۰۰ تا ۲۱:۰۰,https://mftplus.com/lesson/5544/Data-Analysis-with-Python
ICDL سطح یک و دو نوجوانان,کودک و نوجوان,پارک ساعی,مشخص نشده,یکشنبه ۳۰ فروردین ۱۴۰۵,یکشنبه ۲۸ تیر ۱۴۰۵,"۸۵,۱۰۰,۰۰۰","۹۷,۴۰۰,۰۰۰",یکشنبه ساعت ۱۶:۰۰ تا ۱۹:۰۰ | سه شنبه ساعت ۱۶:۰۰ تا ۱۹:۰۰,https://mftplus.com/lesson/191412126/ICDL-سطح-یک-و-دو-نوجوانان
ICDL Pack 2021,فناوری اطلاعات و ارتباطات,زعفرانیه,مشخص نشده,یکشنبه ۳۰ فروردین ۱۴۰۵,سه شنبه ۱۰ شهریور ۱۴۰۵,"۶۳,۰۰۰,۰۰۰","۸۱,۰۰۰,۰۰۰",یکشنبه ساعت ۱۷:۳۰ تا ۲۱:۰۰ | سه شنبه ساعت ۱۷:۳۰ تا ۲۱:۰۰,https://mftplus.com/lesson/5575/ICDL-Pack-2021
ICDL 2021 Level 1,فناوری اطلاعات و ارتباطات,زعفرانیه,مشخص نشده,یکشنبه ۳۰ فروردین ۱۴۰۵,سه شنبه ۲ تیر ۱۴۰۵,"۳۸,۰۰۰,۰۰۰","۴۹,۰۰۰,۰۰۰",یکشنبه ساعت ۱۷:۳۰ تا ۲۱:۰۰ | سه شنبه ساعت ۱۷:۳۰ تا ۲۱:۰۰,https://mftplus.com/lesson/5571/ICDL-2021-Level-1
3Ds Max Beginners to Advanced & V-Ray,معماری,باملند(شمال غرب),مشخص نشده,یکشنبه ۳۰ فروردین ۱۴۰۵,یکشنبه ۲۸ تیر ۱۴۰۵,"۱۴۴,۰۰۰,۰۰۰","۱۴۴,۰۰۰,۰۰۰",یکشنبه ساعت ۱۷:۰۰ تا ۲۰:۰۰ | سه شنبه ساعت ۱۷:۰۰ تا ۲۰:۰۰,https://mftplus.com/lesson/4542/3Ds-Max-Beginners-to-Advanced-&-V-Ray
حسابداری مالی بازرگانی,علوم مالی و حسابداری,سیدخندان,مشخص نشده,یکشنبه ۳۰ فروردین ۱۴۰۵,سه شنبه ۱۲ خرداد ۱۴۰۵,"۴۳,۸۰۰,۰۰۰","۴۳,۸۰۰,۰۰۰",یکشنبه ساعت ۱۷:۳۰ تا ۲۰:۳۰ | سه شنبه ساعت ۱۷:۳۰ تا ۲۰:۳۰,https://mftplus.com/lesson/3866/حسابداری-مالی-بازرگانی
ICDL سطح یک نوجوانان,کودک و نوجوان,پارک ساعی,مشخص نشده,یکشنبه ۳۰ فروردین ۱۴۰۵,سه شنبه ۱۲ خرداد ۱۴۰۵,"۴۲,۶۰۰,۰۰۰","۴۸,۳۰۰,۰۰۰",یکشنبه ساعت ۱۶:۰۰ تا ۱۹:۰۰ | سه شنبه ساعت ۱۶:۰۰ تا ۱۹:۰۰,https://mftplus.com/lesson/3587/ICDL-سطح-یک-نوجوانان
تربیت کارشناس منابع انسانی,مدیریت و کسب و کار,البرز,مشخص نشده,یکشنبه ۳۰ فروردین ۱۴۰۵,سه شنبه ۲ تیر ۱۴۰۵,"۱۴۹,۰۰۰,۰۰۰","۱۴۹,۰۰۰,۰۰۰",یکشنبه ساعت ۱۸:۰۰ تا ۲۱:۰۰ | سه شنبه ساعت ۱۸:۰۰ تا ۲۱:۰۰,https://mftplus.com/lesson/6639/تربیت-کارشناس-منابع-انسانی
اکستنشن مژه,دانش سلامت,البرز,مشخص نشده,یکشنبه ۳۰ فروردین ۱۴۰۵,سه شنبه ۱۵ اردیبهشت ۱۴۰۵,"۶۲,۴۰۰,۰۰۰","۶۲,۴۰۰,۰۰۰",یکشنبه ساعت ۰۸:۰۰ تا ۱۱:۰۰ | سه شنبه ساعت ۰۸:۰۰ تا ۱۱:۰۰,https://mftplus.com/lesson/5115/اکستنشن-مژه
شینیون و استایل مو,دانش سلامت,البرز,مشخص نشده,یکشنبه ۳۰ فروردین ۱۴۰۵,یکشنبه ۱۱ مرداد ۱۴۰۵,"۱۰۴,۰۰۰,۰۰۰","۱۰۴,۰۰۰,۰۰۰",یکشنبه ساعت ۱۷:۰۰ تا ۱۹:۰۰,https://mftplus.com/lesson/5706/شینیون-و-استایل-مو
+Security,فناوری اطلاعات و ارتباطات,سعادت آباد (مرکزی),محمدعرفان نصیری,یکشنبه ۳۰ فروردین ۱۴۰۵,سه شنبه ۲۹ اردیبهشت ۱۴۰۵,"۲۹,۰۰۰,۰۰۰","۳۶,۰۰۰,۰۰۰",یکشنبه ساعت ۱۷:۳۰ تا ۲۰:۳۰ | سه شنبه ساعت ۱۷:۳۰ تا ۲۰:۳۰,https://mftplus.com/lesson/132117129/+Security
Security Pack,فناوری اطلاعات و ارتباطات,سعادت آباد (مرکزی),مشخص نشده,یکشنبه ۳۰ فروردین ۱۴۰۵,سه شنبه ۲۸ مهر ۱۴۰۵,"۱۶۹,۰۰۰,۰۰۰","۲۱۱,۰۰۰,۰۰۰",یکشنبه ساعت ۱۷:۳۰ تا ۲۰:۳۰ | سه شنبه ساعت ۱۷:۳۰ تا ۲۰:۳۰,https://mftplus.com/lesson/132117127/Security-Pack
گریم متعادل سازی,دانش سلامت,البرز,مشخص نشده,یکشنبه ۳۰ فروردین ۱۴۰۵,سه شنبه ۲۶ خرداد ۱۴۰۵,"۹۲,۷۰۰,۰۰۰","۹۲,۷۰۰,۰۰۰",یکشنبه ساعت ۰۹:۰۰ تا ۱۲:۰۰ | سه شنبه ساعت ۰۹:۰۰ تا ۱۲:۰۰,https://mftplus.com/lesson/341514125/گریم-متعادل-سازی
آشپزی ملل,تشریفات و گردشگری,البرز,مشخص نشده,یکشنبه ۳۰ فروردین ۱۴۰۵,یکشنبه ۳۱ خرداد ۱۴۰۵,"۲۳۴,۴۰۰,۰۰۰","۲۳۴,۴۰۰,۰۰۰",یکشنبه ساعت ۱۴:۰۰ تا ۱۸:۰۰,https://mftplus.com/lesson/4017/آشپزی-ملل
دوره تخصصی کوکی و آیسینگ,تشریفات و گردشگری,البرز,مشخص نشده,یکشنبه ۳۰ فروردین ۱۴۰۵,یکشنبه ۲۷ اردیبهشت ۱۴۰۵,"۱۰۳,۲۰۰,۰۰۰","۱۰۳,۲۰۰,۰۰۰",یکشنبه ساعت ۱۴:۰۰ تا ۱۸:۰۰,https://mftplus.com/lesson/5757/دوره-تخصصی-کوکی-و-آیسینگ
فینگرفود,تشریفات و گردشگری,البرز,مشخص نشده,یکشنبه ۳۰ فروردین ۱۴۰۵,یکشنبه ۳ خرداد ۱۴۰۵,"۸۳,۲۰۰,۰۰۰","۸۳,۲۰۰,۰۰۰",یکشنبه ساعت ۱۴:۰۰ تا ۱۸:۰۰,https://mftplus.com/lesson/3822/فینگرفود
رتوش عکس در فتوشاپ,هنر و سینما,البرز,مشخص نشده,یکشنبه ۳۰ فروردین ۱۴۰۵,سه شنبه ۵ خرداد ۱۴۰۵,"۵۶,۰۰۰,۰۰۰","۵۶,۰۰۰,۰۰۰",یکشنبه ساعت ۰۹:۰۰ تا ۱۳:۰۰ | سه شنبه ساعت ۰۹:۰۰ تا ۱۳:۰۰,https://mftplus.com/lesson/431213127/رتوش-عکس-در-فتوشاپ
3Ds Max Beginners to Advanced & V-Ray,معماری,البرز,مشخص نشده,یکشنبه ۳۰ فروردین ۱۴۰۵,یکشنبه ۷ تیر ۱۴۰۵,"۱۴۴,۰۰۰,۰۰۰","۱۴۴,۰۰۰,۰۰۰",یکشنبه ساعت ۱۷:۰۰ تا ۲۱:۰۰ | سه شنبه ساعت ۱۷:۰۰ تا ۲۱:۰۰,https://mftplus.com/lesson/4542/3Ds-Max-Beginners-to-Advanced-&-V-Ray
Programming with Python,فناوری اطلاعات و ارتباطات,البرز,مشخص نشده,یکشنبه ۳۰ فروردین ۱۴۰۵,سه شنبه ۲ تیر ۱۴۰۵,"۸۸,۰۰۰,۰۰۰","۸۸,۰۰۰,۰۰۰",یکشنبه ساعت ۱۳:۰۰ تا ۱۷:۰۰ | سه شنبه ساعت ۱۵:۰۰ تا ۱۷:۰۰,https://mftplus.com/lesson/5679/Programming-with-Python
Linux Essentials + LPIC1(101-102),فناوری اطلاعات و ارتباطات,البرز,مشخص نشده,یکشنبه ۳۰ فروردین ۱۴۰۵,یکشنبه ۱۷ خرداد ۱۴۰۵,"۸۶,۰۰۰,۰۰۰","۸۶,۰۰۰,۰۰۰",یکشنبه ساعت ۱۷:۰۰ تا ۲۱:۰۰ | سه شنبه ساعت ۱۷:۰۰ تا ۲۱:۰۰,https://mftplus.com/lesson/4595/Linux-Essentials-+-LPIC1(101-102)
Network+,فناوری اطلاعات و ارتباطات,البرز,مشخص نشده,یکشنبه ۳۰ فروردین ۱۴۰۵,سه شنبه ۲۲ اردیبهشت ۱۴۰۵,"۲۰,۰۰۰,۰۰۰","۲۰,۰۰۰,۰۰۰",یکشنبه ساعت ۱۷:۰۰ تا ۲۱:۰۰ | سه شنبه ساعت ۱۷:۰۰ تا ۲۱:۰۰,https://mftplus.com/lesson/131612129/Network+
ICDL Pack 2021,فناوری اطلاعات و ارتباطات,البرز,مشخص نشده,یکشنبه ۳۰ فروردین ۱۴۰۵,سه شنبه ۲۰ مرداد ۱۴۰۵,"۸۱,۰۰۰,۰۰۰","۸۱,۰۰۰,۰۰۰",یکشنبه ساعت ۱۳:۰۰ تا ۱۷:۰۰ | سه شنبه ساعت ۱۳:۰۰ تا ۱۷:۰۰,https://mftplus.com/lesson/5575/ICDL-Pack-2021
سخت افزار و نرم افزار کامپیوتر,فناوری اطلاعات و ارتباطات,البرز,مشخص نشده,یکشنبه ۳۰ فروردین ۱۴۰۵,سه شنبه ۲۲ اردیبهشت ۱۴۰۵,"۲۴,۰۰۰,۰۰۰","۲۴,۰۰۰,۰۰۰",یکشنبه ساعت ۱۳:۰۰ تا ۱۷:۰۰ | سه شنبه ساعت ۱۳:۰۰ تا ۱۷:۰۰,https://mftplus.com/lesson/6538/سخت-افزار-و-نرم-افزار-کامپیوتر
جامع مدیریت منابع انسانی (HRM),مدیریت و کسب و کار,میرداماد,مشخص نشده,یکشنبه ۳۰ فروردین ۱۴۰۵,یکشنبه ۱۹ مهر ۱۴۰۵,"۱۲۸,۷۰۰,۰۰۰","۱۶۱,۷۰۰,۰۰۰",یکشنبه ساعت ۱۰:۰۰ تا ۱۴:۰۰,https://mftplus.com/lesson/4924/جامع-مدیریت-منابع-انسانی-(HRM)
Wordpress Advanced,فناوری اطلاعات و ارتباطات,زعفرانیه,مشخص نشده,دوشنبه ۳۱ فروردین ۱۴۰۵,دوشنبه ۲۵ خرداد ۱۴۰۵,"۵۷,۰۰۰,۰۰۰","۷۰,۰۰۰,۰۰۰",دوشنبه ساعت ۱۷:۰۰ تا ۲۱:۰۰,https://mftplus.com/lesson/5203/Wordpress-Advanced
پریمیر,هنر و سینما,البرز,مشخص نشده,دوشنبه ۳۱ فروردین ۱۴۰۵,دوشنبه ۱۵ تیر ۱۴۰۵,"۶۶,۰۰۰,۰۰۰","۶۶,۰۰۰,۰۰۰",دوشنبه ساعت ۱۷:۰۰ تا ۲۱:۰۰,https://mftplus.com/lesson/431213156/پریمیر
مقدمه ای بر الگوریتم و برنامه نویسی,فناوری اطلاعات و ارتباطات,تهرانپارس,مشخص نشده,دوشنبه ۳۱ فروردین ۱۴۰۵,چهارشنبه ۳۰ اردیبهشت ۱۴۰۵,"۳۳,۰۰۰,۰۰۰","۳۳,۰۰۰,۰۰۰",دوشنبه ساعت ۱۷:۰۰ تا ۲۱:۰۰ | چهارشنبه ساعت ۱۷:۰۰ تا ۲۱:۰۰,https://mftplus.com/lesson/132017130/مقدمه-ای-بر-الگوریتم-و-برنامه-نویسی
SQL Server 2022 Database Development,فناوری اطلاعات و ارتباطات,بلوار کاوه(قیطریه),مشخص نشده,دوشنبه ۳۱ فروردین ۱۴۰۵,چهارشنبه ۳ تیر ۱۴۰۵,"۷۷,۰۰۰,۰۰۰","۷۷,۰۰۰,۰۰۰",دوشنبه ساعت ۱۷:۰۰ تا ۲۰:۰۰ | چهارشنبه ساعت ۱۷:۰۰ تا ۲۰:۰۰,https://mftplus.com/lesson/5316/SQL-Server-2022-Database-Development
مقدمه ای بر الگوریتم و برنامه نویسی,فناوری اطلاعات و ارتباطات,زعفرانیه,مشخص نشده,دوشنبه ۳۱ فروردین ۱۴۰۵,شنبه ۹ خرداد ۱۴۰۵,"۲۸,۰۰۰,۰۰۰","۳۳,۰۰۰,۰۰۰",شنبه ساعت ۱۷:۳۰ تا ۲۱:۰۰ | دوشنبه ساعت ۱۷:۳۰ تا ۲۱:۰۰,https://mftplus.com/lesson/132017130/مقدمه-ای-بر-الگوریتم-و-برنامه-نویسی
اتوکد دوبعدی معماری,معماری,سیدخندان,مشخص نشده,دوشنبه ۳۱ فروردین ۱۴۰۵,چهارشنبه ۳۰ اردیبهشت ۱۴۰۵,"۷۵,۰۰۰,۰۰۰","۷۵,۰۰۰,۰۰۰",شنبه ساعت ۱۷:۳۰ تا ۲۰:۳۰ | دوشنبه ساعت ۱۷:۳۰ تا ۲۰:۳۰ | چهارشنبه ساعت ۱۷:۳۰ تا ۲۰:۳۰,https://mftplus.com/lesson/391412131/اتوکد-دوبعدی-معماری
اتوکد دوبعدی معماری,معماری,تهرانپارس,مشخص نشده,دوشنبه ۳۱ فروردین ۱۴۰۵,دوشنبه ۲۸ اردیبهشت ۱۴۰۵,"۷۵,۰۰۰,۰۰۰","۷۵,۰۰۰,۰۰۰",شنبه ساعت ۰۸:۰۰ تا ۱۳:۰۰ | دوشنبه ساعت ۰۸:۰۰ تا ۱۳:۰۰,https://mftplus.com/lesson/391412131/اتوکد-دوبعدی-معماری
غذاهای سنتی و مجلسی,تشریفات و گردشگری,البرز,مشخص نشده,دوشنبه ۳۱ فروردین ۱۴۰۵,دوشنبه ۴ خرداد ۱۴۰۵,"۱۲۰,۰۰۰,۰۰۰","۱۲۰,۰۰۰,۰۰۰",دوشنبه ساعت ۱۶:۰۰ تا ۱۸:۰۰,https://mftplus.com/lesson/6034/غذاهای-سنتی-و-مجلسی
ورکشاپ تخصصی صبحانه,تشریفات و گردشگری,البرز,مشخص نشده,دوشنبه ۳۱ فروردین ۱۴۰۵,دوشنبه ۷ اردیبهشت ۱۴۰۵,"۵۰,۴۰۰,۰۰۰","۵۰,۴۰۰,۰۰۰",دوشنبه ساعت ۱۴:۰۰ تا ۱۸:۰۰,https://mftplus.com/lesson/5236/ورکشاپ-تخصصی-صبحانه
عکاسی دیجیتال,هنر و سینما,البرز,مشخص نشده,دوشنبه ۳۱ فروردین ۱۴۰۵,چهارشنبه ۱۰ تیر ۱۴۰۵,"۸۵,۹۰۰,۰۰۰","۸۵,۹۰۰,۰۰۰",دوشنبه ساعت ۰۹:۰۰ تا ۱۳:۰۰ | چهارشنبه ساعت ۰۹:۰۰ تا ۱۳:۰۰,https://mftplus.com/lesson/4919/عکاسی-دیجیتال
دوره طراحی لباس عروس,فناوری مد و پوشاک,البرز,مشخص نشده,دوشنبه ۳۱ فروردین ۱۴۰۵,دوشنبه ۱ تیر ۱۴۰۵,"۸۰,۰۰۰,۰۰۰","۸۰,۰۰۰,۰۰۰",دوشنبه ساعت ۱۷:۰۰ تا ۲۱:۰۰,https://mftplus.com/lesson/6464/دوره-طراحی-لباس-عروس
MTCNA,فناوری اطلاعات و ارتباطات,البرز,مشخص نشده,دوشنبه ۳۱ فروردین ۱۴۰۵,دوشنبه ۱۸ خرداد ۱۴۰۵,"۴۷,۰۰۰,۰۰۰","۴۷,۰۰۰,۰۰۰",دوشنبه ساعت ۱۷:۰۰ تا ۲۱:۰۰,https://mftplus.com/lesson/5690/MTCNA
مدیریت بازاریابی دیجیتال,مدیریت و کسب و کار,میرداماد,مشخص نشده,دوشنبه ۳۱ فروردین ۱۴۰۵,دوشنبه ۲۲ تیر ۱۴۰۵,"۱۱۸,۸۰۰,۰۰۰","۱۱۸,۸۰۰,۰۰۰",دوشنبه ساعت ۱۰:۰۰ تا ۱۴:۰۰,https://mftplus.com/lesson/4375/مدیریت-بازاریابی-دیجیتال
مدیریت جامع فروش,مدیریت و کسب و کار,میرداماد,مشخص نشده,دوشنبه ۳۱ فروردین ۱۴۰۵,دوشنبه ۱۳ مهر ۱۴۰۵,"۱۴۷,۰۰۰,۰۰۰","۱۶۷,۰۰۰,۰۰۰",دوشنبه ساعت ۱۰:۰۰ تا ۱۴:۰۰,https://mftplus.com/lesson/4916/مدیریت-جامع-فروش
جامع مدیریت استراتژیک (SMP),مدیریت و کسب و کار,میرداماد,مشخص نشده,دوشنبه ۳۱ فروردین ۱۴۰۵,دوشنبه ۱۳ مهر ۱۴۰۵,"۱۷۲,۷۰۰,۰۰۰","۲۱۶,۷۰۰,۰۰۰",دوشنبه ساعت ۱۷:۰۰ تا ۲۱:۰۰,https://mftplus.com/lesson/4917/جامع-مدیریت-استراتژیک-(SMP)
دوره جامع آزاد کار دیجیتال مارکتینگ,تولید محتوا,میرداماد,مشخص نشده,دوشنبه ۳۱ فروردین ۱۴۰۵,دوشنبه ۳ اسفند ۱۴۰۵,"۱۹۰,۰۰۰,۰۰۰","۱۹۰,۰۰۰,۰۰۰",دوشنبه ساعت ۱۰:۰۰ تا ۱۴:۰۰,https://mftplus.com/lesson/5206/دوره-جامع-آزاد-کار-دیجیتال-مارکتینگ
فتوشاپ نسخه مقدماتی تا پیشرفته,هنر و سینما,زعفرانیه,مشخص نشده,دوشنبه ۳۱ فروردین ۱۴۰۵,دوشنبه ۱ تیر ۱۴۰۵,"۵۱,۰۰۰,۰۰۰","۵۶,۰۰۰,۰۰۰",دوشنبه ساعت ۱۷:۳۰ تا ۲۱:۰۰ | چهارشنبه ساعت ۱۷:۳۰ تا ۲۱:۰۰,https://mftplus.com/lesson/431314130/فتوشاپ-نسخه-مقدماتی-تا-پیشرفته
فتوشاپ و ایلاستریتور,هنر و سینما,زعفرانیه,مشخص نشده,دوشنبه ۳۱ فروردین ۱۴۰۵,دوشنبه ۲۲ تیر ۱۴۰۵,"۸۴,۰۰۰,۰۰۰","۹۴,۰۰۰,۰۰۰",دوشنبه ساعت ۱۷:۳۰ تا ۲۱:۰۰ | چهارشنبه ساعت ۱۷:۳۰ تا ۲۱:۰۰,https://mftplus.com/lesson/431312124/فتوشاپ-و-ایلاستریتور
Data Analysis with Python,فناوری اطلاعات و ارتباطات,شهریار,مشخص نشده,سه شنبه ۱ اردیبهشت ۱۴۰۵,یکشنبه ۳ خرداد ۱۴۰۵,"۴۵,۰۰۰,۰۰۰","۴۵,۰۰۰,۰۰۰",یکشنبه ساعت ۱۴:۰۰ تا ۱۷:۰۰ | سه شنبه ساعت ۱۴:۰۰ تا ۱۷:۰۰,https://mftplus.com/lesson/5544/Data-Analysis-with-Python
ICDL Pack 2021,فناوری اطلاعات و ارتباطات,میرداماد,مشخص نشده,سه شنبه ۱ اردیبهشت ۱۴۰۵,سه شنبه ۳۰ تیر ۱۴۰۵,"۶۳,۰۰۰,۰۰۰","۸۱,۰۰۰,۰۰۰",یکشنبه ساعت ۰۹:۰۰ تا ۱۴:۰۰ | سه شنبه ساعت ۰۹:۰۰ تا ۱۴:۰۰,https://mftplus.com/lesson/5575/ICDL-Pack-2021
ICDL 2021 Level 1,فناوری اطلاعات و ارتباطات,میرداماد,مشخص نشده,سه شنبه ۱ اردیبهشت ۱۴۰۵,یکشنبه ۱۷ خرداد ۱۴۰۵,"۳۸,۰۰۰,۰۰۰","۴۹,۰۰۰,۰۰۰",یکشنبه ساعت ۰۹:۰۰ تا ۱۴:۰۰ | سه شنبه ساعت ۰۹:۰۰ تا ۱۴:۰۰,https://mftplus.com/lesson/5571/ICDL-2021-Level-1
چگونه یوتیوبر شویم؟,فرهنگ، ارتباط و رسانه,پارک ساعی,مشخص نشده,سه شنبه ۱ اردیبهشت ۱۴۰۵,یکشنبه ۳ خرداد ۱۴۰۵,"۶۴,۰۰۰,۰۰۰","۶۴,۰۰۰,۰۰۰",یکشنبه ساعت ۱۷:۳۰ تا ۲۰:۳۰ | سه شنبه ساعت ۱۷:۳۰ تا ۲۰:۳۰,https://mftplus.com/lesson/6087/چگونه-یوتیوبر-شویم؟
توییت سازی حرفه ای,فرهنگ، ارتباط و رسانه,پارک ساعی,مشخص نشده,سه شنبه ۱ اردیبهشت ۱۴۰۵,یکشنبه ۲۰ اردیبهشت ۱۴۰۵,"۳۶,۰۰۰,۰۰۰","۳۶,۰۰۰,۰۰۰",یکشنبه ساعت ۱۴:۰۰ تا ۱۷:۰۰ | سه شنبه ساعت ۱۴:۰۰ تا ۱۷:۰۰,https://mftplus.com/lesson/6103/توییت-سازی-حرفه-ای
طراحی و راه اندازی تلویزیون اینترنتی و VOD,فرهنگ، ارتباط و رسانه,پارک ساعی,مشخص نشده,سه شنبه ۱ اردیبهشت ۱۴۰۵,یکشنبه ۲۷ اردیبهشت ۱۴۰۵,"۴۶,۰۰۰,۰۰۰","۴۶,۰۰۰,۰۰۰",یکشنبه ساعت ۱۴:۳۰ تا ۱۷:۳۰ | سه شنبه ساعت ۱۴:۳۰ تا ۱۷:۳۰,https://mftplus.com/lesson/6109/طراحی-و-راه-اندازی-تلویزیون-اینترنتی-و-VOD
طراحی و راه‌اندازی رادیو اینترنتی و رسانه های صوتی,فرهنگ، ارتباط و رسانه,پارک ساعی,مشخص نشده,سه شنبه ۱ اردیبهشت ۱۴۰۵,یکشنبه ۲۰ اردیبهشت ۱۴۰۵,"۴۲,۰۰۰,۰۰۰","۴۲,۰۰۰,۰۰۰",یکشنبه ساعت ۱۷:۳۰ تا ۲۰:۳۰ | سه شنبه ساعت ۱۷:۳۰ تا ۲۰:۳۰,https://mftplus.com/lesson/6085/طراحی-و-راه‌اندازی-رادیو-اینترنتی-و-رسانه-های-صوتی
بافت موی پایه,دانش سلامت,البرز,مشخص نشده,سه شنبه ۱ اردیبهشت ۱۴۰۵,سه شنبه ۶ مرداد ۱۴۰۵,"۶۵,۰۰۰,۰۰۰","۶۵,۰۰۰,۰۰۰",سه شنبه ساعت ۱۷:۰۰ تا ۱۹:۰۰,https://mftplus.com/lesson/5704/بافت-موی-پایه
کارگاه شیرینی و دسرهای کافه ای,تشریفات و گردشگری,البرز,مشخص نشده,سه شنبه ۱ اردیبهشت ۱۴۰۵,سه شنبه ۱۵ اردیبهشت ۱۴۰۵,"۵۰,۴۰۰,۰۰۰","۵۰,۴۰۰,۰۰۰",سه شنبه ساعت ۱۴:۰۰ تا ۱۸:۰۰,https://mftplus.com/lesson/3979/کارگاه-شیرینی-و-دسرهای-کافه-ای
مدیریت کافی شاپ,تشریفات و گردشگری,البرز,مشخص نشده,سه شنبه ۱ اردیبهشت ۱۴۰۵,سه شنبه ۹ تیر ۱۴۰۵,"۱۰۴,۰۰۰,۰۰۰","۱۰۴,۰۰۰,۰۰۰",سه شنبه ساعت ۱۵:۰۰ تا ۱۸:۰۰,https://mftplus.com/lesson/3810/مدیریت-کافی-شاپ
Exchange Server 2019,فناوری اطلاعات و ارتباطات,سعادت آباد (مرکزی),پدرام حسین نخعی,چهارشنبه ۲ اردیبهشت ۱۴۰۵,چهارشنبه ۳۱ تیر ۱۴۰۵,"۹۳,۰۰۰,۰۰۰","۹۳,۰۰۰,۰۰۰",چهارشنبه ساعت ۱۳:۳۰ تا ۱۷:۳۰,https://mftplus.com/lesson/3266/Exchange-Server-2019
(HTML & CSS (Web Design I,فناوری اطلاعات و ارتباطات,سعادت آباد (مرکزی),تورج آرمین پور,چهارشنبه ۲ اردیبهشت ۱۴۰۵,چهارشنبه ۱۷ تیر ۱۴۰۵,"۴۵,۰۰۰,۰۰۰","۵۶,۰۰۰,۰۰۰",چهارشنبه ساعت ۰۹:۰۰ تا ۱۴:۰۰,https://mftplus.com/lesson/6456/(HTML-&-CSS-(Web-Design-I
طراحی وب سایت (Web Design Pack),فناوری اطلاعات و ارتباطات,سعادت آباد (مرکزی),تورج آرمین پور,چهارشنبه ۲ اردیبهشت ۱۴۰۵,چهارشنبه ۱۸ آذر ۱۴۰۵,"۱۵۰,۰۰۰,۰۰۰","۱۸۷,۰۰۰,۰۰۰",چهارشنبه ساعت ۰۹:۰۰ تا ۱۴:۰۰,https://mftplus.com/lesson/6459/طراحی-وب-سایت-(Web-Design-Pack)
مقدمه ای بر الگوریتم و برنامه نویسی,فناوری اطلاعات و ارتباطات,تهرانپارس,مشخص نشده,چهارشنبه ۲ اردیبهشت ۱۴۰۵,چهارشنبه ۱۷ تیر ۱۴۰۵,"۳۳,۰۰۰,۰۰۰","۳۳,۰۰۰,۰۰۰",چهارشنبه ساعت ۱۷:۰۰ تا ۲۱:۰۰,https://mftplus.com/lesson/132017130/مقدمه-ای-بر-الگوریتم-و-برنامه-نویسی
Responsive & Bootstrap (Web Design II),فناوری اطلاعات و ارتباطات,سعادت آباد (مرکزی),تورج آرمین پور,چهارشنبه ۲ اردیبهشت ۱۴۰۵,چهارشنبه ۲۷ خرداد ۱۴۰۵,"۵۰,۰۰۰,۰۰۰","۶۳,۰۰۰,۰۰۰",چهارشنبه ساعت ۱۴:۳۰ تا ۱۹:۳۰,https://mftplus.com/lesson/6457/Responsive-&-Bootstrap-(Web-Design-II)
طراحی معماری و دکوراسیون داخلی مقدماتی,معماری,تهرانپارس,مشخص نشده,چهارشنبه ۲ اردیبهشت ۱۴۰۵,شنبه ۲۰ تیر ۱۴۰۵,"۱۷۱,۰۰۰,۰۰۰","۱۷۱,۰۰۰,۰۰۰",شنبه ساعت ۱۶:۰۰ تا ۲۰:۰۰ | دوشنبه ساعت ۱۶:۰۰ تا ۲۰:۰۰ | چهارشنبه ساعت ۱۶:۰۰ تا ۲۰:۰۰,https://mftplus.com/lesson/391212125/طراحی-معماری-و-دکوراسیون-داخلی-مقدماتی
پکیج طراحی دکوراسیون داخلی از مقدماتی تا پیشرفته,معماری,تهرانپارس,مشخص نشده,چهارشنبه ۲ اردیبهشت ۱۴۰۵,دوشنبه ۳۰ آذر ۱۴۰۵,"۵۲۹,۰۰۰,۰۰۰","۵۲۹,۰۰۰,۰۰۰",شنبه ساعت ۱۶:۰۰ تا ۲۰:۰۰ | دوشنبه ساعت ۱۶:۰۰ تا ۲۰:۰۰ | چهارشنبه ساعت ۱۶:۰۰ تا ۲۰:۰۰,https://mftplus.com/lesson/5999/پکیج-طراحی-دکوراسیون-داخلی-از-مقدماتی-تا-پیشرفته
Wordpress & SEO PACK,فناوری اطلاعات و ارتباطات,تهرانپارس,مشخص نشده,چهارشنبه ۲ اردیبهشت ۱۴۰۵,چهارشنبه ۲۵ شهریور ۱۴۰۵,"۱۲۴,۰۰۰,۰۰۰","۱۲۴,۰۰۰,۰۰۰",چهارشنبه ساعت ۱۷:۰۰ تا ۲۱:۰۰,https://mftplus.com/lesson/4669/Wordpress-&-SEO-PACK
متخصص ارشد روابط عمومی در دنیای دیجیتال (Digital Master PR),فرهنگ، ارتباط و رسانه,پارک ساعی,مشخص نشده,چهارشنبه ۲ اردیبهشت ۱۴۰۵,چهارشنبه ۱۳ خرداد ۱۴۰۵,"۶۲,۰۰۰,۰۰۰","۶۲,۰۰۰,۰۰۰",شنبه ساعت ۱۷:۳۰ تا ۲۰:۳۰ | چهارشنبه ساعت ۱۷:۳۰ تا ۲۰:۳۰,https://mftplus.com/lesson/6084/متخصص-ارشد-روابط-عمومی-در-دنیای-دیجیتال-(Digital-Master-PR)
خبرنگاری حرفه ای در دنیای دیجیتال,فرهنگ، ارتباط و رسانه,پارک ساعی,مشخص نشده,چهارشنبه ۲ اردیبهشت ۱۴۰۵,شنبه ۲۶ اردیبهشت ۱۴۰۵,"۴۵,۰۰۰,۰۰۰","۴۵,۰۰۰,۰۰۰",شنبه ساعت ۱۴:۳۰ تا ۱۷:۳۰ | چهارشنبه ساعت ۱۴:۳۰ تا ۱۷:۳۰,https://mftplus.com/lesson/6088/خبرنگاری-حرفه-ای-در-دنیای-دیجیتال
تهیه و تولید مستندها و گزارشهای خبری ، پرتره و تاریخی برای رسانه ها و شبکه های تلویزیونی,فرهنگ، ارتباط و رسانه,پارک ساعی,مشخص نشده,چهارشنبه ۲ اردیبهشت ۱۴۰۵,چهارشنبه ۱۳ خرداد ۱۴۰۵,"۶۸,۵۰۰,۰۰۰","۶۸,۵۰۰,۰۰۰",شنبه ساعت ۱۱:۳۰ تا ۱۴:۳۰ | چهارشنبه ساعت ۱۱:۳۰ تا ۱۴:۳۰,https://mftplus.com/lesson/6220/تهیه-و-تولید-مستندها-و-گزارشهای-خبری-،-پرتره-و-تاریخی-برای-رسانه-ها-و-شبکه-های-تلویزیونی
کارگاه استاندارد جهانی ارتباطات در بحران و اعتبار برند سازمانی,فرهنگ، ارتباط و رسانه,پارک ساعی,مشخص نشده,چهارشنبه ۲ اردیبهشت ۱۴۰۵,چهارشنبه ۲ اردیبهشت ۱۴۰۵,"۲۴,۰۰۰,۰۰۰","۲۴,۰۰۰,۰۰۰",چهارشنبه ساعت ۰۸:۰۰ تا ۱۶:۰۰,https://mftplus.com/lesson/6471/کارگاه-استاندارد-جهانی-ارتباطات-در-بحران-و-اعتبار-برند-سازمانی
کارگاه سناریو نویسی در روابط عمومی (رویکرد کاربردی),فرهنگ، ارتباط و رسانه,پارک ساعی,مشخص نشده,چهارشنبه ۲ اردیبهشت ۱۴۰۵,دوشنبه ۱۴ اردیبهشت ۱۴۰۵,"۲۱,۶۰۰,۰۰۰","۲۱,۶۰۰,۰۰۰",دوشنبه ساعت ۰۸:۳۰ تا ۱۱:۳۰ | چهارشنبه ساعت ۰۸:۳۰ تا ۱۱:۳۰,https://mftplus.com/lesson/6246/کارگاه-سناریو-نویسی-در-روابط-عمومی-(رویکرد-کاربردی)
فتوشاپ و ایلاستریتور,هنر و سینما,تهرانپارس,مشخص نشده,پنجشنبه ۳ اردیبهشت ۱۴۰۵,پنجشنبه ۵ شهریور ۱۴۰۵,"۹۴,۰۰۰,۰۰۰","۹۴,۰۰۰,۰۰۰",پنجشنبه ساعت ۱۵:۰۰ تا ۲۰:۰۰,https://mftplus.com/lesson/431312124/فتوشاپ-و-ایلاستریتور
CCNP Enterprise Package,فناوری اطلاعات و ارتباطات,البرز,مشخص نشده,پنجشنبه ۳ اردیبهشت ۱۴۰۵,جمعه ۱۳ شهریور ۱۴۰۵,"۱۸۰,۰۰۰,۰۰۰","۱۸۰,۰۰۰,۰۰۰",جمعه ساعت ۱۷:۰۰ تا ۲۱:۰۰ | پنجشنبه ساعت ۱۷:۰۰ تا ۲۱:۰۰,https://mftplus.com/lesson/3685/CCNP-Enterprise-Package
ICDL Pack 2021,فناوری اطلاعات و ارتباطات,سعادت آباد (مرکزی),مریم رفیع فرحزادی,پنجشنبه ۳ اردیبهشت ۱۴۰۵,پنجشنبه ۳۰ مهر ۱۴۰۵,"۶۳,۰۰۰,۰۰۰","۸۱,۰۰۰,۰۰۰",پنجشنبه ساعت ۰۹:۰۰ تا ۱۴:۰۰,https://mftplus.com/lesson/5575/ICDL-Pack-2021
ICDL 2021 Level 1,فناوری اطلاعات و ارتباطات,سعادت آباد (مرکزی),مریم رفیع فرحزادی,پنجشنبه ۳ اردیبهشت ۱۴۰۵,پنجشنبه ۱ مرداد ۱۴۰۵,"۳۸,۰۰۰,۰۰۰","۴۹,۰۰۰,۰۰۰",پنجشنبه ساعت ۰۹:۰۰ تا ۱۴:۰۰,https://mftplus.com/lesson/5571/ICDL-2021-Level-1
درایوهای AC,برق و الکترونیک,پارک ساعی,مشخص نشده,پنجشنبه ۳ اردیبهشت ۱۴۰۵,پنجشنبه ۳۱ اردیبهشت ۱۴۰۵,"۷۳,۰۰۰,۰۰۰","۷۳,۰۰۰,۰۰۰",پنجشنبه ساعت ۱۴:۰۰ تا ۱۹:۰۰,https://mftplus.com/lesson/182113128/درایوهای-AC
ایلاستریتور,هنر و سینما,باملند(شمال غرب),مشخص نشده,پنجشنبه ۳ اردیبهشت ۱۴۰۵,پنجشنبه ۲۱ خرداد ۱۴۰۵,"۵۴,۰۰۰,۰۰۰","۵۴,۰۰۰,۰۰۰",پنجشنبه ساعت ۰۸:۰۰ تا ۱۴:۰۰,https://mftplus.com/lesson/431314131/ایلاستریتور
مقدمه ای بر الگوریتم و برنامه نویسی,فناوری اطلاعات و ارتباطات,سعادت آباد (مرکزی),آرشام حاجب,پنجشنبه ۳ اردیبهشت ۱۴۰۵,پنجشنبه ۲۱ خرداد ۱۴۰۵,"۲۸,۰۰۰,۰۰۰","۳۳,۰۰۰,۰۰۰",پنجشنبه ساعت ۰۹:۰۰ تا ۱۴:۰۰,https://mftplus.com/lesson/132017130/مقدمه-ای-بر-الگوریتم-و-برنامه-نویسی
سئو و بهینه سازی موتورهای جست و جو (SEO),فناوری اطلاعات و ارتباطات,باملند(شمال غرب),مشخص نشده,پنجشنبه ۳ اردیبهشت ۱۴۰۵,پنجشنبه ۲۱ خرداد ۱۴۰۵,"۸۳,۰۰۰,۰۰۰","۸۳,۰۰۰,۰۰۰",پنجشنبه ساعت ۰۸:۰۰ تا ۱۴:۰۰,https://mftplus.com/lesson/5303/سئو-و-بهینه-سازی-موتورهای-جست-و-جو-(SEO)
فتوشاپ نسخه مقدماتی تا پیشرفته,هنر و سینما,تهرانپارس,مشخص نشده,پنجشنبه ۳ اردیبهشت ۱۴۰۵,پنجشنبه ۱ مرداد ۱۴۰۵,"۵۶,۰۰۰,۰۰۰","۵۶,۰۰۰,۰۰۰",پنجشنبه ساعت ۱۵:۰۰ تا ۲۰:۰۰,https://mftplus.com/lesson/431314130/فتوشاپ-نسخه-مقدماتی-تا-پیشرفته
جامع مدیریت منابع انسانی (HRM),مدیریت و کسب و کار,میرداماد,مشخص نشده,پنجشنبه ۳ اردیبهشت ۱۴۰۵,پنجشنبه ۲ مهر ۱۴۰۵,"۱۲۸,۷۰۰,۰۰۰","۱۶۱,۷۰۰,۰۰۰",پنجشنبه ساعت ۱۴:۳۰ تا ۱۹:۳۰,https://mftplus.com/lesson/4924/جامع-مدیریت-منابع-انسانی-(HRM)
موشن گرافیک,هنر و سینما,باملند(شمال غرب),مشخص نشده,پنجشنبه ۳ اردیبهشت ۱۴۰۵,پنجشنبه ۱۶ مهر ۱۴۰۵,"۱۷۴,۰۰۰,۰۰۰","۱۷۴,۰۰۰,۰۰۰",پنجشنبه ساعت ۰۸:۰۰ تا ۱۴:۰۰,https://mftplus.com/lesson/3064/موشن-گرافیک
فتوشاپ و ایلاستریتور,هنر و سینما,باملند(شمال غرب),مشخص نشده,پنجشنبه ۳ اردیبهشت ۱۴۰۵,پنجشنبه ۱۵ مرداد ۱۴۰۵,"۹۴,۰۰۰,۰۰۰","۹۴,۰۰۰,۰۰۰",پنجشنبه ساعت ۰۸:۰۰ تا ۱۴:۰۰,https://mftplus.com/lesson/431312124/فتوشاپ-و-ایلاستریتور
فتوشاپ مقدماتی تا پیشرفته,هنر و سینما,باملند(شمال غرب),مشخص نشده,پنجشنبه ۳ اردیبهشت ۱۴۰۵,پنجشنبه ۱۸ تیر ۱۴۰۵,"۵۶,۰۰۰,۰۰۰","۵۶,۰۰۰,۰۰۰",پنجشنبه ساعت ۰۹:۰۰ تا ۱۴:۰۰,https://mftplus.com/lesson/4810/فتوشاپ-مقدماتی-تا-پیشرفته
تحلیل های آماری داده ها به کمک نرم افزار SPSS - سطح یک,علوم مهندسی,سیدخندان,مشخص نشده,پنجشنبه ۳ اردیبهشت ۱۴۰۵,پنجشنبه ۳۱ اردیبهشت ۱۴۰۵,"۴۵,۰۰۰,۰۰۰","۴۵,۰۰۰,۰۰۰",پنجشنبه ساعت ۱۳:۰۰ تا ۱۸:۰۰,https://mftplus.com/lesson/154212125/تحلیل-های-آماری-داده-ها-به-کمک-نرم-افزار-SPSS-سطح-یک
مبانی هوش مصنوعی برای نوجوانان,کودک و نوجوان,زعفرانیه,مشخص نشده,پنجشنبه ۳ اردیبهشت ۱۴۰۵,پنجشنبه ۷ خرداد ۱۴۰۵,"۶۲,۰۰۰,۰۰۰","۶۴,۴۰۰,۰۰۰",پنجشنبه ساعت ۰۹:۰۰ تا ۱۳:۰۰,https://mftplus.com/lesson/6183/مبانی-هوش-مصنوعی-برای-نوجوانان
Programming with Python,فناوری اطلاعات و ارتباطات,البرز,مشخص نشده,پنجشنبه ۳ اردیبهشت ۱۴۰۵,پنجشنبه ۲۸ خرداد ۱۴۰۵,"۸۸,۰۰۰,۰۰۰","۸۸,۰۰۰,۰۰۰",جمعه ساعت ۰۹:۰۰ تا ۱۳:۰۰ | پنجشنبه ساعت ۰۹:۰۰ تا ۱۳:۰۰,https://mftplus.com/lesson/5679/Programming-with-Python
Python Web Development With Django,فناوری اطلاعات و ارتباطات,البرز,مشخص نشده,پنجشنبه ۳ اردیبهشت ۱۴۰۵,پنجشنبه ۲۱ خرداد ۱۴۰۵,"۷۴,۰۰۰,۰۰۰","۷۴,۰۰۰,۰۰۰",جمعه ساعت ۱۷:۰۰ تا ۲۱:۰۰ | پنجشنبه ساعت ۱۳:۰۰ تا ۱۷:۰۰,https://mftplus.com/lesson/4046/Python-Web-Development-With-Django
CCNP Enterprise Package,فناوری اطلاعات و ارتباطات,البرز,مشخص نشده,پنجشنبه ۳ اردیبهشت ۱۴۰۵,پنجشنبه ۲ مهر ۱۴۰۵,"۱۸۰,۰۰۰,۰۰۰","۱۸۰,۰۰۰,۰۰۰",جمعه ساعت ۱۷:۰۰ تا ۲۱:۰۰ | پنجشنبه ساعت ۱۷:۰۰ تا ۲۱:۰۰,https://mftplus.com/lesson/3685/CCNP-Enterprise-Package
طراحی لوگو و هویت بصری,هنر و سینما,زعفرانیه,مشخص نشده,پنجشنبه ۳ اردیبهشت ۱۴۰۵,جمعه ۵ تیر ۱۴۰۵,"۶۵,۳۰۰,۰۰۰","۶۵,۳۰۰,۰۰۰",جمعه ساعت ۱۷:۰۰ تا ۲۰:۰۰ | پنجشنبه ساعت ۱۷:۰۰ تا ۲۰:۰۰,https://mftplus.com/lesson/431315127/طراحی-لوگو-و-هویت-بصری
ایلاستریتور,هنر و سینما,البرز,مشخص نشده,جمعه ۴ اردیبهشت ۱۴۰۵,جمعه ۲۲ خرداد ۱۴۰۵,"۵۴,۰۰۰,۰۰۰","۵۴,۰۰۰,۰۰۰",جمعه ساعت ۰۹:۰۰ تا ۱۵:۰۰,https://mftplus.com/lesson/431314131/ایلاستریتور
نحوه تهیه اظهارنامه مالیاتی,علوم مالی و حسابداری,سیدخندان,مشخص نشده,جمعه ۴ اردیبهشت ۱۴۰۵,جمعه ۱۸ اردیبهشت ۱۴۰۵,"۱۷,۵۰۰,۰۰۰","۱۷,۵۰۰,۰۰۰",جمعه ساعت ۱۴:۰۰ تا ۱۸:۰۰,https://mftplus.com/lesson/3862/نحوه-تهیه-اظهارنامه-مالیاتی
Deep Learning with Python,فناوری اطلاعات و ارتباطات,سعادت آباد (مرکزی),فاطمه رفیع پور,جمعه ۴ اردیبهشت ۱۴۰۵,جمعه ۵ تیر ۱۴۰۵,"۹۴,۰۰۰,۰۰۰","۱۱۷,۰۰۰,۰۰۰",جمعه ساعت ۰۸:۰۰ تا ۱۴:۰۰,https://mftplus.com/lesson/5542/Deep-Learning-with-Python
طراحی وب سایت (Web Design Pack),فناوری اطلاعات و ارتباطات,سعادت آباد (مرکزی),کبری حیدری,جمعه ۴ اردیبهشت ۱۴۰۵,جمعه ۲۰ آذر ۱۴۰۵,"۱۵۰,۰۰۰,۰۰۰","۱۸۷,۰۰۰,۰۰۰",جمعه ساعت ۰۹:۰۰ تا ۱۴:۰۰,https://mftplus.com/lesson/6459/طراحی-وب-سایت-(Web-Design-Pack)
(HTML & CSS (Web Design I,فناوری اطلاعات و ارتباطات,سعادت آباد (مرکزی),کبری حیدری,جمعه ۴ اردیبهشت ۱۴۰۵,جمعه ۱۹ تیر ۱۴۰۵,"۴۵,۰۰۰,۰۰۰","۵۶,۰۰۰,۰۰۰",جمعه ساعت ۰۹:۰۰ تا ۱۴:۰۰,https://mftplus.com/lesson/6456/(HTML-&-CSS-(Web-Design-I
Java EE 8 programming,فناوری اطلاعات و ارتباطات,سعادت آباد (مرکزی),سید احمد مصباح,جمعه ۴ اردیبهشت ۱۴۰۵,جمعه ۵ تیر ۱۴۰۵,"۶۵,۰۰۰,۰۰۰","۸۱,۰۰۰,۰۰۰",جمعه ساعت ۱۴:۳۰ تا ۱۹:۳۰,https://mftplus.com/lesson/132018137/Java-EE-8-programming
Programming with Python,فناوری اطلاعات و ارتباطات,سعادت آباد (مرکزی),فاطمه رفیع پور,جمعه ۴ اردیبهشت ۱۴۰۵,جمعه ۲۶ تیر ۱۴۰۵,"۷۰,۰۰۰,۰۰۰","۸۸,۰۰۰,۰۰۰",جمعه ساعت ۱۴:۰۰ تا ۱۹:۰۰,https://mftplus.com/lesson/5679/Programming-with-Python
الکترونیک صنعتی,برق و الکترونیک,پارک ساعی,مشخص نشده,جمعه ۴ اردیبهشت ۱۴۰۵,جمعه ۱۲ تیر ۱۴۰۵,"۷۴,۰۰۰,۰۰۰","۷۴,۰۰۰,۰۰۰",جمعه ساعت ۰۹:۰۰ تا ۱۴:۰۰,https://mftplus.com/lesson/5596/الکترونیک-صنعتی
HTML & CSS I,کودک و نوجوان,پارک ساعی,مشخص نشده,جمعه ۴ اردیبهشت ۱۴۰۵,جمعه ۲ مرداد ۱۴۰۵,"۶۰,۵۰۰,۰۰۰","۶۶,۱۰۰,۰۰۰",جمعه ساعت ۱۴:۰۰ تا ۱۷:۰۰,https://mftplus.com/lesson/4635/HTML-&-CSS-I
رباتیک مقدماتی,کودک و نوجوان,پارک ساعی,مشخص نشده,جمعه ۴ اردیبهشت ۱۴۰۵,جمعه ۱۲ تیر ۱۴۰۵,"۴۸,۳۰۰,۰۰۰","۴۸,۳۰۰,۰۰۰",جمعه ساعت ۱۴:۰۰ تا ۱۶:۰۰,https://mftplus.com/lesson/191712130/رباتیک-مقدماتی
نرم افزار Revit معماری,معماری,تهرانپارس,مشخص نشده,جمعه ۴ اردیبهشت ۱۴۰۵,جمعه ۱۹ تیر ۱۴۰۵,"۸۹,۰۰۰,۰۰۰","۸۹,۰۰۰,۰۰۰",جمعه ساعت ۰۸:۰۰ تا ۱۳:۰۰,https://mftplus.com/lesson/391412129/نرم-افزار-Revit-معماری
MCSA PACK 2025,فناوری اطلاعات و ارتباطات,سعادت آباد (مرکزی),پدرام حسین نخعی,شنبه ۵ اردیبهشت ۱۴۰۵,شنبه ۸ خرداد ۱۴۰۶,"۱۷۳,۰۰۰,۰۰۰","۲۱۸,۰۰۰,۰۰۰",شنبه ساعت ۲۰:۳۰ تا ۲۲:۳۰ | دوشنبه ساعت ۲۰:۳۰ تا ۲۲:۳۰,https://mftplus.com/lesson/6364/MCSA-PACK-2025
Network+,فناوری اطلاعات و ارتباطات,سعادت آباد (مرکزی),پدرام حسین نخعی,شنبه ۵ اردیبهشت ۱۴۰۵,شنبه ۲۳ خرداد ۱۴۰۵,"۱۵,۰۰۰,۰۰۰","۲۰,۰۰۰,۰۰۰",شنبه ساعت ۲۰:۳۰ تا ۲۲:۳۰ | دوشنبه ساعت ۲۰:۳۰ تا ۲۲:۳۰,https://mftplus.com/lesson/131612129/Network+
تلفیقی Word+Excel 2021,فناوری اطلاعات و ارتباطات,بلوار کاوه(قیطریه),مشخص نشده,شنبه ۵ اردیبهشت ۱۴۰۵,دوشنبه ۲۱ اردیبهشت ۱۴۰۵,"۳۸,۰۰۰,۰۰۰","۴۵,۰۰۰,۰۰۰",شنبه ساعت ۰۸:۰۰ تا ۱۴:۰۰ | دوشنبه ساعت ۰۸:۰۰ تا ۱۴:۰۰ | چهارشنبه ساعت ۰۸:۰۰ تا ۱۴:۰۰,https://mftplus.com/lesson/5976/تلفیقی-Word+Excel-2021
کوتاه کردن مو (کوپ),دانش سلامت,باملند(شمال غرب),مشخص نشده,شنبه ۵ اردیبهشت ۱۴۰۵,شنبه ۶ تیر ۱۴۰۵,"۵۷,۲۰۰,۰۰۰","۵۷,۲۰۰,۰۰۰",شنبه ساعت ۱۱:۰۰ تا ۱۴:۰۰,https://mftplus.com/lesson/5336/کوتاه-کردن-مو-(کوپ)
احیا و صافی مو,دانش سلامت,باملند(شمال غرب),مشخص نشده,شنبه ۵ اردیبهشت ۱۴۰۵,شنبه ۶ تیر ۱۴۰۵,"۵۷,۲۰۰,۰۰۰","۵۷,۲۰۰,۰۰۰",شنبه ساعت ۱۱:۰۰ تا ۱۴:۰۰,https://mftplus.com/lesson/5344/احیا-و-صافی-مو
احیا و صافی مو,دانش سلامت,باملند(شمال غرب),مشخص نشده,شنبه ۵ اردیبهشت ۱۴۰۵,شنبه ۶ تیر ۱۴۰۵,"۵۷,۲۰۰,۰۰۰","۵۷,۲۰۰,۰۰۰",شنبه ساعت ۱۱:۰۰ تا ۱۴:۰۰,https://mftplus.com/lesson/5344/احیا-و-صافی-مو
مراقبت از پوست، مو و زیبایی,دانش سلامت,زعفرانیه,مشخص نشده,شنبه ۵ اردیبهشت ۱۴۰۵,شنبه ۲۳ خرداد ۱۴۰۵,"۱۲۶,۴۰۰,۰۰۰","۱۲۶,۴۰۰,۰۰۰",شنبه ساعت ۱۰:۰۰ تا ۱۴:۰۰ | دوشنبه ساعت ۱۰:۰۰ تا ۱۴:۰۰,https://mftplus.com/lesson/341513127/مراقبت-از-پوست،-مو-و-زیبایی
MTCNA,فناوری اطلاعات و ارتباطات,زعفرانیه,مشخص نشده,شنبه ۵ اردیبهشت ۱۴۰۵,چهارشنبه ۱۳ خرداد ۱۴۰۵,"۳۶,۰۰۰,۰۰۰","۴۷,۰۰۰,۰۰۰",شنبه ساعت ۱۷:۰۰ تا ۲۰:۰۰ | چهارشنبه ساعت ۱۷:۰۰ تا ۲۰:۰۰,https://mftplus.com/lesson/5690/MTCNA
دوره طراحی رابط و تجربه کاربری (UI/UX),فناوری اطلاعات و ارتباطات,البرز,مشخص نشده,شنبه ۵ اردیبهشت ۱۴۰۵,شنبه ۱۶ خرداد ۱۴۰۵,"۶۸,۰۰۰,۰۰۰","۶۸,۰۰۰,۰۰۰",شنبه ساعت ۱۳:۰۰ تا ۱۷:۰۰ | سه شنبه ساعت ۱۵:۰۰ تا ۱۷:۰۰,https://mftplus.com/lesson/5605/دوره-طراحی-رابط-و-تجربه-کاربری-(UI/UX)
تصویرسازی 1,هنر و سینما,زعفرانیه,مشخص نشده,شنبه ۵ اردیبهشت ۱۴۰۵,دوشنبه ۲۸ اردیبهشت ۱۴۰۵,"۴۵,۵۰۰,۰۰۰","۴۵,۵۰۰,۰۰۰",شنبه ساعت ۱۷:۳۰ تا ۲۱:۰۰ | دوشنبه ساعت ۱۷:۳۰ تا ۲۱:۰۰ | چهارشنبه ساعت ۱۷:۳۰ تا ۲۱:۰۰,https://mftplus.com/lesson/6094/تصویرسازی-1
نرم افزار کیوبیس,هنر و سینما,زعفرانیه,مشخص نشده,یکشنبه ۶ اردیبهشت ۱۴۰۵,یکشنبه ۳ خرداد ۱۴۰۵,"۵۷,۰۰۰,۰۰۰","۵۷,۰۰۰,۰۰۰",یکشنبه ساعت ۱۷:۳۰ تا ۲۱:۰۰ | سه شنبه ساعت ۱۷:۳۰ تا ۲۱:۰۰,https://mftplus.com/lesson/6139/نرم-افزار-کیوبیس
ICDL 2021 Level 2,فناوری اطلاعات و ارتباطات,سعادت آباد (مرکزی),معصومه فاتح,یکشنبه ۶ اردیبهشت ۱۴۰۵,یکشنبه ۱۴ تیر ۱۴۰۵,"۳۵,۰۰۰,۰۰۰","۴۴,۰۰۰,۰۰۰",یکشنبه ساعت ۱۴:۳۰ تا ۱۷:۳۰ | سه شنبه ساعت ۱۴:۳۰ تا ۱۷:۳۰,https://mftplus.com/lesson/5573/ICDL-2021-Level-2
Microsoft Office Excel 2021,فناوری اطلاعات و ارتباطات,سعادت آباد (مرکزی),معصومه فاتح,یکشنبه ۶ اردیبهشت ۱۴۰۵,سه شنبه ۲۹ اردیبهشت ۱۴۰۵,"۲۳,۰۰۰,۰۰۰","۲۸,۰۰۰,۰۰۰",یکشنبه ساعت ۱۴:۳۰ تا ۱۷:۳۰ | سه شنبه ساعت ۱۴:۳۰ تا ۱۷:۳۰,https://mftplus.com/lesson/5578/Microsoft-Office-Excel-2021
حسابداری ویژه بازار کار,علوم مالی و حسابداری,بلوار کاوه(قیطریه),مشخص نشده,یکشنبه ۶ اردیبهشت ۱۴۰۵,یکشنبه ۵ مهر ۱۴۰۵,"۱۷۷,۶۰۰,۰۰۰","۱۷۷,۶۰۰,۰۰۰",یکشنبه ساعت ۱۶:۰۰ تا ۲۰:۰۰ | سه شنبه ساعت ۱۶:۰۰ تا ۲۰:۰۰,https://mftplus.com/lesson/3869/حسابداری-ویژه-بازار-کار
حسابداری مالی خدماتی,علوم مالی و حسابداری,بلوار کاوه(قیطریه),مشخص نشده,یکشنبه ۶ اردیبهشت ۱۴۰۵,یکشنبه ۱۷ خرداد ۱۴۰۵,"۵۳,۹۰۰,۰۰۰","۵۳,۹۰۰,۰۰۰",یکشنبه ساعت ۱۶:۰۰ تا ۲۰:۰۰ | سه شنبه ساعت ۱۶:۰۰ تا ۲۰:۰۰,https://mftplus.com/lesson/3865/حسابداری-مالی-خدماتی
فتوشاپ برای معماری,معماری,بلوار کاوه(قیطریه),مشخص نشده,یکشنبه ۶ اردیبهشت ۱۴۰۵,یکشنبه ۲۷ اردیبهشت ۱۴۰۵,"۴۹,۰۰۰,۰۰۰","۴۹,۰۰۰,۰۰۰",یکشنبه ساعت ۰۹:۰۰ تا ۱۲:۰۰ | سه شنبه ساعت ۰۹:۰۰ تا ۱۲:۰۰,https://mftplus.com/lesson/391412134/فتوشاپ-برای-معماری
بافت موی پایه,دانش سلامت,باملند(شمال غرب),مشخص نشده,یکشنبه ۶ اردیبهشت ۱۴۰۵,یکشنبه ۷ تیر ۱۴۰۵,"۶۵,۰۰۰,۰۰۰","۶۵,۰۰۰,۰۰۰",یکشنبه ساعت ۱۱:۰۰ تا ۱۴:۰۰,https://mftplus.com/lesson/5704/بافت-موی-پایه
دوره جامع طراحی لباس,فناوری مد و پوشاک,باملند(شمال غرب),مشخص نشده,یکشنبه ۶ اردیبهشت ۱۴۰۵,یکشنبه ۲۷ دی ۱۴۰۵,"۲۶۱,۰۰۰,۰۰۰","۲۶۱,۰۰۰,۰۰۰",یکشنبه ساعت ۱۶:۰۰ تا ۲۰:۰۰ | سه شنبه ساعت ۱۶:۰۰ تا ۲۰:۰۰,https://mftplus.com/lesson/6321/دوره-جامع-طراحی-لباس
طراحی لباس مقدماتی,فناوری مد و پوشاک,باملند(شمال غرب),مشخص نشده,یکشنبه ۶ اردیبهشت ۱۴۰۵,سه شنبه ۱۷ شهریور ۱۴۰۵,"۱۳۵,۰۰۰,۰۰۰","۱۳۵,۰۰۰,۰۰۰",یکشنبه ساعت ۱۶:۰۰ تا ۲۰:۰۰ | سه شنبه ساعت ۱۶:۰۰ تا ۲۰:۰۰,https://mftplus.com/lesson/6311/طراحی-لباس-مقدماتی
فتوشاپ و ایلاستریتور,هنر و سینما,تهرانپارس,علی طاهریان,یکشنبه ۶ اردیبهشت ۱۴۰۵,یکشنبه ۴ مرداد ۱۴۰۵,"۹۴,۰۰۰,۰۰۰","۹۴,۰۰۰,۰۰۰",یکشنبه ساعت ۱۷:۰۰ تا ۲۰:۰۰ | سه شنبه ساعت ۱۷:۰۰ تا ۲۰:۰۰,https://mftplus.com/lesson/431312124/فتوشاپ-و-ایلاستریتور
تکنسین داروخانه (نسخه خوانی),دانش سلامت,البرز,مشخص نشده,یکشنبه ۶ اردیبهشت ۱۴۰۵,یکشنبه ۲۴ خرداد ۱۴۰۵,"۷۱,۵۰۰,۰۰۰","۷۱,۵۰۰,۰۰۰",یکشنبه ساعت ۱۷:۰۰ تا ۲۱:۰۰ | سه شنبه ساعت ۱۷:۰۰ تا ۲۱:۰۰,https://mftplus.com/lesson/341615130/تکنسین-داروخانه-(نسخه-خوانی)
فتوشاپ مقدماتی تا پیشرفته,هنر و سینما,البرز,مشخص نشده,یکشنبه ۶ اردیبهشت ۱۴۰۵,یکشنبه ۱۷ خرداد ۱۴۰۵,"۵۶,۰۰۰,۰۰۰","۵۶,۰۰۰,۰۰۰",یکشنبه ساعت ۱۷:۰۰ تا ۲۱:۰۰ | سه شنبه ساعت ۱۷:۰۰ تا ۲۱:۰۰,https://mftplus.com/lesson/4810/فتوشاپ-مقدماتی-تا-پیشرفته
کارگردانی سینما,هنر و سینما,زعفرانیه,مشخص نشده,دوشنبه ۷ اردیبهشت ۱۴۰۵,دوشنبه ۲۵ خرداد ۱۴۰۵,"۷۱,۵۰۰,۰۰۰","۷۱,۵۰۰,۰۰۰",دوشنبه ساعت ۱۷:۳۰ تا ۲۱:۰۰ | چهارشنبه ساعت ۱۷:۳۰ تا ۲۱:۰۰,https://mftplus.com/lesson/3004/کارگردانی-سینما
پکیج طراحی گرافیک,هنر و سینما,پارک ساعی,مشخص نشده,دوشنبه ۷ اردیبهشت ۱۴۰۵,چهارشنبه ۱ مهر ۱۴۰۵,"۲۸۳,۰۰۰,۰۰۰","۲۸۳,۰۰۰,۰۰۰",شنبه ساعت ۱۷:۰۰ تا ۲۰:۳۰ | دوشنبه ساعت ۱۷:۰۰ تا ۲۰:۳۰ | چهارشنبه ساعت ۱۷:۰۰ تا ۲۰:۳۰,https://mftplus.com/lesson/4827/پکیج-طراحی-گرافیک
JavaScript (Web Design III),فناوری اطلاعات و ارتباطات,نیاوران,مشخص نشده,چهارشنبه ۹ اردیبهشت ۱۴۰۵,چهارشنبه ۷ مرداد ۱۴۰۵,"۸۱,۰۰۰,۰۰۰","۱۰۱,۵۰۰,۰۰۰",چهارشنبه ساعت ۰۹:۰۰ تا ۱۴:۰۰,https://mftplus.com/lesson/6458/JavaScript-(Web-Design-III)
پکیج طراحی دکوراسیون داخلی از مقدماتی تا پیشرفته,معماری,باملند(شمال غرب),مشخص نشده,چهارشنبه ۹ اردیبهشت ۱۴۰۵,چهارشنبه ۱۰ شهریور ۱۴۰۶,"۵۲۹,۰۰۰,۰۰۰","۵۲۹,۰۰۰,۰۰۰",دوشنبه ساعت ۱۷:۰۰ تا ۲۰:۰۰ | چهارشنبه ساعت ۱۷:۰۰ تا ۲۰:۰۰,https://mftplus.com/lesson/5999/پکیج-طراحی-دکوراسیون-داخلی-از-مقدماتی-تا-پیشرفته
طراحی معماری و دکوراسیون داخلی مقدماتی,معماری,باملند(شمال غرب),مشخص نشده,چهارشنبه ۹ اردیبهشت ۱۴۰۵,چهارشنبه ۱۵ مهر ۱۴۰۵,"۱۷۱,۰۰۰,۰۰۰","۱۷۱,۰۰۰,۰۰۰",دوشنبه ساعت ۱۷:۰۰ تا ۲۰:۰۰ | چهارشنبه ساعت ۱۷:۰۰ تا ۲۰:۰۰,https://mftplus.com/lesson/391212125/طراحی-معماری-و-دکوراسیون-داخلی-مقدماتی
اسکیس و راندو,معماری,باملند(شمال غرب),مشخص نشده,چهارشنبه ۹ اردیبهشت ۱۴۰۵,چهارشنبه ۱۳ خرداد ۱۴۰۵,"۵۹,۰۰۰,۰۰۰","۵۹,۰۰۰,۰۰۰",دوشنبه ساعت ۱۷:۰۰ تا ۲۰:۰۰ | چهارشنبه ساعت ۱۷:۰۰ تا ۲۰:۰۰,https://mftplus.com/lesson/5233/اسکیس-و-راندو
مدیریت بازاریابی,مدیریت و کسب و کار,سعادت آباد (مرکزی),مشخص نشده,پنجشنبه ۱۰ اردیبهشت ۱۴۰۵,پنجشنبه ۳۱ اردیبهشت ۱۴۰۵,"۴۶,۲۰۰,۰۰۰","۵۹,۴۰۰,۰۰۰",پنجشنبه ساعت ۱۴:۳۰ تا ۱۹:۳۰,https://mftplus.com/lesson/4930/مدیریت-بازاریابی
ICDL سطح دو  نوجوانان,کودک و نوجوان,زعفرانیه,مشخص نشده,پنجشنبه ۱۰ اردیبهشت ۱۴۰۵,پنجشنبه ۲۹ مرداد ۱۴۰۵,"۵۶,۱۰۰,۰۰۰","۵۶,۱۰۰,۰۰۰",پنجشنبه ساعت ۱۳:۰۰ تا ۱۶:۰۰,https://mftplus.com/lesson/3592/ICDL-سطح-دو-نوجوانان
طراحی وب سایت (Web Design Pack),فناوری اطلاعات و ارتباطات,زعفرانیه,مشخص نشده,پنجشنبه ۱۰ اردیبهشت ۱۴۰۵,جمعه ۱۷ مهر ۱۴۰۵,"۱۵۰,۰۰۰,۰۰۰","۱۸۷,۰۰۰,۰۰۰",جمعه ساعت ۱۳:۰۰ تا ۱۷:۰۰ | پنجشنبه ساعت ۱۳:۰۰ تا ۱۷:۰۰,https://mftplus.com/lesson/6459/طراحی-وب-سایت-(Web-Design-Pack)
(HTML & CSS (Web Design I,فناوری اطلاعات و ارتباطات,زعفرانیه,مشخص نشده,پنجشنبه ۱۰ اردیبهشت ۱۴۰۵,جمعه ۵ تیر ۱۴۰۵,"۴۵,۰۰۰,۰۰۰","۵۶,۰۰۰,۰۰۰",جمعه ساعت ۱۳:۰۰ تا ۱۷:۰۰ | پنجشنبه ساعت ۱۳:۰۰ تا ۱۷:۰۰,https://mftplus.com/lesson/6456/(HTML-&-CSS-(Web-Design-I
دوره جامع آزاد کار دیجیتال مارکتینگ,تولید محتوا,باملند(شمال غرب),مشخص نشده,پنجشنبه ۱۰ اردیبهشت ۱۴۰۵,پنجشنبه ۱۹ آذر ۱۴۰۵,"۱۹۰,۰۰۰,۰۰۰","۱۹۰,۰۰۰,۰۰۰",پنجشنبه ساعت ۱۴:۰۰ تا ۲۰:۰۰,https://mftplus.com/lesson/5206/دوره-جامع-آزاد-کار-دیجیتال-مارکتینگ
اتوکد دوبعدی معماری,معماری,تهرانپارس,مشخص نشده,پنجشنبه ۱۰ اردیبهشت ۱۴۰۵,پنجشنبه ۱۸ تیر ۱۴۰۵,"۷۵,۰۰۰,۰۰۰","۷۵,۰۰۰,۰۰۰",پنجشنبه ساعت ۱۳:۰۰ تا ۱۸:۰۰,https://mftplus.com/lesson/391412131/اتوکد-دوبعدی-معماری
برنامه ریزی و کنترل پروژه با نرم افزار MS Project,علوم مهندسی,البرز,مشخص نشده,پنجشنبه ۱۰ اردیبهشت ۱۴۰۵,جمعه ۸ خرداد ۱۴۰۵,"۶۵,۰۰۰,۰۰۰","۶۵,۰۰۰,۰۰۰",جمعه ساعت ۰۹:۰۰ تا ۱۳:۰۰ | پنجشنبه ساعت ۰۹:۰۰ تا ۱۳:۰۰,https://mftplus.com/lesson/154012124/برنامه-ریزی-و-کنترل-پروژه-با-نرم-افزار-MS-Project
ICDL Pack 2021,فناوری اطلاعات و ارتباطات,بلوار کاوه(قیطریه),مشخص نشده,پنجشنبه ۱۰ اردیبهشت ۱۴۰۵,پنجشنبه ۲ مهر ۱۴۰۵,"۶۳,۰۰۰,۰۰۰","۸۱,۰۰۰,۰۰۰",پنجشنبه ساعت ۰۸:۰۰ تا ۱۴:۰۰,https://mftplus.com/lesson/5575/ICDL-Pack-2021
ICDL 2021 Level 1,فناوری اطلاعات و ارتباطات,بلوار کاوه(قیطریه),مشخص نشده,پنجشنبه ۱۰ اردیبهشت ۱۴۰۵,پنجشنبه ۲۵ تیر ۱۴۰۵,"۳۸,۰۰۰,۰۰۰","۴۹,۰۰۰,۰۰۰",پنجشنبه ساعت ۰۸:۰۰ تا ۱۴:۰۰,https://mftplus.com/lesson/5571/ICDL-2021-Level-1
Diploma in TESOL,زبانهای خارجی,بلوار کاوه(قیطریه),مشخص نشده,پنجشنبه ۱۰ اردیبهشت ۱۴۰۵,جمعه ۱۳ شهریور ۱۴۰۵,"۲۲۶,۶۰۰,۰۰۰","۲۲۶,۶۰۰,۰۰۰",جمعه ساعت ۱۱:۰۰ تا ۱۷:۰۰ | پنجشنبه ساعت ۱۴:۳۰ تا ۱۹:۳۰,https://mftplus.com/lesson/231217130/Diploma-in-TESOL
اصول مدیریت پروژه بر اساس استاندارد PMBOK 8,علوم مهندسی,پارک ساعی,مشخص نشده,پنجشنبه ۱۰ اردیبهشت ۱۴۰۵,پنجشنبه ۲۴ اردیبهشت ۱۴۰۵,"۵۲,۵۰۰,۰۰۰","۵۲,۵۰۰,۰۰۰",جمعه ساعت ۰۹:۰۰ تا ۱۴:۰۰ | پنجشنبه ساعت ۰۹:۰۰ تا ۱۴:۰۰,https://mftplus.com/lesson/6578/اصول-مدیریت-پروژه-بر-اساس-استاندارد-PMBOK-8
"مدیریت پروژه حرفه ای – مبانی و نرم افزارهای کاربردی (PMBOK, MSP & Primavera P6)",علوم مهندسی,پارک ساعی,مشخص نشده,پنجشنبه ۱۰ اردیبهشت ۱۴۰۵,پنجشنبه ۱ مرداد ۱۴۰۵,"۱۶۹,۰۰۰,۰۰۰","۱۶۹,۰۰۰,۰۰۰",جمعه ساعت ۰۹:۰۰ تا ۱۴:۰۰ | پنجشنبه ساعت ۰۹:۰۰ تا ۱۴:۰۰,"https://mftplus.com/lesson/154012130/مدیریت-پروژه-حرفه-ای-–-مبانی-و-نرم-افزارهای-کاربردی-(PMBOK,-MSP-&-Primavera-P6)"
عیب یابی و تعمیر بردهای مدار چاپی (پیشرفته),برق و الکترونیک,پارک ساعی,مشخص نشده,پنجشنبه ۱۰ اردیبهشت ۱۴۰۵,پنجشنبه ۱۵ مرداد ۱۴۰۵,"۱۲۴,۰۰۰,۰۰۰","۱۲۴,۰۰۰,۰۰۰",پنجشنبه ساعت ۱۴:۳۰ تا ۱۸:۳۰,https://mftplus.com/lesson/5589/عیب-یابی-و-تعمیر-بردهای-مدار-چاپی-(پیشرفته)
مراقبت زیبایی دست و ناخن سطح 1 و 2,دانش سلامت,باملند(شمال غرب),مشخص نشده,پنجشنبه ۱۰ اردیبهشت ۱۴۰۵,پنجشنبه ۱۹ شهریور ۱۴۰۵,"۱۶۱,۲۰۰,۰۰۰","۱۶۱,۲۰۰,۰۰۰",پنجشنبه ساعت ۰۹:۰۰ تا ۱۴:۰۰,https://mftplus.com/lesson/5633/مراقبت-زیبایی-دست-و-ناخن-سطح-1-و-2
کارورزی مراقبت زیبایی دست و ناخن,دانش سلامت,باملند(شمال غرب),مشخص نشده,پنجشنبه ۱۰ اردیبهشت ۱۴۰۵,پنجشنبه ۱۱ تیر ۱۴۰۵,"۶۶,۳۰۰,۰۰۰","۶۶,۳۰۰,۰۰۰",پنجشنبه ساعت ۱۰:۰۰ تا ۱۴:۰۰,https://mftplus.com/lesson/5634/کارورزی-مراقبت-زیبایی-دست-و-ناخن
مدیریت عالی کسب و کار (MBA),مدیریت و کسب و کار,سعادت آباد (مرکزی),مشخص نشده,پنجشنبه ۱۰ اردیبهشت ۱۴۰۵,پنجشنبه ۱۴ آبان ۱۴۰۵,"۳۵۲,۰۰۰,۰۰۰","۴۲۹,۰۰۰,۰۰۰",جمعه ساعت ۰۸:۰۰ تا ۱۴:۰۰ | پنجشنبه ساعت ۰۸:۰۰ تا ۱۴:۰۰,https://mftplus.com/lesson/4910/مدیریت-عالی-کسب-و-کار-(MBA)
دوره جامع تعمیرات تخصصی تلفن همراه,برق و الکترونیک,پارک ساعی,مشخص نشده,پنجشنبه ۱۰ اردیبهشت ۱۴۰۵,پنجشنبه ۱۲ شهریور ۱۴۰۵,"۲۳۶,۰۰۰,۰۰۰","۲۳۶,۰۰۰,۰۰۰",پنجشنبه ساعت ۱۴:۰۰ تا ۱۹:۰۰,https://mftplus.com/lesson/4891/دوره-جامع-تعمیرات-تخصصی-تلفن-همراه
مراقبت زیبایی دست و ناخن سطح 1 و 2,دانش سلامت,زعفرانیه,مشخص نشده,پنجشنبه ۱۰ اردیبهشت ۱۴۰۵,پنجشنبه ۱۲ آذر ۱۴۰۵,"۱۶۱,۲۰۰,۰۰۰","۱۶۱,۲۰۰,۰۰۰",پنجشنبه ساعت ۱۷:۰۰ تا ۲۰:۰۰,https://mftplus.com/lesson/5633/مراقبت-زیبایی-دست-و-ناخن-سطح-1-و-2
مراقبت و زیبایی دست و ناخن,دانش سلامت,زعفرانیه,مشخص نشده,پنجشنبه ۱۰ اردیبهشت ۱۴۰۵,پنجشنبه ۸ مرداد ۱۴۰۵,"۷۲,۸۰۰,۰۰۰","۷۲,۸۰۰,۰۰۰",پنجشنبه ساعت ۱۷:۰۰ تا ۲۰:۰۰,https://mftplus.com/lesson/4960/مراقبت-و-زیبایی-دست-و-ناخن
مدیریت جامع فروش,مدیریت و کسب و کار,زعفرانیه,مشخص نشده,پنجشنبه ۱۰ اردیبهشت ۱۴۰۵,پنجشنبه ۱۹ شهریور ۱۴۰۵,"۱۴۷,۰۰۰,۰۰۰","۱۶۷,۰۰۰,۰۰۰",جمعه ساعت ۱۷:۰۰ تا ۲۰:۰۰ | پنجشنبه ساعت ۱۷:۰۰ تا ۲۰:۰۰,https://mftplus.com/lesson/4916/مدیریت-جامع-فروش
Microsoft Office Excel 2021,فناوری اطلاعات و ارتباطات,تهرانپارس,عبدالحسن اشیاع,پنجشنبه ۱۰ اردیبهشت ۱۴۰۵,پنجشنبه ۲۴ اردیبهشت ۱۴۰۵,"۲۸,۰۰۰,۰۰۰","۲۸,۰۰۰,۰۰۰",جمعه ساعت ۰۸:۰۰ تا ۱۳:۰۰ | پنجشنبه ساعت ۱۳:۰۰ تا ۱۸:۰۰,https://mftplus.com/lesson/5578/Microsoft-Office-Excel-2021
Microsoft Office Excel 2021 Expert,فناوری اطلاعات و ارتباطات,تهرانپارس,عبدالحسن اشیاع,پنجشنبه ۱۰ اردیبهشت ۱۴۰۵,جمعه ۲۵ اردیبهشت ۱۴۰۵,"۴۴,۰۰۰,۰۰۰","۴۴,۰۰۰,۰۰۰",جمعه ساعت ۰۸:۰۰ تا ۱۳:۰۰ | پنجشنبه ساعت ۱۳:۰۰ تا ۱۸:۰۰,https://mftplus.com/lesson/5619/Microsoft-Office-Excel-2021-Expert
عکاسی دیجیتال,هنر و سینما,البرز,مشخص نشده,پنجشنبه ۱۰ اردیبهشت ۱۴۰۵,پنجشنبه ۲۵ تیر ۱۴۰۵,"۸۵,۹۰۰,۰۰۰","۸۵,۹۰۰,۰۰۰",جمعه ساعت ۱۳:۰۰ تا ۱۷:۰۰ | پنجشنبه ساعت ۱۳:۰۰ تا ۱۷:۰۰,https://mftplus.com/lesson/4919/عکاسی-دیجیتال
Wordpress & SEO PACK,فناوری اطلاعات و ارتباطات,زعفرانیه,مشخص نشده,جمعه ۱۱ اردیبهشت ۱۴۰۵,جمعه ۲۷ شهریور ۱۴۰۵,"۱۰۰,۰۰۰,۰۰۰","۱۲۴,۰۰۰,۰۰۰",جمعه ساعت ۰۹:۰۰ تا ۱۳:۰۰,https://mftplus.com/lesson/4669/Wordpress-&-SEO-PACK
Wordpress & WooCommerce Essential Training,فناوری اطلاعات و ارتباطات,زعفرانیه,مشخص نشده,جمعه ۱۱ اردیبهشت ۱۴۰۵,جمعه ۱۲ تیر ۱۴۰۵,"۴۱,۰۰۰,۰۰۰","۵۳,۰۰۰,۰۰۰",جمعه ساعت ۰۹:۰۰ تا ۱۳:۰۰,https://mftplus.com/lesson/5202/Wordpress-&-WooCommerce-Essential-Training
ایلاستریتور,هنر و سینما,میرداماد,مشخص نشده,جمعه ۱۱ اردیبهشت ۱۴۰۵,جمعه ۲۹ خرداد ۱۴۰۵,"۴۴,۰۰۰,۰۰۰","۵۴,۰۰۰,۰۰۰",جمعه ساعت ۱۴:۳۰ تا ۱۹:۳۰,https://mftplus.com/lesson/431314131/ایلاستریتور
گریم نامتعادل سازی,دانش سلامت,باملند(شمال غرب),مشخص نشده,جمعه ۱۱ اردیبهشت ۱۴۰۵,جمعه ۱۹ تیر ۱۴۰۵,"۷۱,۰۰۰,۰۰۰","۷۱,۰۰۰,۰۰۰",جمعه ساعت ۱۰:۰۰ تا ۱۴:۰۰,https://mftplus.com/lesson/341514127/گریم-نامتعادل-سازی
پریمیر,هنر و سینما,باملند(شمال غرب),مشخص نشده,جمعه ۱۱ اردیبهشت ۱۴۰۵,جمعه ۵ تیر ۱۴۰۵,"۶۶,۰۰۰,۰۰۰","۶۶,۰۰۰,۰۰۰",جمعه ساعت ۰۸:۰۰ تا ۱۴:۰۰,https://mftplus.com/lesson/431213156/پریمیر
سامانه جامع تجارت و سامانه امور گمرکی,مدیریت و کسب و کار,سعادت آباد (مرکزی),مشخص نشده,جمعه ۱۱ اردیبهشت ۱۴۰۵,جمعه ۱ خرداد ۱۴۰۵,"۳۸,۴۰۰,۰۰۰","۴۸,۰۰۰,۰۰۰",جمعه ساعت ۰۹:۰۰ تا ۱۴:۰۰,https://mftplus.com/lesson/6472/سامانه-جامع-تجارت-و-سامانه-امور-گمرکی
سئو و بهینه سازی موتورهای جست و جو (SEO),فناوری اطلاعات و ارتباطات,سعادت آباد (مرکزی),اسماعیل احمدی میرقائد,جمعه ۱۱ اردیبهشت ۱۴۰۵,جمعه ۵ تیر ۱۴۰۵,"۶۵,۰۰۰,۰۰۰","۸۳,۰۰۰,۰۰۰",جمعه ساعت ۰۹:۰۰ تا ۱۴:۰۰,https://mftplus.com/lesson/5303/سئو-و-بهینه-سازی-موتورهای-جست-و-جو-(SEO)
آئین نگارش مکاتبات اداری,مدیریت و کسب و کار,سعادت آباد (مرکزی),مشخص نشده,جمعه ۱۱ اردیبهشت ۱۴۰۵,جمعه ۱ خرداد ۱۴۰۵,"۲۰,۹۰۰,۰۰۰","۲۶,۴۰۰,۰۰۰",جمعه ساعت ۰۹:۰۰ تا ۱۴:۰۰,https://mftplus.com/lesson/4386/آئین-نگارش-مکاتبات-اداری
افترافکت (After Effects),هنر و سینما,پارک ساعی,مشخص نشده,شنبه ۱۲ اردیبهشت ۱۴۰۵,شنبه ۱۳ تیر ۱۴۰۵,"۸۳,۰۰۰,۰۰۰","۹۸,۰۰۰,۰۰۰",شنبه ساعت ۱۷:۰۰ تا ۲۰:۰۰ | دوشنبه ساعت ۱۷:۰۰ تا ۲۰:۰۰ | چهارشنبه ساعت ۱۷:۰۰ تا ۲۰:۰۰,https://mftplus.com/lesson/431213154/افترافکت-(After-Effects)
غواصی صنعتی مقدماتی,صنایع دریایی,میرداماد,مشخص نشده,شنبه ۱۲ اردیبهشت ۱۴۰۵,شنبه ۲۰ تیر ۱۴۰۵,"۳۰۰,۰۰۰,۰۰۰","۳۰۰,۰۰۰,۰۰۰",شنبه ساعت ۰۹:۰۰ تا ۱۷:۰۰,https://mftplus.com/lesson/4140/غواصی-صنعتی-مقدماتی
غواصی صنعتی متوسطه,صنایع دریایی,میرداماد,مشخص نشده,شنبه ۱۲ اردیبهشت ۱۴۰۵,شنبه ۱۰ مرداد ۱۴۰۵,"۵۲۵,۰۰۰,۰۰۰","۵۲۵,۰۰۰,۰۰۰",شنبه ساعت ۰۹:۰۰ تا ۱۷:۰۰,https://mftplus.com/lesson/4141/غواصی-صنعتی-متوسطه
غواصی صنعتی پیشرفته,صنایع دریایی,میرداماد,مشخص نشده,شنبه ۱۲ اردیبهشت ۱۴۰۵,شنبه ۳۱ مرداد ۱۴۰۵,"۶۳۰,۰۰۰,۰۰۰","۶۳۰,۰۰۰,۰۰۰",شنبه ساعت ۰۹:۰۰ تا ۱۷:۰۰,https://mftplus.com/lesson/4142/غواصی-صنعتی-پیشرفته
ICDL سطح یک و دو نوجوانان,کودک و نوجوان,البرز,مشخص نشده,شنبه ۱۲ اردیبهشت ۱۴۰۵,چهارشنبه ۱۴ مرداد ۱۴۰۵,"۹۷,۴۰۰,۰۰۰","۹۷,۴۰۰,۰۰۰",شنبه ساعت ۱۵:۰۰ تا ۱۷:۰۰ | دوشنبه ساعت ۱۵:۰۰ تا ۱۷:۰۰ | چهارشنبه ساعت ۱۵:۰۰ تا ۱۷:۰۰,https://mftplus.com/lesson/191412126/ICDL-سطح-یک-و-دو-نوجوانان
MCSA PACK 2025,فناوری اطلاعات و ارتباطات,بلوار کاوه(قیطریه),مشخص نشده,شنبه ۱۲ اردیبهشت ۱۴۰۵,چهارشنبه ۲۷ آبان ۱۴۰۵,"۱۷۳,۰۰۰,۰۰۰","۲۱۸,۰۰۰,۰۰۰",شنبه ساعت ۱۶:۰۰ تا ۲۰:۰۰ | چهارشنبه ساعت ۱۶:۰۰ تا ۲۰:۰۰,https://mftplus.com/lesson/6364/MCSA-PACK-2025
Programming with Python,فناوری اطلاعات و ارتباطات,بلوار کاوه(قیطریه),مشخص نشده,شنبه ۱۲ اردیبهشت ۱۴۰۵,شنبه ۳۰ خرداد ۱۴۰۵,"۷۰,۰۰۰,۰۰۰","۸۸,۰۰۰,۰۰۰",شنبه ساعت ۱۶:۰۰ تا ۲۰:۰۰ | دوشنبه ساعت ۱۶:۰۰ تا ۲۰:۰۰,https://mftplus.com/lesson/5679/Programming-with-Python
برنامه نویسی پایتون مقدماتی 1,کودک و نوجوان,بلوار کاوه(قیطریه),مشخص نشده,شنبه ۱۲ اردیبهشت ۱۴۰۵,شنبه ۳۰ خرداد ۱۴۰۵,"۵۵,۷۰۰,۰۰۰","۶۰,۳۰۰,۰۰۰",شنبه ساعت ۱۸:۰۰ تا ۲۰:۰۰ | چهارشنبه ساعت ۱۸:۰۰ تا ۲۰:۰۰,https://mftplus.com/lesson/3931/برنامه-نویسی-پایتون-مقدماتی-1
تعمیرات لباس,فناوری مد و پوشاک,بلوار کاوه(قیطریه),مشخص نشده,شنبه ۱۲ اردیبهشت ۱۴۰۵,شنبه ۱۳ تیر ۱۴۰۵,"۵۵,۰۰۰,۰۰۰","۵۵,۰۰۰,۰۰۰",شنبه ساعت ۰۹:۰۰ تا ۱۴:۰۰,https://mftplus.com/lesson/5925/تعمیرات-لباس
زبان انگلیسی A2.1,زبانهای خارجی,بلوار کاوه(قیطریه),مشخص نشده,شنبه ۱۲ اردیبهشت ۱۴۰۵,دوشنبه ۸ تیر ۱۴۰۵,"۲۷,۳۰۰,۰۰۰","۲۷,۳۰۰,۰۰۰",شنبه ساعت ۲۰:۳۰ تا ۲۲:۰۰ | دوشنبه ساعت ۲۰:۳۰ تا ۲۲:۰۰ | چهارشنبه ساعت ۲۰:۳۰ تا ۲۲:۰۰,https://mftplus.com/lesson/231215282/زبان-انگلیسی-A2.1
زبان انگلیسی A1.4,زبانهای خارجی,بلوار کاوه(قیطریه),مشخص نشده,شنبه ۱۲ اردیبهشت ۱۴۰۵,دوشنبه ۸ تیر ۱۴۰۵,"۲۶,۶۰۰,۰۰۰","۲۶,۶۰۰,۰۰۰",شنبه ساعت ۱۹:۰۰ تا ۲۰:۳۰ | دوشنبه ساعت ۱۹:۰۰ تا ۲۰:۳۰ | چهارشنبه ساعت ۱۹:۰۰ تا ۲۰:۳۰,https://mftplus.com/lesson/231215278/زبان-انگلیسی-A1.4
زبان انگلیسی B1.1,زبانهای خارجی,بلوار کاوه(قیطریه),مشخص نشده,شنبه ۱۲ اردیبهشت ۱۴۰۵,دوشنبه ۸ تیر ۱۴۰۵,"۲۸,۱۰۰,۰۰۰","۲۸,۱۰۰,۰۰۰",شنبه ساعت ۱۹:۰۰ تا ۲۰:۳۰ | دوشنبه ساعت ۱۹:۰۰ تا ۲۰:۳۰ | چهارشنبه ساعت ۱۹:۰۰ تا ۲۰:۳۰,https://mftplus.com/lesson/231215286/زبان-انگلیسی-B1.1
زبان انگلیسی B2.1,زبانهای خارجی,بلوار کاوه(قیطریه),مشخص نشده,شنبه ۱۲ اردیبهشت ۱۴۰۵,دوشنبه ۸ تیر ۱۴۰۵,"۲۸,۹۰۰,۰۰۰","۲۸,۹۰۰,۰۰۰",شنبه ساعت ۲۰:۳۰ تا ۲۲:۰۰ | دوشنبه ساعت ۲۰:۳۰ تا ۲۲:۰۰ | چهارشنبه ساعت ۲۰:۳۰ تا ۲۲:۰۰,https://mftplus.com/lesson/231215291/زبان-انگلیسی-B2.1
ICDL Pack 2021,فناوری اطلاعات و ارتباطات,زعفرانیه,مشخص نشده,شنبه ۱۲ اردیبهشت ۱۴۰۵,شنبه ۱۸ مهر ۱۴۰۵,"۶۳,۰۰۰,۰۰۰","۸۱,۰۰۰,۰۰۰",شنبه ساعت ۱۴:۳۰ تا ۱۷:۳۰ | چهارشنبه ساعت ۱۴:۳۰ تا ۱۷:۳۰,https://mftplus.com/lesson/5575/ICDL-Pack-2021
ICDL 2021 Level 1,فناوری اطلاعات و ارتباطات,زعفرانیه,مشخص نشده,شنبه ۱۲ اردیبهشت ۱۴۰۵,شنبه ۳ مرداد ۱۴۰۵,"۳۸,۰۰۰,۰۰۰","۴۹,۰۰۰,۰۰۰",شنبه ساعت ۱۴:۳۰ تا ۱۷:۳۰ | چهارشنبه ساعت ۱۴:۳۰ تا ۱۷:۳۰,https://mftplus.com/lesson/5571/ICDL-2021-Level-1
عکاسی دیجیتال,هنر و سینما,البرز,مشخص نشده,شنبه ۱۲ اردیبهشت ۱۴۰۵,چهارشنبه ۲۴ تیر ۱۴۰۵,"۸۵,۹۰۰,۰۰۰","۸۵,۹۰۰,۰۰۰",شنبه ساعت ۱۷:۰۰ تا ۲۱:۰۰ | چهارشنبه ساعت ۱۷:۰۰ تا ۲۱:۰۰,https://mftplus.com/lesson/4919/عکاسی-دیجیتال
3Ds Max Beginners to Advanced & V-Ray,معماری,البرز,مشخص نشده,شنبه ۱۲ اردیبهشت ۱۴۰۵,شنبه ۲۷ تیر ۱۴۰۵,"۱۴۴,۰۰۰,۰۰۰","۱۴۴,۰۰۰,۰۰۰",شنبه ساعت ۱۳:۰۰ تا ۱۷:۰۰ | چهارشنبه ساعت ۱۳:۰۰ تا ۱۷:۰۰,https://mftplus.com/lesson/4542/3Ds-Max-Beginners-to-Advanced-&-V-Ray
فتوشاپ مقدماتی تا پیشرفته,هنر و سینما,البرز,مشخص نشده,شنبه ۱۲ اردیبهشت ۱۴۰۵,چهارشنبه ۲۷ خرداد ۱۴۰۵,"۵۶,۰۰۰,۰۰۰","۵۶,۰۰۰,۰۰۰",شنبه ساعت ۰۹:۰۰ تا ۱۳:۰۰ | چهارشنبه ساعت ۰۹:۰۰ تا ۱۳:۰۰,https://mftplus.com/lesson/4810/فتوشاپ-مقدماتی-تا-پیشرفته
نرم افزار Cinema 4D,هنر و سینما,زعفرانیه,مشخص نشده,شنبه ۱۲ اردیبهشت ۱۴۰۵,شنبه ۶ تیر ۱۴۰۵,"۹۷,۰۰۰,۰۰۰","۱۱۰,۰۰۰,۰۰۰",شنبه ساعت ۱۷:۳۰ تا ۲۱:۰۰ | دوشنبه ساعت ۱۷:۳۰ تا ۲۱:۰۰ | چهارشنبه ساعت ۱۷:۳۰ تا ۲۱:۰۰,https://mftplus.com/lesson/431213145/نرم-افزار-Cinema-4D
طراحی معماری و دکوراسیون داخلی متوسط,معماری,بلوار کاوه(قیطریه),مشخص نشده,یکشنبه ۱۳ اردیبهشت ۱۴۰۵,یکشنبه ۱۱ مرداد ۱۴۰۵,"۲۰۶,۰۰۰,۰۰۰","۲۰۶,۰۰۰,۰۰۰",یکشنبه ساعت ۰۹:۰۰ تا ۱۴:۰۰ | سه شنبه ساعت ۰۹:۰۰ تا ۱۴:۰۰,https://mftplus.com/lesson/391212126/طراحی-معماری-و-دکوراسیون-داخلی-متوسط
زبان انگلیسی C1.1,زبانهای خارجی,بلوار کاوه(قیطریه),مشخص نشده,یکشنبه ۱۳ اردیبهشت ۱۴۰۵,سه شنبه ۹ تیر ۱۴۰۵,"۳۰,۵۰۰,۰۰۰","۳۰,۵۰۰,۰۰۰",یکشنبه ساعت ۱۹:۰۰ تا ۲۱:۰۰ | سه شنبه ساعت ۱۹:۰۰ تا ۲۱:۰۰,https://mftplus.com/lesson/231215296/زبان-انگلیسی-C1.1
کوچینگ سطح یک (مقدماتی),مدیریت و کسب و کار,زعفرانیه,مشخص نشده,یکشنبه ۱۳ اردیبهشت ۱۴۰۵,سه شنبه ۱۶ تیر ۱۴۰۵,"۳۰۰,۰۰۰,۰۰۰","۳۰۰,۰۰۰,۰۰۰",یکشنبه ساعت ۱۷:۳۰ تا ۲۰:۳۰ | سه شنبه ساعت ۱۷:۳۰ تا ۲۰:۳۰,https://mftplus.com/lesson/6110/کوچینگ-سطح-یک-(مقدماتی)
باریستا,تشریفات و گردشگری,البرز,مشخص نشده,یکشنبه ۱۳ اردیبهشت ۱۴۰۵,یکشنبه ۲۱ تیر ۱۴۰۵,"۱۰۷,۲۰۰,۰۰۰","۱۰۷,۲۰۰,۰۰۰",یکشنبه ساعت ۱۴:۰۰ تا ۱۷:۰۰,https://mftplus.com/lesson/3804/باریستا
آئین نگارش مکاتبات اداری,مدیریت و کسب و کار,سعادت آباد (مرکزی),مشخص نشده,یکشنبه ۱۳ اردیبهشت ۱۴۰۵,سه شنبه ۲۹ اردیبهشت ۱۴۰۵,"۲۰,۹۰۰,۰۰۰","۲۶,۴۰۰,۰۰۰",یکشنبه ساعت ۱۷:۳۰ تا ۲۰:۳۰ | سه شنبه ساعت ۱۷:۳۰ تا ۲۰:۳۰,https://mftplus.com/lesson/4386/آئین-نگارش-مکاتبات-اداری
Wordpress & SEO PACK,فناوری اطلاعات و ارتباطات,بلوار کاوه(قیطریه),مشخص نشده,دوشنبه ۱۴ اردیبهشت ۱۴۰۵,دوشنبه ۵ مرداد ۱۴۰۵,"۱۰۰,۰۰۰,۰۰۰","۱۲۴,۰۰۰,۰۰۰",دوشنبه ساعت ۱۰:۰۰ تا ۱۶:۰۰,https://mftplus.com/lesson/4669/Wordpress-&-SEO-PACK
Wordpress & WooCommerce Essential Training,فناوری اطلاعات و ارتباطات,بلوار کاوه(قیطریه),مشخص نشده,دوشنبه ۱۴ اردیبهشت ۱۴۰۵,دوشنبه ۱۸ خرداد ۱۴۰۵,"۴۱,۰۰۰,۰۰۰","۵۳,۰۰۰,۰۰۰",دوشنبه ساعت ۱۰:۰۰ تا ۱۶:۰۰,https://mftplus.com/lesson/5202/Wordpress-&-WooCommerce-Essential-Training
فن بیان و سخنرانی,کودک و نوجوان,بلوار کاوه(قیطریه),مشخص نشده,دوشنبه ۱۴ اردیبهشت ۱۴۰۵,دوشنبه ۲۵ خرداد ۱۴۰۵,"۵۴,۱۰۰,۰۰۰","۵۴,۱۰۰,۰۰۰",دوشنبه ساعت ۱۶:۰۰ تا ۲۰:۰۰,https://mftplus.com/lesson/3744/فن-بیان-و-سخنرانی
Programming with Python,فناوری اطلاعات و ارتباطات,زعفرانیه,مشخص نشده,سه شنبه ۱۵ اردیبهشت ۱۴۰۵,سه شنبه ۲۷ مرداد ۱۴۰۵,"۷۰,۰۰۰,۰۰۰","۸۸,۰۰۰,۰۰۰",سه شنبه ساعت ۱۷:۰۰ تا ۲۱:۰۰,https://mftplus.com/lesson/5679/Programming-with-Python
اجرا، فن بیان و سخنوری,هنر و سینما,البرز,مشخص نشده,چهارشنبه ۱۶ اردیبهشت ۱۴۰۵,چهارشنبه ۳۱ تیر ۱۴۰۵,"۵۶,۰۰۰,۰۰۰","۵۶,۰۰۰,۰۰۰",چهارشنبه ساعت ۱۷:۰۰ تا ۱۹:۰۰,https://mftplus.com/lesson/3962/اجرا،-فن-بیان-و-سخنوری
MCSA PACK 2025,فناوری اطلاعات و ارتباطات,سعادت آباد (مرکزی),پدرام حسین نخعی,پنجشنبه ۱۷ اردیبهشت ۱۴۰۵,پنجشنبه ۲۷ اسفند ۱۴۰۵,"۱۷۳,۰۰۰,۰۰۰","۲۱۸,۰۰۰,۰۰۰",پنجشنبه ساعت ۱۴:۰۰ تا ۱۹:۰۰,https://mftplus.com/lesson/6364/MCSA-PACK-2025
Network+,فناوری اطلاعات و ارتباطات,سعادت آباد (مرکزی),پدرام حسین نخعی,پنجشنبه ۱۷ اردیبهشت ۱۴۰۵,پنجشنبه ۲۱ خرداد ۱۴۰۵,"۱۵,۰۰۰,۰۰۰","۲۰,۰۰۰,۰۰۰",پنجشنبه ساعت ۱۴:۰۰ تا ۱۹:۰۰,https://mftplus.com/lesson/131612129/Network+
ICDL سطح یک و دو نوجوانان,کودک و نوجوان,زعفرانیه,مشخص نشده,پنجشنبه ۱۷ اردیبهشت ۱۴۰۵,پنجشنبه ۵ آذر ۱۴۰۵,"۹۷,۴۰۰,۰۰۰","۹۷,۴۰۰,۰۰۰",پنجشنبه ساعت ۱۳:۰۰ تا ۱۶:۰۰,https://mftplus.com/lesson/191412126/ICDL-سطح-یک-و-دو-نوجوانان
ICDL سطح یک نوجوانان,کودک و نوجوان,زعفرانیه,مشخص نشده,پنجشنبه ۱۷ اردیبهشت ۱۴۰۵,پنجشنبه ۵ شهریور ۱۴۰۵,"۴۸,۳۰۰,۰۰۰","۴۸,۳۰۰,۰۰۰",پنجشنبه ساعت ۱۳:۰۰ تا ۱۶:۰۰,https://mftplus.com/lesson/3587/ICDL-سطح-یک-نوجوانان
Responsive & Bootstrap (Web Design II),فناوری اطلاعات و ارتباطات,نیاوران,مشخص نشده,پنجشنبه ۱۷ اردیبهشت ۱۴۰۵,پنجشنبه ۱۱ تیر ۱۴۰۵,"۵۰,۰۰۰,۰۰۰","۶۳,۰۰۰,۰۰۰",پنجشنبه ساعت ۰۹:۰۰ تا ۱۴:۰۰,https://mftplus.com/lesson/6457/Responsive-&-Bootstrap-(Web-Design-II)
قانون پایانه های فروشگاهی و سامانه مودیان,علوم مالی و حسابداری,باملند(شمال غرب),مشخص نشده,پنجشنبه ۱۷ اردیبهشت ۱۴۰۵,پنجشنبه ۲۴ اردیبهشت ۱۴۰۵,"۱۵,۹۰۰,۰۰۰","۱۵,۹۰۰,۰۰۰",پنجشنبه ساعت ۰۸:۰۰ تا ۱۴:۰۰,https://mftplus.com/lesson/5207/قانون-پایانه-های-فروشگاهی-و-سامانه-مودیان
مدیریت جامع فروش,مدیریت و کسب و کار,سعادت آباد (مرکزی),مشخص نشده,پنجشنبه ۱۷ اردیبهشت ۱۴۰۵,پنجشنبه ۲۶ شهریور ۱۴۰۵,"۱۴۷,۰۰۰,۰۰۰","۱۶۷,۰۰۰,۰۰۰",پنجشنبه ساعت ۱۴:۳۰ تا ۲۰:۳۰,https://mftplus.com/lesson/4916/مدیریت-جامع-فروش
طراحی وب سایت (Web Design Pack),فناوری اطلاعات و ارتباطات,البرز,مشخص نشده,پنجشنبه ۱۷ اردیبهشت ۱۴۰۵,جمعه ۲۴ مهر ۱۴۰۵,"۱۸۷,۰۰۰,۰۰۰","۱۸۷,۰۰۰,۰۰۰",جمعه ساعت ۰۹:۰۰ تا ۱۳:۰۰ | پنجشنبه ساعت ۰۹:۰۰ تا ۱۳:۰۰,https://mftplus.com/lesson/6459/طراحی-وب-سایت-(Web-Design-Pack)
PHP & MYSQL Web Development,فناوری اطلاعات و ارتباطات,البرز,مشخص نشده,پنجشنبه ۱۷ اردیبهشت ۱۴۰۵,پنجشنبه ۱ مرداد ۱۴۰۵,"۹۹,۰۰۰,۰۰۰","۹۹,۰۰۰,۰۰۰",جمعه ساعت ۰۹:۰۰ تا ۱۳:۰۰ | پنجشنبه ساعت ۰۹:۰۰ تا ۱۳:۰۰,https://mftplus.com/lesson/5352/PHP-&-MYSQL-Web-Development
Microsoft Office Excel 2021,فناوری اطلاعات و ارتباطات,البرز,مشخص نشده,پنجشنبه ۱۷ اردیبهشت ۱۴۰۵,جمعه ۱ خرداد ۱۴۰۵,"۲۸,۰۰۰,۰۰۰","۲۸,۰۰۰,۰۰۰",جمعه ساعت ۱۳:۰۰ تا ۱۷:۰۰ | پنجشنبه ساعت ۱۳:۰۰ تا ۱۷:۰۰,https://mftplus.com/lesson/5578/Microsoft-Office-Excel-2021
حسابداری مکانیزه با نرم افزار ها(هلو ،سپیدار سیستم و اکسل),علوم مالی و حسابداری,سیدخندان,مشخص نشده,جمعه ۱۸ اردیبهشت ۱۴۰۵,جمعه ۱۳ شهریور ۱۴۰۵,"۸۵,۷۰۰,۰۰۰","۸۵,۷۰۰,۰۰۰",جمعه ساعت ۱۴:۰۰ تا ۱۸:۰۰,https://mftplus.com/lesson/3909/حسابداری-مکانیزه-با-نرم-افزار-ها(هلو-،سپیدار-سیستم-و-اکسل)
Data Analysis with Python,فناوری اطلاعات و ارتباطات,سعادت آباد (مرکزی),سید احمد مصباح,جمعه ۱۸ اردیبهشت ۱۴۰۵,جمعه ۲۲ خرداد ۱۴۰۵,"۴۰,۰۰۰,۰۰۰","۵۰,۰۰۰,۰۰۰",جمعه ساعت ۰۹:۰۰ تا ۱۴:۰۰,https://mftplus.com/lesson/5544/Data-Analysis-with-Python
نرم افزار Lumion,معماری,بلوار کاوه(قیطریه),مشخص نشده,جمعه ۱۸ اردیبهشت ۱۴۰۵,جمعه ۲۲ خرداد ۱۴۰۵,"۶۶,۰۰۰,۰۰۰","۶۶,۰۰۰,۰۰۰",جمعه ساعت ۱۴:۰۰ تا ۱۹:۰۰,https://mftplus.com/lesson/391412154/نرم-افزار-Lumion
طراحی داشبوردهای هوش تجاری با PowerBI,فناوری اطلاعات و ارتباطات,البرز,مشخص نشده,جمعه ۱۸ اردیبهشت ۱۴۰۵,جمعه ۱۲ تیر ۱۴۰۵,"۵۰,۰۰۰,۰۰۰","۵۰,۰۰۰,۰۰۰",جمعه ساعت ۱۳:۰۰ تا ۱۷:۰۰,https://mftplus.com/lesson/6057/طراحی-داشبوردهای-هوش-تجاری-با-PowerBI
دوره برنامه نویسی وب ( Full Stack Development)  مبتنی بر Net.,فناوری اطلاعات و ارتباطات,سعادت آباد (مرکزی),علی محمد بهمن یار,شنبه ۱۹ اردیبهشت ۱۴۰۵,شنبه ۱۸ مهر ۱۴۰۵,"۱۰۲,۰۰۰,۰۰۰","۱۲۸,۰۰۰,۰۰۰",شنبه ساعت ۱۷:۳۰ تا ۲۱:۳۰,https://mftplus.com/lesson/4646/دوره-برنامه-نویسی-وب-(-Full-Stack-Development)-مبتنی-بر-Net.
پکیج طراحی دکوراسیون داخلی از مقدماتی تا پیشرفته,معماری,تهرانپارس,مشخص نشده,شنبه ۱۹ اردیبهشت ۱۴۰۵,دوشنبه ۲۱ دی ۱۴۰۵,"۵۲۹,۰۰۰,۰۰۰","۵۲۹,۰۰۰,۰۰۰",شنبه ساعت ۱۲:۰۰ تا ۱۶:۰۰ | دوشنبه ساعت ۱۲:۰۰ تا ۱۶:۰۰ | چهارشنبه ساعت ۱۲:۰۰ تا ۱۶:۰۰,https://mftplus.com/lesson/5999/پکیج-طراحی-دکوراسیون-داخلی-از-مقدماتی-تا-پیشرفته
طراحی معماری و دکوراسیون داخلی مقدماتی,معماری,تهرانپارس,مشخص نشده,شنبه ۱۹ اردیبهشت ۱۴۰۵,دوشنبه ۵ مرداد ۱۴۰۵,"۱۷۱,۰۰۰,۰۰۰","۱۷۱,۰۰۰,۰۰۰",شنبه ساعت ۱۲:۰۰ تا ۱۶:۰۰ | دوشنبه ساعت ۱۲:۰۰ تا ۱۶:۰۰ | چهارشنبه ساعت ۱۲:۰۰ تا ۱۶:۰۰,https://mftplus.com/lesson/391212125/طراحی-معماری-و-دکوراسیون-داخلی-مقدماتی
حسابداری مالی بازرگانی,علوم مالی و حسابداری,بلوار کاوه(قیطریه),مشخص نشده,شنبه ۱۹ اردیبهشت ۱۴۰۵,دوشنبه ۱۸ خرداد ۱۴۰۵,"۴۳,۸۰۰,۰۰۰","۴۳,۸۰۰,۰۰۰",شنبه ساعت ۱۶:۰۰ تا ۲۰:۰۰ | دوشنبه ساعت ۱۶:۰۰ تا ۲۰:۰۰,https://mftplus.com/lesson/3866/حسابداری-مالی-بازرگانی
Network+,فناوری اطلاعات و ارتباطات,بلوار کاوه(قیطریه),مشخص نشده,شنبه ۱۹ اردیبهشت ۱۴۰۵,شنبه ۲۰ تیر ۱۴۰۵,"۱۵,۰۰۰,۰۰۰","۲۰,۰۰۰,۰۰۰",شنبه ساعت ۱۷:۳۰ تا ۲۰:۳۰,https://mftplus.com/lesson/131612129/Network+
مقدمه ای بر الگوریتم و برنامه نویسی,فناوری اطلاعات و ارتباطات,بلوار کاوه(قیطریه),مشخص نشده,شنبه ۱۹ اردیبهشت ۱۴۰۵,چهارشنبه ۲۴ تیر ۱۴۰۵,"۲۸,۰۰۰,۰۰۰","۳۳,۰۰۰,۰۰۰",شنبه ساعت ۱۶:۰۰ تا ۱۶:۰۰ | چهارشنبه ساعت ۱۶:۰۰ تا ۲۰:۰۰,https://mftplus.com/lesson/132017130/مقدمه-ای-بر-الگوریتم-و-برنامه-نویسی
طراحی وب سایت (Web Design Pack),فناوری اطلاعات و ارتباطات,بلوار کاوه(قیطریه),مشخص نشده,شنبه ۱۹ اردیبهشت ۱۴۰۵,شنبه ۳۰ آبان ۱۴۰۵,"۱۵۰,۰۰۰,۰۰۰","۱۸۷,۰۰۰,۰۰۰",شنبه ساعت ۱۷:۰۰ تا ۲۰:۰۰ | دوشنبه ساعت ۱۷:۰۰ تا ۲۰:۰۰,https://mftplus.com/lesson/6459/طراحی-وب-سایت-(Web-Design-Pack)
(HTML & CSS (Web Design I,فناوری اطلاعات و ارتباطات,بلوار کاوه(قیطریه),مشخص نشده,شنبه ۱۹ اردیبهشت ۱۴۰۵,دوشنبه ۲۲ تیر ۱۴۰۵,"۴۵,۰۰۰,۰۰۰","۵۶,۰۰۰,۰۰۰",شنبه ساعت ۱۷:۰۰ تا ۲۰:۰۰ | دوشنبه ساعت ۱۷:۰۰ تا ۲۰:۰۰,https://mftplus.com/lesson/6456/(HTML-&-CSS-(Web-Design-I
عکاسی دیجیتال نوجوان,کودک و نوجوان,بلوار کاوه(قیطریه),مشخص نشده,شنبه ۱۹ اردیبهشت ۱۴۰۵,چهارشنبه ۲۴ تیر ۱۴۰۵,"۹۱,۳۰۰,۰۰۰","۹۱,۳۰۰,۰۰۰",شنبه ساعت ۰۹:۰۰ تا ۱۱:۰۰ | چهارشنبه ساعت ۰۹:۰۰ تا ۱۱:۰۰,https://mftplus.com/lesson/4614/عکاسی-دیجیتال-نوجوان
طراحی وب با وردپرس,کودک و نوجوان,بلوار کاوه(قیطریه),مشخص نشده,شنبه ۱۹ اردیبهشت ۱۴۰۵,شنبه ۲۷ تیر ۱۴۰۵,"۷۸,۱۰۰,۰۰۰","۷۸,۱۰۰,۰۰۰",شنبه ساعت ۱۶:۰۰ تا ۲۰:۰۰,https://mftplus.com/lesson/191414130/طراحی-وب-با-وردپرس
طراحی فضای سبز و محوطه سازی  (basic),معماری,بلوار کاوه(قیطریه),مشخص نشده,شنبه ۱۹ اردیبهشت ۱۴۰۵,شنبه ۱۸ مهر ۱۴۰۵,"۲۲۷,۰۰۰,۰۰۰","۲۲۷,۰۰۰,۰۰۰",شنبه ساعت ۱۴:۰۰ تا ۲۰:۰۰,https://mftplus.com/lesson/3914/طراحی-فضای-سبز-و-محوطه-سازی-(basic)
برنامه نویسی پایتون مقدماتی کودکان,کودک و نوجوان,زعفرانیه,مشخص نشده,شنبه ۱۹ اردیبهشت ۱۴۰۵,شنبه ۲۳ خرداد ۱۴۰۵,"۵۷,۵۰۰,۰۰۰","۵۷,۵۰۰,۰۰۰",شنبه ساعت ۱۷:۰۰ تا ۱۹:۰۰ | چهارشنبه ساعت ۱۷:۰۰ تا ۱۹:۰۰,https://mftplus.com/lesson/5443/برنامه-نویسی-پایتون-مقدماتی-کودکان
MCSA PACK 2025,فناوری اطلاعات و ارتباطات,سعادت آباد (مرکزی),پدرام حسین نخعی,یکشنبه ۲۰ اردیبهشت ۱۴۰۵,یکشنبه ۱ فروردین ۱۴۰۶,"۱۷۳,۰۰۰,۰۰۰","۱۷۳,۰۰۰,۰۰۰",یکشنبه ساعت ۱۶:۳۰ تا ۲۱:۳۰,https://mftplus.com/lesson/6364/MCSA-PACK-2025
Network+,فناوری اطلاعات و ارتباطات,سعادت آباد (مرکزی),پدرام حسین نخعی,یکشنبه ۲۰ اردیبهشت ۱۴۰۵,یکشنبه ۲۴ خرداد ۱۴۰۵,"۱۵,۰۰۰,۰۰۰","۱۵,۰۰۰,۰۰۰",یکشنبه ساعت ۱۶:۳۰ تا ۲۱:۳۰,https://mftplus.com/lesson/131612129/Network+
PHP & MYSQL Web Development,فناوری اطلاعات و ارتباطات,بلوار کاوه(قیطریه),مشخص نشده,یکشنبه ۲۰ اردیبهشت ۱۴۰۵,یکشنبه ۱۸ مرداد ۱۴۰۵,"۷۹,۰۰۰,۰۰۰","۹۹,۰۰۰,۰۰۰",یکشنبه ساعت ۱۷:۰۰ تا ۲۰:۰۰ | سه شنبه ساعت ۱۷:۰۰ تا ۲۰:۰۰,https://mftplus.com/lesson/5352/PHP-&-MYSQL-Web-Development
ICDL سطح یک و دو نوجوانان,کودک و نوجوان,بلوار کاوه(قیطریه),مشخص نشده,یکشنبه ۲۰ اردیبهشت ۱۴۰۵,یکشنبه ۱۸ مرداد ۱۴۰۵,"۸۵,۱۰۰,۰۰۰","۹۷,۴۰۰,۰۰۰",یکشنبه ساعت ۱۷:۰۰ تا ۲۰:۰۰ | سه شنبه ساعت ۱۷:۰۰ تا ۲۰:۰۰,https://mftplus.com/lesson/191412126/ICDL-سطح-یک-و-دو-نوجوانان
برنامه نویسی مقدماتی با اسکرچ,کودک و نوجوان,زعفرانیه,مشخص نشده,یکشنبه ۲۰ اردیبهشت ۱۴۰۵,سه شنبه ۱۹ خرداد ۱۴۰۵,"۴۶,۲۰۰,۰۰۰","۴۶,۲۰۰,۰۰۰",یکشنبه ساعت ۱۷:۰۰ تا ۱۹:۰۰ | سه شنبه ساعت ۱۷:۰۰ تا ۱۹:۰۰,https://mftplus.com/lesson/3370/برنامه-نویسی-مقدماتی-با-اسکرچ
SQL Server 2022 Database Development,فناوری اطلاعات و ارتباطات,بلوار کاوه(قیطریه),مشخص نشده,دوشنبه ۲۱ اردیبهشت ۱۴۰۵,چهارشنبه ۲۴ تیر ۱۴۰۵,"۷۷,۰۰۰,۰۰۰","۷۷,۰۰۰,۰۰۰",دوشنبه ساعت ۱۷:۰۰ تا ۲۰:۰۰ | چهارشنبه ساعت ۱۷:۰۰ تا ۲۰:۰۰,https://mftplus.com/lesson/5316/SQL-Server-2022-Database-Development
دوره طراحی رابط و تجربه کاربری (UI/UX),فناوری اطلاعات و ارتباطات,بلوار کاوه(قیطریه),مشخص نشده,سه شنبه ۲۲ اردیبهشت ۱۴۰۵,یکشنبه ۷ تیر ۱۴۰۵,"۵۵,۰۰۰,۰۰۰","۶۸,۰۰۰,۰۰۰",یکشنبه ساعت ۱۷:۰۰ تا ۲۰:۰۰ | سه شنبه ساعت ۱۷:۰۰ تا ۲۰:۰۰,https://mftplus.com/lesson/5605/دوره-طراحی-رابط-و-تجربه-کاربری-(UI/UX)
مهارت های زندگی نوجوانان,کودک و نوجوان,بلوار کاوه(قیطریه),مشخص نشده,سه شنبه ۲۲ اردیبهشت ۱۴۰۵,سه شنبه ۱۲ خرداد ۱۴۰۵,"۷۱,۳۰۰,۰۰۰","۷۱,۳۰۰,۰۰۰",سه شنبه ساعت ۱۷:۰۰ تا ۲۰:۰۰,https://mftplus.com/lesson/3769/مهارت-های-زندگی-نوجوانان
دوره تخصصی صفر تا صد اصول  طراحی ویلا,معماری,بلوار کاوه(قیطریه),مشخص نشده,سه شنبه ۲۲ اردیبهشت ۱۴۰۵,سه شنبه ۹ تیر ۱۴۰۵,"۱۱۴,۰۰۰,۰۰۰","۱۱۴,۰۰۰,۰۰۰",یکشنبه ساعت ۰۹:۰۰ تا ۱۴:۰۰ | سه شنبه ساعت ۰۹:۰۰ تا ۱۴:۰۰,https://mftplus.com/lesson/4862/دوره-تخصصی-صفر-تا-صد-اصول-طراحی-ویلا
Programming with Python,فناوری اطلاعات و ارتباطات,سعادت آباد (مرکزی),آرشام حاجب,سه شنبه ۲۲ اردیبهشت ۱۴۰۵,سه شنبه ۶ مرداد ۱۴۰۵,"۷۰,۰۰۰,۰۰۰","۸۸,۰۰۰,۰۰۰",سه شنبه ساعت ۰۹:۰۰ تا ۱۴:۰۰,https://mftplus.com/lesson/5679/Programming-with-Python
تلفیقی Word+Excel 2021,فناوری اطلاعات و ارتباطات,سعادت آباد (مرکزی),معصومه فاتح,سه شنبه ۲۲ اردیبهشت ۱۴۰۵,یکشنبه ۱۴ تیر ۱۴۰۵,"۳۸,۰۰۰,۰۰۰","۴۵,۰۰۰,۰۰۰",یکشنبه ساعت ۱۷:۳۰ تا ۲۰:۳۰ | سه شنبه ساعت ۱۷:۳۰ تا ۲۰:۳۰,https://mftplus.com/lesson/5976/تلفیقی-Word+Excel-2021
Microsoft Office Word 2021,فناوری اطلاعات و ارتباطات,سعادت آباد (مرکزی),معصومه فاتح,سه شنبه ۲۲ اردیبهشت ۱۴۰۵,یکشنبه ۱۷ خرداد ۱۴۰۵,"۱۷,۰۰۰,۰۰۰","۲۰,۰۰۰,۰۰۰",یکشنبه ساعت ۱۷:۳۰ تا ۲۰:۳۰ | سه شنبه ساعت ۱۷:۳۰ تا ۲۰:۳۰,https://mftplus.com/lesson/5714/Microsoft-Office-Word-2021
سئو و بهینه سازی موتورهای جست و جو (SEO),فناوری اطلاعات و ارتباطات,بلوار کاوه(قیطریه),مشخص نشده,چهارشنبه ۲۳ اردیبهشت ۱۴۰۵,دوشنبه ۲۵ خرداد ۱۴۰۵,"۶۵,۰۰۰,۰۰۰","۸۳,۰۰۰,۰۰۰",دوشنبه ساعت ۱۶:۰۰ تا ۲۰:۰۰ | چهارشنبه ساعت ۱۶:۰۰ تا ۲۰:۰۰,https://mftplus.com/lesson/5303/سئو-و-بهینه-سازی-موتورهای-جست-و-جو-(SEO)
CEH v.12 (Certified Ethical Hacker),فناوری اطلاعات و ارتباطات,زعفرانیه,مشخص نشده,چهارشنبه ۲۳ اردیبهشت ۱۴۰۵,چهارشنبه ۱۱ شهریور ۱۴۰۵,"۵۴,۰۰۰,۰۰۰","۶۸,۰۰۰,۰۰۰",چهارشنبه ساعت ۱۷:۰۰ تا ۲۰:۰۰,https://mftplus.com/lesson/5173/CEH-v.12-(Certified-Ethical-Hacker)
برنامه نویسی پایتون پیشرفته کودکان,کودک و نوجوان,زعفرانیه,مشخص نشده,پنجشنبه ۲۴ اردیبهشت ۱۴۰۵,پنجشنبه ۸ مرداد ۱۴۰۵,"۶۶,۷۰۰,۰۰۰","۶۶,۷۰۰,۰۰۰",پنجشنبه ساعت ۱۱:۰۰ تا ۱۳:۰۰,https://mftplus.com/lesson/5612/برنامه-نویسی-پایتون-پیشرفته-کودکان
مقدمه ای بر الگوریتم و برنامه نویسی,فناوری اطلاعات و ارتباطات,سعادت آباد (مرکزی),امیرحسین احمدی کمازانی,پنجشنبه ۲۴ اردیبهشت ۱۴۰۵,پنجشنبه ۱۱ تیر ۱۴۰۵,"۲۸,۰۰۰,۰۰۰","۳۳,۰۰۰,۰۰۰",پنجشنبه ساعت ۱۴:۳۰ تا ۱۹:۳۰,https://mftplus.com/lesson/132017130/مقدمه-ای-بر-الگوریتم-و-برنامه-نویسی
Python Programming Advanced,فناوری اطلاعات و ارتباطات,سعادت آباد (مرکزی),محمد نوذری پاک,پنجشنبه ۲۴ اردیبهشت ۱۴۰۵,پنجشنبه ۸ مرداد ۱۴۰۵,"۹۲,۰۰۰,۰۰۰","۱۱۴,۰۰۰,۰۰۰",پنجشنبه ساعت ۰۹:۰۰ تا ۱۴:۰۰,https://mftplus.com/lesson/5681/Python-Programming-Advanced
برنامه ریزی و کنترل پروژه با نرم افزار MS Project,علوم مهندسی,پارک ساعی,مشخص نشده,پنجشنبه ۲۴ اردیبهشت ۱۴۰۵,جمعه ۲۲ خرداد ۱۴۰۵,"۶۵,۰۰۰,۰۰۰","۶۵,۰۰۰,۰۰۰",جمعه ساعت ۰۹:۰۰ تا ۱۴:۰۰ | پنجشنبه ساعت ۰۹:۰۰ تا ۱۴:۰۰,https://mftplus.com/lesson/154012124/برنامه-ریزی-و-کنترل-پروژه-با-نرم-افزار-MS-Project
"مدیریت پروژه حرفه ای – مبانی و نرم افزارهای کاربردی (PMBOK, MSP & Primavera P6)",علوم مهندسی,پارک ساعی,مشخص نشده,پنجشنبه ۲۴ اردیبهشت ۱۴۰۵,پنجشنبه ۱۵ مرداد ۱۴۰۵,"۱۶۹,۰۰۰,۰۰۰","۱۶۹,۰۰۰,۰۰۰",جمعه ساعت ۰۹:۰۰ تا ۱۴:۰۰ | پنجشنبه ساعت ۰۹:۰۰ تا ۱۴:۰۰,"https://mftplus.com/lesson/154012130/مدیریت-پروژه-حرفه-ای-–-مبانی-و-نرم-افزارهای-کاربردی-(PMBOK,-MSP-&-Primavera-P6)"
افترافکت (After Effects),هنر و سینما,باملند(شمال غرب),مشخص نشده,پنجشنبه ۲۴ اردیبهشت ۱۴۰۵,پنجشنبه ۵ شهریور ۱۴۰۵,"۹۸,۰۰۰,۰۰۰","۹۸,۰۰۰,۰۰۰",پنجشنبه ساعت ۰۸:۰۰ تا ۱۴:۰۰,https://mftplus.com/lesson/431213154/افترافکت-(After-Effects)
گریم نامتعادل سازی,دانش سلامت,زعفرانیه,مشخص نشده,پنجشنبه ۲۴ اردیبهشت ۱۴۰۵,پنجشنبه ۱۲ شهریور ۱۴۰۵,"۷۱,۰۰۰,۰۰۰","۷۱,۰۰۰,۰۰۰",پنجشنبه ساعت ۱۴:۰۰ تا ۱۷:۰۰,https://mftplus.com/lesson/341514127/گریم-نامتعادل-سازی
حسابداری مالی بازرگانی,علوم مالی و حسابداری,نارمک,مشخص نشده,پنجشنبه ۲۴ اردیبهشت ۱۴۰۵,جمعه ۲۹ خرداد ۱۴۰۵,"۴۳,۸۰۰,۰۰۰","۴۳,۸۰۰,۰۰۰",جمعه ساعت ۱۳:۰۰ تا ۱۷:۰۰ | پنجشنبه ساعت ۱۳:۰۰ تا ۱۷:۰۰,https://mftplus.com/lesson/3866/حسابداری-مالی-بازرگانی
بینایی ماشین و پردازش تصویر,فناوری اطلاعات و ارتباطات,سعادت آباد (مرکزی),فاطمه رفیع پور,پنجشنبه ۲۴ اردیبهشت ۱۴۰۵,پنجشنبه ۱۲ شهریور ۱۴۰۵,"۹۱,۰۰۰,۰۰۰","۱۱۴,۰۰۰,۰۰۰",پنجشنبه ساعت ۱۴:۰۰ تا ۱۹:۰۰,https://mftplus.com/lesson/5275/بینایی-ماشین-و-پردازش-تصویر
CCNA 200-301,فناوری اطلاعات و ارتباطات,البرز,مشخص نشده,پنجشنبه ۲۴ اردیبهشت ۱۴۰۵,جمعه ۲ مرداد ۱۴۰۵,"۷۸,۰۰۰,۰۰۰","۷۸,۰۰۰,۰۰۰",جمعه ساعت ۱۳:۰۰ تا ۱۷:۰۰ | پنجشنبه ساعت ۱۳:۰۰ تا ۱۷:۰۰,https://mftplus.com/lesson/3742/CCNA-200-301
مبانی هوش مصنوعی برای نوجوانان,کودک و نوجوان,زعفرانیه,مشخص نشده,جمعه ۲۵ اردیبهشت ۱۴۰۵,جمعه ۱۹ تیر ۱۴۰۵,"۶۷,۹۰۰,۰۰۰","۶۷,۹۰۰,۰۰۰",جمعه ساعت ۱۴:۰۰ تا ۱۷:۰۰,https://mftplus.com/lesson/6183/مبانی-هوش-مصنوعی-برای-نوجوانان
Java SE 8 Programming,فناوری اطلاعات و ارتباطات,میرداماد,مشخص نشده,جمعه ۲۵ اردیبهشت ۱۴۰۵,جمعه ۲ مرداد ۱۴۰۵,"۵۵,۰۰۰,۰۰۰","۶۸,۰۰۰,۰۰۰",جمعه ساعت ۱۴:۳۰ تا ۱۹:۳۰,https://mftplus.com/lesson/132018136/Java-SE-8-Programming
Java EE 8 programming,فناوری اطلاعات و ارتباطات,میرداماد,مشخص نشده,جمعه ۲۵ اردیبهشت ۱۴۰۵,جمعه ۲۹ آبان ۱۴۰۵,"۸۱,۰۰۰,۰۰۰","۸۱,۰۰۰,۰۰۰",جمعه ساعت ۰۹:۰۰ تا ۱۱:۰۰,https://mftplus.com/lesson/132018137/Java-EE-8-programming
ترفندهای اکسل در حسابداری,علوم مالی و حسابداری,نارمک,مشخص نشده,شنبه ۲۶ اردیبهشت ۱۴۰۵,شنبه ۹ خرداد ۱۴۰۵,"۳۴,۵۰۰,۰۰۰","۳۴,۵۰۰,۰۰۰",شنبه ساعت ۱۷:۰۰ تا ۲۱:۰۰ | دوشنبه ساعت ۱۷:۰۰ تا ۲۱:۰۰ | چهارشنبه ساعت ۱۷:۰۰ تا ۲۱:۰۰,https://mftplus.com/lesson/6164/ترفندهای-اکسل-در-حسابداری
اصلاح رنگ و نور سینمایی با داوینچی,هنر و سینما,پارک ساعی,مشخص نشده,شنبه ۲۶ اردیبهشت ۱۴۰۵,شنبه ۲۰ تیر ۱۴۰۵,"۷۶,۰۰۰,۰۰۰","۷۶,۰۰۰,۰۰۰",شنبه ساعت ۱۷:۰۰ تا ۲۰:۰۰ | چهارشنبه ساعت ۱۷:۰۰ تا ۲۰:۰۰,https://mftplus.com/lesson/3017/اصلاح-رنگ-و-نور-سینمایی-با-داوینچی
طراحی وب با وردپرس,کودک و نوجوان,زعفرانیه,مشخص نشده,شنبه ۲۶ اردیبهشت ۱۴۰۵,شنبه ۲۰ تیر ۱۴۰۵,"۷۸,۱۰۰,۰۰۰","۷۸,۱۰۰,۰۰۰",شنبه ساعت ۱۷:۰۰ تا ۱۹:۳۰ | دوشنبه ساعت ۱۷:۰۰ تا ۱۹:۳۰,https://mftplus.com/lesson/191414130/طراحی-وب-با-وردپرس
انیمیشن کودکان,کودک و نوجوان,زعفرانیه,مشخص نشده,شنبه ۲۶ اردیبهشت ۱۴۰۵,دوشنبه ۱ تیر ۱۴۰۵,"۷۰,۴۰۰,۰۰۰","۷۰,۴۰۰,۰۰۰",شنبه ساعت ۱۸:۰۰ تا ۲۰:۰۰ | دوشنبه ساعت ۱۸:۰۰ تا ۲۰:۰۰,https://mftplus.com/lesson/4823/انیمیشن-کودکان
فتوشاپ مقدماتی نوجوان,کودک و نوجوان,زعفرانیه,مشخص نشده,شنبه ۲۶ اردیبهشت ۱۴۰۵,دوشنبه ۲۵ خرداد ۱۴۰۵,"۵۰,۶۰۰,۰۰۰","۵۰,۶۰۰,۰۰۰",شنبه ساعت ۱۷:۰۰ تا ۱۹:۰۰ | دوشنبه ساعت ۱۷:۰۰ تا ۱۹:۰۰,https://mftplus.com/lesson/4520/فتوشاپ-مقدماتی-نوجوان
شمع سازی,هنر و سینما,باملند(شمال غرب),مشخص نشده,یکشنبه ۲۷ اردیبهشت ۱۴۰۵,یکشنبه ۳ خرداد ۱۴۰۵,"۲۸,۰۰۰,۰۰۰","۲۸,۰۰۰,۰۰۰",یکشنبه ساعت ۱۴:۰۰ تا ۲۰:۰۰,https://mftplus.com/lesson/4861/شمع-سازی
ساخت قالب سیلیکونی,هنر و سینما,باملند(شمال غرب),مشخص نشده,یکشنبه ۲۷ اردیبهشت ۱۴۰۵,یکشنبه ۳ خرداد ۱۴۰۵,"۲۹,۷۰۰,۰۰۰","۲۹,۷۰۰,۰۰۰",یکشنبه ساعت ۱۴:۰۰ تا ۲۰:۰۰,https://mftplus.com/lesson/5007/ساخت-قالب-سیلیکونی
CCNA 200-301,فناوری اطلاعات و ارتباطات,بلوار کاوه(قیطریه),مشخص نشده,دوشنبه ۲۸ اردیبهشت ۱۴۰۵,دوشنبه ۲۹ تیر ۱۴۰۵,"۶۴,۰۰۰,۰۰۰","۷۸,۰۰۰,۰۰۰",شنبه ساعت ۱۶:۰۰ تا ۲۰:۰۰ | دوشنبه ساعت ۱۶:۰۰ تا ۲۰:۰۰,https://mftplus.com/lesson/3742/CCNA-200-301
اتوکد سه بعدی معماری,معماری,بلوار کاوه(قیطریه),مشخص نشده,دوشنبه ۲۸ اردیبهشت ۱۴۰۵,دوشنبه ۱ تیر ۱۴۰۵,"۶۲,۰۰۰,۰۰۰","۶۲,۰۰۰,۰۰۰",دوشنبه ساعت ۱۵:۰۰ تا ۲۰:۰۰,https://mftplus.com/lesson/391412130/اتوکد-سه-بعدی-معماری
فتوشاپ مقدماتی نوجوان,کودک و نوجوان,بلوار کاوه(قیطریه),مشخص نشده,دوشنبه ۲۸ اردیبهشت ۱۴۰۵,دوشنبه ۸ تیر ۱۴۰۵,"۴۷,۲۰۰,۰۰۰","۴۷,۲۰۰,۰۰۰",دوشنبه ساعت ۱۷:۰۰ تا ۲۰:۰۰,https://mftplus.com/lesson/4520/فتوشاپ-مقدماتی-نوجوان
Sketchup & Vray,معماری,بلوار کاوه(قیطریه),مشخص نشده,دوشنبه ۲۸ اردیبهشت ۱۴۰۵,دوشنبه ۲۲ تیر ۱۴۰۵,"۶۹,۰۰۰,۰۰۰","۶۹,۰۰۰,۰۰۰",دوشنبه ساعت ۰۹:۰۰ تا ۱۴:۰۰,https://mftplus.com/lesson/391412133/Sketchup-&-Vray
Machine Learning with Python,فناوری اطلاعات و ارتباطات,شهریار,مشخص نشده,سه شنبه ۲۹ اردیبهشت ۱۴۰۵,سه شنبه ۲۳ تیر ۱۴۰۵,"۷۵,۶۰۰,۰۰۰","۷۵,۶۰۰,۰۰۰",یکشنبه ساعت ۱۴:۰۰ تا ۱۷:۰۰ | سه شنبه ساعت ۱۴:۰۰ تا ۱۷:۰۰,https://mftplus.com/lesson/5546/Machine-Learning-with-Python
Microsoft Office Excel 2021,فناوری اطلاعات و ارتباطات,بلوار کاوه(قیطریه),مشخص نشده,پنجشنبه ۳۱ اردیبهشت ۱۴۰۵,پنجشنبه ۲۱ خرداد ۱۴۰۵,"۲۳,۰۰۰,۰۰۰","۲۸,۰۰۰,۰۰۰",پنجشنبه ساعت ۰۸:۰۰ تا ۱۴:۰۰,https://mftplus.com/lesson/5578/Microsoft-Office-Excel-2021
کودکان الکترونیکی 1و 2,کودک و نوجوان,بلوار کاوه(قیطریه),مشخص نشده,پنجشنبه ۳۱ اردیبهشت ۱۴۰۵,پنجشنبه ۹ مهر ۱۴۰۵,"۱۱۱,۶۰۰,۰۰۰","۱۱۱,۶۰۰,۰۰۰",پنجشنبه ساعت ۱۲:۰۰ تا ۱۵:۰۰,https://mftplus.com/lesson/4118/کودکان-الکترونیکی-1و-2
طراحی وب سایت (Web Design Pack),فناوری اطلاعات و ارتباطات,سعادت آباد (مرکزی),تورج آرمین پور,پنجشنبه ۳۱ اردیبهشت ۱۴۰۵,پنجشنبه ۸ بهمن ۱۴۰۵,"۱۵۰,۰۰۰,۰۰۰","۱۸۷,۰۰۰,۰۰۰",پنجشنبه ساعت ۰۹:۰۰ تا ۱۴:۰۰,https://mftplus.com/lesson/6459/طراحی-وب-سایت-(Web-Design-Pack)
(HTML & CSS (Web Design I,فناوری اطلاعات و ارتباطات,سعادت آباد (مرکزی),تورج آرمین پور,پنجشنبه ۳۱ اردیبهشت ۱۴۰۵,پنجشنبه ۵ شهریور ۱۴۰۵,"۴۵,۰۰۰,۰۰۰","۵۶,۰۰۰,۰۰۰",پنجشنبه ساعت ۰۹:۰۰ تا ۱۴:۰۰,https://mftplus.com/lesson/6456/(HTML-&-CSS-(Web-Design-I
"Installation, Storage and Compute with Windows Server 2025",فناوری اطلاعات و ارتباطات,سیدخندان,مشخص نشده,پنجشنبه ۳۱ اردیبهشت ۱۴۰۵,پنجشنبه ۹ مهر ۱۴۰۵,"۵۸,۰۰۰,۰۰۰","۵۸,۰۰۰,۰۰۰",پنجشنبه ساعت ۱۲:۰۰ تا ۱۵:۰۰,"https://mftplus.com/lesson/6360/Installation,-Storage-and-Compute-with-Windows-Server-2025"
Networking with Windows Server 2025,فناوری اطلاعات و ارتباطات,سیدخندان,مشخص نشده,پنجشنبه ۳۱ اردیبهشت ۱۴۰۵,پنجشنبه ۱۹ شهریور ۱۴۰۵,"۵۰,۰۰۰,۰۰۰","۶۱,۰۰۰,۰۰۰",پنجشنبه ساعت ۰۸:۰۰ تا ۱۲:۰۰,https://mftplus.com/lesson/6361/Networking-with-Windows-Server-2025
Identity with Windows Server 2025,فناوری اطلاعات و ارتباطات,سعادت آباد (مرکزی),پدرام حسین نخعی,جمعه ۱ خرداد ۱۴۰۵,جمعه ۹ مرداد ۱۴۰۵,"۵۰,۰۰۰,۰۰۰","۶۱,۰۰۰,۰۰۰",جمعه ساعت ۰۹:۰۰ تا ۱۴:۰۰,https://mftplus.com/lesson/6362/Identity-with-Windows-Server-2025
C# Programming,فناوری اطلاعات و ارتباطات,بلوار کاوه(قیطریه),مشخص نشده,جمعه ۱ خرداد ۱۴۰۵,جمعه ۶ شهریور ۱۴۰۵,"۶۷,۰۰۰,۰۰۰","۸۳,۰۰۰,۰۰۰",جمعه ساعت ۱۶:۰۰ تا ۲۰:۰۰,https://mftplus.com/lesson/132027124/C#-Programming
SQL Server 2022 Database Development,فناوری اطلاعات و ارتباطات,سعادت آباد (مرکزی),حسین شهرابی فراهانی,جمعه ۱ خرداد ۱۴۰۵,جمعه ۲۳ مرداد ۱۴۰۵,"۷۷,۰۰۰,۰۰۰","۹۰,۰۰۰,۰۰۰",جمعه ساعت ۰۹:۰۰ تا ۱۴:۰۰,https://mftplus.com/lesson/5316/SQL-Server-2022-Database-Development
مدیریت راهبردی کسب و کار (DBA),مدیریت و کسب و کار,سعادت آباد (مرکزی),مشخص نشده,جمعه ۱ خرداد ۱۴۰۵,پنجشنبه ۱۲ آذر ۱۴۰۵,"۴۷۱,۹۰۰,۰۰۰","۵۹۲,۹۰۰,۰۰۰",جمعه ساعت ۱۴:۳۰ تا ۲۰:۳۰ | پنجشنبه ساعت ۱۴:۳۰ تا ۲۰:۳۰,https://mftplus.com/lesson/4911/مدیریت-راهبردی-کسب-و-کار-(DBA)
Responsive & Bootstrap (Web Design II),فناوری اطلاعات و ارتباطات,میرداماد,مشخص نشده,جمعه ۱ خرداد ۱۴۰۵,جمعه ۲ مرداد ۱۴۰۵,"۵۰,۰۰۰,۰۰۰","۶۳,۰۰۰,۰۰۰",جمعه ساعت ۰۹:۰۰ تا ۱۴:۰۰,https://mftplus.com/lesson/6457/Responsive-&-Bootstrap-(Web-Design-II)
MCSA PACK 2025,فناوری اطلاعات و ارتباطات,سعادت آباد (مرکزی),پدرام حسین نخعی,شنبه ۲ خرداد ۱۴۰۵,شنبه ۲۴ بهمن ۱۴۰۵,"۱۷۳,۰۰۰,۰۰۰","۲۱۸,۰۰۰,۰۰۰",شنبه ساعت ۱۴:۳۰ تا ۱۷:۳۰ | دوشنبه ساعت ۱۴:۳۰ تا ۱۷:۳۰,https://mftplus.com/lesson/6364/MCSA-PACK-2025
Network+,فناوری اطلاعات و ارتباطات,سعادت آباد (مرکزی),پدرام حسین نخعی,شنبه ۲ خرداد ۱۴۰۵,دوشنبه ۱ تیر ۱۴۰۵,"۱۵,۰۰۰,۰۰۰","۲۰,۰۰۰,۰۰۰",شنبه ساعت ۱۴:۳۰ تا ۱۷:۳۰ | دوشنبه ساعت ۱۴:۳۰ تا ۱۷:۳۰,https://mftplus.com/lesson/131612129/Network+
Linux Essentials + LPIC1(101-102),فناوری اطلاعات و ارتباطات,بلوار کاوه(قیطریه),مشخص نشده,سه شنبه ۵ خرداد ۱۴۰۵,سه شنبه ۱۰ شهریور ۱۴۰۵,"۷۲,۰۰۰,۰۰۰","۸۶,۰۰۰,۰۰۰",سه شنبه ساعت ۱۶:۰۰ تا ۲۰:۰۰,https://mftplus.com/lesson/4595/Linux-Essentials-+-LPIC1(101-102)
عکاسی دیجیتال,هنر و سینما,پارک ساعی,مشخص نشده,چهارشنبه ۶ خرداد ۱۴۰۵,شنبه ۳۱ مرداد ۱۴۰۵,"۸۵,۹۰۰,۰۰۰","۸۵,۹۰۰,۰۰۰",شنبه ساعت ۱۷:۰۰ تا ۲۰:۰۰ | چهارشنبه ساعت ۱۷:۰۰ تا ۲۰:۰۰,https://mftplus.com/lesson/4919/عکاسی-دیجیتال
CEH v.12 (Certified Ethical Hacker),فناوری اطلاعات و ارتباطات,بلوار کاوه(قیطریه),مشخص نشده,چهارشنبه ۶ خرداد ۱۴۰۵,چهارشنبه ۷ مرداد ۱۴۰۵,"۵۴,۰۰۰,۰۰۰","۶۸,۰۰۰,۰۰۰",چهارشنبه ساعت ۱۶:۰۰ تا ۲۰:۰۰,https://mftplus.com/lesson/5173/CEH-v.12-(Certified-Ethical-Hacker)
تکنیک های مدلسازی و نورپردازی در مایا,هنر و سینما,پارک ساعی,مشخص نشده,پنجشنبه ۷ خرداد ۱۴۰۵,پنجشنبه ۲۶ آذر ۱۴۰۵,"۱۲۴,۹۰۰,۰۰۰","۱۵۳,۶۰۰,۰۰۰",پنجشنبه ساعت ۱۳:۰۰ تا ۱۷:۰۰,https://mftplus.com/lesson/431214127/تکنیک-های-مدلسازی-و-نورپردازی-در-مایا
(202-201) LPIC 2,فناوری اطلاعات و ارتباطات,سعادت آباد (مرکزی),محمدعلی فلاحی,جمعه ۸ خرداد ۱۴۰۵,جمعه ۱۶ مرداد ۱۴۰۵,"۶۶,۰۰۰,۰۰۰","۸۸,۰۰۰,۰۰۰",جمعه ساعت ۰۹:۰۰ تا ۱۴:۰۰,https://mftplus.com/lesson/4596/(202-201)-LPIC-2
Network+,فناوری اطلاعات و ارتباطات,بلوار کاوه(قیطریه),مشخص نشده,شنبه ۱۶ خرداد ۱۴۰۵,شنبه ۱۷ مرداد ۱۴۰۵,"۱۵,۰۰۰,۰۰۰","۲۰,۰۰۰,۰۰۰",شنبه ساعت ۱۷:۳۰ تا ۲۰:۳۰,https://mftplus.com/lesson/131612129/Network+
ICDL 2021 Level 2,فناوری اطلاعات و ارتباطات,شهریار,فاطمه جعفری,یکشنبه ۱۷ خرداد ۱۴۰۵,سه شنبه ۲۷ مرداد ۱۴۰۵,"۳۹,۶۰۰,۰۰۰","۳۹,۶۰۰,۰۰۰",یکشنبه ساعت ۱۴:۰۰ تا ۱۷:۰۰ | سه شنبه ساعت ۱۴:۰۰ تا ۱۷:۰۰,https://mftplus.com/lesson/5573/ICDL-2021-Level-2
Programming with Python,فناوری اطلاعات و ارتباطات,تهرانپارس,مشخص نشده,دوشنبه ۱۸ خرداد ۱۴۰۵,چهارشنبه ۷ مرداد ۱۴۰۵,"۸۸,۰۰۰,۰۰۰","۸۸,۰۰۰,۰۰۰",دوشنبه ساعت ۱۷:۰۰ تا ۲۱:۰۰ | چهارشنبه ساعت ۱۷:۰۰ تا ۲۱:۰۰,https://mftplus.com/lesson/5679/Programming-with-Python
SQL Server Advance & BI,فناوری اطلاعات و ارتباطات,سعادت آباد (مرکزی),حسین شهرابی فراهانی,پنجشنبه ۲۱ خرداد ۱۴۰۵,پنجشنبه ۲ مهر ۱۴۰۵,"۹۵,۰۰۰,۰۰۰","۱۲۱,۰۰۰,۰۰۰",پنجشنبه ساعت ۰۹:۰۰ تا ۱۴:۰۰,https://mftplus.com/lesson/5964/SQL-Server-Advance-&-BI
Identity with Windows Server 2025,فناوری اطلاعات و ارتباطات,سیدخندان,مشخص نشده,پنجشنبه ۲۱ خرداد ۱۴۰۵,پنجشنبه ۳۰ مهر ۱۴۰۵,"۶۱,۰۰۰,۰۰۰","۶۱,۰۰۰,۰۰۰",پنجشنبه ساعت ۱۵:۰۰ تا ۱۸:۰۰,https://mftplus.com/lesson/6362/Identity-with-Windows-Server-2025
طراحی معماری و دکوراسیون داخلی پیشرفته,معماری,باملند(شمال غرب),مشخص نشده,پنجشنبه ۲۱ خرداد ۱۴۰۵,پنجشنبه ۱۹ شهریور ۱۴۰۵,"۲۱۹,۰۰۰,۰۰۰","۲۱۹,۰۰۰,۰۰۰",جمعه ساعت ۰۸:۰۰ تا ۱۴:۰۰ | پنجشنبه ساعت ۰۸:۰۰ تا ۱۴:۰۰,https://mftplus.com/lesson/5998/طراحی-معماری-و-دکوراسیون-داخلی-پیشرفته
ICDL 2021 Level 2,فناوری اطلاعات و ارتباطات,سعادت آباد (مرکزی),بهاره شقاقی افضلی,جمعه ۲۲ خرداد ۱۴۰۵,جمعه ۲۰ شهریور ۱۴۰۵,"۳۵,۰۰۰,۰۰۰","۴۴,۰۰۰,۰۰۰",جمعه ساعت ۱۴:۳۰ تا ۱۹:۳۰,https://mftplus.com/lesson/5573/ICDL-2021-Level-2
Microsoft Office Excel 2021,فناوری اطلاعات و ارتباطات,سعادت آباد (مرکزی),بهاره شقاقی افضلی,جمعه ۲۲ خرداد ۱۴۰۵,جمعه ۱۹ تیر ۱۴۰۵,"۲۳,۰۰۰,۰۰۰","۲۸,۰۰۰,۰۰۰",جمعه ساعت ۱۴:۳۰ تا ۱۹:۳۰,https://mftplus.com/lesson/5578/Microsoft-Office-Excel-2021
ایلاستریتور,هنر و سینما,البرز,مشخص نشده,شنبه ۲۳ خرداد ۱۴۰۵,شنبه ۲۷ تیر ۱۴۰۵,"۵۴,۰۰۰,۰۰۰","۵۴,۰۰۰,۰۰۰",شنبه ساعت ۱۷:۰۰ تا ۲۱:۰۰ | چهارشنبه ساعت ۱۷:۰۰ تا ۲۱:۰۰,https://mftplus.com/lesson/431314131/ایلاستریتور
سئو و بهینه سازی موتورهای جست و جو (SEO),فناوری اطلاعات و ارتباطات,بلوار کاوه(قیطریه),مشخص نشده,دوشنبه ۲۵ خرداد ۱۴۰۵,دوشنبه ۵ مرداد ۱۴۰۵,"۶۵,۰۰۰,۰۰۰","۸۳,۰۰۰,۰۰۰",دوشنبه ساعت ۱۰:۰۰ تا ۱۶:۰۰,https://mftplus.com/lesson/5303/سئو-و-بهینه-سازی-موتورهای-جست-و-جو-(SEO)
Programming with Python,فناوری اطلاعات و ارتباطات,تهرانپارس,مشخص نشده,چهارشنبه ۲۷ خرداد ۱۴۰۵,چهارشنبه ۱۵ مهر ۱۴۰۵,"۸۸,۰۰۰,۰۰۰","۸۸,۰۰۰,۰۰۰",چهارشنبه ساعت ۱۷:۰۰ تا ۲۱:۰۰,https://mftplus.com/lesson/5679/Programming-with-Python
MCSA PACK 2025,فناوری اطلاعات و ارتباطات,سعادت آباد (مرکزی),پدرام حسین نخعی,جمعه ۲۹ خرداد ۱۴۰۵,جمعه ۱۰ اردیبهشت ۱۴۰۶,"۱۷۳,۰۰۰,۰۰۰","۲۱۸,۰۰۰,۰۰۰",جمعه ساعت ۰۹:۰۰ تا ۱۴:۰۰,https://mftplus.com/lesson/6364/MCSA-PACK-2025
Network+,فناوری اطلاعات و ارتباطات,سعادت آباد (مرکزی),پدرام حسین نخعی,جمعه ۲۹ خرداد ۱۴۰۵,جمعه ۲ مرداد ۱۴۰۵,"۱۵,۰۰۰,۰۰۰","۲۰,۰۰۰,۰۰۰",جمعه ساعت ۰۹:۰۰ تا ۱۴:۰۰,https://mftplus.com/lesson/131612129/Network+
کودکان الکترونیکی 1و 2,کودک و نوجوان,البرز,مشخص نشده,شنبه ۶ تیر ۱۴۰۵,چهارشنبه ۱۱ شهریور ۱۴۰۵,"۱۱۱,۶۰۰,۰۰۰","۱۱۱,۶۰۰,۰۰۰",شنبه ساعت ۰۹:۰۰ تا ۱۱:۰۰ | دوشنبه ساعت ۰۹:۰۰ تا ۱۱:۰۰ | چهارشنبه ساعت ۰۹:۰۰ تا ۱۱:۰۰,https://mftplus.com/lesson/4118/کودکان-الکترونیکی-1و-2
کودکان الکترونیکی 1و 2,کودک و نوجوان,البرز,مشخص نشده,شنبه ۶ تیر ۱۴۰۵,چهارشنبه ۱۱ شهریور ۱۴۰۵,"۱۱۱,۶۰۰,۰۰۰","۱۱۱,۶۰۰,۰۰۰",شنبه ساعت ۱۱:۰۰ تا ۱۳:۰۰ | دوشنبه ساعت ۱۱:۰۰ تا ۱۳:۰۰ | چهارشنبه ساعت ۱۱:۰۰ تا ۱۳:۰۰,https://mftplus.com/lesson/4118/کودکان-الکترونیکی-1و-2
ICDL سطح یک و دو نوجوانان,کودک و نوجوان,البرز,مشخص نشده,شنبه ۶ تیر ۱۴۰۵,دوشنبه ۱۹ مرداد ۱۴۰۵,"۹۷,۴۰۰,۰۰۰","۹۷,۴۰۰,۰۰۰",شنبه ساعت ۰۹:۰۰ تا ۱۳:۰۰ | دوشنبه ساعت ۰۹:۰۰ تا ۱۳:۰۰ | چهارشنبه ساعت ۰۹:۰۰ تا ۱۳:۰۰,https://mftplus.com/lesson/191412126/ICDL-سطح-یک-و-دو-نوجوانان
ICDL سطح یک و دو نوجوانان,کودک و نوجوان,البرز,مشخص نشده,شنبه ۶ تیر ۱۴۰۵,دوشنبه ۱۹ مرداد ۱۴۰۵,"۹۷,۴۰۰,۰۰۰","۹۷,۴۰۰,۰۰۰",شنبه ساعت ۱۳:۰۰ تا ۱۷:۰۰ | دوشنبه ساعت ۱۳:۰۰ تا ۱۷:۰۰ | چهارشنبه ساعت ۱۳:۰۰ تا ۱۷:۰۰,https://mftplus.com/lesson/191412126/ICDL-سطح-یک-و-دو-نوجوانان
برنامه نویسی مقدماتی با اسکرچ,کودک و نوجوان,البرز,مشخص نشده,یکشنبه ۷ تیر ۱۴۰۵,سه شنبه ۶ مرداد ۱۴۰۵,"۴۶,۲۰۰,۰۰۰","۴۶,۲۰۰,۰۰۰",یکشنبه ساعت ۰۹:۰۰ تا ۱۱:۰۰ | سه شنبه ساعت ۰۹:۰۰ تا ۱۱:۰۰,https://mftplus.com/lesson/3370/برنامه-نویسی-مقدماتی-با-اسکرچ
ایلاستریتور,هنر و سینما,البرز,مشخص نشده,چهارشنبه ۱۰ تیر ۱۴۰۵,شنبه ۱۰ مرداد ۱۴۰۵,"۵۴,۰۰۰,۰۰۰","۵۴,۰۰۰,۰۰۰",شنبه ساعت ۰۹:۰۰ تا ۱۳:۰۰ | چهارشنبه ساعت ۰۹:۰۰ تا ۱۳:۰۰,https://mftplus.com/lesson/431314131/ایلاستریتور
CCNA 200-301,فناوری اطلاعات و ارتباطات,سعادت آباد (مرکزی),سینا رجائی,جمعه ۱۲ تیر ۱۴۰۵,جمعه ۲۴ مهر ۱۴۰۵,"۶۴,۰۰۰,۰۰۰","۷۸,۰۰۰,۰۰۰",جمعه ساعت ۰۹:۰۰ تا ۱۴:۰۰,https://mftplus.com/lesson/3742/CCNA-200-301
طراحی طلا و جواهرات به کمک نرم افزار MATRIX - سطح دو,علوم مهندسی,تهرانپارس,مشخص نشده,یکشنبه ۱۴ تیر ۱۴۰۵,سه شنبه ۲۴ شهریور ۱۴۰۵,"۱۱۲,۵۰۰,۰۰۰","۱۱۲,۵۰۰,۰۰۰",یکشنبه ساعت ۱۷:۰۰ تا ۲۰:۰۰ | سه شنبه ساعت ۱۷:۰۰ تا ۲۰:۰۰,https://mftplus.com/lesson/6278/طراحی-طلا-و-جواهرات-به-کمک-نرم-افزار-MATRIX-سطح-دو
طراحی معماری و دکوراسیون داخلی پیشرفته,معماری,بلوار کاوه(قیطریه),مشخص نشده,یکشنبه ۱۸ مرداد ۱۴۰۵,یکشنبه ۲۴ آبان ۱۴۰۵,"۲۱۹,۰۰۰,۰۰۰","۲۱۹,۰۰۰,۰۰۰",یکشنبه ساعت ۰۹:۰۰ تا ۱۴:۰۰ | سه شنبه ساعت ۰۹:۰۰ تا ۱۴:۰۰,https://mftplus.com/lesson/5998/طراحی-معماری-و-دکوراسیون-داخلی-پیشرفته
پکیج طراحی کاراکتر و نقاشی دیجیتال 1,هنر و سینما,پارک ساعی,مشخص نشده,شنبه ۷ شهریور ۱۴۰۵,چهارشنبه ۲۹ مهر ۱۴۰۵,"۹۴,۰۰۰,۰۰۰","۹۴,۰۰۰,۰۰۰",شنبه ساعت ۱۷:۰۰ تا ۲۰:۰۰ | دوشنبه ساعت ۱۷:۰۰ تا ۲۰:۰۰ | چهارشنبه ساعت ۱۷:۰۰ تا ۲۰:۰۰,https://mftplus.com/lesson/3811/پکیج-طراحی-کاراکتر-و-نقاشی-دیجیتال-1
تصویربرداری,هنر و سینما,پارک ساعی,مشخص نشده,شنبه ۹ آبان ۱۴۰۵,چهارشنبه ۲۵ آذر ۱۴۰۵,"۸۸,۰۰۰,۰۰۰","۸۸,۰۰۰,۰۰۰",شنبه ساعت ۱۷:۰۰ تا ۲۰:۰۰ | چهارشنبه ساعت ۱۷:۰۰ تا ۲۰:۰۰,https://mftplus.com/lesson/431213173/تصویربرداری
Programming with Python,فناوری اطلاعات و ارتباطات,پارک ساعی,مشخص نشده,پنجشنبه ۵ آذر ۱۴۰۵,پنجشنبه ۲۲ بهمن ۱۴۰۵,"۷۰,۰۰۰,۰۰۰","۸۸,۰۰۰,۰۰۰",پنجشنبه ساعت ۱۴:۰۰ تا ۱۹:۰۰,https://mftplus.com/lesson/5679/Programming-with-Python
